region_id,district,facility_name,branch_name,facility_type,road_address,jibun_address,adong_name,lon,lat,bizes_id,source,reference_ym,collected_date
CW-UICHANG,의창구,지에스25창원봉림점,,편의점,경상남도 창원시 의창구 창이대로309번길 2,경상남도 창원시 의창구 봉곡동 140-1,봉림동,128.671082181562,35.246179828024,MA010120220800098035,소상공인시장진흥공단_상가(상권)정보_API (data.go.kr 15012005),202606,2026-10-01
CW-UICHANG,의창구,씨유창원중동디세븐파크점,,편의점,경상남도 창원시 의창구 중동중앙로 83,경상남도 창원시 의창구 중동 776-3,의창동,128.627532398043,35.2592644354603,MA010120220800162373,소상공인시장진흥공단_상가(상권)정보_API (data.go.kr 15012005),202606,2026-10-01
CW-UICHANG,의창구,세븐일레븐창원동전,산단점,편의점,경상남도 창원시 의창구 북면 천주로 579,경상남도 창원시 의창구 북면 화천리 432-21,북면,128.600615856858,35.3080012236141,MA010120220802782289,소상공인시장진흥공단_상가(상권)정보_API (data.go.kr 15012005),202606,2026-10-01
CW-UICHANG,의창구,지에스25신화,테크노밸리점,편의점,경상남도 창원시 의창구 평산로 23,경상남도 창원시 의창구 팔용동 23-7,팔룡동,128.613684885114,35.2469138957168,MA010120220802965045,소상공인시장진흥공단_상가(상권)정보_API (data.go.kr 15012005),202606,2026-10-01
CW-UICHANG,의창구,지에스25창원프라하점,,편의점,경상남도 창원시 의창구 창원대로363번길 22-11,경상남도 창원시 의창구 팔용동 34-17,팔룡동,128.640292480284,35.2376249829837,MA010120220803031848,소상공인시장진흥공단_상가(상권)정보_API (data.go.kr 15012005),202606,2026-10-01
CW-UICHANG,의창구,세븐일레븐창원소답센타점,,편의점,경상남도 창원시 의창구 의안로2번길 25,경상남도 창원시 의창구 소답동 139-22,의창동,128.626591679647,35.261674339703,MA010120220803264878,소상공인시장진흥공단_상가(상권)정보_API (data.go.kr 15012005),202606,2026-10-01
CW-UICHANG,의창구,이마트24창원팔용벽산점,,편의점,경상남도 창원시 의창구 반계로 104-9,경상남도 창원시 의창구 팔용동 123-1,팔룡동,128.617809227284,35.2537802284873,MA010120220803405632,소상공인시장진흥공단_상가(상권)정보_API (data.go.kr 15012005),202606,2026-10-01
CW-UICHANG,의창구,씨유창원봉림주공점,,편의점,경상남도 창원시 의창구 소봉로 50,경상남도 창원시 의창구 봉림동 529,봉림동,128.670627253675,35.2539906515785,MA010120220803555642,소상공인시장진흥공단_상가(상권)정보_API (data.go.kr 15012005),202606,2026-10-01
CW-UICHANG,의창구,씨유창원한마음,병원점,편의점,경상남도 창원시 의창구 용동로57번길 8,경상남도 창원시 의창구 사림동 164-1,봉림동,128.699022957814,35.2379501335601,MA010120220803813139,소상공인시장진흥공단_상가(상권)정보_API (data.go.kr 15012005),202606,2026-10-01
CW-UICHANG,의창구,세븐일레븐창원,봉곡점,편의점,경상남도 창원시 의창구 지귀로12번길 30,경상남도 창원시 의창구 봉곡동 38-1,봉림동,128.651823001751,35.2428754598544,MA010120220804201221,소상공인시장진흥공단_상가(상권)정보_API (data.go.kr 15012005),202606,2026-10-01
CW-UICHANG,의창구,씨유창원서부대로점,,편의점,경상남도 창원시 의창구 우곡로3번길 1,경상남도 창원시 의창구 명서동 13-1,명곡동,128.638368657531,35.2517461721451,MA010120220804319323,소상공인시장진흥공단_상가(상권)정보_API (data.go.kr 15012005),202606,2026-10-01
CW-UICHANG,의창구,지에스25창원,썬앤빌점,편의점,경상남도 창원시 의창구 용동로 45,경상남도 창원시 의창구 사림동 161-1,봉림동,128.697041240233,35.2366801936923,MA010120220804325692,소상공인시장진흥공단_상가(상권)정보_API (data.go.kr 15012005),202606,2026-10-01
CW-UICHANG,의창구,씨유장수소답점,,편의점,경상남도 창원시 의창구 의안로12번길 1,경상남도 창원시 의창구 소답동 111-2,의창동,128.623953449478,35.2627191545031,MA010120220804583034,소상공인시장진흥공단_상가(상권)정보_API (data.go.kr 15012005),202606,2026-10-01
CW-UICHANG,의창구,GS25창원소계점,,편의점,경상남도 창원시 의창구 금강로 345,경상남도 창원시 의창구 소계동 712-37,의창동,128.600198457351,35.2560782527574,MA010120220804603819,소상공인시장진흥공단_상가(상권)정보_API (data.go.kr 15012005),202606,2026-10-01
CW-UICHANG,의창구,대운,,편의점,경상남도 창원시 의창구 차룡로48번길 44,경상남도 창원시 의창구 팔용동 40-5,팔룡동,128.631388652257,35.2411519807037,MA010120220805040606,소상공인시장진흥공단_상가(상권)정보_API (data.go.kr 15012005),202606,2026-10-01
CW-UICHANG,의창구,씨유창원도계,스타점,편의점,경상남도 창원시 의창구 도계로 17,경상남도 창원시 의창구 도계동 307-4,명곡동,128.634289674521,35.2603539371211,MA010120220805045693,소상공인시장진흥공단_상가(상권)정보_API (data.go.kr 15012005),202606,2026-10-01
CW-UICHANG,의창구,영준유통,,편의점,경상남도 창원시 의창구 북면 동전산단서로42번길 7-8,경상남도 창원시 의창구 북면 동전리 709-2,북면,128.603583890945,35.3163342166712,MA010120220805066066,소상공인시장진흥공단_상가(상권)정보_API (data.go.kr 15012005),202606,2026-10-01
CW-UICHANG,의창구,씨유창원대산해강점,,편의점,경상남도 창원시 의창구 대산면 진산대로 439,경상남도 창원시 의창구 대산면 가술리 108-1,대산면,128.708334634384,35.3387451035297,MA010120220805216468,소상공인시장진흥공단_상가(상권)정보_API (data.go.kr 15012005),202606,2026-10-01
CW-UICHANG,의창구,지에스25창원대학교점,,편의점,경상남도 창원시 의창구 퇴촌로45번길 1,경상남도 창원시 의창구 사림동 54-6,봉림동,128.69002920029,35.242311795743,MA010120220805419767,소상공인시장진흥공단_상가(상권)정보_API (data.go.kr 15012005),202606,2026-10-01
CW-UICHANG,의창구,씨유차룡단지점,,편의점,경상남도 창원시 의창구 차룡로14번길 67,경상남도 창원시 의창구 팔용동 58-4,팔룡동,128.632248136908,35.2379951160788,MA010120220805644280,소상공인시장진흥공단_상가(상권)정보_API (data.go.kr 15012005),202606,2026-10-01
CW-UICHANG,의창구,지에스25도계학원점,,편의점,경상남도 창원시 의창구 도계로 29-1,경상남도 창원시 의창구 도계동 307-7,명곡동,128.635400099707,35.2609337365166,MA010120220805897515,소상공인시장진흥공단_상가(상권)정보_API (data.go.kr 15012005),202606,2026-10-01
CW-UICHANG,의창구,창원중앙역맞이방,,편의점,경상남도 창원시 의창구 상남로 381,경상남도 창원시 의창구 용동 산 32-9,봉림동,128.701331720464,35.2422525320448,MA010120220805931856,소상공인시장진흥공단_상가(상권)정보_API (data.go.kr 15012005),202606,2026-10-01
CW-UICHANG,의창구,씨유창원북면,온천점,편의점,경상남도 창원시 의창구 북면 천주로 1167,경상남도 창원시 의창구 북면 신촌리 406-4,북면,128.609423382968,35.3546483646734,MA010120220805962805,소상공인시장진흥공단_상가(상권)정보_API (data.go.kr 15012005),202606,2026-10-01
CW-UICHANG,의창구,씨유창원,썬앤빌점,편의점,경상남도 창원시 의창구 용동로 45,경상남도 창원시 의창구 사림동 161-1,봉림동,128.697041240233,35.2366801936923,MA010120220806372000,소상공인시장진흥공단_상가(상권)정보_API (data.go.kr 15012005),202606,2026-10-01
CW-UICHANG,의창구,이마트24창원대동다숲점,,편의점,경상남도 창원시 의창구 의창대로206번길 5,경상남도 창원시 의창구 서상동 651-19,의창동,128.620634798427,35.2610513363242,MA010120220806416505,소상공인시장진흥공단_상가(상권)정보_API (data.go.kr 15012005),202606,2026-10-01
CW-UICHANG,의창구,코리아세븐창원봉곡,행운점,편의점,경상남도 창원시 의창구 창이대로333번길 30,경상남도 창원시 의창구 봉곡동 175-1,봉림동,128.675795127018,35.2472501762729,MA010120220806483308,소상공인시장진흥공단_상가(상권)정보_API (data.go.kr 15012005),202606,2026-10-01
CW-UICHANG,의창구,씨유동,창원점,편의점,경상남도 창원시 의창구 동읍 의창대로 906,경상남도 창원시 의창구 동읍 용잠리 227-3,동읍,128.689502031996,35.2788363030615,MA010120220806508258,소상공인시장진흥공단_상가(상권)정보_API (data.go.kr 15012005),202606,2026-10-01
CW-UICHANG,의창구,이마트24창원대산점,,편의점,경상남도 창원시 의창구 대산면 주남로 514,경상남도 창원시 의창구 대산면 제동리 825,대산면,128.705937924602,35.3293704277027,MA010120220806613870,소상공인시장진흥공단_상가(상권)정보_API (data.go.kr 15012005),202606,2026-10-01
CW-UICHANG,의창구,씨유창원팔용쉼터점,,편의점,경상남도 창원시 의창구 남산로17번길 41,경상남도 창원시 의창구 팔용동 194-8,팔룡동,128.61597163546,35.2608343386186,MA010120220806680167,소상공인시장진흥공단_상가(상권)정보_API (data.go.kr 15012005),202606,2026-10-01
CW-UICHANG,의창구,씨유창원동정점,,편의점,경상남도 창원시 의창구 서상로25번길 2,경상남도 창원시 의창구 동정동 290-31,의창동,128.615857919703,35.2628545991898,MA010120220806803605,소상공인시장진흥공단_상가(상권)정보_API (data.go.kr 15012005),202606,2026-10-01
CW-UICHANG,의창구,씨유창원서상원룸점,,편의점,경상남도 창원시 의창구 평산로131번길 12,경상남도 창원시 의창구 서상동 706-16,의창동,128.619993102737,35.2553101234325,MA010120220807055242,소상공인시장진흥공단_상가(상권)정보_API (data.go.kr 15012005),202606,2026-10-01
CW-UICHANG,의창구,씨유창원중동원룸점,,편의점,경상남도 창원시 의창구 평산로215번길 16,경상남도 창원시 의창구 서상동 663-22,의창동,128.623906146156,35.2608993196203,MA010120220807132351,소상공인시장진흥공단_상가(상권)정보_API (data.go.kr 15012005),202606,2026-10-01
CW-UICHANG,의창구,GS25북면대호점,,편의점,경상남도 창원시 의창구 북면 천주로 1053,경상남도 창원시 의창구 북면 신촌리 995-1,북면,128.605802201237,35.3456573729191,MA010120220807373602,소상공인시장진흥공단_상가(상권)정보_API (data.go.kr 15012005),202606,2026-10-01
CW-UICHANG,의창구,뉴아람마트명서점,,편의점,경상남도 창원시 의창구 원이대로189번길 5-2,경상남도 창원시 의창구 명서동 42-14,명곡동,128.643465341776,35.2478829034212,MA010120220807396572,소상공인시장진흥공단_상가(상권)정보_API (data.go.kr 15012005),202606,2026-10-01
CW-UICHANG,의창구,GS25창원명서로점,,편의점,경상남도 창원시 의창구 명지로14번길 18,경상남도 창원시 의창구 명서동 18-13,명곡동,128.642826100336,35.2494146494824,MA010120220807412384,소상공인시장진흥공단_상가(상권)정보_API (data.go.kr 15012005),202606,2026-10-01
CW-UICHANG,의창구,씨유창원팔용,행복점,편의점,경상남도 창원시 의창구 의창대로116번길 25,경상남도 창원시 의창구 팔용동 174-6,팔룡동,128.613392587205,35.259327668709,MA010120220807567607,소상공인시장진흥공단_상가(상권)정보_API (data.go.kr 15012005),202606,2026-10-01
CW-UICHANG,의창구,세븐일레븐창원무동점,,편의점,경상남도 창원시 의창구 북면 동곡로 1,경상남도 창원시 의창구 북면 무동리 147-2,북면,128.585270643101,35.3165937743821,MA010120220807569057,소상공인시장진흥공단_상가(상권)정보_API (data.go.kr 15012005),202606,2026-10-01
CW-UICHANG,의창구,이마트24시창원소계점,,편의점,경상남도 창원시 의창구 금강로369번길 5,경상남도 창원시 의창구 소계동 710-24,의창동,128.601464160719,35.2578639581233,MA010120220807655363,소상공인시장진흥공단_상가(상권)정보_API (data.go.kr 15012005),202606,2026-10-01
CW-UICHANG,의창구,GS25창원,도담점,편의점,경상남도 창원시 의창구 소봉로 5,경상남도 창원시 의창구 봉림동 704-8,봉림동,128.670917776803,35.2504809056783,MA010120220807970500,소상공인시장진흥공단_상가(상권)정보_API (data.go.kr 15012005),202606,2026-10-01
CW-UICHANG,의창구,이마트24창원동읍봉강점,,편의점,경상남도 창원시 의창구 동읍 동읍로 1158,경상남도 창원시 의창구 동읍 봉강리 135-1,동읍,128.656915130674,35.3526186174619,MA010120220808030088,소상공인시장진흥공단_상가(상권)정보_API (data.go.kr 15012005),202606,2026-10-01
CW-UICHANG,의창구,씨유창원봉곡월드점,,편의점,경상남도 창원시 의창구 봉곡로23번길 35,경상남도 창원시 의창구 봉곡동 75-1,봉림동,128.659138589622,35.2476960273107,MA010120220808044555,소상공인시장진흥공단_상가(상권)정보_API (data.go.kr 15012005),202606,2026-10-01
CW-UICHANG,의창구,이마트24감계,푸르지오점,편의점,경상남도 창원시 의창구 북면 감계로 221,경상남도 창원시 의창구 북면 감계리 225-2,북면,128.584978995595,35.3005197972692,MA010120220808130680,소상공인시장진흥공단_상가(상권)정보_API (data.go.kr 15012005),202606,2026-10-01
CW-UICHANG,의창구,GS25북면,신촌점,편의점,경상남도 창원시 의창구 북면 천주로 1108,경상남도 창원시 의창구 북면 신촌리 567-1,북면,128.607319675789,35.3495214291539,MA010120220808165885,소상공인시장진흥공단_상가(상권)정보_API (data.go.kr 15012005),202606,2026-10-01
CW-UICHANG,의창구,세븐일레븐창원소답,1호점,편의점,경상남도 창원시 의창구 읍성로 77,경상남도 창원시 의창구 소답동 121-4,의창동,128.626485252023,35.2651454758517,MA010120220808297742,소상공인시장진흥공단_상가(상권)정보_API (data.go.kr 15012005),202606,2026-10-01
CW-UICHANG,의창구,CU창원파티마,병원점,편의점,경상남도 창원시 의창구 창이대로 45,경상남도 창원시 의창구 명서동 212,명곡동,128.644491720203,35.2372345346592,MA010120220808419699,소상공인시장진흥공단_상가(상권)정보_API (data.go.kr 15012005),202606,2026-10-01
CW-UICHANG,의창구,씨유창원사림원룸점,,편의점,경상남도 창원시 의창구 사림로4번길 2,경상남도 창원시 의창구 사림동 99-1,봉림동,128.674351960284,35.2449179797134,MA010120220808424318,소상공인시장진흥공단_상가(상권)정보_API (data.go.kr 15012005),202606,2026-10-01
CW-UICHANG,의창구,씨유창원대,스타점,편의점,경상남도 창원시 의창구 퇴촌로25번길 6,경상남도 창원시 의창구 사림동 55-19,봉림동,128.688073092944,35.2422760169699,MA010120220808426640,소상공인시장진흥공단_상가(상권)정보_API (data.go.kr 15012005),202606,2026-10-01
CW-UICHANG,의창구,세븐일레븐창원사림부일점,,편의점,경상남도 창원시 의창구 사림로 60,경상남도 창원시 의창구 사림동 84-1,봉림동,128.678857850329,35.2466039015537,MA010120220808509404,소상공인시장진흥공단_상가(상권)정보_API (data.go.kr 15012005),202606,2026-10-01
CW-UICHANG,의창구,지에스25팔용,제일점,편의점,경상남도 창원시 의창구 사화로10번길 5,경상남도 창원시 의창구 팔용동 159-1,팔룡동,128.60863857988,35.2567323625754,MA010120220808585281,소상공인시장진흥공단_상가(상권)정보_API (data.go.kr 15012005),202606,2026-10-01
CW-UICHANG,의창구,씨유창원감계힐스점,,편의점,경상남도 창원시 의창구 북면 감계로 341,경상남도 창원시 의창구 북면 감계리 231-10,북면,128.5983569606,35.3038314204136,MA010120220808741669,소상공인시장진흥공단_상가(상권)정보_API (data.go.kr 15012005),202606,2026-10-01
CW-UICHANG,의창구,지에스25창원원창호수점,,편의점,경상남도 창원시 의창구 동읍 의창대로 856,경상남도 창원시 의창구 동읍 용잠리 372-1,동읍,128.684959271944,35.2765294922038,MA010120220809885270,소상공인시장진흥공단_상가(상권)정보_API (data.go.kr 15012005),202606,2026-10-01
CW-UICHANG,의창구,씨유창원대산,로드점,편의점,경상남도 창원시 의창구 대산면 진산대로 512,경상남도 창원시 의창구 대산면 가술리 10-5,대산면,128.709881154645,35.3453290182807,MA010120220809901258,소상공인시장진흥공단_상가(상권)정보_API (data.go.kr 15012005),202606,2026-10-01
CW-UICHANG,의창구,지에스25창원하늘채,,편의점,경상남도 창원시 의창구 창이대로169번길 32,경상남도 창원시 의창구 봉곡동 58-1,봉림동,128.655331711442,35.2468739880069,MA010120220810085640,소상공인시장진흥공단_상가(상권)정보_API (data.go.kr 15012005),202606,2026-10-01
CW-UICHANG,의창구,세븐일레븐창원대학교생활관점,,편의점,경상남도 창원시 의창구 창원대학로 20,경상남도 창원시 의창구 퇴촌동 산 69,봉림동,128.69481773243,35.2459578194556,MA010120220810245365,소상공인시장진흥공단_상가(상권)정보_API (data.go.kr 15012005),202606,2026-10-01
CW-UICHANG,의창구,경영자의집,,편의점,경상남도 창원시 의창구 동읍 동읍로359번길 18,경상남도 창원시 의창구 동읍 화양리 66-2,동읍,128.662998288034,35.3000126498765,MA010120220810274726,소상공인시장진흥공단_상가(상권)정보_API (data.go.kr 15012005),202606,2026-10-01
CW-UICHANG,의창구,GS25소답,드림점,편의점,경상남도 창원시 의창구 의창대로261번길 12,경상남도 창원시 의창구 소답동 138-1,의창동,128.626660291877,35.2623583460429,MA010120220810394248,소상공인시장진흥공단_상가(상권)정보_API (data.go.kr 15012005),202606,2026-10-01
CW-UICHANG,의창구,세븐일레븐창원미래리움카페점,,편의점,경상남도 창원시 의창구 용동로57번안길 9-11,경상남도 창원시 의창구 사림동 162-7,봉림동,128.697630208683,35.2391142239826,MA010120220810406772,소상공인시장진흥공단_상가(상권)정보_API (data.go.kr 15012005),202606,2026-10-01
CW-UICHANG,의창구,CU창원팔용SK점,,편의점,경상남도 창원시 의창구 창원대로18번길 6,경상남도 창원시 의창구 팔용동 212,팔룡동,128.605990970666,35.2539647249106,MA010120220810831121,소상공인시장진흥공단_상가(상권)정보_API (data.go.kr 15012005),202606,2026-10-01
CW-UICHANG,의창구,씨유창원,명곡점,편의점,경상남도 창원시 의창구 원이대로261번길 16-4,경상남도 창원시 의창구 봉곡동 33-1,봉림동,128.650109493683,35.2445120261374,MA010120220810851529,소상공인시장진흥공단_상가(상권)정보_API (data.go.kr 15012005),202606,2026-10-01
CW-UICHANG,의창구,더큰편의점,,편의점,경상남도 창원시 의창구 우곡로217번길 10,경상남도 창원시 의창구 명서동 206-3,명곡동,128.648760074731,35.2397178981104,MA010120220810881248,소상공인시장진흥공단_상가(상권)정보_API (data.go.kr 15012005),202606,2026-10-01
CW-UICHANG,의창구,GS25창원팔용점,,편의점,경상남도 창원시 의창구 의창대로62번길 6,경상남도 창원시 의창구 팔용동 155-1,팔룡동,128.607785839087,35.2563922203128,MA010120220810915263,소상공인시장진흥공단_상가(상권)정보_API (data.go.kr 15012005),202606,2026-10-01
CW-UICHANG,의창구,지에스25창원대명점,,편의점,경상남도 창원시 의창구 사림로45번길 3,경상남도 창원시 의창구 봉곡동 175-14,봉림동,128.677573189061,35.2477031804867,MA010120220810915492,소상공인시장진흥공단_상가(상권)정보_API (data.go.kr 15012005),202606,2026-10-01
CW-UICHANG,의창구,지에스25창원자여점,,편의점,경상남도 창원시 의창구 동읍 용정길46번길 36,경상남도 창원시 의창구 동읍 용정리 22-14,동읍,128.705036737617,35.275437028287,MA010120220810917058,소상공인시장진흥공단_상가(상권)정보_API (data.go.kr 15012005),202606,2026-10-01
CW-UICHANG,의창구,GS25창원극동점,,편의점,경상남도 창원시 의창구 팔용로 429,경상남도 창원시 의창구 팔용동 104-1,팔룡동,128.612416789566,35.2549967737851,MA010120220810917140,소상공인시장진흥공단_상가(상권)정보_API (data.go.kr 15012005),202606,2026-10-01
CW-UICHANG,의창구,세븐일레븐,,편의점,경상남도 창원시 의창구 지귀로12번길 30,경상남도 창원시 의창구 봉곡동 38-1,봉림동,128.651823001751,35.2428754598544,MA010120220810923008,소상공인시장진흥공단_상가(상권)정보_API (data.go.kr 15012005),202606,2026-10-01
CW-UICHANG,의창구,씨유창원봉림점,,편의점,경상남도 창원시 의창구 창이대로309번길 15,경상남도 창원시 의창구 봉곡동 136-12,봉림동,128.670769080951,35.2475179541418,MA010120220810928727,소상공인시장진흥공단_상가(상권)정보_API (data.go.kr 15012005),202606,2026-10-01
CW-UICHANG,의창구,씨유,창원소답점,편의점,경상남도 창원시 의창구 읍성로 70,경상남도 창원시 의창구 소답동 120-1,의창동,128.625531323501,35.2646986752716,MA010120220810930942,소상공인시장진흥공단_상가(상권)정보_API (data.go.kr 15012005),202606,2026-10-01
CW-UICHANG,의창구,씨유창원,도계점,편의점,경상남도 창원시 의창구 도계로18번길 28,경상남도 창원시 의창구 도계동 349-1,명곡동,128.635870505192,35.2580975415295,MA010120220810932102,소상공인시장진흥공단_상가(상권)정보_API (data.go.kr 15012005),202606,2026-10-01
CW-UICHANG,의창구,지에스25명서우곡점,,편의점,경상남도 창원시 의창구 우곡로217번길 17,경상남도 창원시 의창구 명서동 205-5,명곡동,128.648928596746,35.2404455914827,MA010120220810932766,소상공인시장진흥공단_상가(상권)정보_API (data.go.kr 15012005),202606,2026-10-01
CW-UICHANG,의창구,씨유명곡로타리점,,편의점,경상남도 창원시 의창구 원이대로285번길 21,경상남도 창원시 의창구 봉곡동 29-9,봉림동,128.652419493752,35.2441200122968,MA010120220810934052,소상공인시장진흥공단_상가(상권)정보_API (data.go.kr 15012005),202606,2026-10-01
CW-UICHANG,의창구,GS25동,창원점,편의점,경상남도 창원시 의창구 동읍 의창대로 868-1,경상남도 창원시 의창구 동읍 용잠리 385-5,동읍,128.685965285901,35.2778763015569,MA010120220810936274,소상공인시장진흥공단_상가(상권)정보_API (data.go.kr 15012005),202606,2026-10-01
CW-UICHANG,의창구,GS25창원,드림점,편의점,경상남도 창원시 의창구 팔용로 428,경상남도 창원시 의창구 팔용동 100,팔룡동,128.612782217708,35.2545863514431,MA010120220810936327,소상공인시장진흥공단_상가(상권)정보_API (data.go.kr 15012005),202606,2026-10-01
CW-UICHANG,의창구,씨유창원도계,드림점,편의점,경상남도 창원시 의창구 원이대로82번길 1,경상남도 창원시 의창구 도계동 469,명곡동,128.635566385152,35.2549924387364,MA010120220810939256,소상공인시장진흥공단_상가(상권)정보_API (data.go.kr 15012005),202606,2026-10-01
CW-UICHANG,의창구,GS25사림미래점,,편의점,경상남도 창원시 의창구 사림로57번길 4-2,경상남도 창원시 의창구 사림동 114-1,봉림동,128.679108387047,35.2470330087092,MA010120220810941798,소상공인시장진흥공단_상가(상권)정보_API (data.go.kr 15012005),202606,2026-10-01
CW-UICHANG,의창구,씨유창원동읍,삼거리점,편의점,경상남도 창원시 의창구 동읍 의창대로 847,경상남도 창원시 의창구 동읍 용잠리 369-4,동읍,128.68394182166,35.277282655973,MA010120220810945443,소상공인시장진흥공단_상가(상권)정보_API (data.go.kr 15012005),202606,2026-10-01
CW-UICHANG,의창구,씨유창원대원룸점,,편의점,경상남도 창원시 의창구 창이대로469번길 22,경상남도 창원시 의창구 사림동 14-16,봉림동,128.688167150765,35.2404542490008,MA010120220810946019,소상공인시장진흥공단_상가(상권)정보_API (data.go.kr 15012005),202606,2026-10-01
CW-UICHANG,의창구,씨유창원명서,중앙점,편의점,경상남도 창원시 의창구 원이대로270번길 13,경상남도 창원시 의창구 명서동 201-10,명곡동,128.648812462179,35.2417629578631,MA010120220810949706,소상공인시장진흥공단_상가(상권)정보_API (data.go.kr 15012005),202606,2026-10-01
CW-UICHANG,의창구,씨유창원명서,시장점,편의점,경상남도 창원시 의창구 명지로 73,경상남도 창원시 의창구 명서동 52-1,명곡동,128.646558523837,35.2498145218666,MA010120220810953480,소상공인시장진흥공단_상가(상권)정보_API (data.go.kr 15012005),202606,2026-10-01
CW-UICHANG,의창구,세븐일레븐창원명서,중앙점,편의점,경상남도 창원시 의창구 원이대로258번길 3,경상남도 창원시 의창구 명서동 199-1,명곡동,128.648301507142,35.2431127397222,MA010120220810958661,소상공인시장진흥공단_상가(상권)정보_API (data.go.kr 15012005),202606,2026-10-01
CW-UICHANG,의창구,씨유도계,사랑점,편의점,경상남도 창원시 의창구 원이대로81번길 28,경상남도 창원시 의창구 도계동 410-15,명곡동,128.638701606704,35.2568245523104,MA010120220810958760,소상공인시장진흥공단_상가(상권)정보_API (data.go.kr 15012005),202606,2026-10-01
CW-UICHANG,의창구,씨유창원북면감계점,,편의점,경상남도 창원시 의창구 북면 동전로 63,경상남도 창원시 의창구 북면 감계리 233-1,북면,128.595559160112,35.3018766744915,MA010120220810958771,소상공인시장진흥공단_상가(상권)정보_API (data.go.kr 15012005),202606,2026-10-01
CW-UICHANG,의창구,GS25창원미도점,,편의점,경상남도 창원시 의창구 읍성로117번길 5,경상남도 창원시 의창구 소답동 142-33,의창동,128.629161837759,35.262721219766,MA010120220810959124,소상공인시장진흥공단_상가(상권)정보_API (data.go.kr 15012005),202606,2026-10-01
CW-UICHANG,의창구,씨유창원명서점,,편의점,경상남도 창원시 의창구 우곡로217번길 27,경상남도 창원시 의창구 명서동 201-6,명곡동,128.649659946111,35.2413007957008,MA010120220810965943,소상공인시장진흥공단_상가(상권)정보_API (data.go.kr 15012005),202606,2026-10-01
CW-UICHANG,의창구,지에스25신북면,온천점,편의점,경상남도 창원시 의창구 북면 천주로1170번길 25,경상남도 창원시 의창구 북면 신촌리 1461-7,북면,128.612371429473,35.3535366208656,MA010120220810972627,소상공인시장진흥공단_상가(상권)정보_API (data.go.kr 15012005),202606,2026-10-01
CW-UICHANG,의창구,미니스톱,창원북면점,편의점,경상남도 창원시 의창구 북면 천주로 518,경상남도 창원시 의창구 북면 화천리 329,북면,128.601519257853,35.3025188543943,MA010120220810973940,소상공인시장진흥공단_상가(상권)정보_API (data.go.kr 15012005),202606,2026-10-01
CW-UICHANG,의창구,세븐창원소답１호점주,코리아,편의점,경상남도 창원시 의창구 읍성로 77,경상남도 창원시 의창구 소답동 121-4,의창동,128.626485252023,35.2651454758517,MA010120220810981777,소상공인시장진흥공단_상가(상권)정보_API (data.go.kr 15012005),202606,2026-10-01
CW-UICHANG,의창구,세븐창원주남점주,코리아,편의점,경상남도 창원시 의창구 동읍 동읍로 3,경상남도 창원시 의창구 동읍 용잠리 419-10,동읍,128.684399369674,35.2776187448802,MA010120220810981779,소상공인시장진흥공단_상가(상권)정보_API (data.go.kr 15012005),202606,2026-10-01
CW-UICHANG,의창구,세븐창원팔용벽산점주,코리아,편의점,경상남도 창원시 의창구 반계로 98,경상남도 창원시 의창구 팔용동 122,팔룡동,128.616489540921,35.2537167582574,MA010120220810982140,소상공인시장진흥공단_상가(상권)정보_API (data.go.kr 15012005),202606,2026-10-01
CW-UICHANG,의창구,세븐창원감계아내점주,코리아,편의점,경상남도 창원시 의창구 북면 감계로 277,경상남도 창원시 의창구 북면 감계리 227-2,북면,128.590113817476,35.3039401094529,MA010120220810982513,소상공인시장진흥공단_상가(상권)정보_API (data.go.kr 15012005),202606,2026-10-01
CW-UICHANG,의창구,세븐일레븐창원사림,중앙점,편의점,경상남도 창원시 의창구 창이대로413번길 32,경상남도 창원시 의창구 사림동 43-1,봉림동,128.683977020543,35.2444689757267,MA010120220811050415,소상공인시장진흥공단_상가(상권)정보_API (data.go.kr 15012005),202606,2026-10-01
CW-UICHANG,의창구,지에스25팔용중앙,,편의점,경상남도 창원시 의창구 의창대로62번길 12,경상남도 창원시 의창구 팔용동 154-10,팔룡동,128.608285601202,35.2561061975335,MA010120220811688685,소상공인시장진흥공단_상가(상권)정보_API (data.go.kr 15012005),202606,2026-10-01
CW-UICHANG,의창구,세븐일레븐창원소답,본점,편의점,경상남도 창원시 의창구 의안로44번길 2,경상남도 창원시 의창구 소답동 106-1,의창동,128.624040709913,35.2654396746595,MA010120220812088433,소상공인시장진흥공단_상가(상권)정보_API (data.go.kr 15012005),202606,2026-10-01
CW-UICHANG,의창구,씨유창원감계현대점,,편의점,경상남도 창원시 의창구 북면 감계로 259,경상남도 창원시 의창구 북면 감계리 227-1,북면,128.589614064209,35.3025587987923,MA010120220812222124,소상공인시장진흥공단_상가(상권)정보_API (data.go.kr 15012005),202606,2026-10-01
CW-UICHANG,의창구,이마트24창원공구,상가점,편의점,경상남도 창원시 의창구 차상로150번길 90,경상남도 창원시 의창구 팔용동 15-10,팔룡동,128.641558517437,35.2328583656286,MA010120220812376523,소상공인시장진흥공단_상가(상권)정보_API (data.go.kr 15012005),202606,2026-10-01
CW-UICHANG,의창구,세븐창원명서점,코리아,편의점,경상남도 창원시 의창구 명지로 81-4,경상남도 창원시 의창구 명서동 74-1,명곡동,128.647106275712,35.2491942358459,MA010120220812474182,소상공인시장진흥공단_상가(상권)정보_API (data.go.kr 15012005),202606,2026-10-01
CW-UICHANG,의창구,지에스25창원대산글로벌,,편의점,경상남도 창원시 의창구 대산면 가술산단남로 41,경상남도 창원시 의창구 대산면 가술리 707-1,대산면,128.701750642908,35.3321150352022,MA010120220812515957,소상공인시장진흥공단_상가(상권)정보_API (data.go.kr 15012005),202606,2026-10-01
CW-UICHANG,의창구,지에스25동전산업단지점,,편의점,경상남도 창원시 의창구 북면 동전산단서로42번길 22,경상남도 창원시 의창구 북면 동전리 708-1,북면,128.603826298556,35.3169167927608,MA010120220812625060,소상공인시장진흥공단_상가(상권)정보_API (data.go.kr 15012005),202606,2026-10-01
CW-UICHANG,의창구,세븐일레븐창원동읍,신방점,편의점,경상남도 창원시 의창구 동읍 동읍로 234-2,경상남도 창원시 의창구 동읍 신방리 361-4,동읍,128.674447108031,35.2954567377908,MA010120220812777003,소상공인시장진흥공단_상가(상권)정보_API (data.go.kr 15012005),202606,2026-10-01
CW-UICHANG,의창구,씨유창원지귀점,,편의점,경상남도 창원시 의창구 창이대로 205,경상남도 창원시 의창구 봉곡동 61-15,봉림동,128.65983289924,35.2451090167613,MA010120220812956527,소상공인시장진흥공단_상가(상권)정보_API (data.go.kr 15012005),202606,2026-10-01
CW-UICHANG,의창구,미니스톱창원,중동점,편의점,경상남도 창원시 의창구 의창대로282번길 4-1,경상남도 창원시 의창구 중동 759-6,의창동,128.628738588502,35.2607892918844,MA010120220813073982,소상공인시장진흥공단_상가(상권)정보_API (data.go.kr 15012005),202606,2026-10-01
CW-UICHANG,의창구,씨유도계화목점,,편의점,경상남도 창원시 의창구 하남천서길15번길 2,경상남도 창원시 의창구 도계동 323-3,명곡동,128.639060137492,35.2604426032007,MA010120220813113455,소상공인시장진흥공단_상가(상권)정보_API (data.go.kr 15012005),202606,2026-10-01
CW-UICHANG,의창구,씨유창원팔용산업단지점,,편의점,경상남도 창원시 의창구 차룡로48번길 49,경상남도 창원시 의창구 팔용동 39-15,팔룡동,128.633151582613,35.2414165908833,MA010120220813190287,소상공인시장진흥공단_상가(상권)정보_API (data.go.kr 15012005),202606,2026-10-01
CW-UICHANG,의창구,지에스25창원지귀,시장점,편의점,경상남도 창원시 의창구 지귀로120번길 2,경상남도 창원시 의창구 봉곡동 59-10,봉림동,128.657889558638,35.2457034290992,MA010120220813255573,소상공인시장진흥공단_상가(상권)정보_API (data.go.kr 15012005),202606,2026-10-01
CW-UICHANG,의창구,CU창원무동점,,편의점,경상남도 창원시 의창구 북면 동곡로 35,경상남도 창원시 의창구 북면 무동리 122-1,북면,128.584451434158,35.3202544581441,MA010120220813309450,소상공인시장진흥공단_상가(상권)정보_API (data.go.kr 15012005),202606,2026-10-01
CW-UICHANG,의창구,지에스25팔용원풍점,,편의점,경상남도 창원시 의창구 팔용로420번길 32,경상남도 창원시 의창구 팔용동 78-14,팔룡동,128.614849160281,35.2524409004459,MA010120220813401234,소상공인시장진흥공단_상가(상권)정보_API (data.go.kr 15012005),202606,2026-10-01
CW-UICHANG,의창구,GS25명서,행복점,편의점,경상남도 창원시 의창구 창이대로85번길 11,경상남도 창원시 의창구 명서동 208-1,명곡동,128.647643338345,35.2404450749648,MA010120220813471721,소상공인시장진흥공단_상가(상권)정보_API (data.go.kr 15012005),202606,2026-10-01
CW-UICHANG,의창구,세븐창원도계스마일점,코리아,편의점,경상남도 창원시 의창구 원이대로103번길 21,경상남도 창원시 의창구 도계동 421-4,명곡동,128.639399987971,35.2549495624349,MA010120220813654399,소상공인시장진흥공단_상가(상권)정보_API (data.go.kr 15012005),202606,2026-10-01
CW-UICHANG,의창구,지에스25대산조은점,,편의점,경상남도 창원시 의창구 대산면 진산대로 412,경상남도 창원시 의창구 대산면 제동리 265-5,대산면,128.70935198997,35.3363966121916,MA010120220813859859,소상공인시장진흥공단_상가(상권)정보_API (data.go.kr 15012005),202606,2026-10-01
CW-UICHANG,의창구,지에스25창원서상,행복점,편의점,경상남도 창원시 의창구 남산로17번길 54,경상남도 창원시 의창구 팔용동 187-10,팔룡동,128.616858794785,35.2601375542729,MA010120220813895537,소상공인시장진흥공단_상가(상권)정보_API (data.go.kr 15012005),202606,2026-10-01
CW-UICHANG,의창구,이마트24창원서상원룸점,,편의점,경상남도 창원시 의창구 평산로195번길 16,경상남도 창원시 의창구 서상동 671-9,의창동,128.62416407919,35.2589582275592,MA010120220813936314,소상공인시장진흥공단_상가(상권)정보_API (data.go.kr 15012005),202606,2026-10-01
CW-UICHANG,의창구,지에스25중동유니스타,,편의점,경상남도 창원시 의창구 중동중앙로 95,경상남도 창원시 의창구 중동 778-1,의창동,128.628800681091,35.2594997080951,MA010120220814209170,소상공인시장진흥공단_상가(상권)정보_API (data.go.kr 15012005),202606,2026-10-01
CW-UICHANG,의창구,씨유창원명서월드점,,편의점,경상남도 창원시 의창구 명지로77번길 1,경상남도 창원시 의창구 명서동 52-14,명곡동,128.646665623102,35.2496778811235,MA010120220814233491,소상공인시장진흥공단_상가(상권)정보_API (data.go.kr 15012005),202606,2026-10-01
CW-UICHANG,의창구,씨유창원,유니시티점,편의점,경상남도 창원시 의창구 중동로 78,경상남도 창원시 의창구 중동 788,의창동,128.629418905614,35.2547058909691,MA010120220814250285,소상공인시장진흥공단_상가(상권)정보_API (data.go.kr 15012005),202606,2026-10-01
CW-UICHANG,의창구,블루25광성점,,편의점,경상남도 창원시 의창구 북면 단내로 775,경상남도 창원시 의창구 북면 신촌리 1226-9,북면,128.600741798758,35.3400468542402,MA010120220814380107,소상공인시장진흥공단_상가(상권)정보_API (data.go.kr 15012005),202606,2026-10-01
CW-UICHANG,의창구,지에스25북면,신촌점,편의점,경상남도 창원시 의창구 북면 천주로 1108,경상남도 창원시 의창구 북면 신촌리 567-1,북면,128.607319675789,35.3495214291539,MA0101202209A0074790,소상공인시장진흥공단_상가(상권)정보_API (data.go.kr 15012005),202606,2026-10-01
CW-UICHANG,의창구,지에스25창원대산글로벌점,,편의점,경상남도 창원시 의창구 대산면 가술산단남로 41,경상남도 창원시 의창구 대산면 가술리 707-1,대산면,128.701750642908,35.3321150352022,MA0101202209A0080054,소상공인시장진흥공단_상가(상권)정보_API (data.go.kr 15012005),202606,2026-10-01
CW-UICHANG,의창구,지에스25창원하늘채점,,편의점,경상남도 창원시 의창구 창이대로169번길 32,경상남도 창원시 의창구 봉곡동 58-1,봉림동,128.655331711442,35.2468739880069,MA0101202210A0038356,소상공인시장진흥공단_상가(상권)정보_API (data.go.kr 15012005),202606,2026-10-01
CW-UICHANG,의창구,지에스25창원어반브릭스점,,편의점,경상남도 창원시 의창구 중동중앙로 47,경상남도 창원시 의창구 중동 784-1,의창동,128.62500742242,35.256621746534,MA0101202211A0055438,소상공인시장진흥공단_상가(상권)정보_API (data.go.kr 15012005),202606,2026-10-01
CW-UICHANG,의창구,씨유창원자여베스트점,,편의점,경상남도 창원시 의창구 동읍 자여로 50-4,경상남도 창원시 의창구 동읍 봉산리 4-2,동읍,128.69909442736,35.2782152688814,MA0101202212A0016460,소상공인시장진흥공단_상가(상권)정보_API (data.go.kr 15012005),202606,2026-10-01
CW-UICHANG,의창구,세븐창원무동지구점,코리아,편의점,경상남도 창원시 의창구 북면 무동로267번길 9,경상남도 창원시 의창구 북면 무동리 154-1,북면,128.58029788423,35.3158838303993,MA0101202212A0026300,소상공인시장진흥공단_상가(상권)정보_API (data.go.kr 15012005),202606,2026-10-01
CW-UICHANG,의창구,씨유창원명서베스트점,,편의점,경상남도 창원시 의창구 우곡로3번길 47,경상남도 창원시 의창구 명서동 83-1,명곡동,128.641264290032,35.2482372212512,MA0101202212A0050194,소상공인시장진흥공단_상가(상권)정보_API (data.go.kr 15012005),202606,2026-10-01
CW-UICHANG,의창구,이마트24R창원시그니처M점,,편의점,경상남도 창원시 의창구 용동로57번길 18,경상남도 창원시 의창구 사림동 162-4,봉림동,128.697764794023,35.2381930968402,MA0101202303A0023572,소상공인시장진흥공단_상가(상권)정보_API (data.go.kr 15012005),202606,2026-10-01
CW-UICHANG,의창구,이마트24경남도청점,,편의점,경상남도 창원시 의창구 중앙대로 300,경상남도 창원시 의창구 사림동 1,봉림동,128.691945881048,35.2378059691854,MA0101202303A0083508,소상공인시장진흥공단_상가(상권)정보_API (data.go.kr 15012005),202606,2026-10-01
CW-UICHANG,의창구,씨유창원중동,중앙점,편의점,경상남도 창원시 의창구 평산로159번길 6,경상남도 창원시 의창구 서상동 688-7,의창동,128.62274716829,35.2567782570749,MA0101202303A0100883,소상공인시장진흥공단_상가(상권)정보_API (data.go.kr 15012005),202606,2026-10-01
CW-UICHANG,의창구,세븐일레븐창원서상,에이스점,편의점,경상남도 창원시 의창구 평산로147번길 3,경상남도 창원시 의창구 서상동 702-14,의창동,128.62206350924,35.2555527489086,MA0101202303A0109490,소상공인시장진흥공단_상가(상권)정보_API (data.go.kr 15012005),202606,2026-10-01
CW-UICHANG,의창구,지에스25중동,드림점,편의점,경상남도 창원시 의창구 평산로211번길 1,경상남도 창원시 의창구 서상동 665-11,의창동,128.625398119067,35.2602304020424,MA0101202305A0044126,소상공인시장진흥공단_상가(상권)정보_API (data.go.kr 15012005),202606,2026-10-01
CW-UICHANG,의창구,씨유창원팔용,가오점,편의점,경상남도 창원시 의창구 팔용로 417,경상남도 창원시 의창구 팔용동 105-14,팔룡동,128.611785620449,35.2541940813145,MA0101202305A0156657,소상공인시장진흥공단_상가(상권)정보_API (data.go.kr 15012005),202606,2026-10-01
CW-UICHANG,의창구,씨유창원봉곡,드림점,편의점,경상남도 창원시 의창구 지귀로73번길 1,경상남도 창원시 의창구 봉곡동 15-10,봉림동,128.654128359103,35.2471247628623,MA0101202305A0193333,소상공인시장진흥공단_상가(상권)정보_API (data.go.kr 15012005),202606,2026-10-01
CW-UICHANG,의창구,세븐일레븐창원주남점,,편의점,경상남도 창원시 의창구 동읍 동읍로 3,경상남도 창원시 의창구 동읍 용잠리 419-10,동읍,128.684399369674,35.2776187448802,MA0101202307A0024830,소상공인시장진흥공단_상가(상권)정보_API (data.go.kr 15012005),202606,2026-10-01
CW-UICHANG,의창구,지에스25창원동읍한가족점,,편의점,경상남도 창원시 의창구 동읍 동읍로 219,경상남도 창원시 의창구 동읍 신방리 383,동읍,128.67486235773,35.2942704011114,MA0101202308A0092249,소상공인시장진흥공단_상가(상권)정보_API (data.go.kr 15012005),202606,2026-10-01
CW-UICHANG,의창구,세븐일레븐창원명서,센터점,편의점,경상남도 창원시 의창구 창이대로85번길 2,경상남도 창원시 의창구 명서동 207-6,명곡동,128.648482751729,35.2401272264719,MA0101202309A0030729,소상공인시장진흥공단_상가(상권)정보_API (data.go.kr 15012005),202606,2026-10-01
CW-UICHANG,의창구,이마트24창원동읍로점,,편의점,경상남도 창원시 의창구 동읍 동읍로 477,경상남도 창원시 의창구 동읍 화양리 169-3,동읍,128.655866367703,35.3082304512008,MA0101202309A0032036,소상공인시장진흥공단_상가(상권)정보_API (data.go.kr 15012005),202606,2026-10-01
CW-UICHANG,의창구,이해,,편의점,경상남도 창원시 의창구 우곡로 15,경상남도 창원시 의창구 명서동 12-1,명곡동,128.637301187107,35.2511117431561,MA0101202311A0048446,소상공인시장진흥공단_상가(상권)정보_API (data.go.kr 15012005),202606,2026-10-01
CW-UICHANG,의창구,지에스25창원의창,구청점,편의점,경상남도 창원시 의창구 태복산로 13,경상남도 창원시 의창구 도계동 887-3,명곡동,128.639710822307,35.2529266139246,MA0101202311A0065972,소상공인시장진흥공단_상가(상권)정보_API (data.go.kr 15012005),202606,2026-10-01
CW-UICHANG,의창구,동남돼지,,편의점,경상남도 창원시 의창구 남산로 111,경상남도 창원시 의창구 서상동 708-8,의창동,128.620302719926,35.2543056181907,MA0101202311A0102179,소상공인시장진흥공단_상가(상권)정보_API (data.go.kr 15012005),202606,2026-10-01
CW-UICHANG,의창구,지에스창원명서점,,편의점,경상남도 창원시 의창구 창이대로113번길 12,경상남도 창원시 의창구 명서동 199-6,명곡동,128.649453227147,35.2424842141325,MA0101202406A0105568,소상공인시장진흥공단_상가(상권)정보_API (data.go.kr 15012005),202606,2026-10-01
CW-UICHANG,의창구,세븐일레븐창원도계스마일점,,편의점,경상남도 창원시 의창구 원이대로103번길 21,경상남도 창원시 의창구 도계동 421-4,명곡동,128.639399987971,35.2549495624349,MA0101202406A0169815,소상공인시장진흥공단_상가(상권)정보_API (data.go.kr 15012005),202606,2026-10-01
CW-UICHANG,의창구,블루25튼튼I,병원점,편의점,경상남도 창원시 의창구 원이대로 53,경상남도 창원시 의창구 도계동 333-14,명곡동,128.634400888585,35.2576848188838,MA0101202406A0181501,소상공인시장진흥공단_상가(상권)정보_API (data.go.kr 15012005),202606,2026-10-01
CW-UICHANG,의창구,지에스25팔용,대림점,편의점,경상남도 창원시 의창구 사화로10번길 19,경상남도 창원시 의창구 팔용동 154-5,팔룡동,128.60774007253,35.2557439458687,MA0101202406A0200027,소상공인시장진흥공단_상가(상권)정보_API (data.go.kr 15012005),202606,2026-10-01
CW-UICHANG,의창구,씨유창원명곡,중앙점,편의점,경상남도 창원시 의창구 지귀로 5,경상남도 창원시 의창구 명서동 179-17,명곡동,128.648577630704,35.2442715535717,MA0101202406A0277099,소상공인시장진흥공단_상가(상권)정보_API (data.go.kr 15012005),202606,2026-10-01
CW-UICHANG,의창구,문문,,편의점,경상남도 창원시 의창구 북면 감계로110번길 59-12,경상남도 창원시 의창구 북면 감계리 249-4,북면,128.59218646108,35.3019932313933,MA0101202406A0307817,소상공인시장진흥공단_상가(상권)정보_API (data.go.kr 15012005),202606,2026-10-01
CW-UICHANG,의창구,씨유창원동전,산단점,편의점,경상남도 창원시 의창구 북면 동전산단서로 44,경상남도 창원시 의창구 북면 동전리 713-1,북면,128.602806059172,35.3159209592746,MA0101202406A0327861,소상공인시장진흥공단_상가(상권)정보_API (data.go.kr 15012005),202606,2026-10-01
CW-UICHANG,의창구,3분마트,창원점,편의점,경상남도 창원시 의창구 북면 천주로 821,경상남도 창원시 의창구 북면 무곡리 54-9,북면,128.601861751009,35.3265768579302,MA0101202406A0385532,소상공인시장진흥공단_상가(상권)정보_API (data.go.kr 15012005),202606,2026-10-01
CW-UICHANG,의창구,씨유창원무동,센텀점,편의점,경상남도 창원시 의창구 북면 무동서로 29,경상남도 창원시 의창구 북면 무동리 416-1,북면,128.579692708106,35.3192532961622,MA0101202406A0385633,소상공인시장진흥공단_상가(상권)정보_API (data.go.kr 15012005),202606,2026-10-01
CW-UICHANG,의창구,씨유창원국제사격장점,,편의점,경상남도 창원시 의창구 사림로99번길 32-2,경상남도 창원시 의창구 사림동 150-1,봉림동,128.684435007745,35.2474906851867,MA0101202406A0385725,소상공인시장진흥공단_상가(상권)정보_API (data.go.kr 15012005),202606,2026-10-01
CW-UICHANG,의창구,지에스25창원대봉로점,,편의점,경상남도 창원시 의창구 봉곡로 65,경상남도 창원시 의창구 봉곡동 116-5,봉림동,128.666478723221,35.2493795606835,MA0101202406A0392856,소상공인시장진흥공단_상가(상권)정보_API (data.go.kr 15012005),202606,2026-10-01
CW-UICHANG,의창구,세븐일레븐창원도계동행점,,편의점,경상남도 창원시 의창구 도계로50번길 3,경상남도 창원시 의창구 도계동 342-8,명곡동,128.636858043505,35.2596703329154,MA0101202406A0499203,소상공인시장진흥공단_상가(상권)정보_API (data.go.kr 15012005),202606,2026-10-01
CW-UICHANG,의창구,세븐창원도계스마일점,코리아,편의점,경상남도 창원시 의창구 원이대로103번길 21,경상남도 창원시 의창구 도계동 421-4,명곡동,128.639399987971,35.2549495624349,MA0101202406A0567796,소상공인시장진흥공단_상가(상권)정보_API (data.go.kr 15012005),202606,2026-10-01
CW-UICHANG,의창구,지에스25신화플렉스시티점,,편의점,경상남도 창원시 의창구 평산로 33,경상남도 창원시 의창구 팔용동 23-6,팔룡동,128.614042594017,35.2472245535847,MA0101202406A0589775,소상공인시장진흥공단_상가(상권)정보_API (data.go.kr 15012005),202606,2026-10-01
CW-UICHANG,의창구,세븐일레븐창원봉곡햇살점,,편의점,경상남도 창원시 의창구 원이대로285번길 5,경상남도 창원시 의창구 봉곡동 37-2,봉림동,128.651208357883,35.2429018736853,MA0101202409A0033550,소상공인시장진흥공단_상가(상권)정보_API (data.go.kr 15012005),202606,2026-10-01
CW-UICHANG,의창구,씨유창원팔용스타일점,,편의점,경상남도 창원시 의창구 창원대로397번길 8-9,경상남도 창원시 의창구 팔용동 31-2,팔룡동,128.642434127407,35.2348832503197,MA0101202409A0111913,소상공인시장진흥공단_상가(상권)정보_API (data.go.kr 15012005),202606,2026-10-01
CW-UICHANG,의창구,지에스25창원,봉곡점,편의점,경상남도 창원시 의창구 원이대로 259,경상남도 창원시 의창구 봉곡동 34-5,봉림동,128.649084138375,35.2437870039485,MA0101202409A0127319,소상공인시장진흥공단_상가(상권)정보_API (data.go.kr 15012005),202606,2026-10-01
CW-UICHANG,의창구,씨유창원무동STX점,,편의점,경상남도 창원시 의창구 북면 무동서로 76,경상남도 창원시 의창구 북면 무동리 104-1,북면,128.582606623835,35.3226398220465,MA0101202409A0134291,소상공인시장진흥공단_상가(상권)정보_API (data.go.kr 15012005),202606,2026-10-01
CW-UICHANG,의창구,씨유창원,봉곡점,편의점,경상남도 창원시 의창구 원이대로261번길 6-26,경상남도 창원시 의창구 봉곡동 36-5,봉림동,128.650422378741,35.2431469146712,MA0101202409A0170874,소상공인시장진흥공단_상가(상권)정보_API (data.go.kr 15012005),202606,2026-10-01
CW-UICHANG,의창구,씨유창원팔용영웅점,,편의점,경상남도 창원시 의창구 사화로18번길 9,경상남도 창원시 의창구 팔용동 135-7,팔룡동,128.609240524935,35.2560574500786,MA0101202409A0220754,소상공인시장진흥공단_상가(상권)정보_API (data.go.kr 15012005),202606,2026-10-01
CW-UICHANG,의창구,지에스25창원윙스학원점,,편의점,경상남도 창원시 의창구 중동북로 23,경상남도 창원시 의창구 중동 782-1,의창동,128.627157111882,35.2580798699076,MA0101202409A0233403,소상공인시장진흥공단_상가(상권)정보_API (data.go.kr 15012005),202606,2026-10-01
CW-UICHANG,의창구,지에스25명서,드림점,편의점,경상남도 창원시 의창구 명지로103번길 2,경상남도 창원시 의창구 명서동 167-14,명곡동,128.649147935705,35.2480218735347,MA0101202411A0003935,소상공인시장진흥공단_상가(상권)정보_API (data.go.kr 15012005),202606,2026-10-01
CW-UICHANG,의창구,세븐일레븐창원감계아내점,,편의점,경상남도 창원시 의창구 북면 감계로 277,경상남도 창원시 의창구 북면 감계리 227-2,북면,128.590113817476,35.3039401094529,MA0101202411A0030477,소상공인시장진흥공단_상가(상권)정보_API (data.go.kr 15012005),202606,2026-10-01
CW-UICHANG,의창구,씨유창원해금사이언스점,,편의점,경상남도 창원시 의창구 용동로57번길 24,경상남도 창원시 의창구 사림동 162-2,봉림동,128.697249889467,35.2387861098291,MA0101202411A0033633,소상공인시장진흥공단_상가(상권)정보_API (data.go.kr 15012005),202606,2026-10-01
CW-UICHANG,의창구,이마트24창원사림로점,,편의점,경상남도 창원시 의창구 사림로 85,경상남도 창원시 의창구 사림동 115-10,봉림동,128.681524033696,35.2459089886102,MA0101202411A0051272,소상공인시장진흥공단_상가(상권)정보_API (data.go.kr 15012005),202606,2026-10-01
CW-UICHANG,의창구,세븐일레븐창원대원룸점,,편의점,경상남도 창원시 의창구 창이대로457번길 19,경상남도 창원시 의창구 사림동 27-7,봉림동,128.686722621355,35.2412494400342,MA0101202411A0076547,소상공인시장진흥공단_상가(상권)정보_API (data.go.kr 15012005),202606,2026-10-01
CW-UICHANG,의창구,씨유창원대산공단점,,편의점,경상남도 창원시 의창구 대산면 주남로 541,경상남도 창원시 의창구 대산면 가술리 388-9,대산면,128.706804685679,35.3324132609793,MA0101202411A0088612,소상공인시장진흥공단_상가(상권)정보_API (data.go.kr 15012005),202606,2026-10-01
CW-UICHANG,의창구,씨유창원명곡,두산위브점,편의점,경상남도 창원시 의창구 명지로 61,경상남도 창원시 의창구 명서동 36-1,명곡동,128.645775140305,35.2507354139069,MA0101202412A0003977,소상공인시장진흥공단_상가(상권)정보_API (data.go.kr 15012005),202606,2026-10-01
CW-UICHANG,의창구,지에스25팔용가구,거리점,편의점,경상남도 창원시 의창구 창원대로 314,경상남도 창원시 의창구 팔용동 19-1,팔룡동,128.63375498605,35.2380919398691,MA0101202412A0047147,소상공인시장진흥공단_상가(상권)정보_API (data.go.kr 15012005),202606,2026-10-01
CW-UICHANG,의창구,세븐일레븐창원어반브릭스,본점,편의점,경상남도 창원시 의창구 중동중앙로 47,경상남도 창원시 의창구 중동 784-1,의창동,128.62500742242,35.256621746534,MA0101202412A0054839,소상공인시장진흥공단_상가(상권)정보_API (data.go.kr 15012005),202606,2026-10-01
CW-UICHANG,의창구,이마트24창원소답,중앙점,편의점,경상남도 창원시 의창구 의안로22번길 25,경상남도 창원시 의창구 소답동 135-15,의창동,128.626715940723,35.2634931376329,MA0101202412A0072756,소상공인시장진흥공단_상가(상권)정보_API (data.go.kr 15012005),202606,2026-10-01
CW-UICHANG,의창구,씨유창원명서,하나점,편의점,경상남도 창원시 의창구 지귀로 43,경상남도 창원시 의창구 명서동 163-30,명곡동,128.650874321788,35.2470159992563,MA0101202501A0054710,소상공인시장진흥공단_상가(상권)정보_API (data.go.kr 15012005),202606,2026-10-01
CW-UICHANG,의창구,지에스25창원도계로점,,편의점,경상남도 창원시 의창구 도계로 93,경상남도 창원시 의창구 도계동 412-6,명곡동,128.640084351904,35.2567427288688,MA0101202501A0063764,소상공인시장진흥공단_상가(상권)정보_API (data.go.kr 15012005),202606,2026-10-01
CW-UICHANG,의창구,씨유창원북면내곡점,,편의점,경상남도 창원시 의창구 북면 단내로 775,경상남도 창원시 의창구 북면 신촌리 1226-9,북면,128.600741443278,35.3400288346405,MA0101202502A0080454,소상공인시장진흥공단_상가(상권)정보_API (data.go.kr 15012005),202606,2026-10-01
CW-UICHANG,의창구,세븐일레븐창원동읍주남점,,편의점,경상남도 창원시 의창구 동읍 동읍로 295-2,경상남도 창원시 의창구 동읍 다호리 101-4,동읍,128.669753461556,35.2992075956482,MA0101202502A0105063,소상공인시장진흥공단_상가(상권)정보_API (data.go.kr 15012005),202606,2026-10-01
CW-UICHANG,의창구,씨유창원포레힐스,데시앙점,편의점,경상남도 창원시 의창구 북면 감계로187번길 9,경상남도 창원시 의창구 북면 감계리 290,북면,128.584722386653,35.2980718331661,MA0101202503A0048207,소상공인시장진흥공단_상가(상권)정보_API (data.go.kr 15012005),202606,2026-10-01
CW-UICHANG,의창구,세븐일레븐창원대산제동점,,편의점,경상남도 창원시 의창구 대산면 주남로 390,경상남도 창원시 의창구 대산면 제동리 543-1,대산면,128.698616567476,35.3205606462943,MA0101202503A0053837,소상공인시장진흥공단_상가(상권)정보_API (data.go.kr 15012005),202606,2026-10-01
CW-UICHANG,의창구,씨유창원팔용사화점,,편의점,경상남도 창원시 의창구 사화로 33,경상남도 창원시 의창구 팔용동 133-8,팔룡동,128.611275297451,35.256165550663,MA0101202504A0003858,소상공인시장진흥공단_상가(상권)정보_API (data.go.kr 15012005),202606,2026-10-01
CW-UICHANG,의창구,씨유창원어반브릭스점,,편의점,경상남도 창원시 의창구 중동중앙로 47,경상남도 창원시 의창구 중동 784-1,의창동,128.62500742242,35.256621746534,MA0101202504A0044242,소상공인시장진흥공단_상가(상권)정보_API (data.go.kr 15012005),202606,2026-10-01
CW-UICHANG,의창구,세븐일레븐창원명서점,,편의점,경상남도 창원시 의창구 명지로 81-4,경상남도 창원시 의창구 명서동 74-1,명곡동,128.647106275712,35.2491942358459,MA0101202504A0065304,소상공인시장진흥공단_상가(상권)정보_API (data.go.kr 15012005),202606,2026-10-01
CW-UICHANG,의창구,지에스25북면,드림점,편의점,경상남도 창원시 의창구 북면 천주로 1161,경상남도 창원시 의창구 북면 신촌리 443-4,북면,128.609099717653,35.3538596084794,MA0101202505A0084502,소상공인시장진흥공단_상가(상권)정보_API (data.go.kr 15012005),202606,2026-10-01
CW-UICHANG,의창구,씨유창원대산,진영점,편의점,경상남도 창원시 의창구 대산면 진산대로 295,경상남도 창원시 의창구 대산면 제동리 377-26,대산면,128.713668026649,35.3272514009298,MA0101202506A0011982,소상공인시장진흥공단_상가(상권)정보_API (data.go.kr 15012005),202606,2026-10-01
CW-UICHANG,의창구,케이에프씨더함디앤씨,유니시티점,편의점,경상남도 창원시 의창구 중동북로 23,경상남도 창원시 의창구 중동 782-1,의창동,128.627168096374,35.2580797221625,MA0101202506A0014369,소상공인시장진흥공단_상가(상권)정보_API (data.go.kr 15012005),202606,2026-10-01
CW-UICHANG,의창구,씨유창원소계동아점,,편의점,경상남도 창원시 의창구 소계로84번길 2,경상남도 창원시 의창구 소계동 713-4,의창동,128.599651357686,35.2567523960458,MA0101202506A0030429,소상공인시장진흥공단_상가(상권)정보_API (data.go.kr 15012005),202606,2026-10-01
CW-UICHANG,의창구,씨유창원봉곡,중앙점,편의점,경상남도 창원시 의창구 지귀로12번길 25,경상남도 창원시 의창구 봉곡동 39-4,봉림동,128.651538721908,35.243483158574,MA0101202507A0001188,소상공인시장진흥공단_상가(상권)정보_API (data.go.kr 15012005),202606,2026-10-01
CW-UICHANG,의창구,씨스페이스창원,터미널점,편의점,경상남도 창원시 의창구 창원대로 371,경상남도 창원시 의창구 팔용동 35,팔룡동,128.640280686698,35.2370393475049,MA0101202507A0014044,소상공인시장진흥공단_상가(상권)정보_API (data.go.kr 15012005),202606,2026-10-01
CW-UICHANG,의창구,지에스25창원소계,중앙점,편의점,경상남도 창원시 의창구 소계로84번길 13,경상남도 창원시 의창구 소계동 707-6,의창동,128.600457297676,35.257507779571,MA0101202507A0041254,소상공인시장진흥공단_상가(상권)정보_API (data.go.kr 15012005),202606,2026-10-01
CW-UICHANG,의창구,씨유창원팔용네오점,,편의점,경상남도 창원시 의창구 차상로150번길 68,경상남도 창원시 의창구 팔용동 14-7,팔룡동,128.63931872781,35.2339972339879,MA0101202509A0003274,소상공인시장진흥공단_상가(상권)정보_API (data.go.kr 15012005),202606,2026-10-01
CW-UICHANG,의창구,지에스25창원유탑시티점,,편의점,경상남도 창원시 의창구 용동로57번안길 9-6,경상남도 창원시 의창구 사림동 163-1,봉림동,128.698615164804,35.2389381825383,MA0101202511A0019689,소상공인시장진흥공단_상가(상권)정보_API (data.go.kr 15012005),202606,2026-10-01
CW-UICHANG,의창구,지에스25창원새미래점,,편의점,경상남도 창원시 의창구 팔용로 438,경상남도 창원시 의창구 팔용동 101,팔룡동,128.613511185888,35.2553336606733,MA0101202511A0031096,소상공인시장진흥공단_상가(상권)정보_API (data.go.kr 15012005),202606,2026-10-01
CW-UICHANG,의창구,이마트24창원칠성,그린점,편의점,경상남도 창원시 의창구 동읍 동읍로 195,경상남도 창원시 의창구 동읍 신방리 440,동읍,128.675163655528,35.2923556609531,MA0101202512A0008409,소상공인시장진흥공단_상가(상권)정보_API (data.go.kr 15012005),202606,2026-10-01
CW-UICHANG,의창구,지에스25창원동읍,대박점,편의점,경상남도 창원시 의창구 동읍 의창대로915번길 13,경상남도 창원시 의창구 동읍 용잠리 250-5,동읍,128.690403335063,35.2804278629852,MA0101202512A0029449,소상공인시장진흥공단_상가(상권)정보_API (data.go.kr 15012005),202606,2026-10-01
CW-UICHANG,의창구,세븐일레븐창원서상원룸점,,편의점,경상남도 창원시 의창구 평산로211번길 13,경상남도 창원시 의창구 서상동 665-2,의창동,128.623970275251,35.2602585904964,MA0101202512A0030845,소상공인시장진흥공단_상가(상권)정보_API (data.go.kr 15012005),202606,2026-10-01
CW-UICHANG,의창구,지에스25창원유니1단지점,,편의점,경상남도 창원시 의창구 중동로 46,경상남도 창원시 의창구 중동 790,의창동,128.627658223525,35.255117117739,MA0101202512A0037514,소상공인시장진흥공단_상가(상권)정보_API (data.go.kr 15012005),202606,2026-10-01
CW-UICHANG,의창구,제로인제로창원한마음,병원점,편의점,경상남도 창원시 의창구 용동로57번안길 19,경상남도 창원시 의창구 사림동 163-3,봉림동,128.699121817912,35.2390031662117,MA0101202601A0018508,소상공인시장진흥공단_상가(상권)정보_API (data.go.kr 15012005),202606,2026-10-01
CW-UICHANG,의창구,세븐일레븐창원뉴봉곡,본점,편의점,경상남도 창원시 의창구 지귀로 14,경상남도 창원시 의창구 봉곡동 31-4,봉림동,128.649475426552,35.2446648671897,MA0101202601A0031636,소상공인시장진흥공단_상가(상권)정보_API (data.go.kr 15012005),202606,2026-10-01
CW-UICHANG,의창구,이마트24창원감계,에코점,편의점,경상남도 창원시 의창구 북면 감계로 342,경상남도 창원시 의창구 북면 감계리 232-1,북면,128.597340518398,35.3018982155856,MA0101202601A0045387,소상공인시장진흥공단_상가(상권)정보_API (data.go.kr 15012005),202606,2026-10-01
CW-UICHANG,의창구,씨유창원대동다숲점,,편의점,경상남도 창원시 의창구 의창대로206번길 9,경상남도 창원시 의창구 서상동 651-15,의창동,128.620504455563,35.260575434051,MA0101202603A0033682,소상공인시장진흥공단_상가(상권)정보_API (data.go.kr 15012005),202606,2026-10-01
CW-UICHANG,의창구,씨유창원,썬앤빌점,편의점,경상남도 창원시 의창구 용동로 45,경상남도 창원시 의창구 사림동 161-1,봉림동,128.697041240233,35.2366801936923,MA0101202603A0038862,소상공인시장진흥공단_상가(상권)정보_API (data.go.kr 15012005),202606,2026-10-01
CW-UICHANG,의창구,이마트24창원명서옥제점,,편의점,경상남도 창원시 의창구 명지로 115,경상남도 창원시 의창구 명서동 167-8,명곡동,128.649908530634,35.2476059545372,MA0101202603A0046594,소상공인시장진흥공단_상가(상권)정보_API (data.go.kr 15012005),202606,2026-10-01
CW-UICHANG,의창구,씨유창원자여주공점,,편의점,경상남도 창원시 의창구 동읍 용정길 28,경상남도 창원시 의창구 동읍 송정리 21-1,동읍,128.702013521539,35.2780120065115,MA0101202604A0003783,소상공인시장진흥공단_상가(상권)정보_API (data.go.kr 15012005),202606,2026-10-01
CW-UICHANG,의창구,지에스25창원드림타운점,,편의점,경상남도 창원시 의창구 차룡로48번길 66,경상남도 창원시 의창구 팔용동 40-9,팔룡동,128.633684203766,35.2400395401615,MA0101202604A0029933,소상공인시장진흥공단_상가(상권)정보_API (data.go.kr 15012005),202606,2026-10-01
CW-UICHANG,의창구,우리생협,유니시티점,편의점,경상남도 창원시 의창구 중동로 59,경상남도 창원시 의창구 중동 786,의창동,128.629195831172,35.2556371547537,MA0105202301E0664687,소상공인시장진흥공단_상가(상권)정보_API (data.go.kr 15012005),202606,2026-10-01
CW-UICHANG,의창구,GS25창원서상점,,편의점,경상남도 창원시 의창구 의창대로211번길 1,경상남도 창원시 의창구 서상동 309-2,의창동,128.620874595675,35.2620574935586,MA0106202201A1778002,소상공인시장진흥공단_상가(상권)정보_API (data.go.kr 15012005),202606,2026-10-01
CW-SEONGSAN,성산구,씨유창원공단로점,,편의점,경상남도 창원시 성산구 공단로 230,경상남도 창원시 성산구 웅남동 48,웅남동,128.648535679337,35.2145137271357,MA010120220800047310,소상공인시장진흥공단_상가(상권)정보_API (data.go.kr 15012005),202606,2026-10-01
CW-SEONGSAN,성산구,이마트24창원,용호점,편의점,경상남도 창원시 성산구 용지로169번길 11-14,경상남도 창원시 성산구 용호동 73-3,용지동,128.680516283672,35.2300795891793,MA010120220800223156,소상공인시장진흥공단_상가(상권)정보_API (data.go.kr 15012005),202606,2026-10-01
CW-SEONGSAN,성산구,지에스25창원웅남가람점,,편의점,경상남도 창원시 성산구 연덕로15번길 50,경상남도 창원시 성산구 웅남동 61-30,웅남동,128.651237565095,35.2096553418664,MA010120220800456314,소상공인시장진흥공단_상가(상권)정보_API (data.go.kr 15012005),202606,2026-10-01
CW-SEONGSAN,성산구,이마트24두산모트롤점,,편의점,경상남도 창원시 성산구 완암로 171,경상남도 창원시 성산구 내동 456-3,중앙동,128.668992445893,35.2160358247864,MA010120220802476737,소상공인시장진흥공단_상가(상권)정보_API (data.go.kr 15012005),202606,2026-10-01
CW-SEONGSAN,성산구,지에스25성산창곡로점,,편의점,경상남도 창원시 성산구 창곡로 54,경상남도 창원시 성산구 신촌동 122,웅남동,128.646247428341,35.2110481139677,MA010120220802502001,소상공인시장진흥공단_상가(상권)정보_API (data.go.kr 15012005),202606,2026-10-01
CW-SEONGSAN,성산구,지에스25창원,테크노점,편의점,경상남도 창원시 성산구 완암로 50,경상남도 창원시 성산구 성산동 77-1,웅남동,128.663750221131,35.2056177541068,MA010120220803019998,소상공인시장진흥공단_상가(상권)정보_API (data.go.kr 15012005),202606,2026-10-01
CW-SEONGSAN,성산구,지에스25성산귀산점,,편의점,경상남도 창원시 성산구 삼귀로 369,경상남도 창원시 성산구 귀산동 552,웅남동,128.607578808167,35.1634689103132,MA010120220803077789,소상공인시장진흥공단_상가(상권)정보_API (data.go.kr 15012005),202606,2026-10-01
CW-SEONGSAN,성산구,지에스25창원삼익점,,편의점,경상남도 창원시 성산구 원이대로773번길 25,경상남도 창원시 성산구 사파동 145,사파동,128.69621706204,35.2192532151808,MA010120220803159538,소상공인시장진흥공단_상가(상권)정보_API (data.go.kr 15012005),202606,2026-10-01
CW-SEONGSAN,성산구,이마트24창원라포레점,,편의점,경상남도 창원시 성산구 창원대로 888,경상남도 창원시 성산구 가음정동 391-9,가음정동,128.684887028053,35.2087951023349,MA010120220803185382,소상공인시장진흥공단_상가(상권)정보_API (data.go.kr 15012005),202606,2026-10-01
CW-SEONGSAN,성산구,지에스25창원가로수길점,,편의점,경상남도 창원시 성산구 용호로 105,경상남도 창원시 성산구 용호동 30-6,용지동,128.682943898035,35.237534970622,MA010120220803193425,소상공인시장진흥공단_상가(상권)정보_API (data.go.kr 15012005),202606,2026-10-01
CW-SEONGSAN,성산구,씨유창원중앙키다리점,,편의점,경상남도 창원시 성산구 외동반림로 8,경상남도 창원시 성산구 중앙동 46-10,중앙동,128.673946309903,35.2214378250194,MA010120220803194083,소상공인시장진흥공단_상가(상권)정보_API (data.go.kr 15012005),202606,2026-10-01
CW-SEONGSAN,성산구,미니스톱상남FLEX점,,편의점,경상남도 창원시 성산구 단정로58번길 4-2,경상남도 창원시 성산구 상남동 82-9,상남동,128.686005522138,35.2182783853568,MA010120220803324066,소상공인시장진흥공단_상가(상권)정보_API (data.go.kr 15012005),202606,2026-10-01
CW-SEONGSAN,성산구,씨유창원용호,삼거리점,편의점,경상남도 창원시 성산구 용지로 241,경상남도 창원시 성산구 용호동 17-10,용지동,128.686522054907,35.2352771712582,MA010120220803367714,소상공인시장진흥공단_상가(상권)정보_API (data.go.kr 15012005),202606,2026-10-01
CW-SEONGSAN,성산구,세븐창원CNN점,코리아,편의점,경상남도 창원시 성산구 상남로 118,경상남도 창원시 성산구 상남동 7-5,상남동,128.683125524641,35.2234644320879,MA010120220803604848,소상공인시장진흥공단_상가(상권)정보_API (data.go.kr 15012005),202606,2026-10-01
CW-SEONGSAN,성산구,씨유L창원지사4층,,편의점,경상남도 창원시 성산구 중앙대로 33,경상남도 창원시 성산구 중앙동 101-2,중앙동,128.674984376678,35.219044240557,MA010120220804802120,소상공인시장진흥공단_상가(상권)정보_API (data.go.kr 15012005),202606,2026-10-01
CW-SEONGSAN,성산구,세븐일레븐창원중앙2점,,편의점,경상남도 창원시 성산구 용지로107번길 14,경상남도 창원시 성산구 중앙동 81-7,중앙동,128.677460454062,35.2262287196953,MA010120220805043834,소상공인시장진흥공단_상가(상권)정보_API (data.go.kr 15012005),202606,2026-10-01
CW-SEONGSAN,성산구,위드미창원홈런점,,편의점,경상남도 창원시 성산구 용지로 93,경상남도 창원시 성산구 중앙동 67-11,중앙동,128.677156696287,35.2242772831479,MA010120220805110089,소상공인시장진흥공단_상가(상권)정보_API (data.go.kr 15012005),202606,2026-10-01
CW-SEONGSAN,성산구,신원유통씨유C한국지엠창원공장,2호점,편의점,경상남도 창원시 성산구 창원대로 1124,경상남도 창원시 성산구 성주동 23,성주동,128.704298718095,35.195032105717,MA010120220805234167,소상공인시장진흥공단_상가(상권)정보_API (data.go.kr 15012005),202606,2026-10-01
CW-SEONGSAN,성산구,이마트24R,창원상남점,편의점,경상남도 창원시 성산구 마디미로 10,경상남도 창원시 성산구 상남동 13-4,상남동,128.68503279197,35.2232846849546,MA010120220805267421,소상공인시장진흥공단_상가(상권)정보_API (data.go.kr 15012005),202606,2026-10-01
CW-SEONGSAN,성산구,지에스25창원,중앙점,편의점,경상남도 창원시 성산구 용지로121번길 9,경상남도 창원시 성산구 중앙동 78-6,중앙동,128.678431295699,35.2269722831751,MA010120220805356918,소상공인시장진흥공단_상가(상권)정보_API (data.go.kr 15012005),202606,2026-10-01
CW-SEONGSAN,성산구,이조은편의점,,편의점,경상남도 창원시 성산구 대정로 102,경상남도 창원시 성산구 남양동 23,가음정동,128.703910865036,35.2111513505044,MA010120220805378667,소상공인시장진흥공단_상가(상권)정보_API (data.go.kr 15012005),202606,2026-10-01
CW-SEONGSAN,성산구,지에스25창원,병원점,편의점,경상남도 창원시 성산구 창원대로 721,경상남도 창원시 성산구 중앙동 104-1,중앙동,128.671705358218,35.2192698194967,MA010120220805450818,소상공인시장진흥공단_상가(상권)정보_API (data.go.kr 15012005),202606,2026-10-01
CW-SEONGSAN,성산구,씨유창원,성주라임점,편의점,경상남도 창원시 성산구 삼정자로72번길 29-1,경상남도 창원시 성산구 성주동 163-1,성주동,128.714115195974,35.1951007970246,MA010120220805930382,소상공인시장진흥공단_상가(상권)정보_API (data.go.kr 15012005),202606,2026-10-01
CW-SEONGSAN,성산구,이마트24창원홈런점,,편의점,경상남도 창원시 성산구 용지로 93,경상남도 창원시 성산구 중앙동 67-11,중앙동,128.677156696287,35.2242772831479,MA010120220806242202,소상공인시장진흥공단_상가(상권)정보_API (data.go.kr 15012005),202606,2026-10-01
CW-SEONGSAN,성산구,지에스25성산성주점,,편의점,경상남도 창원시 성산구 삼정자로43번길 8,경상남도 창원시 성산구 성주동 127,성주동,128.711030211043,35.1987673335597,MA010120220806526105,소상공인시장진흥공단_상가(상권)정보_API (data.go.kr 15012005),202606,2026-10-01
CW-SEONGSAN,성산구,지에스25상남교보점,,편의점,경상남도 창원시 성산구 중앙대로 104,경상남도 창원시 성산구 상남동 78-3,중앙동,128.680819638927,35.2234874665587,MA010120220806627862,소상공인시장진흥공단_상가(상권)정보_API (data.go.kr 15012005),202606,2026-10-01
CW-SEONGSAN,성산구,지에스25한화디펜스점,,편의점,경상남도 창원시 성산구 공단로 69,경상남도 창원시 성산구 신촌동 69-2,웅남동,128.63288109519,35.2136714906266,MA010120220806756856,소상공인시장진흥공단_상가(상권)정보_API (data.go.kr 15012005),202606,2026-10-01
CW-SEONGSAN,성산구,지에스25반지,사거리점,편의점,경상남도 창원시 성산구 반지로 3,경상남도 창원시 성산구 반지동 90-9,반송동,128.659142672503,35.2392695653408,MA010120220806809977,소상공인시장진흥공단_상가(상권)정보_API (data.go.kr 15012005),202606,2026-10-01
CW-SEONGSAN,성산구,행복플러스25시편의점,,편의점,경상남도 창원시 성산구 원이대로331번길 3,경상남도 창원시 성산구 반지동 117-10,반송동,128.65551540444,35.240779224779,MA010120220806871033,소상공인시장진흥공단_상가(상권)정보_API (data.go.kr 15012005),202606,2026-10-01
CW-SEONGSAN,성산구,지에스창원,신월점,편의점,경상남도 창원시 성산구 신사로45번길 32-1,경상남도 창원시 성산구 신월동 69-5,용지동,128.69278996422,35.2271508006361,MA010120220807059049,소상공인시장진흥공단_상가(상권)정보_API (data.go.kr 15012005),202606,2026-10-01
CW-SEONGSAN,성산구,씨유창원신월,삼거리점,편의점,경상남도 창원시 성산구 신월로 3,경상남도 창원시 성산구 신월동 39-7,용지동,128.689830169829,35.2311304842301,MA010120220807153882,소상공인시장진흥공단_상가(상권)정보_API (data.go.kr 15012005),202606,2026-10-01
CW-SEONGSAN,성산구,GS25창원,엠스테이점,편의점,경상남도 창원시 성산구 중앙대로 78,경상남도 창원시 성산구 상남동 74-2,중앙동,128.679087208885,35.2214927824811,MA010120220807171874,소상공인시장진흥공단_상가(상권)정보_API (data.go.kr 15012005),202606,2026-10-01
CW-SEONGSAN,성산구,신원유통씨유한국지엠창원공장,1호점,편의점,경상남도 창원시 성산구 창원대로 1124,경상남도 창원시 성산구 성주동 23,성주동,128.704298718095,35.195032105717,MA010120220807732879,소상공인시장진흥공단_상가(상권)정보_API (data.go.kr 15012005),202606,2026-10-01
CW-SEONGSAN,성산구,세븐창원용호점,코리아,편의점,경상남도 창원시 성산구 용지로153번길 4-15,경상남도 창원시 성산구 용호동 73-18,용지동,128.680877721776,35.2294977896234,MA010120220807766947,소상공인시장진흥공단_상가(상권)정보_API (data.go.kr 15012005),202606,2026-10-01
CW-SEONGSAN,성산구,지에스25창원스포츠파크점,,편의점,경상남도 창원시 성산구 원이대로 450,경상남도 창원시 성산구 중앙동 1,중앙동,128.664736321667,35.234010722852,MA010120220807783479,소상공인시장진흥공단_상가(상권)정보_API (data.go.kr 15012005),202606,2026-10-01
CW-SEONGSAN,성산구,나우커피가음정점,,편의점,경상남도 창원시 성산구 창원대로 888,경상남도 창원시 성산구 가음정동 391-9,가음정동,128.684887028053,35.2087951023349,MA010120220807995749,소상공인시장진흥공단_상가(상권)정보_API (data.go.kr 15012005),202606,2026-10-01
CW-SEONGSAN,성산구,지에스25창원,신촌점,편의점,경상남도 창원시 성산구 신촌로 57,경상남도 창원시 성산구 신촌동 21-7,웅남동,128.62835187067,35.2046300907173,MA010120220808023809,소상공인시장진흥공단_상가(상권)정보_API (data.go.kr 15012005),202606,2026-10-01
CW-SEONGSAN,성산구,씨유창원남양광천점,,편의점,경상남도 창원시 성산구 가음로15번길 38,경상남도 창원시 성산구 남양동 22,가음정동,128.701602503457,35.2126167592911,MA010120220808030851,소상공인시장진흥공단_상가(상권)정보_API (data.go.kr 15012005),202606,2026-10-01
CW-SEONGSAN,성산구,찬늘라면,창원점,편의점,경상남도 창원시 성산구 가양로124번길 17-16,경상남도 창원시 성산구 대방동 365-3,사파동,128.708168513052,35.2078649841975,MA010120220808066213,소상공인시장진흥공단_상가(상권)정보_API (data.go.kr 15012005),202606,2026-10-01
CW-SEONGSAN,성산구,씨유창원,해변점,편의점,경상남도 창원시 성산구 삼귀로 183-1,경상남도 창원시 성산구 귀곡동 721-2,웅남동,128.599024055625,35.1699178682657,MA010120220808077055,소상공인시장진흥공단_상가(상권)정보_API (data.go.kr 15012005),202606,2026-10-01
CW-SEONGSAN,성산구,세븐창원오거리점,코리아,편의점,경상남도 창원시 성산구 원이대로580번길 14,경상남도 창원시 성산구 중앙동 70-8,중앙동,128.67725027563,35.2272229741045,MA010120220808141660,소상공인시장진흥공단_상가(상권)정보_API (data.go.kr 15012005),202606,2026-10-01
CW-SEONGSAN,성산구,GS25창원더샵1단지점,,편의점,경상남도 창원시 성산구 대정로40번길 7,경상남도 창원시 성산구 가음동 17,가음정동,128.69967245521,35.208002603599,MA010120220808197987,소상공인시장진흥공단_상가(상권)정보_API (data.go.kr 15012005),202606,2026-10-01
CW-SEONGSAN,성산구,GS25창원불모산점,,편의점,경상남도 창원시 성산구 창원대로 1310,경상남도 창원시 성산구 성주동 189,성주동,128.725231347184,35.1901754626736,MA010120220808214334,소상공인시장진흥공단_상가(상권)정보_API (data.go.kr 15012005),202606,2026-10-01
CW-SEONGSAN,성산구,씨유창원상남위드필점,,편의점,경상남도 창원시 성산구 상남로 75,경상남도 창원시 성산구 상남동 73-2,중앙동,128.679954964536,35.2209670452601,MA010120220808431312,소상공인시장진흥공단_상가(상권)정보_API (data.go.kr 15012005),202606,2026-10-01
CW-SEONGSAN,성산구,씨유창원내동,엑스포점,편의점,경상남도 창원시 성산구 삼동로128번길 85,경상남도 창원시 성산구 내동 454-5,중앙동,128.664131959341,35.2205547888014,MA010120220808516539,소상공인시장진흥공단_상가(상권)정보_API (data.go.kr 15012005),202606,2026-10-01
CW-SEONGSAN,성산구,지에스25두산기숙사점,,편의점,경상남도 창원시 성산구 두산볼보로 55,경상남도 창원시 성산구 귀현동 100,웅남동,128.604742392991,35.1900209250568,MA010120220808577841,소상공인시장진흥공단_상가(상권)정보_API (data.go.kr 15012005),202606,2026-10-01
CW-SEONGSAN,성산구,씨유창원레포츠공원점,,편의점,경상남도 창원시 성산구 두대로 43,경상남도 창원시 성산구 대원동 94-16,중앙동,128.649459170114,35.2324715545449,MA010120220808636915,소상공인시장진흥공단_상가(상권)정보_API (data.go.kr 15012005),202606,2026-10-01
CW-SEONGSAN,성산구,씨유창원청솔점,,편의점,경상남도 창원시 성산구 안민로101번길 27,경상남도 창원시 성산구 안민동 197,성주동,128.689146026754,35.1885754232061,MA010120220808660311,소상공인시장진흥공단_상가(상권)정보_API (data.go.kr 15012005),202606,2026-10-01
CW-SEONGSAN,성산구,씨유창원상남하이점,,편의점,경상남도 창원시 성산구 동산로65번길 22-2,경상남도 창원시 성산구 상남동 90-16,상남동,128.685365175298,35.2165209138265,MA010120220808756015,소상공인시장진흥공단_상가(상권)정보_API (data.go.kr 15012005),202606,2026-10-01
CW-SEONGSAN,성산구,씨유창원중앙스타일점,,편의점,경상남도 창원시 성산구 외동반림로20번길 45,경상남도 창원시 성산구 중앙동 60-10,중앙동,128.675518032889,35.2252372495092,MA010120220809295245,소상공인시장진흥공단_상가(상권)정보_API (data.go.kr 15012005),202606,2026-10-01
CW-SEONGSAN,성산구,지에스성산신텍,타워점,편의점,경상남도 창원시 성산구 중앙대로 64,경상남도 창원시 성산구 상남동 74-6,중앙동,128.678219541898,35.2204233529878,MA010120220809361794,소상공인시장진흥공단_상가(상권)정보_API (data.go.kr 15012005),202606,2026-10-01
CW-SEONGSAN,성산구,세븐일레븐상남건우점,,편의점,경상남도 창원시 성산구 마디미로27번길 14,경상남도 창원시 성산구 상남동 18-5,상남동,128.685308530284,35.2212170546108,MA010120220809362705,소상공인시장진흥공단_상가(상권)정보_API (data.go.kr 15012005),202606,2026-10-01
CW-SEONGSAN,성산구,지에스25창원기산점,,편의점,경상남도 창원시 성산구 중앙대로 95,경상남도 창원시 성산구 중앙동 96-1,중앙동,128.678922591908,35.2236309568664,MA010120220809571047,소상공인시장진흥공단_상가(상권)정보_API (data.go.kr 15012005),202606,2026-10-01
CW-SEONGSAN,성산구,이마트24창원,신월점,편의점,경상남도 창원시 성산구 상남로 188-1,경상남도 창원시 성산구 신월동 49-3,용지동,128.687594471976,35.2287193839738,MA010120220809706864,소상공인시장진흥공단_상가(상권)정보_API (data.go.kr 15012005),202606,2026-10-01
CW-SEONGSAN,성산구,씨유창원신촌메디컬점,,편의점,경상남도 창원시 성산구 신촌로 108,경상남도 창원시 성산구 신촌동 33-13,웅남동,128.628478584889,35.1999780383516,MA010120220809786781,소상공인시장진흥공단_상가(상권)정보_API (data.go.kr 15012005),202606,2026-10-01
CW-SEONGSAN,성산구,세븐일레븐창원웅남공단점,,편의점,경상남도 창원시 성산구 연덕로15번길 16,경상남도 창원시 성산구 웅남동 61-47,웅남동,128.654226864859,35.2076138064497,MA010120220809973241,소상공인시장진흥공단_상가(상권)정보_API (data.go.kr 15012005),202606,2026-10-01
CW-SEONGSAN,성산구,씨유창원유니온점,,편의점,경상남도 창원시 성산구 삼정자로71번길 42,경상남도 창원시 성산구 성주동 153,성주동,128.713983547216,35.2018978404937,MA010120220810046343,소상공인시장진흥공단_상가(상권)정보_API (data.go.kr 15012005),202606,2026-10-01
CW-SEONGSAN,성산구,씨유창원대방대로점,,편의점,경상남도 창원시 성산구 대암로 147,경상남도 창원시 성산구 대방동 350-1,사파동,128.710111333762,35.2125419022392,MA010120220810213408,소상공인시장진흥공단_상가(상권)정보_API (data.go.kr 15012005),202606,2026-10-01
CW-SEONGSAN,성산구,미니스톱창원,신월점,편의점,경상남도 창원시 성산구 상남로230번길 35,경상남도 창원시 성산구 신월동 13-44,용지동,128.693357769198,35.2301619325827,MA010120220810272281,소상공인시장진흥공단_상가(상권)정보_API (data.go.kr 15012005),202606,2026-10-01
CW-SEONGSAN,성산구,씨유문성대학교,2호점,편의점,경상남도 창원시 성산구 충혼로 91,경상남도 창원시 성산구 두대동 196,중앙동,128.660468364402,35.2342496062409,MA010120220810370516,소상공인시장진흥공단_상가(상권)정보_API (data.go.kr 15012005),202606,2026-10-01
CW-SEONGSAN,성산구,씨유창원대원스타일점,,편의점,경상남도 창원시 성산구 대원로27번길 11,경상남도 창원시 성산구 대원동 105-1,중앙동,128.651732807451,35.2313861119831,MA010120220810405739,소상공인시장진흥공단_상가(상권)정보_API (data.go.kr 15012005),202606,2026-10-01
CW-SEONGSAN,성산구,지에스25창원람세스점,,편의점,경상남도 창원시 성산구 대암로 40-14,경상남도 창원시 성산구 남양동 6,가음정동,128.700834270898,35.2136909935059,MA010120220810413349,소상공인시장진흥공단_상가(상권)정보_API (data.go.kr 15012005),202606,2026-10-01
CW-SEONGSAN,성산구,아이스크림드슈,,편의점,경상남도 창원시 성산구 신사로35번길 29-1,경상남도 창원시 성산구 신월동 64-9,용지동,128.691245770082,35.2278933643835,MA010120220810571659,소상공인시장진흥공단_상가(상권)정보_API (data.go.kr 15012005),202606,2026-10-01
CW-SEONGSAN,성산구,GS25창원안민점,,편의점,경상남도 창원시 성산구 공단로 732,경상남도 창원시 성산구 안민동 34-1,성주동,128.693753618293,35.1889526534087,MA010120220810831760,소상공인시장진흥공단_상가(상권)정보_API (data.go.kr 15012005),202606,2026-10-01
CW-SEONGSAN,성산구,세븐일레븐창원남양점,,편의점,경상남도 창원시 성산구 가음로13번길 15,경상남도 창원시 성산구 남양동 17,가음정동,128.699221311958,35.212172565602,MA010120220810905674,소상공인시장진흥공단_상가(상권)정보_API (data.go.kr 15012005),202606,2026-10-01
CW-SEONGSAN,성산구,미니스톱상남스타일점,,편의점,경상남도 창원시 성산구 마디미로37번길 11,경상남도 창원시 성산구 상남동 20-5,상남동,128.684847207719,35.2206827462364,MA010120220810906957,소상공인시장진흥공단_상가(상권)정보_API (data.go.kr 15012005),202606,2026-10-01
CW-SEONGSAN,성산구,GS25창원은아점,,편의점,경상남도 창원시 성산구 원이대로883번길 2,경상남도 창원시 성산구 가음동 23-1,가음정동,128.694597919858,35.2079295558612,MA010120220810908621,소상공인시장진흥공단_상가(상권)정보_API (data.go.kr 15012005),202606,2026-10-01
CW-SEONGSAN,성산구,이마트24창원,중앙점,편의점,경상남도 창원시 성산구 중앙대로61번길 4,경상남도 창원시 성산구 중앙동 97-6,중앙동,128.676830524529,35.2212356792551,MA010120220810914512,소상공인시장진흥공단_상가(상권)정보_API (data.go.kr 15012005),202606,2026-10-01
CW-SEONGSAN,성산구,씨유상남봉림점,,편의점,경상남도 창원시 성산구 마디미로43번길 2,경상남도 창원시 성산구 상남동 22-1,상남동,128.683273283603,35.2205153906345,MA010120220810917948,소상공인시장진흥공단_상가(상권)정보_API (data.go.kr 15012005),202606,2026-10-01
CW-SEONGSAN,성산구,GS25상남,시장점,편의점,경상남도 창원시 성산구 마디미로 39,경상남도 창원시 성산구 상남동 21-1,상남동,128.683623686519,35.2209971750902,MA010120220810918761,소상공인시장진흥공단_상가(상권)정보_API (data.go.kr 15012005),202606,2026-10-01
CW-SEONGSAN,성산구,씨유창원인터빌점,,편의점,경상남도 창원시 성산구 중앙대로 33,경상남도 창원시 성산구 중앙동 101-2,중앙동,128.674984376678,35.219044240557,MA010120220810919084,소상공인시장진흥공단_상가(상권)정보_API (data.go.kr 15012005),202606,2026-10-01
CW-SEONGSAN,성산구,블루25복권명당대원점,,편의점,경상남도 창원시 성산구 두대로 57,경상남도 창원시 성산구 대원동 95-17,중앙동,128.650577243483,35.2318164413575,MA010120220810920573,소상공인시장진흥공단_상가(상권)정보_API (data.go.kr 15012005),202606,2026-10-01
CW-SEONGSAN,성산구,세븐일레븐창원중앙,희망점,편의점,경상남도 창원시 성산구 외동반림로142번길 31-1,경상남도 창원시 성산구 중앙동 3-9,중앙동,128.675687532444,35.2297410003361,MA010120220810921388,소상공인시장진흥공단_상가(상권)정보_API (data.go.kr 15012005),202606,2026-10-01
CW-SEONGSAN,성산구,GS25창원정우점,,편의점,경상남도 창원시 성산구 원이대로 587,경상남도 창원시 성산구 용호동 73-62,용지동,128.679482335315,35.2284086640931,MA010120220810922013,소상공인시장진흥공단_상가(상권)정보_API (data.go.kr 15012005),202606,2026-10-01
CW-SEONGSAN,성산구,GS２５반지,대동점,편의점,경상남도 창원시 성산구 창원천로 294,경상남도 창원시 성산구 반지동 23,반송동,128.670389506463,35.245080895001,MA010120220810922594,소상공인시장진흥공단_상가(상권)정보_API (data.go.kr 15012005),202606,2026-10-01
CW-SEONGSAN,성산구,GS25상남모아점,,편의점,경상남도 창원시 성산구 마디미로43번길 10,경상남도 창원시 성산구 상남동 22-4,상남동,128.684067126152,35.2201348473859,MA010120220810924201,소상공인시장진흥공단_상가(상권)정보_API (data.go.kr 15012005),202606,2026-10-01
CW-SEONGSAN,성산구,지에스25상남미광점,,편의점,경상남도 창원시 성산구 마디미로64번길 1,경상남도 창원시 성산구 상남동 31-5,상남동,128.681645049977,35.2193123664806,MA010120220810925045,소상공인시장진흥공단_상가(상권)정보_API (data.go.kr 15012005),202606,2026-10-01
CW-SEONGSAN,성산구,GS25창원진성,,편의점,경상남도 창원시 성산구 용지로153번길 14,경상남도 창원시 성산구 용호동 73-14,용지동,128.680000408974,35.2295640452054,MA010120220810926323,소상공인시장진흥공단_상가(상권)정보_API (data.go.kr 15012005),202606,2026-10-01
CW-SEONGSAN,성산구,씨유창원,남산점,편의점,경상남도 창원시 성산구 정동로162번길 57,경상남도 창원시 성산구 남산동 601-4,성주동,128.69684716745,35.2020401213307,MA010120220810930553,소상공인시장진흥공단_상가(상권)정보_API (data.go.kr 15012005),202606,2026-10-01
CW-SEONGSAN,성산구,지에스25성산코아점,,편의점,경상남도 창원시 성산구 용지로113번길 9,경상남도 창원시 성산구 중앙동 80-6,중앙동,128.677893123381,35.2264390143633,MA010120220810931694,소상공인시장진흥공단_상가(상권)정보_API (data.go.kr 15012005),202606,2026-10-01
CW-SEONGSAN,성산구,씨유상남피아노점,,편의점,경상남도 창원시 성산구 마디미로21번길 17,경상남도 창원시 성산구 상남동 10-5,상남동,128.686229683305,35.2216818699993,MA010120220810932198,소상공인시장진흥공단_상가(상권)정보_API (data.go.kr 15012005),202606,2026-10-01
CW-SEONGSAN,성산구,GS25상남번영점,,편의점,경상남도 창원시 성산구 마디미서로 51,경상남도 창원시 성산구 상남동 34-1,상남동,128.681322902659,35.220731756953,MA010120220810932685,소상공인시장진흥공단_상가(상권)정보_API (data.go.kr 15012005),202606,2026-10-01
CW-SEONGSAN,성산구,GS25창원,제일점,편의점,경상남도 창원시 성산구 용지로117번길 17,경상남도 창원시 성산구 중앙동 79-1,중앙동,128.677780657434,35.2273778416485,MA010120220810933727,소상공인시장진흥공단_상가(상권)정보_API (data.go.kr 15012005),202606,2026-10-01
CW-SEONGSAN,성산구,GS25창원용지점,,편의점,경상남도 창원시 성산구 원이대로580번길 3,경상남도 창원시 성산구 중앙동 77-1,중앙동,128.678264677089,35.227947910565,MA010120220810933786,소상공인시장진흥공단_상가(상권)정보_API (data.go.kr 15012005),202606,2026-10-01
CW-SEONGSAN,성산구,GS25반림,중앙점,편의점,경상남도 창원시 성산구 원이대로 449,경상남도 창원시 성산구 반림동 10,반송동,128.665405343457,35.2361103722258,MA010120220810933857,소상공인시장진흥공단_상가(상권)정보_API (data.go.kr 15012005),202606,2026-10-01
CW-SEONGSAN,성산구,지에스25성원종합,상가점,편의점,경상남도 창원시 성산구 동산로 124,경상남도 창원시 성산구 상남동 45-1,상남동,128.691585092065,35.2193721157758,MA010120220810935217,소상공인시장진흥공단_상가(상권)정보_API (data.go.kr 15012005),202606,2026-10-01
CW-SEONGSAN,성산구,씨유창원성산점,,편의점,경상남도 창원시 성산구 대암로 282,경상남도 창원시 성산구 대방동 374,사파동,128.706882033199,35.2035843237631,MA010120220810937555,소상공인시장진흥공단_상가(상권)정보_API (data.go.kr 15012005),202606,2026-10-01
CW-SEONGSAN,성산구,씨유상남스타,타워점,편의점,경상남도 창원시 성산구 중앙대로100번길 14,경상남도 창원시 성산구 상남동 76-1,중앙동,128.681104391345,35.2223840239655,MA010120220810938556,소상공인시장진흥공단_상가(상권)정보_API (data.go.kr 15012005),202606,2026-10-01
CW-SEONGSAN,성산구,GS25창원대방점,,편의점,경상남도 창원시 성산구 대암로 256,경상남도 창원시 성산구 대방동 376,사파동,128.710864247008,35.2055107856798,MA010120220810939359,소상공인시장진흥공단_상가(상권)정보_API (data.go.kr 15012005),202606,2026-10-01
CW-SEONGSAN,성산구,씨유한마음창원,병원점,편의점,경상남도 창원시 성산구 원이대로682번길 21,경상남도 창원시 성산구 상남동 43-3,상남동,128.687189490819,35.2208303602429,MA010120220810941414,소상공인시장진흥공단_상가(상권)정보_API (data.go.kr 15012005),202606,2026-10-01
CW-SEONGSAN,성산구,세븐일레븐창원,용호점,편의점,경상남도 창원시 성산구 용지로153번길 4-15,경상남도 창원시 성산구 용호동 73-18,용지동,128.680877721776,35.2294977896234,MA010120220810941583,소상공인시장진흥공단_상가(상권)정보_API (data.go.kr 15012005),202606,2026-10-01
CW-SEONGSAN,성산구,GS25창원남양점,,편의점,경상남도 창원시 성산구 가양로 97,경상남도 창원시 성산구 남양동 23,가음정동,128.703814743479,35.2091790372923,MA010120220810943259,소상공인시장진흥공단_상가(상권)정보_API (data.go.kr 15012005),202606,2026-10-01
CW-SEONGSAN,성산구,세븐일레븐창원,내동점,편의점,경상남도 창원시 성산구 연덕로184번길 23,경상남도 창원시 성산구 내동 456-21,중앙동,128.668373008352,35.2179639677898,MA010120220810943632,소상공인시장진흥공단_상가(상권)정보_API (data.go.kr 15012005),202606,2026-10-01
CW-SEONGSAN,성산구,지에스25창원점,코리아,편의점,경상남도 창원시 성산구 남면로 219,경상남도 창원시 성산구 대원동 91-10,중앙동,128.635405365759,35.2212617922151,MA010120220810948395,소상공인시장진흥공단_상가(상권)정보_API (data.go.kr 15012005),202606,2026-10-01
CW-SEONGSAN,성산구,세븐일레븐창원상남,미소점,편의점,경상남도 창원시 성산구 동산로65번길 27,경상남도 창원시 성산구 상남동 100-7,상남동,128.68442660359,35.2168043453368,MA010120220810948845,소상공인시장진흥공단_상가(상권)정보_API (data.go.kr 15012005),202606,2026-10-01
CW-SEONGSAN,성산구,지에스25더사파향기점,,편의점,경상남도 창원시 성산구 동산로186번길 1,경상남도 창원시 성산구 사파동 130-9,사파동,128.695316562366,35.2240062349301,MA010120220810949387,소상공인시장진흥공단_상가(상권)정보_API (data.go.kr 15012005),202606,2026-10-01
CW-SEONGSAN,성산구,세븐일레븐,외동점,편의점,경상남도 창원시 성산구 창원대로780번길 47,경상남도 창원시 성산구 외동 853-35,중앙동,128.679080647455,35.2121111685885,MA010120220810949518,소상공인시장진흥공단_상가(상권)정보_API (data.go.kr 15012005),202606,2026-10-01
CW-SEONGSAN,성산구,지에스25창원,다운점,편의점,경상남도 창원시 성산구 신사로 14,경상남도 창원시 성산구 신월동 93,용지동,128.687133010673,35.2265899322456,MA010120220810949950,소상공인시장진흥공단_상가(상권)정보_API (data.go.kr 15012005),202606,2026-10-01
CW-SEONGSAN,성산구,지에스25상남지원점,,편의점,경상남도 창원시 성산구 마디미로16번길 11,경상남도 창원시 성산구 상남동 14-1,상남동,128.683651610549,35.2234120535694,MA010120220810950777,소상공인시장진흥공단_상가(상권)정보_API (data.go.kr 15012005),202606,2026-10-01
CW-SEONGSAN,성산구,지에스25용지,사거리점,편의점,경상남도 창원시 성산구 외동반림로 142,경상남도 창원시 성산구 중앙동 2-1,중앙동,128.67293051294,35.2313382548025,MA010120220810951065,소상공인시장진흥공단_상가(상권)정보_API (data.go.kr 15012005),202606,2026-10-01
CW-SEONGSAN,성산구,씨유창원레이크펄스점,,편의점,경상남도 창원시 성산구 용지로169번길 15,경상남도 창원시 성산구 용호동 73-1,용지동,128.680703493749,35.2306357446544,MA010120220810951569,소상공인시장진흥공단_상가(상권)정보_API (data.go.kr 15012005),202606,2026-10-01
CW-SEONGSAN,성산구,씨유창원안민,행복점,편의점,경상남도 창원시 성산구 안민안길 47,경상남도 창원시 성산구 안민동 43-3,성주동,128.693631154025,35.1883415355584,MA010120220810952244,소상공인시장진흥공단_상가(상권)정보_API (data.go.kr 15012005),202606,2026-10-01
CW-SEONGSAN,성산구,씨유창원사파,대동점,편의점,경상남도 창원시 성산구 신사로 117,경상남도 창원시 성산구 사파동 112-22,사파동,128.696578021802,35.2212939190056,MA010120220810952706,소상공인시장진흥공단_상가(상권)정보_API (data.go.kr 15012005),202606,2026-10-01
CW-SEONGSAN,성산구,지에스25창원터줏골점,,편의점,경상남도 창원시 성산구 가음로101번길 6-24,경상남도 창원시 성산구 남양동 40-10,가음정동,128.704950320505,35.2036205581781,MA010120220810953071,소상공인시장진흥공단_상가(상권)정보_API (data.go.kr 15012005),202606,2026-10-01
CW-SEONGSAN,성산구,씨유창원교보점,,편의점,경상남도 창원시 성산구 중앙대로 104,경상남도 창원시 성산구 상남동 78-3,중앙동,128.680819638927,35.2234874665587,MA010120220810953089,소상공인시장진흥공단_상가(상권)정보_API (data.go.kr 15012005),202606,2026-10-01
CW-SEONGSAN,성산구,지에스25창원,광장점,편의점,경상남도 창원시 성산구 원이대로 656,경상남도 창원시 성산구 상남동 1-5,상남동,128.685151355768,35.2242383258011,MA010120220810954145,소상공인시장진흥공단_상가(상권)정보_API (data.go.kr 15012005),202606,2026-10-01
CW-SEONGSAN,성산구,씨유창원,성원점,편의점,경상남도 창원시 성산구 대암로 116,경상남도 창원시 성산구 대방동 355,사파동,128.7084857165,35.2151423373106,MA010120220810956378,소상공인시장진흥공단_상가(상권)정보_API (data.go.kr 15012005),202606,2026-10-01
CW-SEONGSAN,성산구,씨유창원사파,사랑점,편의점,경상남도 창원시 성산구 비음로4번길 35-1,경상남도 창원시 성산구 사파동 12-12,사파동,128.69903790155,35.2260268458016,MA010120220810956989,소상공인시장진흥공단_상가(상권)정보_API (data.go.kr 15012005),202606,2026-10-01
CW-SEONGSAN,성산구,위드미창원남산,,편의점,경상남도 창원시 성산구 창원대로 1024,경상남도 창원시 성산구 남산동 629-12,성주동,128.697460729166,35.2019774462761,MA010120220810957574,소상공인시장진흥공단_상가(상권)정보_API (data.go.kr 15012005),202606,2026-10-01
CW-SEONGSAN,성산구,씨유창원상남,그린점,편의점,경상남도 창원시 성산구 토월로27번길 18,경상남도 창원시 성산구 상남동 65-1,중앙동,128.681118199775,35.2145342067397,MA010120220810957788,소상공인시장진흥공단_상가(상권)정보_API (data.go.kr 15012005),202606,2026-10-01
CW-SEONGSAN,성산구,세븐일레븐창원중앙용지점,,편의점,경상남도 창원시 성산구 외동반림로126번길 19,경상남도 창원시 성산구 중앙동 16-16,중앙동,128.673622166074,35.2291837888446,MA010120220810958665,소상공인시장진흥공단_상가(상권)정보_API (data.go.kr 15012005),202606,2026-10-01
CW-SEONGSAN,성산구,이마트24창원그랜드점,,편의점,경상남도 창원시 성산구 대정로 73,경상남도 창원시 성산구 남양동 20,가음정동,128.700448472397,35.2115154673575,MA010120220810965209,소상공인시장진흥공단_상가(상권)정보_API (data.go.kr 15012005),202606,2026-10-01
CW-SEONGSAN,성산구,지에스25대방덕산,2차점,편의점,경상남도 창원시 성산구 대암로 268,경상남도 창원시 성산구 대방동 375,사파동,128.709274361665,35.2040462372783,MA010120220810965529,소상공인시장진흥공단_상가(상권)정보_API (data.go.kr 15012005),202606,2026-10-01
CW-SEONGSAN,성산구,지에스25창원은아점은정슈퍼,,편의점,경상남도 창원시 성산구 원이대로883번길 2,경상남도 창원시 성산구 가음동 23-1,가음정동,128.694597919858,35.2079295558612,MA010120220810968654,소상공인시장진흥공단_상가(상권)정보_API (data.go.kr 15012005),202606,2026-10-01
CW-SEONGSAN,성산구,대방상회,,편의점,경상남도 창원시 성산구 대암로 123,경상남도 창원시 성산구 대방동 344-9,사파동,128.709341096031,35.2145624940981,MA010120220810968840,소상공인시장진흥공단_상가(상권)정보_API (data.go.kr 15012005),202606,2026-10-01
CW-SEONGSAN,성산구,세븐창원용지점,코리아,편의점,경상남도 창원시 성산구 용지로169번길 7,경상남도 창원시 성산구 용호동 73-27,용지동,128.681311707837,35.2303028573791,MA010120220810981739,소상공인시장진흥공단_상가(상권)정보_API (data.go.kr 15012005),202606,2026-10-01
CW-SEONGSAN,성산구,세븐창원４호점주,코리아,편의점,경상남도 창원시 성산구 외동반림로130번길 46,경상남도 창원시 성산구 중앙동 70-1,중앙동,128.676230197724,35.2278229000656,MA010120220810981763,소상공인시장진흥공단_상가(상권)정보_API (data.go.kr 15012005),202606,2026-10-01
CW-SEONGSAN,성산구,세븐창원은아점주,코리아,편의점,경상남도 창원시 성산구 신사로 4,경상남도 창원시 성산구 신월동 93,용지동,128.6864820477,35.2269775170802,MA010120220810981780,소상공인시장진흥공단_상가(상권)정보_API (data.go.kr 15012005),202606,2026-10-01
CW-SEONGSAN,성산구,세븐창원중앙７호점주,코리아,편의점,경상남도 창원시 성산구 용지로 96,경상남도 창원시 성산구 중앙동 95-1,중앙동,128.678054245051,35.2241296585686,MA010120220810981808,소상공인시장진흥공단_상가(상권)정보_API (data.go.kr 15012005),202606,2026-10-01
CW-SEONGSAN,성산구,세븐창원신월점주,코리아,편의점,경상남도 창원시 성산구 원이대로 663,경상남도 창원시 성산구 신월동 93,용지동,128.687561384777,35.2260612531958,MA010120220810982503,소상공인시장진흥공단_상가(상권)정보_API (data.go.kr 15012005),202606,2026-10-01
CW-SEONGSAN,성산구,지에스25안민청솔점,,편의점,경상남도 창원시 성산구 안민로117번길 11,경상남도 창원시 성산구 안민동 163-1,성주동,128.689618965934,35.1870277333538,MA010120220811255597,소상공인시장진흥공단_상가(상권)정보_API (data.go.kr 15012005),202606,2026-10-01
CW-SEONGSAN,성산구,씨유L창원지사3층,,편의점,경상남도 창원시 성산구 중앙대로 33,경상남도 창원시 성산구 중앙동 101-2,중앙동,128.674984376678,35.219044240557,MA010120220811844735,소상공인시장진흥공단_상가(상권)정보_API (data.go.kr 15012005),202606,2026-10-01
CW-SEONGSAN,성산구,GS25효성3공장점,,편의점,경상남도 창원시 성산구 공단로 303,경상남도 창원시 성산구 웅남동 43-1,웅남동,128.65827460817,35.2122718281764,MA010120220811852237,소상공인시장진흥공단_상가(상권)정보_API (data.go.kr 15012005),202606,2026-10-01
CW-SEONGSAN,성산구,지에스25상남,대동점,편의점,경상남도 창원시 성산구 마디미로21번길 11,경상남도 창원시 성산구 상남동 11-4,상남동,128.685819553461,35.2220300466133,MA010120220811878728,소상공인시장진흥공단_상가(상권)정보_API (data.go.kr 15012005),202606,2026-10-01
CW-SEONGSAN,성산구,씨유창원중앙오피스점,,편의점,경상남도 창원시 성산구 용지로127번길 3-1,경상남도 창원시 성산구 중앙동 88-1,중앙동,128.679213104538,35.227069583961,MA010120220811965594,소상공인시장진흥공단_상가(상권)정보_API (data.go.kr 15012005),202606,2026-10-01
CW-SEONGSAN,성산구,씨유창원토월,성원점,편의점,경상남도 창원시 성산구 단정로 106,경상남도 창원시 성산구 상남동 52-5,상남동,128.690021303254,35.2154556364708,MA010120220811982847,소상공인시장진흥공단_상가(상권)정보_API (data.go.kr 15012005),202606,2026-10-01
CW-SEONGSAN,성산구,씨유창원외동월드점,,편의점,경상남도 창원시 성산구 창원대로780번길 34,경상남도 창원시 성산구 외동 853-16,중앙동,128.675162992811,35.2138417226989,MA010120220812022422,소상공인시장진흥공단_상가(상권)정보_API (data.go.kr 15012005),202606,2026-10-01
CW-SEONGSAN,성산구,지에스25성산덕산점,,편의점,경상남도 창원시 성산구 상남로 37,경상남도 창원시 성산구 상남동 69-1,중앙동,128.677412844201,35.2180463021363,MA010120220812047643,소상공인시장진흥공단_상가(상권)정보_API (data.go.kr 15012005),202606,2026-10-01
CW-SEONGSAN,성산구,세븐창원중앙2점,코리아,편의점,경상남도 창원시 성산구 용지로107번길 14,경상남도 창원시 성산구 중앙동 81-7,중앙동,128.677460454062,35.2262287196953,MA010120220812085786,소상공인시장진흥공단_상가(상권)정보_API (data.go.kr 15012005),202606,2026-10-01
CW-SEONGSAN,성산구,지에스25한국전기연구원점,,편의점,경상남도 창원시 성산구 전기의길 12,경상남도 창원시 성산구 성주동 28-1,성주동,128.715574560636,35.1872305152327,MA010120220812249350,소상공인시장진흥공단_상가(상권)정보_API (data.go.kr 15012005),202606,2026-10-01
CW-SEONGSAN,성산구,GS25블루힐스점,,편의점,경상남도 창원시 성산구 용지로 56,경상남도 창원시 성산구 중앙동 99-2,중앙동,128.67550967991,35.2210917525058,MA010120220812466668,소상공인시장진흥공단_상가(상권)정보_API (data.go.kr 15012005),202606,2026-10-01
CW-SEONGSAN,성산구,지에스25창원,두산점,편의점,경상남도 창원시 성산구 정동로162번길 56,경상남도 창원시 성산구 남산동 601-23,성주동,128.695757865722,35.201929214442,MA010120220812639189,소상공인시장진흥공단_상가(상권)정보_API (data.go.kr 15012005),202606,2026-10-01
CW-SEONGSAN,성산구,세븐일레븐창원상남베스트점,,편의점,경상남도 창원시 성산구 마디미로31번길 1,경상남도 창원시 성산구 상남동 18-10,상남동,128.6842081953,35.2216469324789,MA010120220812650085,소상공인시장진흥공단_상가(상권)정보_API (data.go.kr 15012005),202606,2026-10-01
CW-SEONGSAN,성산구,이마트24사파,법원점,편의점,경상남도 창원시 성산구 창이대로707번길 2,경상남도 창원시 성산구 사파동 87-1,사파동,128.701373009138,35.2216141301948,MA010120220812652297,소상공인시장진흥공단_상가(상권)정보_API (data.go.kr 15012005),202606,2026-10-01
CW-SEONGSAN,성산구,씨유창원대동훼미리점,,편의점,경상남도 창원시 성산구 대정로 138,경상남도 창원시 성산구 대방동 358,사파동,128.707623944898,35.211747900495,MA010120220812772178,소상공인시장진흥공단_상가(상권)정보_API (data.go.kr 15012005),202606,2026-10-01
CW-SEONGSAN,성산구,씨유현대위아이룸재점,,편의점,경상남도 창원시 성산구 정동로162번길 4,경상남도 창원시 성산구 남산동 601-19,성주동,128.691658997392,35.2044108447962,MA010120220812806402,소상공인시장진흥공단_상가(상권)정보_API (data.go.kr 15012005),202606,2026-10-01
CW-SEONGSAN,성산구,GS25창원해링턴점,,편의점,경상남도 창원시 성산구 정동로162번길 78,경상남도 창원시 성산구 남산동 601-26,성주동,128.701315638891,35.1988681978239,MA010120220812873907,소상공인시장진흥공단_상가(상권)정보_API (data.go.kr 15012005),202606,2026-10-01
CW-SEONGSAN,성산구,씨유창원반림럭키점,,편의점,경상남도 창원시 성산구 반송로 105,경상남도 창원시 성산구 반림동 8,반송동,128.668920389518,35.2387926380363,MA010120220812907259,소상공인시장진흥공단_상가(상권)정보_API (data.go.kr 15012005),202606,2026-10-01
CW-SEONGSAN,성산구,씨유창원가음엘지점,,편의점,경상남도 창원시 성산구 성산패총로178번길 29,경상남도 창원시 성산구 가음정동 391-10,가음정동,128.686168029706,35.208083325069,MA010120220812947456,소상공인시장진흥공단_상가(상권)정보_API (data.go.kr 15012005),202606,2026-10-01
CW-SEONGSAN,성산구,세븐창원웅남공단점,코리아,편의점,경상남도 창원시 성산구 연덕로15번길 14,경상남도 창원시 성산구 웅남동 61-47,웅남동,128.654461597783,35.2078178802939,MA010120220813129061,소상공인시장진흥공단_상가(상권)정보_API (data.go.kr 15012005),202606,2026-10-01
CW-SEONGSAN,성산구,세븐창원상남베스트점,코리아,편의점,경상남도 창원시 성산구 마디미로31번길 1,경상남도 창원시 성산구 상남동 18-10,상남동,128.6842081953,35.2216469324789,MA010120220813188455,소상공인시장진흥공단_상가(상권)정보_API (data.go.kr 15012005),202606,2026-10-01
CW-SEONGSAN,성산구,씨유창원반지,중앙점,편의점,경상남도 창원시 성산구 원이대로393번길 14-1,경상남도 창원시 성산구 반지동 69-1,반송동,128.662603346713,35.2387534297975,MA010120220813294251,소상공인시장진흥공단_상가(상권)정보_API (data.go.kr 15012005),202606,2026-10-01
CW-SEONGSAN,성산구,지에스25뉴효성1공장점,,편의점,경상남도 창원시 성산구 연덕로 171,경상남도 창원시 성산구 내동 454-2,중앙동,128.662347946433,35.2176232948704,MA010120220813375833,소상공인시장진흥공단_상가(상권)정보_API (data.go.kr 15012005),202606,2026-10-01
CW-SEONGSAN,성산구,씨유창원반도유,보라점,편의점,경상남도 창원시 성산구 비음로 167,경상남도 창원시 성산구 사파정동 1127,사파동,128.707954185049,35.2191242010016,MA010120220813384874,소상공인시장진흥공단_상가(상권)정보_API (data.go.kr 15012005),202606,2026-10-01
CW-SEONGSAN,성산구,씨유문성대중앙도서관점,,편의점,경상남도 창원시 성산구 충혼로 91,경상남도 창원시 성산구 두대동 196,중앙동,128.660468364402,35.2342496062409,MA010120220813658405,소상공인시장진흥공단_상가(상권)정보_API (data.go.kr 15012005),202606,2026-10-01
CW-SEONGSAN,성산구,씨유창원가로수길점,,편의점,경상남도 창원시 성산구 용호로 121,경상남도 창원시 성산구 용호동 32-1,용지동,128.683744810454,35.2385512159111,MA010120220813678017,소상공인시장진흥공단_상가(상권)정보_API (data.go.kr 15012005),202606,2026-10-01
CW-SEONGSAN,성산구,지에스25토월,대동점,편의점,경상남도 창원시 성산구 동산로 115,경상남도 창원시 성산구 상남동 44-1,상남동,128.687624841982,35.2190488896445,MA010120220813828010,소상공인시장진흥공단_상가(상권)정보_API (data.go.kr 15012005),202606,2026-10-01
CW-SEONGSAN,성산구,씨유창원대방,대동점,편의점,경상남도 창원시 성산구 창이대로881번길 19,경상남도 창원시 성산구 대방동 367,사파동,128.708932150575,35.2086743130163,MA010120220813837787,소상공인시장진흥공단_상가(상권)정보_API (data.go.kr 15012005),202606,2026-10-01
CW-SEONGSAN,성산구,리성,,편의점,경상남도 창원시 성산구 곰절길9번길 3,경상남도 창원시 성산구 성주동 82-1,성주동,128.706802786556,35.1866785717687,MA010120220814039496,소상공인시장진흥공단_상가(상권)정보_API (data.go.kr 15012005),202606,2026-10-01
CW-SEONGSAN,성산구,지에스25월림공단점,,편의점,경상남도 창원시 성산구 월림로65번길 6-7,경상남도 창원시 성산구 신촌동 103-4,웅남동,128.640957676864,35.2079295960386,MA010120220814075113,소상공인시장진흥공단_상가(상권)정보_API (data.go.kr 15012005),202606,2026-10-01
CW-SEONGSAN,성산구,씨유창원,양곡점,편의점,경상남도 창원시 성산구 신촌로 78,경상남도 창원시 성산구 신촌동 34-2,웅남동,128.628105529398,35.2027408209526,MA010120220814284250,소상공인시장진흥공단_상가(상권)정보_API (data.go.kr 15012005),202606,2026-10-01
CW-SEONGSAN,성산구,GS25,창원의창점,편의점,경상남도 창원시 성산구 신월로6번길 1,경상남도 창원시 성산구 신월동 41-1,용지동,128.689709339929,35.2306004534852,MA010120220814333671,소상공인시장진흥공단_상가(상권)정보_API (data.go.kr 15012005),202606,2026-10-01
CW-SEONGSAN,성산구,씨유창원안민점,,편의점,경상남도 창원시 성산구 안민안길 7,경상남도 창원시 성산구 안민동 100,성주동,128.690564196719,35.1860231941693,MA0101202210A0006311,소상공인시장진흥공단_상가(상권)정보_API (data.go.kr 15012005),202606,2026-10-01
CW-SEONGSAN,성산구,씨유창원사파,스타점,편의점,경상남도 창원시 성산구 창이대로684번길 3,경상남도 창원시 성산구 사파동 120-6,사파동,128.699450468196,35.2231641975844,MA0101202211A0001085,소상공인시장진흥공단_상가(상권)정보_API (data.go.kr 15012005),202606,2026-10-01
CW-SEONGSAN,성산구,세븐일레븐창원성산폴리텍점,,편의점,경상남도 창원시 성산구 외동반림로 54,경상남도 창원시 성산구 중앙동 38-8,중앙동,128.67281484868,35.2246347776704,MA0101202211A0015959,소상공인시장진흥공단_상가(상권)정보_API (data.go.kr 15012005),202606,2026-10-01
CW-SEONGSAN,성산구,지에스25,창원상남점,편의점,경상남도 창원시 성산구 원이대로 672,경상남도 창원시 성산구 상남동 2-5,상남동,128.686649758101,35.2234063560156,MA0101202211A0030462,소상공인시장진흥공단_상가(상권)정보_API (data.go.kr 15012005),202606,2026-10-01
CW-SEONGSAN,성산구,세븐일레븐창원은아점,,편의점,경상남도 창원시 성산구 원이대로 663,경상남도 창원시 성산구 신월동 93,용지동,128.687561384777,35.2260612531958,MA0101202212A0024931,소상공인시장진흥공단_상가(상권)정보_API (data.go.kr 15012005),202606,2026-10-01
CW-SEONGSAN,성산구,세븐일레븐창원중앙,7호점,편의점,경상남도 창원시 성산구 용지로 96,경상남도 창원시 성산구 중앙동 95-1,중앙동,128.678054245051,35.2241296585686,MA0101202212A0098691,소상공인시장진흥공단_상가(상권)정보_API (data.go.kr 15012005),202606,2026-10-01
CW-SEONGSAN,성산구,세븐일레븐창원남양,개나리점,편의점,경상남도 창원시 성산구 대정로 100,경상남도 창원시 성산구 남양동 23,가음정동,128.702940683638,35.2109667360213,MA0101202301A0065035,소상공인시장진흥공단_상가(상권)정보_API (data.go.kr 15012005),202606,2026-10-01
CW-SEONGSAN,성산구,씨유창원,양곡점,편의점,경상남도 창원시 성산구 신촌로 78,경상남도 창원시 성산구 신촌동 34-2,웅남동,128.628105529398,35.2027408209526,MA0101202302A0000739,소상공인시장진흥공단_상가(상권)정보_API (data.go.kr 15012005),202606,2026-10-01
CW-SEONGSAN,성산구,씨유현대위아3공장점,,편의점,경상남도 창원시 성산구 성산패총로 107,경상남도 창원시 성산구 성산동 73,웅남동,128.675271018413,35.2057382417917,MA0101202303A0009569,소상공인시장진흥공단_상가(상권)정보_API (data.go.kr 15012005),202606,2026-10-01
CW-SEONGSAN,성산구,씨유현대위아2공장점,,편의점,경상남도 창원시 성산구 정동로 154,경상남도 창원시 성산구 남산동 601-2,성주동,128.69109319677,35.2041303598048,MA0101202303A0012316,소상공인시장진흥공단_상가(상권)정보_API (data.go.kr 15012005),202606,2026-10-01
CW-SEONGSAN,성산구,이마트24self한국NSK점,,편의점,경상남도 창원시 성산구 공단로474번길 53,경상남도 창원시 성산구 성산동 60,웅남동,128.66861877781,35.1983139126962,MA0101202305A0085011,소상공인시장진흥공단_상가(상권)정보_API (data.go.kr 15012005),202606,2026-10-01
CW-SEONGSAN,성산구,씨유창원더시티몰점,,편의점,경상남도 창원시 성산구 원이대로 320,경상남도 창원시 성산구 대원동 121,중앙동,128.654405308052,35.2396678816295,MA0101202305A0100224,소상공인시장진흥공단_상가(상권)정보_API (data.go.kr 15012005),202606,2026-10-01
CW-SEONGSAN,성산구,이마트24R창원외동반림점,,편의점,경상남도 창원시 성산구 외동반림로74번길 9,경상남도 창원시 성산구 중앙동 31-9,중앙동,128.674291754676,35.2259571723497,MA0101202305A0127531,소상공인시장진흥공단_상가(상권)정보_API (data.go.kr 15012005),202606,2026-10-01
CW-SEONGSAN,성산구,씨유창원상남공원점,,편의점,경상남도 창원시 성산구 마디미로56번길 7,경상남도 창원시 성산구 상남동 33,상남동,128.681720590498,35.2197799510984,MA0101202305A0131906,소상공인시장진흥공단_상가(상권)정보_API (data.go.kr 15012005),202606,2026-10-01
CW-SEONGSAN,성산구,성산시니어클럽GS25성산,푸르지오점,편의점,경상남도 창원시 성산구 외리로34번길 15,경상남도 창원시 성산구 성주동 102,성주동,128.710221477594,35.2015635243316,MA0101202305A0135626,소상공인시장진흥공단_상가(상권)정보_API (data.go.kr 15012005),202606,2026-10-01
CW-SEONGSAN,성산구,씨유창원성원,2단지점,편의점,경상남도 창원시 성산구 동산로48번길 79,경상남도 창원시 성산구 상남동 45-1,상남동,128.694279090318,35.2142515630596,MA0101202305A0160930,소상공인시장진흥공단_상가(상권)정보_API (data.go.kr 15012005),202606,2026-10-01
CW-SEONGSAN,성산구,제일정성,,편의점,경상남도 창원시 성산구 남면로 485,경상남도 창원시 성산구 내동 456-8,중앙동,128.6665120567,35.2150335959679,MA0101202305A0166440,소상공인시장진흥공단_상가(상권)정보_API (data.go.kr 15012005),202606,2026-10-01
CW-SEONGSAN,성산구,씨유창원반림현대점,,편의점,경상남도 창원시 성산구 외동반림로 217,경상남도 창원시 성산구 반림동 3-1,반송동,128.677353084765,35.2370177957319,MA0101202306A0029334,소상공인시장진흥공단_상가(상권)정보_API (data.go.kr 15012005),202606,2026-10-01
CW-SEONGSAN,성산구,아이러브케이크,,편의점,경상남도 창원시 성산구 상남로192번길 3,경상남도 창원시 성산구 신월동 48-7,용지동,128.688039839634,35.229010574184,MA0101202306A0096524,소상공인시장진흥공단_상가(상권)정보_API (data.go.kr 15012005),202606,2026-10-01
CW-SEONGSAN,성산구,씨유창원신월백제점,,편의점,경상남도 창원시 성산구 신월로 36-1,경상남도 창원시 성산구 신월동 67-12,용지동,128.691763947785,35.2285169734848,MA0101202307A0088090,소상공인시장진흥공단_상가(상권)정보_API (data.go.kr 15012005),202606,2026-10-01
CW-SEONGSAN,성산구,지에스25성산반딧불점,,편의점,경상남도 창원시 성산구 반지로 31,경상남도 창원시 성산구 반지동 102-15,반송동,128.660933239601,35.2414259529194,MA0101202307A0088997,소상공인시장진흥공단_상가(상권)정보_API (data.go.kr 15012005),202606,2026-10-01
CW-SEONGSAN,성산구,세븐일레븐창원대방덕산점,,편의점,경상남도 창원시 성산구 대정로 131,경상남도 창원시 성산구 대방동 356,사파동,128.706894356906,35.2136146974808,MA0101202308A0015459,소상공인시장진흥공단_상가(상권)정보_API (data.go.kr 15012005),202606,2026-10-01
CW-SEONGSAN,성산구,지에스25상남,제일점,편의점,경상남도 창원시 성산구 마디미로9번길 4,경상남도 창원시 성산구 상남동 12-1,상남동,128.685445353731,35.2230536354911,MA0101202308A0073013,소상공인시장진흥공단_상가(상권)정보_API (data.go.kr 15012005),202606,2026-10-01
CW-SEONGSAN,성산구,씨유창원상남단정점,,편의점,경상남도 창원시 성산구 단정로58번길 9-2,경상남도 창원시 성산구 상남동 88-1,상남동,128.685627011807,35.2174995967193,MA0101202308A0093044,소상공인시장진흥공단_상가(상권)정보_API (data.go.kr 15012005),202606,2026-10-01
CW-SEONGSAN,성산구,세븐일레븐창원반지,사거리점,편의점,경상남도 창원시 성산구 반송로 33,경상남도 창원시 성산구 반지동 40-19,반송동,128.661406249507,35.2419962397224,MA0101202309A0002733,소상공인시장진흥공단_상가(상권)정보_API (data.go.kr 15012005),202606,2026-10-01
CW-SEONGSAN,성산구,지에스25창원까치,마을점,편의점,경상남도 창원시 성산구 창원천로 258,경상남도 창원시 성산구 반지동 24,반송동,128.667029964513,35.2451813021584,MA0101202309A0075086,소상공인시장진흥공단_상가(상권)정보_API (data.go.kr 15012005),202606,2026-10-01
CW-SEONGSAN,성산구,지에스25상남,오거리점,편의점,경상남도 창원시 성산구 단정로 42,경상남도 창원시 성산구 상남동 81-1,상남동,128.684509253271,35.2192094509938,MA0101202309A0087405,소상공인시장진흥공단_상가(상권)정보_API (data.go.kr 15012005),202606,2026-10-01
CW-SEONGSAN,성산구,사계절할인마트,,편의점,경상남도 창원시 성산구 외동반림로126번길 51,경상남도 창원시 성산구 중앙동 70-14,중앙동,128.676432888505,35.2275317022172,MA0101202309A0088077,소상공인시장진흥공단_상가(상권)정보_API (data.go.kr 15012005),202606,2026-10-01
CW-SEONGSAN,성산구,지에스25상남조이점,,편의점,경상남도 창원시 성산구 마디미로56번길 2,경상남도 창원시 성산구 상남동 34-6,상남동,128.682252976516,35.2200339060613,MA0101202310A0068572,소상공인시장진흥공단_상가(상권)정보_API (data.go.kr 15012005),202606,2026-10-01
CW-SEONGSAN,성산구,지에스25사파법무점,,편의점,경상남도 창원시 성산구 동산로220번길 20,경상남도 창원시 성산구 사파동 126-23,사파동,128.698166172805,35.2247773783057,MA0101202311A0009324,소상공인시장진흥공단_상가(상권)정보_API (data.go.kr 15012005),202606,2026-10-01
CW-SEONGSAN,성산구,지에스25창원삼귀점,,편의점,경상남도 창원시 성산구 귀산로 47,경상남도 창원시 성산구 귀산동 404-3,웅남동,128.614404640186,35.1656672625116,MA0101202311A0025937,소상공인시장진흥공단_상가(상권)정보_API (data.go.kr 15012005),202606,2026-10-01
CW-SEONGSAN,성산구,지에스25창원성원,3차점,편의점,경상남도 창원시 성산구 대암로 80,경상남도 창원시 성산구 대방동 355,사파동,128.705309229355,35.2150068900783,MA0101202311A0039719,소상공인시장진흥공단_상가(상권)정보_API (data.go.kr 15012005),202606,2026-10-01
CW-SEONGSAN,성산구,지에스25성산반지점,,편의점,경상남도 창원시 성산구 원이대로393번길 21,경상남도 창원시 성산구 반지동 76-6,반송동,128.662692909617,35.2393740409168,MA0101202311A0060449,소상공인시장진흥공단_상가(상권)정보_API (data.go.kr 15012005),202606,2026-10-01
CW-SEONGSAN,성산구,지에스25창원,양곡점,편의점,경상남도 창원시 성산구 신촌로 132,경상남도 창원시 성산구 신촌동 33-8,웅남동,128.628811309736,35.1979457933407,MA0101202406A0060492,소상공인시장진흥공단_상가(상권)정보_API (data.go.kr 15012005),202606,2026-10-01
CW-SEONGSAN,성산구,지에스25성산트리점,,편의점,경상남도 창원시 성산구 원이대로 495,경상남도 창원시 성산구 반림동 18,반송동,128.673696326241,35.2333283720714,MA0101202406A0107237,소상공인시장진흥공단_상가(상권)정보_API (data.go.kr 15012005),202606,2026-10-01
CW-SEONGSAN,성산구,지에스25성산사파,법원점,편의점,경상남도 창원시 성산구 창이대로689번길 19,경상남도 창원시 성산구 사파동 63-6,사파동,128.702329006525,35.2242682864493,MA0101202406A0158107,소상공인시장진흥공단_상가(상권)정보_API (data.go.kr 15012005),202606,2026-10-01
CW-SEONGSAN,성산구,씨유창원중앙현대점,,편의점,경상남도 창원시 성산구 중앙대로 55,경상남도 창원시 성산구 중앙동 100-2,중앙동,128.676378938073,35.2206381174782,MA0101202406A0168798,소상공인시장진흥공단_상가(상권)정보_API (data.go.kr 15012005),202606,2026-10-01
CW-SEONGSAN,성산구,지에스25상남네스트점,,편의점,경상남도 창원시 성산구 마디미로38번길 11,경상남도 창원시 성산구 상남동 25,상남동,128.682372797252,35.2215823379131,MA0101202406A0269094,소상공인시장진흥공단_상가(상권)정보_API (data.go.kr 15012005),202606,2026-10-01
CW-SEONGSAN,성산구,씨유창원성주점,,편의점,경상남도 창원시 성산구 외리로34번길 27,경상남도 창원시 성산구 성주동 101,성주동,128.711376836169,35.201682379092,MA0101202406A0300131,소상공인시장진흥공단_상가(상권)정보_API (data.go.kr 15012005),202606,2026-10-01
CW-SEONGSAN,성산구,씨유창원사파,법원점,편의점,경상남도 창원시 성산구 창이대로695번길 12-1,경상남도 창원시 성산구 사파동 69-18,사파동,128.702299771184,35.2233945182926,MA0101202406A0320082,소상공인시장진흥공단_상가(상권)정보_API (data.go.kr 15012005),202606,2026-10-01
CW-SEONGSAN,성산구,세븐일레븐,창원상남점,편의점,경상남도 창원시 성산구 마디미로9번길 9,경상남도 창원시 성산구 상남동 9-4,상남동,128.686397209316,35.2228781564944,MA0101202406A0353538,소상공인시장진흥공단_상가(상권)정보_API (data.go.kr 15012005),202606,2026-10-01
CW-SEONGSAN,성산구,씨스페이스창원컨벤션,센터점,편의점,경상남도 창원시 성산구 원이대로 362,경상남도 창원시 성산구 대원동 123,중앙동,128.656906022638,35.2383989920215,MA0101202406A0419308,소상공인시장진흥공단_상가(상권)정보_API (data.go.kr 15012005),202606,2026-10-01
CW-SEONGSAN,성산구,씨유창원내동월드점,,편의점,경상남도 창원시 성산구 삼동로128번길 30,경상남도 창원시 성산구 내동 452-14,중앙동,128.658797812244,35.2234127932415,MA0101202406A0464118,소상공인시장진흥공단_상가(상권)정보_API (data.go.kr 15012005),202606,2026-10-01
CW-SEONGSAN,성산구,씨유창원용호무학점,,편의점,경상남도 창원시 성산구 외동반림로 206,경상남도 창원시 성산구 용호동 67-1,용지동,128.676928819382,35.2356177758274,MA0101202406A0482204,소상공인시장진흥공단_상가(상권)정보_API (data.go.kr 15012005),202606,2026-10-01
CW-SEONGSAN,성산구,씨유창원반지점,,편의점,경상남도 창원시 성산구 반송로 39,경상남도 창원시 성산구 반지동 41-20,반송동,128.661781799458,35.2415584970519,MA0101202406A0487347,소상공인시장진흥공단_상가(상권)정보_API (data.go.kr 15012005),202606,2026-10-01
CW-SEONGSAN,성산구,세븐일레븐창원,신월점,편의점,경상남도 창원시 성산구 원이대로 663,경상남도 창원시 성산구 신월동 93,용지동,128.687561384777,35.2260612531958,MA0101202409A0065214,소상공인시장진흥공단_상가(상권)정보_API (data.go.kr 15012005),202606,2026-10-01
CW-SEONGSAN,성산구,씨유창원내동마루점,,편의점,경상남도 창원시 성산구 연덕로184번길 32,경상남도 창원시 성산구 내동 456-14,중앙동,128.668963009566,35.2172799171056,MA0101202409A0068196,소상공인시장진흥공단_상가(상권)정보_API (data.go.kr 15012005),202606,2026-10-01
CW-SEONGSAN,성산구,씨유창원성산대영점,,편의점,경상남도 창원시 성산구 가양로136번길 2,경상남도 창원시 성산구 대방동 362-5,사파동,128.707826799719,35.2093748383292,MA0101202409A0084139,소상공인시장진흥공단_상가(상권)정보_API (data.go.kr 15012005),202606,2026-10-01
CW-SEONGSAN,성산구,세븐일레븐창원CNN점,,편의점,경상남도 창원시 성산구 상남로 118,경상남도 창원시 성산구 상남동 7-5,상남동,128.683125524641,35.2234644320879,MA0101202409A0124053,소상공인시장진흥공단_상가(상권)정보_API (data.go.kr 15012005),202606,2026-10-01
CW-SEONGSAN,성산구,지에스25성산용지,중앙점,편의점,경상남도 창원시 성산구 용지로113번길 28-1,경상남도 창원시 성산구 중앙동 73-16,중앙동,128.677200344372,35.2279987146833,MA0101202409A0128199,소상공인시장진흥공단_상가(상권)정보_API (data.go.kr 15012005),202606,2026-10-01
CW-SEONGSAN,성산구,지에스25창원,테크노점,편의점,경상남도 창원시 성산구 완암로 50,경상남도 창원시 성산구 성산동 77-1,웅남동,128.663750221131,35.2056177541068,MA0101202409A0138227,소상공인시장진흥공단_상가(상권)정보_API (data.go.kr 15012005),202606,2026-10-01
CW-SEONGSAN,성산구,믿고먹는반찬씨유그랜드,창원점,편의점,경상남도 창원시 성산구 창이대로 737,경상남도 창원시 성산구 사파동 93,사파동,128.705018510619,35.2189583133972,MA0101202409A0183552,소상공인시장진흥공단_상가(상권)정보_API (data.go.kr 15012005),202606,2026-10-01
CW-SEONGSAN,성산구,씨유창원트리비앙점,,편의점,경상남도 창원시 성산구 원이대로 495,경상남도 창원시 성산구 반림동 18,반송동,128.673696326241,35.2333283720714,MA0101202409A0209822,소상공인시장진흥공단_상가(상권)정보_API (data.go.kr 15012005),202606,2026-10-01
CW-SEONGSAN,성산구,씨유창원드럭스토어점,,편의점,경상남도 창원시 성산구 창원대로 726,경상남도 창원시 성산구 내동 456-17,중앙동,128.67034300958,35.217098660279,MA0101202409A0227575,소상공인시장진흥공단_상가(상권)정보_API (data.go.kr 15012005),202606,2026-10-01
CW-SEONGSAN,성산구,이마트24창원,가양점,편의점,경상남도 창원시 성산구 가양로 82,경상남도 창원시 성산구 남양동 25-4,가음정동,128.70222803564,35.2083902650677,MA0101202411A0041911,소상공인시장진흥공단_상가(상권)정보_API (data.go.kr 15012005),202606,2026-10-01
CW-SEONGSAN,성산구,씨유창원대원에뜰점,,편의점,경상남도 창원시 성산구 대원로 80,경상남도 창원시 성산구 대원동 7-3,중앙동,128.6519361933,35.234916127619,MA0101202411A0118625,소상공인시장진흥공단_상가(상권)정보_API (data.go.kr 15012005),202606,2026-10-01
CW-SEONGSAN,성산구,세븐일레븐창원용지점,,편의점,경상남도 창원시 성산구 용지로169번길 7,경상남도 창원시 성산구 용호동 73-27,용지동,128.681311707837,35.2303028573791,MA0101202411A0131316,소상공인시장진흥공단_상가(상권)정보_API (data.go.kr 15012005),202606,2026-10-01
CW-SEONGSAN,성산구,엘지전자창원공장신용협동조합GS25LG전자창원,4호점,편의점,경상남도 창원시 성산구 성산패총로178번길 6,경상남도 창원시 성산구 가음정동 391-12,가음정동,128.687885651225,35.2067165683878,MA0101202412A0070391,소상공인시장진흥공단_상가(상권)정보_API (data.go.kr 15012005),202606,2026-10-01
CW-SEONGSAN,성산구,지에스25성산성원,2차점,편의점,경상남도 창원시 성산구 가음로15번길 52,경상남도 창원시 성산구 남양동 22,가음정동,128.703254465341,35.2128458652536,MA0101202412A0091819,소상공인시장진흥공단_상가(상권)정보_API (data.go.kr 15012005),202606,2026-10-01
CW-SEONGSAN,성산구,세븐일레븐창원상남베스트점,,편의점,경상남도 창원시 성산구 마디미로31번길 1,경상남도 창원시 성산구 상남동 18-10,상남동,128.6842081953,35.2216469324789,MA0101202501A0024220,소상공인시장진흥공단_상가(상권)정보_API (data.go.kr 15012005),202606,2026-10-01
CW-SEONGSAN,성산구,이마트24창원성산점,,편의점,경상남도 창원시 성산구 원이대로 776,경상남도 창원시 성산구 상남동 45-1,상남동,128.693961742238,35.2164189288429,MA0101202502A0031917,소상공인시장진흥공단_상가(상권)정보_API (data.go.kr 15012005),202606,2026-10-01
CW-SEONGSAN,성산구,지에스25성산한림점,,편의점,경상남도 창원시 성산구 대암로 8,경상남도 창원시 성산구 남양동 16,가음정동,128.698363445947,35.2136896396419,MA0101202503A0060990,소상공인시장진흥공단_상가(상권)정보_API (data.go.kr 15012005),202606,2026-10-01
CW-SEONGSAN,성산구,만남의광장D동편의점,,편의점,경상남도 창원시 성산구 원이대로 450,경상남도 창원시 성산구 중앙동 1,중앙동,128.664736321667,35.234010722852,MA0101202504A0057150,소상공인시장진흥공단_상가(상권)정보_API (data.go.kr 15012005),202606,2026-10-01
CW-SEONGSAN,성산구,세븐창원라큐비점,코리아,편의점,경상남도 창원시 성산구 중앙대로 89,경상남도 창원시 성산구 중앙동 96-3,중앙동,128.678516935622,35.223131900684,MA0101202505A0024400,소상공인시장진흥공단_상가(상권)정보_API (data.go.kr 15012005),202606,2026-10-01
CW-SEONGSAN,성산구,지에스성산월림공단점,,편의점,경상남도 창원시 성산구 월림로65번길 16-6,경상남도 창원시 성산구 신촌동 103-1,웅남동,128.641317122961,35.2083302751754,MA0101202505A0037734,소상공인시장진흥공단_상가(상권)정보_API (data.go.kr 15012005),202606,2026-10-01
CW-SEONGSAN,성산구,세븐일레븐창원라큐비점,,편의점,경상남도 창원시 성산구 중앙대로 89,경상남도 창원시 성산구 중앙동 96-3,중앙동,128.678516935622,35.223131900684,MA0101202505A0084038,소상공인시장진흥공단_상가(상권)정보_API (data.go.kr 15012005),202606,2026-10-01
CW-SEONGSAN,성산구,지에스25상남신우점,,편의점,경상남도 창원시 성산구 마디미로73번길 25,경상남도 창원시 성산구 상남동 35-6,상남동,128.683147305046,35.2197330818311,MA0101202506A0004060,소상공인시장진흥공단_상가(상권)정보_API (data.go.kr 15012005),202606,2026-10-01
CW-SEONGSAN,성산구,지에스25성산대방점,,편의점,경상남도 창원시 성산구 가양로124번길 1,경상남도 창원시 성산구 대방동 362-1,사파동,128.707022237063,35.209232980384,MA0101202506A0023547,소상공인시장진흥공단_상가(상권)정보_API (data.go.kr 15012005),202606,2026-10-01
CW-SEONGSAN,성산구,지에스25창원서광점,,편의점,경상남도 창원시 성산구 중앙대로 49,경상남도 창원시 성산구 중앙동 100-4,중앙동,128.675940190089,35.2201304981395,MA0101202507A0035271,소상공인시장진흥공단_상가(상권)정보_API (data.go.kr 15012005),202606,2026-10-01
CW-SEONGSAN,성산구,씨유창원유니온공원점,,편의점,경상남도 창원시 성산구 삼정자로 81,경상남도 창원시 성산구 성주동 153,성주동,128.715071646728,35.1982955856572,MA0101202507A0037534,소상공인시장진흥공단_상가(상권)정보_API (data.go.kr 15012005),202606,2026-10-01
CW-SEONGSAN,성산구,지에스25신월명랑점,,편의점,경상남도 창원시 성산구 신월로72번길 1,경상남도 창원시 성산구 신월동 77-1,용지동,128.69463613153,35.226142636487,MA0101202508A0010042,소상공인시장진흥공단_상가(상권)정보_API (data.go.kr 15012005),202606,2026-10-01
CW-SEONGSAN,성산구,세븐일레븐창원귀산점,,편의점,경상남도 창원시 성산구 삼귀로 183-1,경상남도 창원시 성산구 귀곡동 721-2,웅남동,128.599024055625,35.1699178682657,MA0101202508A0018582,소상공인시장진흥공단_상가(상권)정보_API (data.go.kr 15012005),202606,2026-10-01
CW-SEONGSAN,성산구,지에스25성산에뜰,2차점,편의점,경상남도 창원시 성산구 대원로 60,경상남도 창원시 성산구 대원동 111,중앙동,128.655256545926,35.2345282904819,MA0101202508A0031342,소상공인시장진흥공단_상가(상권)정보_API (data.go.kr 15012005),202606,2026-10-01
CW-SEONGSAN,성산구,씨유상남,플러스점,편의점,경상남도 창원시 성산구 마디미로44번길 13,경상남도 창원시 성산구 상남동 23-1,상남동,128.68184840499,35.2211840774947,MA0101202509A0000287,소상공인시장진흥공단_상가(상권)정보_API (data.go.kr 15012005),202606,2026-10-01
CW-SEONGSAN,성산구,씨유창원남양,롯데점,편의점,경상남도 창원시 성산구 대암로 56-1,경상남도 창원시 성산구 남양동 4,가음정동,128.702503063968,35.2141992502203,MA0101202509A0002981,소상공인시장진흥공단_상가(상권)정보_API (data.go.kr 15012005),202606,2026-10-01
CW-SEONGSAN,성산구,지에스25창원디아트리에점,,편의점,경상남도 창원시 성산구 중앙대로 90,경상남도 창원시 성산구 상남동 75-3,중앙동,128.679840833487,35.2223565077161,MA0101202509A0033682,소상공인시장진흥공단_상가(상권)정보_API (data.go.kr 15012005),202606,2026-10-01
CW-SEONGSAN,성산구,이마트24창원마크로엔점,,편의점,경상남도 창원시 성산구 창원천로 60,경상남도 창원시 성산구 대원동 38,중앙동,128.648642104263,35.2360605431233,MA0101202510A0004173,소상공인시장진흥공단_상가(상권)정보_API (data.go.kr 15012005),202606,2026-10-01
CW-SEONGSAN,성산구,지에스25창원창이대로점,,편의점,경상남도 창원시 성산구 창이대로881번길 11,경상남도 창원시 성산구 대방동 366-4,사파동,128.708309737037,35.2072681879138,MA0101202510A0004601,소상공인시장진흥공단_상가(상권)정보_API (data.go.kr 15012005),202606,2026-10-01
CW-SEONGSAN,성산구,이마트24창원,대동점,편의점,경상남도 창원시 성산구 동산로 162,경상남도 창원시 성산구 사파동 140,사파동,128.693714776646,35.2219738869362,MA0101202511A0017703,소상공인시장진흥공단_상가(상권)정보_API (data.go.kr 15012005),202606,2026-10-01
CW-SEONGSAN,성산구,지에스25창원사파점,,편의점,경상남도 창원시 성산구 비음로 54,경상남도 창원시 성산구 사파동 47-6,사파동,128.700677615446,35.2277611848746,MA0101202511A0019852,소상공인시장진흥공단_상가(상권)정보_API (data.go.kr 15012005),202606,2026-10-01
CW-SEONGSAN,성산구,지에스25창원일동점,,편의점,경상남도 창원시 성산구 외동반림로 210,경상남도 창원시 성산구 용호동 67-1,용지동,128.677211326054,35.2360013842878,MA0101202512A0005022,소상공인시장진흥공단_상가(상권)정보_API (data.go.kr 15012005),202606,2026-10-01
CW-SEONGSAN,성산구,씨유창원가양로점,,편의점,경상남도 창원시 성산구 가양로56번길 2,경상남도 창원시 성산구 가음동 38-1,가음정동,128.700436143823,35.2067121477879,MA0101202512A0010082,소상공인시장진흥공단_상가(상권)정보_API (data.go.kr 15012005),202606,2026-10-01
CW-SEONGSAN,성산구,지에스25용지더샵레이크점,,편의점,경상남도 창원시 성산구 용호로 9,경상남도 창원시 성산구 용호동 69,용지동,128.676443198837,35.2312355700873,MA0101202601A0007811,소상공인시장진흥공단_상가(상권)정보_API (data.go.kr 15012005),202606,2026-10-01
CW-SEONGSAN,성산구,이마트24창원힐스,센트럴점,편의점,경상남도 창원시 성산구 중앙대로 74,경상남도 창원시 성산구 상남동 74-3,중앙동,128.678737757895,35.2210560323611,MA0101202601A0029173,소상공인시장진흥공단_상가(상권)정보_API (data.go.kr 15012005),202606,2026-10-01
CW-SEONGSAN,성산구,세븐일레븐창원,오거리점,편의점,경상남도 창원시 성산구 원이대로580번길 14,경상남도 창원시 성산구 중앙동 70-8,중앙동,128.67725027563,35.2272229741045,MA0101202602A0027403,소상공인시장진흥공단_상가(상권)정보_API (data.go.kr 15012005),202606,2026-10-01
CW-SEONGSAN,성산구,세븐일레븐창원경남FC점,,편의점,경상남도 창원시 성산구 비음로 97,경상남도 창원시 성산구 사파정동 305,사파동,128.707107384724,35.2237864195112,MA0101202602A0029284,소상공인시장진흥공단_상가(상권)정보_API (data.go.kr 15012005),202606,2026-10-01
CW-SEONGSAN,성산구,세븐일레븐창원성산공단매점,,편의점,경상남도 창원시 성산구 성산패총로38번길 2,경상남도 창원시 성산구 성산동 58-3,웅남동,128.67453487999,35.1987639478535,MA0101202603A0017145,소상공인시장진흥공단_상가(상권)정보_API (data.go.kr 15012005),202606,2026-10-01
CW-SEONGSAN,성산구,지에스25창원골든벨점,,편의점,경상남도 창원시 성산구 동산로73번길 15,경상남도 창원시 성산구 상남동 94-1,상남동,128.684671678629,35.2175038856371,MA0101202603A0027009,소상공인시장진흥공단_상가(상권)정보_API (data.go.kr 15012005),202606,2026-10-01
CW-SEONGSAN,성산구,씨유창원사파,동성점,편의점,경상남도 창원시 성산구 창이대로 733,경상남도 창원시 성산구 사파동 93,사파동,128.702195954195,35.2194756880419,MA0101202604A0036966,소상공인시장진흥공단_상가(상권)정보_API (data.go.kr 15012005),202606,2026-10-01
CW-SEONGSAN,성산구,씨유창원용지,아이파크점,편의점,경상남도 창원시 성산구 원이대로579번길 13,경상남도 창원시 성산구 용호동 70,용지동,128.678358581844,35.2293074488887,MA0101202604A0038125,소상공인시장진흥공단_상가(상권)정보_API (data.go.kr 15012005),202606,2026-10-01
CW-SEONGSAN,성산구,이마트24,창원시티세븐점,편의점,경상남도 창원시 성산구 원이대로 320,경상남도 창원시 성산구 대원동 121,중앙동,128.654405308052,35.2396678816295,MA0103202604C0010961,소상공인시장진흥공단_상가(상권)정보_API (data.go.kr 15012005),202606,2026-10-01
CW-SEONGSAN,성산구,씨유창원남산대우점,,편의점,경상남도 창원시 성산구 성주로 147,경상남도 창원시 성산구 남산동 601-7,성주동,128.701553654906,35.199225340387,MA0106202409A1809992,소상공인시장진흥공단_상가(상권)정보_API (data.go.kr 15012005),202606,2026-10-01
CW-SEONGSAN,성산구,씨유창원리제스점,,편의점,경상남도 창원시 성산구 중앙대로 85,경상남도 창원시 성산구 중앙동 96-4,중앙동,128.678271119221,35.2229280291581,MA0106202605A0776715,소상공인시장진흥공단_상가(상권)정보_API (data.go.kr 15012005),202606,2026-10-01
CW-MASANHAPPO,마산합포구,씨유마산자산,혁신점,편의점,경상남도 창원시 마산합포구 심온길 110,경상남도 창원시 마산합포구 자산동 296-4,자산동,128.564665016924,35.2034241941699,MA010120220800227451,소상공인시장진흥공단_상가(상권)정보_API (data.go.kr 15012005),202606,2026-10-01
CW-MASANHAPPO,마산합포구,씨유마산용마점,,편의점,경상남도 창원시 마산합포구 산호북3길 23,경상남도 창원시 마산합포구 산호동 19-35,산호동,128.584700634979,35.2173850778898,MA010120220800478112,소상공인시장진흥공단_상가(상권)정보_API (data.go.kr 15012005),202606,2026-10-01
CW-MASANHAPPO,마산합포구,씨유마산대창점,,편의점,경상남도 창원시 마산합포구 월영북로 61,경상남도 창원시 마산합포구 대창동 67,문화동,128.555893860608,35.1856836378789,MA010120220801232585,소상공인시장진흥공단_상가(상권)정보_API (data.go.kr 15012005),202606,2026-10-01
CW-MASANHAPPO,마산합포구,GS25마산,상남점,편의점,경상남도 창원시 마산합포구 교방천북길 267,경상남도 창원시 마산합포구 상남동 230-25,합포동,128.576368286492,35.2095900400894,MA010120220802900662,소상공인시장진흥공단_상가(상권)정보_API (data.go.kr 15012005),202606,2026-10-01
CW-MASANHAPPO,마산합포구,씨유마산월영현대점,,편의점,경상남도 창원시 마산합포구 월영마을로 5,경상남도 창원시 마산합포구 월영동 705-2,월영동,128.5583482957,35.1733681228782,MA010120220803088665,소상공인시장진흥공단_상가(상권)정보_API (data.go.kr 15012005),202606,2026-10-01
CW-MASANHAPPO,마산합포구,씨유경남대교육관점,,편의점,경상남도 창원시 마산합포구 경남대학로 7,경상남도 창원시 마산합포구 월영동 449,월영동,128.555099333644,35.1843149420876,MA010120220803292655,소상공인시장진흥공단_상가(상권)정보_API (data.go.kr 15012005),202606,2026-10-01
CW-MASANHAPPO,마산합포구,이마트24마산,창포점,편의점,경상남도 창원시 마산합포구 진전면 회진로 1543,경상남도 창원시 마산합포구 진전면 이명리 51-2,진전면,128.455315046619,35.0914183057752,MA010120220803335631,소상공인시장진흥공단_상가(상권)정보_API (data.go.kr 15012005),202606,2026-10-01
CW-MASANHAPPO,마산합포구,씨유마산마린점,,편의점,경상남도 창원시 마산합포구 오동동14길 67,경상남도 창원시 마산합포구 오동동 322,오동동,128.583323744166,35.2069938263839,MA010120220803412125,소상공인시장진흥공단_상가(상권)정보_API (data.go.kr 15012005),202606,2026-10-01
CW-MASANHAPPO,마산합포구,지에스25마산댓,거리점,편의점,경상남도 창원시 마산합포구 월영동서로 15,경상남도 창원시 마산합포구 해운동 5-87,월영동,128.559904777205,35.1795756798076,MA010120220804333069,소상공인시장진흥공단_상가(상권)정보_API (data.go.kr 15012005),202606,2026-10-01
CW-MASANHAPPO,마산합포구,세븐일레븐마산진동새천년점,,편의점,경상남도 창원시 마산합포구 진동면 남해안대로 5422,경상남도 창원시 마산합포구 진동면 인곡리 1011-1,진동면,128.501752303238,35.1362034073445,MA010120220804728511,소상공인시장진흥공단_상가(상권)정보_API (data.go.kr 15012005),202606,2026-10-01
CW-MASANHAPPO,마산합포구,씨유마산마린애시앙점,,편의점,경상남도 창원시 마산합포구 가포로 98,경상남도 창원시 마산합포구 월영동 614-110,월영동,128.562297425897,35.1755433141131,MA010120220805153955,소상공인시장진흥공단_상가(상권)정보_API (data.go.kr 15012005),202606,2026-10-01
CW-MASANHAPPO,마산합포구,세븐일레븐마산성지점,,편의점,경상남도 창원시 마산합포구 고운로 175,경상남도 창원시 마산합포구 완월동 217-3,완월동,128.561847751981,35.1973591769264,MA010120220805205345,소상공인시장진흥공단_상가(상권)정보_API (data.go.kr 15012005),202606,2026-10-01
CW-MASANHAPPO,마산합포구,세븐일레븐마산현동길점,,편의점,경상남도 창원시 마산합포구 현동10길 16,경상남도 창원시 마산합포구 현동 275,현동,128.551171119917,35.1462696284889,MA010120220805227305,소상공인시장진흥공단_상가(상권)정보_API (data.go.kr 15012005),202606,2026-10-01
CW-MASANHAPPO,마산합포구,씨유마산산호프렌즈점,,편의점,경상남도 창원시 마산합포구 용마로 55,경상남도 창원시 마산합포구 산호동 50-34,산호동,128.580685605887,35.2187443694982,MA010120220805539898,소상공인시장진흥공단_상가(상권)정보_API (data.go.kr 15012005),202606,2026-10-01
CW-MASANHAPPO,마산합포구,해빛,마산점,편의점,경상남도 창원시 마산합포구 가포로 700,경상남도 창원시 마산합포구 덕동동 613-1,현동,128.574670131234,35.1397929244827,MA010120220805637770,소상공인시장진흥공단_상가(상권)정보_API (data.go.kr 15012005),202606,2026-10-01
CW-MASANHAPPO,마산합포구,지에스25진동,에이스점,편의점,경상남도 창원시 마산합포구 진동면 신서촌1길 49,경상남도 창원시 마산합포구 진동면 진동리 624-10,진동면,128.486409441028,35.1160060725592,MA010120220805831321,소상공인시장진흥공단_상가(상권)정보_API (data.go.kr 15012005),202606,2026-10-01
CW-MASANHAPPO,마산합포구,이마트24창원진동점,,편의점,경상남도 창원시 마산합포구 진동면 신서촌로 20,경상남도 창원시 마산합포구 진동면 진동리 627-5,진동면,128.484989731396,35.116347931327,MA010120220805956458,소상공인시장진흥공단_상가(상권)정보_API (data.go.kr 15012005),202606,2026-10-01
CW-MASANHAPPO,마산합포구,씨유마산가포어울림점,,편의점,경상남도 창원시 마산합포구 가포본동9길 10,경상남도 창원시 마산합포구 가포동 755,가포동,128.57987067794,35.1556862682287,MA010120220805986375,소상공인시장진흥공단_상가(상권)정보_API (data.go.kr 15012005),202606,2026-10-01
CW-MASANHAPPO,마산합포구,씨유마산가포,부영점,편의점,경상남도 창원시 마산합포구 가포로 154-11,경상남도 창원시 마산합포구 월영동 732,월영동,128.5601172026,35.1682893654424,MA010120220806422264,소상공인시장진흥공단_상가(상권)정보_API (data.go.kr 15012005),202606,2026-10-01
CW-MASANHAPPO,마산합포구,데이앤데이가포점,,편의점,경상남도 창원시 마산합포구 가포본동7길 5,경상남도 창원시 마산합포구 가포동 192-1,가포동,128.582235192,35.1559528156934,MA010120220806472655,소상공인시장진흥공단_상가(상권)정보_API (data.go.kr 15012005),202606,2026-10-01
CW-MASANHAPPO,마산합포구,한백마트,,편의점,경상남도 창원시 마산합포구 월영동13길 14,경상남도 창원시 마산합포구 해운동 66-2,월영동,128.562862058193,35.1815292958657,MA010120220806540291,소상공인시장진흥공단_상가(상권)정보_API (data.go.kr 15012005),202606,2026-10-01
CW-MASANHAPPO,마산합포구,씨유마산운동장점,,편의점,경상남도 창원시 마산합포구 삼호로 57,경상남도 창원시 마산합포구 산호동 6-1,산호동,128.584662775133,35.2222161895333,MA010120220806826579,소상공인시장진흥공단_상가(상권)정보_API (data.go.kr 15012005),202606,2026-10-01
CW-MASANHAPPO,마산합포구,지에스25경남대고운관점,,편의점,경상남도 창원시 마산합포구 경남대학로 7,경상남도 창원시 마산합포구 월영동 449,월영동,128.555099333644,35.1843149420876,MA010120220806892561,소상공인시장진흥공단_상가(상권)정보_API (data.go.kr 15012005),202606,2026-10-01
CW-MASANHAPPO,마산합포구,씨유창원월영애시앙점,,편의점,경상남도 창원시 마산합포구 가포순환로 33,경상남도 창원시 마산합포구 월영동 738,월영동,128.562595377741,35.1750527983451,MA010120220806899285,소상공인시장진흥공단_상가(상권)정보_API (data.go.kr 15012005),202606,2026-10-01
CW-MASANHAPPO,마산합포구,지에스25마산세정점,,편의점,경상남도 창원시 마산합포구 동서동2길 60,경상남도 창원시 마산합포구 신포동2가 23,오동동,128.574167339127,35.201949148308,MA010120220806900825,소상공인시장진흥공단_상가(상권)정보_API (data.go.kr 15012005),202606,2026-10-01
CW-MASANHAPPO,마산합포구,씨유마산교방,롯데점,편의점,경상남도 창원시 마산합포구 노산서18길 80,경상남도 창원시 마산합포구 교방동 525,교방동,128.564960344249,35.2153798134241,MA010120220806931796,소상공인시장진흥공단_상가(상권)정보_API (data.go.kr 15012005),202606,2026-10-01
CW-MASANHAPPO,마산합포구,씨유마산합포도서관점,,편의점,경상남도 창원시 마산합포구 월영동북로 14,경상남도 창원시 마산합포구 해운동 67,월영동,128.56325755594,35.18211901094,MA010120220807013102,소상공인시장진흥공단_상가(상권)정보_API (data.go.kr 15012005),202606,2026-10-01
CW-MASANHAPPO,마산합포구,GS25마산두월점,,편의점,경상남도 창원시 마산합포구 문화북1길 17,경상남도 창원시 마산합포구 두월동1가 1-3,문화동,128.561585234935,35.1882329877238,MA010120220807021520,소상공인시장진흥공단_상가(상권)정보_API (data.go.kr 15012005),202606,2026-10-01
CW-MASANHAPPO,마산합포구,세븐일레븐마산오동,2호점,편의점,경상남도 창원시 마산합포구 문화의길 16,경상남도 창원시 마산합포구 오동동 147-7,오동동,128.579306546105,35.2070823524074,MA010120220807711875,소상공인시장진흥공단_상가(상권)정보_API (data.go.kr 15012005),202606,2026-10-01
CW-MASANHAPPO,마산합포구,씨유마산현동,중흥점,편의점,경상남도 창원시 마산합포구 현동9길 14,경상남도 창원시 마산합포구 현동 606,현동,128.55478242551,35.1451868984487,MA010120220807780631,소상공인시장진흥공단_상가(상권)정보_API (data.go.kr 15012005),202606,2026-10-01
CW-MASANHAPPO,마산합포구,이마트24마산,구산점,편의점,경상남도 창원시 마산합포구 구산면 구산로 797,경상남도 창원시 마산합포구 구산면 유산리 92-7,구산면,128.565954566908,35.1327049131944,MA010120220807928413,소상공인시장진흥공단_상가(상권)정보_API (data.go.kr 15012005),202606,2026-10-01
CW-MASANHAPPO,마산합포구,사회적협동조합마산희망지역자활센터,,편의점,경상남도 창원시 마산합포구 동서북7길 51,경상남도 창원시 마산합포구 남성동 151-5,오동동,128.575700624586,35.2040200732099,MA010120220807988764,소상공인시장진흥공단_상가(상권)정보_API (data.go.kr 15012005),202606,2026-10-01
CW-MASANHAPPO,마산합포구,이마트24마산예곡,로드점,편의점,경상남도 창원시 마산합포구 밤밭고개로 221,경상남도 창원시 마산합포구 예곡동 106-5,현동,128.553326651552,35.1615361876979,MA010120220808326844,소상공인시장진흥공단_상가(상권)정보_API (data.go.kr 15012005),202606,2026-10-01
CW-MASANHAPPO,마산합포구,세븐일레븐마산진동,스타점,편의점,경상남도 창원시 마산합포구 진동면 신서촌로 50-17,경상남도 창원시 마산합포구 진동면 진동리 435-5,진동면,128.486502579771,35.1187177304274,MA010120220808469233,소상공인시장진흥공단_상가(상권)정보_API (data.go.kr 15012005),202606,2026-10-01
CW-MASANHAPPO,마산합포구,씨유마산마린애시앙,2호점,편의점,경상남도 창원시 마산합포구 가포순환로 33,경상남도 창원시 마산합포구 월영동 738,월영동,128.562595377741,35.1750527983451,MA010120220808484375,소상공인시장진흥공단_상가(상권)정보_API (data.go.kr 15012005),202606,2026-10-01
CW-MASANHAPPO,마산합포구,미니스톱마산해안로점,,편의점,경상남도 창원시 마산합포구 해안대로 58,경상남도 창원시 마산합포구 해운동 46,월영동,128.564723581215,35.1812889577815,MA010120220808513693,소상공인시장진흥공단_상가(상권)정보_API (data.go.kr 15012005),202606,2026-10-01
CW-MASANHAPPO,마산합포구,지에스산호대로,,편의점,경상남도 창원시 마산합포구 합포로 250,경상남도 창원시 마산합포구 산호동 202-7,산호동,128.587333316125,35.2194865054113,MA010120220808514459,소상공인시장진흥공단_상가(상권)정보_API (data.go.kr 15012005),202606,2026-10-01
CW-MASANHAPPO,마산합포구,씨유마산월영동아점,,편의점,경상남도 창원시 마산합포구 월영남로 43,경상남도 창원시 마산합포구 월영동 614-7,월영동,128.559392615298,35.1751751937358,MA010120220809637025,소상공인시장진흥공단_상가(상권)정보_API (data.go.kr 15012005),202606,2026-10-01
CW-MASANHAPPO,마산합포구,마산장군데파트점,,편의점,경상남도 창원시 마산합포구 고운로 235,경상남도 창원시 마산합포구 장군동5가 6-2,완월동,128.566492494666,35.2008140034855,MA010120220810035525,소상공인시장진흥공단_상가(상권)정보_API (data.go.kr 15012005),202606,2026-10-01
CW-MASANHAPPO,마산합포구,지에스25경남대학사점,,편의점,경상남도 창원시 마산합포구 경남대학로 7,경상남도 창원시 마산합포구 월영동 449,월영동,128.555099333644,35.1843149420876,MA010120220810164832,소상공인시장진흥공단_상가(상권)정보_API (data.go.kr 15012005),202606,2026-10-01
CW-MASANHAPPO,마산합포구,세븐마산선진빌딩점,코리아,편의점,경상남도 창원시 마산합포구 가포로 8,경상남도 창원시 마산합포구 해운동 13-13,월영동,128.55814493576,35.1793910506287,MA010120220810286938,소상공인시장진흥공단_상가(상권)정보_API (data.go.kr 15012005),202606,2026-10-01
CW-MASANHAPPO,마산합포구,지에스25자산솔밭점,,편의점,경상남도 창원시 마산합포구 자산솔밭로 43,경상남도 창원시 마산합포구 자산동 331-2,자산동,128.559201960148,35.2008179955306,MA010120220810356222,소상공인시장진흥공단_상가(상권)정보_API (data.go.kr 15012005),202606,2026-10-01
CW-MASANHAPPO,마산합포구,옥이편의점,,편의점,경상남도 창원시 마산합포구 구산면 해양관광로 1600,경상남도 창원시 마산합포구 구산면 반동리 623,구산면,128.57253045009,35.0849886107067,MA010120220810413080,소상공인시장진흥공단_상가(상권)정보_API (data.go.kr 15012005),202606,2026-10-01
CW-MASANHAPPO,마산합포구,세븐일레븐마산SK뷰,후문점,편의점,경상남도 창원시 마산합포구 월영남18길 68,경상남도 창원시 마산합포구 월영동 614-321,월영동,128.560609809287,35.1768358277521,MA010120220810831761,소상공인시장진흥공단_상가(상권)정보_API (data.go.kr 15012005),202606,2026-10-01
CW-MASANHAPPO,마산합포구,씨유마산가포점,,편의점,경상남도 창원시 마산합포구 가포로 261,경상남도 창원시 마산합포구 가포동 494,가포동,128.57149435514,35.1680611629124,MA010120220810832572,소상공인시장진흥공단_상가(상권)정보_API (data.go.kr 15012005),202606,2026-10-01
CW-MASANHAPPO,마산합포구,씨유마산산호점,,편의점,경상남도 창원시 마산합포구 산호북17길 25,경상남도 창원시 마산합포구 산호동 24-31,산호동,128.584319082529,35.2203551343163,MA010120220810839973,소상공인시장진흥공단_상가(상권)정보_API (data.go.kr 15012005),202606,2026-10-01
CW-MASANHAPPO,마산합포구,이마트24홍문점,,편의점,경상남도 창원시 마산합포구 문화남11길 12,경상남도 창원시 마산합포구 홍문동 10-1,문화동,128.559243552744,35.1840363374288,MA010120220810841085,소상공인시장진흥공단_상가(상권)정보_API (data.go.kr 15012005),202606,2026-10-01
CW-MASANHAPPO,마산합포구,GS25오동점,,편의점,경상남도 창원시 마산합포구 아구찜길 34,경상남도 창원시 마산합포구 오동동 149-39,오동동,128.57851561551,35.2070656314959,MA010120220810842807,소상공인시장진흥공단_상가(상권)정보_API (data.go.kr 15012005),202606,2026-10-01
CW-MASANHAPPO,마산합포구,GS25마산,해안점,편의점,경상남도 창원시 마산합포구 월영동9길 24,경상남도 창원시 마산합포구 해운동 43-9,월영동,128.563939583071,35.1799021595944,MA010120220810845451,소상공인시장진흥공단_상가(상권)정보_API (data.go.kr 15012005),202606,2026-10-01
CW-MASANHAPPO,마산합포구,지에스25마산신,수정점,편의점,경상남도 창원시 마산합포구 315대로 232,경상남도 창원시 마산합포구 중앙동3가 4-37,반월중앙동,128.567509414368,35.198881200498,MA010120220810848105,소상공인시장진흥공단_상가(상권)정보_API (data.go.kr 15012005),202606,2026-10-01
CW-MASANHAPPO,마산합포구,세븐일레븐마산,창동점,편의점,경상남도 창원시 마산합포구 동서북10길 80,경상남도 창원시 마산합포구 동성동 258-1,오동동,128.57594139961,35.2062520083223,MA010120220810848518,소상공인시장진흥공단_상가(상권)정보_API (data.go.kr 15012005),202606,2026-10-01
CW-MASANHAPPO,마산합포구,씨유프로토해운점,,편의점,경상남도 창원시 마산합포구 월영남로 21,경상남도 창원시 마산합포구 해운동 18-29,월영동,128.558657484662,35.1769150463508,MA010120220810849851,소상공인시장진흥공단_상가(상권)정보_API (data.go.kr 15012005),202606,2026-10-01
CW-MASANHAPPO,마산합포구,GS25마산세진점,,편의점,경상남도 창원시 마산합포구 해안대로 396,경상남도 창원시 마산합포구 오동동 319-1,오동동,128.582368699586,35.2047442103787,MA010120220810850288,소상공인시장진흥공단_상가(상권)정보_API (data.go.kr 15012005),202606,2026-10-01
CW-MASANHAPPO,마산합포구,씨유마산하이점,,편의점,경상남도 창원시 마산합포구 고운로 133,경상남도 창원시 마산합포구 완월동 320,완월동,128.561044384425,35.1938186481742,MA010120220810857315,소상공인시장진흥공단_상가(상권)정보_API (data.go.kr 15012005),202606,2026-10-01
CW-MASANHAPPO,마산합포구,씨유마산,자산점,편의점,경상남도 창원시 마산합포구 자산남4길 1,경상남도 창원시 마산합포구 자산동 299-26,자산동,128.566035200791,35.2027305475658,MA010120220810859150,소상공인시장진흥공단_상가(상권)정보_API (data.go.kr 15012005),202606,2026-10-01
CW-MASANHAPPO,마산합포구,GS25마산산호점,,편의점,경상남도 창원시 마산합포구 합포로 243,경상남도 창원시 마산합포구 산호동 13-55,산호동,128.586903464719,35.2188432534931,MA010120220810859183,소상공인시장진흥공단_상가(상권)정보_API (data.go.kr 15012005),202606,2026-10-01
CW-MASANHAPPO,마산합포구,씨유마산연세점,,편의점,경상남도 창원시 마산합포구 315대로 76,경상남도 창원시 마산합포구 월남동2가 5,문화동,128.561603386457,35.1863131077917,MA010120220810859452,소상공인시장진흥공단_상가(상권)정보_API (data.go.kr 15012005),202606,2026-10-01
CW-MASANHAPPO,마산합포구,GS25경남대,사랑점,편의점,경상남도 창원시 마산합포구 월영북로 21,경상남도 창원시 마산합포구 월영동 423,월영동,128.556253853285,35.1821100876926,MA010120220810863265,소상공인시장진흥공단_상가(상권)정보_API (data.go.kr 15012005),202606,2026-10-01
CW-MASANHAPPO,마산합포구,GS25경남대,후문점,편의점,경상남도 창원시 마산합포구 문화남11길 112,경상남도 창원시 마산합포구 화영동 4-10,문화동,128.553906328409,35.185078289849,MA010120220810863659,소상공인시장진흥공단_상가(상권)정보_API (data.go.kr 15012005),202606,2026-10-01
CW-MASANHAPPO,마산합포구,씨유마산산호,제일점,편의점,경상남도 창원시 마산합포구 산호북21길 15,경상남도 창원시 마산합포구 산호동 9-4,산호동,128.585792456896,35.2204439870419,MA010120220810865239,소상공인시장진흥공단_상가(상권)정보_API (data.go.kr 15012005),202606,2026-10-01
CW-MASANHAPPO,마산합포구,미니스톱마산진동,신도시점,편의점,경상남도 창원시 마산합포구 진동면 신서촌1길 4,경상남도 창원시 마산합포구 진동면 진동리 437-4,진동면,128.486105495612,35.1179925778132,MA010120220810866938,소상공인시장진흥공단_상가(상권)정보_API (data.go.kr 15012005),202606,2026-10-01
CW-MASANHAPPO,마산합포구,GS25마산,창포점,편의점,경상남도 창원시 마산합포구 문화동14길 46,경상남도 창원시 마산합포구 창포동3가 1-19,문화동,128.561413993757,35.1821518092841,MA010120220810867271,소상공인시장진흥공단_상가(상권)정보_API (data.go.kr 15012005),202606,2026-10-01
CW-MASANHAPPO,마산합포구,GS25마산진전점,,편의점,경상남도 창원시 마산합포구 진전면 남해안대로 4504-18,경상남도 창원시 마산합포구 진전면 오서리 655-1,진전면,128.416565908701,35.099799480822,MA010120220810868405,소상공인시장진흥공단_상가(상권)정보_API (data.go.kr 15012005),202606,2026-10-01
CW-MASANHAPPO,마산합포구,씨유경남대도서관점,,편의점,경상남도 창원시 마산합포구 경남대학로 7,경상남도 창원시 마산합포구 월영동 449,월영동,128.555099333644,35.1843149420876,MA010120220810873621,소상공인시장진흥공단_상가(상권)정보_API (data.go.kr 15012005),202606,2026-10-01
CW-MASANHAPPO,마산합포구,GS25마산리베라점,,편의점,경상남도 창원시 마산합포구 해안대로 311,경상남도 창원시 마산합포구 신포동2가 117-45,오동동,128.57490773331,35.2004885249517,MA010120220810873802,소상공인시장진흥공단_상가(상권)정보_API (data.go.kr 15012005),202606,2026-10-01
CW-MASANHAPPO,마산합포구,씨유마산교방대로점,,편의점,경상남도 창원시 마산합포구 무학로 484,경상남도 창원시 마산합포구 교방동 380-12,교방동,128.563335061481,35.2113722807195,MA010120220810874653,소상공인시장진흥공단_상가(상권)정보_API (data.go.kr 15012005),202606,2026-10-01
CW-MASANHAPPO,마산합포구,씨유마산근곡점,,편의점,경상남도 창원시 마산합포구 진전면 삼진의거대로 246,경상남도 창원시 마산합포구 진전면 근곡리 98-21,진전면,128.448063438968,35.1073404597331,MA010120220810880733,소상공인시장진흥공단_상가(상권)정보_API (data.go.kr 15012005),202606,2026-10-01
CW-MASANHAPPO,마산합포구,은세계,,편의점,경상남도 창원시 마산합포구 315대로 364,경상남도 창원시 마산합포구 창동 28,오동동,128.573914660055,35.2070624531338,MA010120220810884901,소상공인시장진흥공단_상가(상권)정보_API (data.go.kr 15012005),202606,2026-10-01
CW-MASANHAPPO,마산합포구,세븐마산오동점,코리아,편의점,경상남도 창원시 마산합포구 아구찜길 69,경상남도 창원시 마산합포구 오동동 113-6,오동동,128.578262801393,35.2087542408885,MA010120220810896715,소상공인시장진흥공단_상가(상권)정보_API (data.go.kr 15012005),202606,2026-10-01
CW-MASANHAPPO,마산합포구,씨유월영,마을점,편의점,경상남도 창원시 마산합포구 월영남로 21,경상남도 창원시 마산합포구 해운동 18-29,월영동,128.558657484662,35.1769150463508,MA010120220810903934,소상공인시장진흥공단_상가(상권)정보_API (data.go.kr 15012005),202606,2026-10-01
CW-MASANHAPPO,마산합포구,씨유마산진동대로점,,편의점,경상남도 창원시 마산합포구 진동면 태봉1길 3,경상남도 창원시 마산합포구 진동면 태봉리 122,진동면,128.509205205489,35.1453036150412,MA010120220810909968,소상공인시장진흥공단_상가(상권)정보_API (data.go.kr 15012005),202606,2026-10-01
CW-MASANHAPPO,마산합포구,GS25마산,신흥점,편의점,경상남도 창원시 마산합포구 중앙남4길 61,경상남도 창원시 마산합포구 신흥동 4-21,반월중앙동,128.565095716005,35.1943972136952,MA010120220810925638,소상공인시장진흥공단_상가(상권)정보_API (data.go.kr 15012005),202606,2026-10-01
CW-MASANHAPPO,마산합포구,세븐마산산호야구장점,코리아,편의점,경상남도 창원시 마산합포구 산호북17길 7,경상남도 창원시 마산합포구 산호동 24-57,산호동,128.583701821659,35.2208048174882,MA010120220811231467,소상공인시장진흥공단_상가(상권)정보_API (data.go.kr 15012005),202606,2026-10-01
CW-MASANHAPPO,마산합포구,씨유마산해운,두산점,편의점,경상남도 창원시 마산합포구 월영동11길 47,경상남도 창원시 마산합포구 해운동 47-1,월영동,128.565774623243,35.1794278247499,MA010120220811729650,소상공인시장진흥공단_상가(상권)정보_API (data.go.kr 15012005),202606,2026-10-01
CW-MASANHAPPO,마산합포구,씨유마산완월점,,편의점,경상남도 창원시 마산합포구 완월남로 20-1,경상남도 창원시 마산합포구 완월동 207-2,완월동,128.559829940266,35.197484327481,MA010120220811734612,소상공인시장진흥공단_상가(상권)정보_API (data.go.kr 15012005),202606,2026-10-01
CW-MASANHAPPO,마산합포구,이마트24마산교방점,,편의점,경상남도 창원시 마산합포구 노산서18길 125,경상남도 창원시 마산합포구 교방동 369-2,교방동,128.563559526776,35.2144876662161,MA010120220811889822,소상공인시장진흥공단_상가(상권)정보_API (data.go.kr 15012005),202606,2026-10-01
CW-MASANHAPPO,마산합포구,지에스25마산반월,중앙점,편의점,경상남도 창원시 마산합포구 중앙남11길 25,경상남도 창원시 마산합포구 장군동1가 5-1,반월중앙동,128.562749282055,35.1922645442825,MA010120220811930653,소상공인시장진흥공단_상가(상권)정보_API (data.go.kr 15012005),202606,2026-10-01
CW-MASANHAPPO,마산합포구,지에스25마산원전항점,,편의점,경상남도 창원시 마산합포구 구산면 이순신로 646,경상남도 창원시 마산합포구 구산면 심리 산 3-2,구산면,128.635024103416,35.0700393808582,MA010120220812042366,소상공인시장진흥공단_상가(상권)정보_API (data.go.kr 15012005),202606,2026-10-01
CW-MASANHAPPO,마산합포구,이마트24마산,중앙점,편의점,경상남도 창원시 마산합포구 315대로 127,경상남도 창원시 마산합포구 중앙동1가 3-4,반월중앙동,128.562839297824,35.190659172677,MA010120220812419826,소상공인시장진흥공단_상가(상권)정보_API (data.go.kr 15012005),202606,2026-10-01
CW-MASANHAPPO,마산합포구,지에스25마산,창동점,편의점,경상남도 창원시 마산합포구 315대로 376,경상남도 창원시 마산합포구 중성동 20-73,오동동,128.574365586637,35.2082372105617,MA010120220812523289,소상공인시장진흥공단_상가(상권)정보_API (data.go.kr 15012005),202606,2026-10-01
CW-MASANHAPPO,마산합포구,씨유마산M호텔점,,편의점,경상남도 창원시 마산합포구 해안대로 367,경상남도 창원시 마산합포구 동성동 315,오동동,128.579625148961,35.2036895440749,MA010120220812755441,소상공인시장진흥공단_상가(상권)정보_API (data.go.kr 15012005),202606,2026-10-01
CW-MASANHAPPO,마산합포구,이마트24마산진동,중앙점,편의점,경상남도 창원시 마산합포구 진동면 삼진의거대로 653,경상남도 창원시 마산합포구 진동면 진동리 495-3,진동면,128.488724949012,35.1166716232439,MA010120220812786333,소상공인시장진흥공단_상가(상권)정보_API (data.go.kr 15012005),202606,2026-10-01
CW-MASANHAPPO,마산합포구,빅마트24시,,편의점,경상남도 창원시 마산합포구 월영남12길 12,경상남도 창원시 마산합포구 월영동 736,월영동,128.55946607141,35.1761475914543,MA010120220813085862,소상공인시장진흥공단_상가(상권)정보_API (data.go.kr 15012005),202606,2026-10-01
CW-MASANHAPPO,마산합포구,씨유마산현동LH,그린점,편의점,경상남도 창원시 마산합포구 묘촌1길 28,경상남도 창원시 마산합포구 현동 620,현동,128.559606580223,35.1403933345778,MA010120220813086414,소상공인시장진흥공단_상가(상권)정보_API (data.go.kr 15012005),202606,2026-10-01
CW-MASANHAPPO,마산합포구,GS25진동원룸점,,편의점,경상남도 창원시 마산합포구 진동면 신성산로 10,경상남도 창원시 마산합포구 진동면 진동리 123-4,진동면,128.492036616899,35.1172257302474,MA010120220813123743,소상공인시장진흥공단_상가(상권)정보_API (data.go.kr 15012005),202606,2026-10-01
CW-MASANHAPPO,마산합포구,CU마산산호비젼점,,편의점,경상남도 창원시 마산합포구 합포로 131,경상남도 창원시 마산합포구 산호동 426-3,합포동,128.583114328321,35.2097813848872,MA010120220813343729,소상공인시장진흥공단_상가(상권)정보_API (data.go.kr 15012005),202606,2026-10-01
CW-MASANHAPPO,마산합포구,씨유마산킹덤점,,편의점,경상남도 창원시 마산합포구 회원남25길 31,경상남도 창원시 마산합포구 교방동 359-9,교방동,128.564309639791,35.2163795863326,MA010120220813479533,소상공인시장진흥공단_상가(상권)정보_API (data.go.kr 15012005),202606,2026-10-01
CW-MASANHAPPO,마산합포구,씨유마산반동점,,편의점,경상남도 창원시 마산합포구 구산면 해양관광로 1459,경상남도 창원시 마산합포구 구산면 반동리 396-7,구산면,128.585417096363,35.08744342147,MA010120220813484266,소상공인시장진흥공단_상가(상권)정보_API (data.go.kr 15012005),202606,2026-10-01
CW-MASANHAPPO,마산합포구,씨유마산신포,롯데점,편의점,경상남도 창원시 마산합포구 동서동3길 80,경상남도 창원시 마산합포구 신포동2가 93-4,오동동,128.572763707943,35.2009039301601,MA010120220813586822,소상공인시장진흥공단_상가(상권)정보_API (data.go.kr 15012005),202606,2026-10-01
CW-MASANHAPPO,마산합포구,지에스25마산서중점,,편의점,경상남도 창원시 마산합포구 월영남로 8,경상남도 창원시 마산합포구 해운동 15-7,월영동,128.55822065711,35.17818240955,MA010120220813627733,소상공인시장진흥공단_상가(상권)정보_API (data.go.kr 15012005),202606,2026-10-01
CW-MASANHAPPO,마산합포구,하프타임마산,현동점,편의점,경상남도 창원시 마산합포구 현동로 32,경상남도 창원시 마산합포구 우산동 92,현동,128.552503797417,35.1523089487915,MA010120220813866620,소상공인시장진흥공단_상가(상권)정보_API (data.go.kr 15012005),202606,2026-10-01
CW-MASANHAPPO,마산합포구,이마트24창원진동점,,편의점,경상남도 창원시 마산합포구 진동면 신서촌로 20,경상남도 창원시 마산합포구 진동면 진동리 627-5,진동면,128.486869854434,35.1159914121848,MA010120220814080553,소상공인시장진흥공단_상가(상권)정보_API (data.go.kr 15012005),202606,2026-10-01
CW-MASANHAPPO,마산합포구,이마트24마산진북점,,편의점,경상남도 창원시 마산합포구 진북면 진북산업로 158,경상남도 창원시 마산합포구 진북면 망곡리 177,진북면,128.486543243343,35.1294061941991,MA010120220814096559,소상공인시장진흥공단_상가(상권)정보_API (data.go.kr 15012005),202606,2026-10-01
CW-MASANHAPPO,마산합포구,씨유마산진전,창포점,편의점,경상남도 창원시 마산합포구 진전면 회진로 1451,경상남도 창원시 마산합포구 진전면 창포리 74-3,진전면,128.463045506231,35.0871163300188,MA010120220814163233,소상공인시장진흥공단_상가(상권)정보_API (data.go.kr 15012005),202606,2026-10-01
CW-MASANHAPPO,마산합포구,지에스25마산,칸타빌점,편의점,경상남도 창원시 마산합포구 합포동6길 8,경상남도 창원시 마산합포구 산호동 651,합포동,128.58570589545,35.2114778359117,MA010120220814202487,소상공인시장진흥공단_상가(상권)정보_API (data.go.kr 15012005),202606,2026-10-01
CW-MASANHAPPO,마산합포구,지에스25마산리베라점,,편의점,경상남도 창원시 마산합포구 해안대로 311,경상남도 창원시 마산합포구 신포동2가 117-45,오동동,128.57490773331,35.2004885249517,MA0101202209A0084546,소상공인시장진흥공단_상가(상권)정보_API (data.go.kr 15012005),202606,2026-10-01
CW-MASANHAPPO,마산합포구,지에스25마산,두산점,편의점,경상남도 창원시 마산합포구 월영동6길 35,경상남도 창원시 마산합포구 해운동 38,월영동,128.561950182626,35.1786210337649,MA0101202211A0003831,소상공인시장진흥공단_상가(상권)정보_API (data.go.kr 15012005),202606,2026-10-01
CW-MASANHAPPO,마산합포구,지에스25마산용마점,,편의점,경상남도 창원시 마산합포구 허당로 47,경상남도 창원시 마산합포구 산호동 453-7,합포동,128.58085234391,35.2109194671329,MA0101202211A0072180,소상공인시장진흥공단_상가(상권)정보_API (data.go.kr 15012005),202606,2026-10-01
CW-MASANHAPPO,마산합포구,지에스25월영현대점,,편의점,경상남도 창원시 마산합포구 월영마을로 54,경상남도 창원시 마산합포구 월영동 710-1,월영동,128.558630406219,35.1714718786251,MA0101202212A0016922,소상공인시장진흥공단_상가(상권)정보_API (data.go.kr 15012005),202606,2026-10-01
CW-MASANHAPPO,마산합포구,세븐일레븐마산월영BNK점,,편의점,경상남도 창원시 마산합포구 월영남로 42,경상남도 창원시 마산합포구 월영동 703-2,월영동,128.558563224054,35.1748524103449,MA0101202301A0064707,소상공인시장진흥공단_상가(상권)정보_API (data.go.kr 15012005),202606,2026-10-01
CW-MASANHAPPO,마산합포구,지에스25마산프레시점,,편의점,경상남도 창원시 마산합포구 중앙동1길 12,경상남도 창원시 마산합포구 중앙동2가 6-9,반월중앙동,128.566173794917,35.1933648707888,MA0101202301A0086567,소상공인시장진흥공단_상가(상권)정보_API (data.go.kr 15012005),202606,2026-10-01
CW-MASANHAPPO,마산합포구,씨유,마산해운점,편의점,경상남도 창원시 마산합포구 월영동로 11,경상남도 창원시 마산합포구 해운동 42-10,월영동,128.563155748753,35.1796689447077,MA0101202302A0009361,소상공인시장진흥공단_상가(상권)정보_API (data.go.kr 15012005),202606,2026-10-01
CW-MASANHAPPO,마산합포구,씨유마산산호경동점,,편의점,경상남도 창원시 마산합포구 산호동4길 3,경상남도 창원시 마산합포구 산호동 211-17,산호동,128.588535378686,35.2163614773799,MA0101202302A0110070,소상공인시장진흥공단_상가(상권)정보_API (data.go.kr 15012005),202606,2026-10-01
CW-MASANHAPPO,마산합포구,세븐일레븐마산삼성타운점,,편의점,경상남도 창원시 마산합포구 산호북2길 40,경상남도 창원시 마산합포구 산호동 16-10,산호동,128.584954851512,35.2169040948995,MA0101202303A0015347,소상공인시장진흥공단_상가(상권)정보_API (data.go.kr 15012005),202606,2026-10-01
CW-MASANHAPPO,마산합포구,지에스25자산월드점,,편의점,경상남도 창원시 마산합포구 자산북1길 30,경상남도 창원시 마산합포구 자산동 188-4,자산동,128.563363419084,35.2054057122686,MA0101202303A0119676,소상공인시장진흥공단_상가(상권)정보_API (data.go.kr 15012005),202606,2026-10-01
CW-MASANHAPPO,마산합포구,씨유마산완월청구점,,편의점,경상남도 창원시 마산합포구 완월남6길 9,경상남도 창원시 마산합포구 완월동 421,완월동,128.557613784098,35.1964223577823,MA0101202305A0027764,소상공인시장진흥공단_상가(상권)정보_API (data.go.kr 15012005),202606,2026-10-01
CW-MASANHAPPO,마산합포구,이마트24마산산호,제일점,편의점,경상남도 창원시 마산합포구 산호남2길 20,경상남도 창원시 마산합포구 산호동 46-19,산호동,128.580498874615,35.217043473481,MA0101202305A0040103,소상공인시장진흥공단_상가(상권)정보_API (data.go.kr 15012005),202606,2026-10-01
CW-MASANHAPPO,마산합포구,지에스25마산기조점,,편의점,경상남도 창원시 마산합포구 진동면 오산3길 107-1,경상남도 창원시 마산합포구 진동면 태봉리 135-4,진동면,128.508061999287,35.1440020177753,MA0101202305A0169255,소상공인시장진흥공단_상가(상권)정보_API (data.go.kr 15012005),202606,2026-10-01
CW-MASANHAPPO,마산합포구,지에스25월영,대성점,편의점,경상남도 창원시 마산합포구 해안대로 2,경상남도 창원시 마산합포구 해운동 5-51,월영동,128.559192694047,35.1802247334393,MA0101202306A0006698,소상공인시장진흥공단_상가(상권)정보_API (data.go.kr 15012005),202606,2026-10-01
CW-MASANHAPPO,마산합포구,씨유,구산점,편의점,경상남도 창원시 마산합포구 구산면 구산로 114,경상남도 창원시 마산합포구 구산면 옥계리 784-6,구산면,128.585547716236,35.1004197350831,MA0101202306A0088012,소상공인시장진흥공단_상가(상권)정보_API (data.go.kr 15012005),202606,2026-10-01
CW-MASANHAPPO,마산합포구,지에스25마산제일여중고점,,편의점,경상남도 창원시 마산합포구 고운로 65,경상남도 창원시 마산합포구 문화동 14-1,문화동,128.556411351641,35.1886420765601,MA0101202307A0071393,소상공인시장진흥공단_상가(상권)정보_API (data.go.kr 15012005),202606,2026-10-01
CW-MASANHAPPO,마산합포구,이마트24마산야구,거리점,편의점,경상남도 창원시 마산합포구 산호북17길 37,경상남도 창원시 마산합포구 산호동 24-9,산호동,128.584978386278,35.2203735392946,MA0101202309A0078290,소상공인시장진흥공단_상가(상권)정보_API (data.go.kr 15012005),202606,2026-10-01
CW-MASANHAPPO,마산합포구,드림마트,,편의점,경상남도 창원시 마산합포구 드림베이대로 12,경상남도 창원시 마산합포구 해운동 46-7,월영동,128.565423789699,35.1805949635464,MA0101202310A0000555,소상공인시장진흥공단_상가(상권)정보_API (data.go.kr 15012005),202606,2026-10-01
CW-MASANHAPPO,마산합포구,지에스25마산진북,,편의점,경상남도 창원시 마산합포구 진북면 삼진의거대로 463,경상남도 창원시 마산합포구 진북면 지산리 245-36,진북면,128.46910700259,35.115117504398,MA0101202310A0003805,소상공인시장진흥공단_상가(상권)정보_API (data.go.kr 15012005),202606,2026-10-01
CW-MASANHAPPO,마산합포구,이마트24마산,시청점,편의점,경상남도 창원시 마산합포구 315대로 252,경상남도 창원시 마산합포구 중앙동3가 1-13,반월중앙동,128.567663926922,35.2006366169997,MA0101202310A0076799,소상공인시장진흥공단_상가(상권)정보_API (data.go.kr 15012005),202606,2026-10-01
CW-MASANHAPPO,마산합포구,이마트24마산의료원점,,편의점,경상남도 창원시 마산합포구 315대로 231,경상남도 창원시 마산합포구 장군동4가 3-6,완월동,128.565560551363,35.1991677774423,MA0101202311A0057883,소상공인시장진흥공단_상가(상권)정보_API (data.go.kr 15012005),202606,2026-10-01
CW-MASANHAPPO,마산합포구,씨유마산가포안단테점,,편의점,경상남도 창원시 마산합포구 가포본동5길 25,경상남도 창원시 마산합포구 가포동 788,가포동,128.582627604639,35.1575158525866,MA0101202406A0010235,소상공인시장진흥공단_상가(상권)정보_API (data.go.kr 15012005),202606,2026-10-01
CW-MASANHAPPO,마산합포구,세븐일레븐마산대내점,,편의점,경상남도 창원시 마산합포구 월영북15길 20,경상남도 창원시 마산합포구 월남동4가 11-8,문화동,128.558609441734,35.181872505031,MA0101202406A0074603,소상공인시장진흥공단_상가(상권)정보_API (data.go.kr 15012005),202606,2026-10-01
CW-MASANHAPPO,마산합포구,이마트24마창대교유,보라점,편의점,경상남도 창원시 마산합포구 가포본동1길 18,경상남도 창원시 마산합포구 가포동 747,가포동,128.574614238568,35.1579627616098,MA0101202406A0080122,소상공인시장진흥공단_상가(상권)정보_API (data.go.kr 15012005),202606,2026-10-01
CW-MASANHAPPO,마산합포구,지에스25월영,마을점,편의점,경상남도 창원시 마산합포구 월영마을로 27-1,경상남도 창원시 마산합포구 월영동 708-1,월영동,128.557698427227,35.1726735126462,MA0101202406A0097522,소상공인시장진흥공단_상가(상권)정보_API (data.go.kr 15012005),202606,2026-10-01
CW-MASANHAPPO,마산합포구,지에스25마산그랜드점,,편의점,경상남도 창원시 마산합포구 천하장사로 42-2,경상남도 창원시 마산합포구 교방동 148-7,교방동,128.567951710454,35.2104654046513,MA0101202406A0251157,소상공인시장진흥공단_상가(상권)정보_API (data.go.kr 15012005),202606,2026-10-01
CW-MASANHAPPO,마산합포구,씨유마산중앙베스트점,,편의점,경상남도 창원시 마산합포구 중앙동로 10,경상남도 창원시 마산합포구 중앙동2가 1-498,반월중앙동,128.567719870691,35.1961206814025,MA0101202406A0315782,소상공인시장진흥공단_상가(상권)정보_API (data.go.kr 15012005),202606,2026-10-01
CW-MASANHAPPO,마산합포구,지에스25마산반딧불점,,편의점,경상남도 창원시 마산합포구 문화남4길 14,경상남도 창원시 마산합포구 두월동3가 4-10,문화동,128.559863749779,35.1854703380637,MA0101202406A0350710,소상공인시장진흥공단_상가(상권)정보_API (data.go.kr 15012005),202606,2026-10-01
CW-MASANHAPPO,마산합포구,씨유마산월영,중앙점,편의점,경상남도 창원시 마산합포구 월영북로 12,경상남도 창원시 마산합포구 대내동 5-4,월영동,128.557203145838,35.1818094858272,MA0101202406A0389246,소상공인시장진흥공단_상가(상권)정보_API (data.go.kr 15012005),202606,2026-10-01
CW-MASANHAPPO,마산합포구,씨유마산소가야가는길점,,편의점,경상남도 창원시 마산합포구 진전면 남해안대로 4368,경상남도 창원시 마산합포구 진전면 오서리 1457,진전면,128.401906568191,35.1012497140529,MA0101202406A0460732,소상공인시장진흥공단_상가(상권)정보_API (data.go.kr 15012005),202606,2026-10-01
CW-MASANHAPPO,마산합포구,씨유마산문화벚꽃점,,편의점,경상남도 창원시 마산합포구 문화남1길 49,경상남도 창원시 마산합포구 대외동 3-1,문화동,128.558176340214,35.1856362628099,MA0101202406A0511148,소상공인시장진흥공단_상가(상권)정보_API (data.go.kr 15012005),202606,2026-10-01
CW-MASANHAPPO,마산합포구,세븐마산현동센터점,코리아,편의점,경상남도 창원시 마산합포구 현동7길 32,경상남도 창원시 마산합포구 현동 376,현동,128.554178202232,35.1503407815816,MA0101202406A0575748,소상공인시장진흥공단_상가(상권)정보_API (data.go.kr 15012005),202606,2026-10-01
CW-MASANHAPPO,마산합포구,세븐일레븐마산합포,대성점,편의점,경상남도 창원시 마산합포구 315대로 42,경상남도 창원시 마산합포구 창포동2가 1-42,문화동,128.56006903222,35.1835750835566,MA0101202409A0081053,소상공인시장진흥공단_상가(상권)정보_API (data.go.kr 15012005),202606,2026-10-01
CW-MASANHAPPO,마산합포구,씨유마산댓,거리점,편의점,경상남도 창원시 마산합포구 월영동2길 6,경상남도 창원시 마산합포구 해운동 5-92,월영동,128.558736341544,35.179320352456,MA0101202409A0088826,소상공인시장진흥공단_상가(상권)정보_API (data.go.kr 15012005),202606,2026-10-01
CW-MASANHAPPO,마산합포구,씨유마산진동협성점,,편의점,경상남도 창원시 마산합포구 진동면 신서촌2길 40,경상남도 창원시 마산합포구 진동면 진동리 425-1,진동면,128.487269103237,35.1198529287939,MA0101202409A0145901,소상공인시장진흥공단_상가(상권)정보_API (data.go.kr 15012005),202606,2026-10-01
CW-MASANHAPPO,마산합포구,지에스25마산중성점,,편의점,경상남도 창원시 마산합포구 오동서1길 2,경상남도 창원시 마산합포구 중성동 83,오동동,128.576320038149,35.2070942415614,MA0101202409A0214602,소상공인시장진흥공단_상가(상권)정보_API (data.go.kr 15012005),202606,2026-10-01
CW-MASANHAPPO,마산합포구,지에스25산호베스티움점,,편의점,경상남도 창원시 마산합포구 회원천북길 491,경상남도 창원시 마산합포구 산호동 644,합포동,128.581884732873,35.2092296808708,MA0101202411A0036807,소상공인시장진흥공단_상가(상권)정보_API (data.go.kr 15012005),202606,2026-10-01
CW-MASANHAPPO,마산합포구,지에스25산호대로점,,편의점,경상남도 창원시 마산합포구 합포로 250,경상남도 창원시 마산합포구 산호동 202-7,산호동,128.587333316125,35.2194865054113,MA0101202411A0041434,소상공인시장진흥공단_상가(상권)정보_API (data.go.kr 15012005),202606,2026-10-01
CW-MASANHAPPO,마산합포구,지에스25마산북성로점,,편의점,경상남도 창원시 마산합포구 북성로 70,경상남도 창원시 마산합포구 상남동 21-7,교방동,128.571424335906,35.2134485311283,MA0101202411A0116357,소상공인시장진흥공단_상가(상권)정보_API (data.go.kr 15012005),202606,2026-10-01
CW-MASANHAPPO,마산합포구,세븐일레븐마산진동,신도시점,편의점,경상남도 창원시 마산합포구 진동면 신서촌1길 4,경상남도 창원시 마산합포구 진동면 진동리 437-4,진동면,128.486105495612,35.1179925778132,MA0101202501A0050797,소상공인시장진흥공단_상가(상권)정보_API (data.go.kr 15012005),202606,2026-10-01
CW-MASANHAPPO,마산합포구,세븐일레븐마산,창포점,편의점,경상남도 창원시 마산합포구 문화동15길 25,경상남도 창원시 마산합포구 창포동3가 8-2,문화동,128.56092404576,35.1817886163131,MA0101202502A0078021,소상공인시장진흥공단_상가(상권)정보_API (data.go.kr 15012005),202606,2026-10-01
CW-MASANHAPPO,마산합포구,세븐일레븐마산현동,센터점,편의점,경상남도 창원시 마산합포구 현동7길 32,경상남도 창원시 마산합포구 현동 376,현동,128.554178202232,35.1503407815816,MA0101202503A0072766,소상공인시장진흥공단_상가(상권)정보_API (data.go.kr 15012005),202606,2026-10-01
CW-MASANHAPPO,마산합포구,지에스25마산,창포점,편의점,경상남도 창원시 마산합포구 문화동14길 46,경상남도 창원시 마산합포구 창포동3가 1-19,문화동,128.561413993757,35.1821518092841,MA0101202504A0048434,소상공인시장진흥공단_상가(상권)정보_API (data.go.kr 15012005),202606,2026-10-01
CW-MASANHAPPO,마산합포구,세븐일레븐마산산호야구장점,,편의점,경상남도 창원시 마산합포구 산호북17길 7,경상남도 창원시 마산합포구 산호동 24-57,산호동,128.583701821659,35.2208048174882,MA0101202504A0094294,소상공인시장진흥공단_상가(상권)정보_API (data.go.kr 15012005),202606,2026-10-01
CW-MASANHAPPO,마산합포구,씨유마산합포,칸타빌점,편의점,경상남도 창원시 마산합포구 합포동6길 8,경상남도 창원시 마산합포구 산호동 651,합포동,128.58570589545,35.2114778359117,MA0101202505A0058094,소상공인시장진흥공단_상가(상권)정보_API (data.go.kr 15012005),202606,2026-10-01
CW-MASANHAPPO,마산합포구,지에스25마산산호남점,,편의점,경상남도 창원시 마산합포구 산호남8길 120,경상남도 창원시 마산합포구 산호동 40-8,산호동,128.583697925428,35.2160823989017,MA0101202506A0003557,소상공인시장진흥공단_상가(상권)정보_API (data.go.kr 15012005),202606,2026-10-01
CW-MASANHAPPO,마산합포구,씨유마산장군천하점,,편의점,경상남도 창원시 마산합포구 중앙남6길 104,경상남도 창원시 마산합포구 장군동3가 12-2,반월중앙동,128.565189837515,35.1964418129597,MA0101202506A0012914,소상공인시장진흥공단_상가(상권)정보_API (data.go.kr 15012005),202606,2026-10-01
CW-MASANHAPPO,마산합포구,이마트24마산현동,중흥점,편의점,경상남도 창원시 마산합포구 현동4길 20,경상남도 창원시 마산합포구 현동 210,현동,128.549824358472,35.152784871194,MA0101202506A0031145,소상공인시장진흥공단_상가(상권)정보_API (data.go.kr 15012005),202606,2026-10-01
CW-MASANHAPPO,마산합포구,이마트24마산해운,두산점,편의점,경상남도 창원시 마산합포구 월영동로 19,경상남도 창원시 마산합포구 해운동 50,월영동,128.564505083118,35.1784799035108,MA0101202507A0015385,소상공인시장진흥공단_상가(상권)정보_API (data.go.kr 15012005),202606,2026-10-01
CW-MASANHAPPO,마산합포구,지에스25마산성호점,,편의점,경상남도 창원시 마산합포구 천하장사로 72,경상남도 창원시 마산합포구 성호동 50-4,오동동,128.571039239833,35.2105605579112,MA0101202507A0033485,소상공인시장진흥공단_상가(상권)정보_API (data.go.kr 15012005),202606,2026-10-01
CW-MASANHAPPO,마산합포구,이마트24해운,두산점,편의점,경상남도 창원시 마산합포구 월영동로 19,경상남도 창원시 마산합포구 해운동 50,월영동,128.564505083118,35.1784799035108,MA0101202507A0041444,소상공인시장진흥공단_상가(상권)정보_API (data.go.kr 15012005),202606,2026-10-01
CW-MASANHAPPO,마산합포구,세븐일레븐마산오동프리존점,,편의점,경상남도 창원시 마산합포구 합포로 102,경상남도 창원시 마산합포구 오동동 10-1,오동동,128.581325455637,35.2075697009267,MA0101202508A0034446,소상공인시장진흥공단_상가(상권)정보_API (data.go.kr 15012005),202606,2026-10-01
CW-MASANHAPPO,마산합포구,지에스25마산,자이점,편의점,경상남도 창원시 마산합포구 노산서18길 19,경상남도 창원시 마산합포구 교원동 46,교방동,128.569554669566,35.2150139049417,MA0101202511A0018650,소상공인시장진흥공단_상가(상권)정보_API (data.go.kr 15012005),202606,2026-10-01
CW-MASANHAPPO,마산합포구,지에스25마산시네마점,,편의점,경상남도 창원시 마산합포구 해안대로 7,경상남도 창원시 마산합포구 월남동5가 4-1,문화동,128.559752431415,35.1807943207973,MA0101202511A0019338,소상공인시장진흥공단_상가(상권)정보_API (data.go.kr 15012005),202606,2026-10-01
CW-MASANHAPPO,마산합포구,세븐일레븐마산해운,스타점,편의점,경상남도 창원시 마산합포구 해안대로 30,경상남도 창원시 마산합포구 해운동 37-2,월영동,128.562058209146,35.1802508905217,MA0101202601A0015979,소상공인시장진흥공단_상가(상권)정보_API (data.go.kr 15012005),202606,2026-10-01
CW-MASANHAPPO,마산합포구,경남리테일,,편의점,경상남도 창원시 마산합포구 진동면 진북산업로 86,경상남도 창원시 마산합포구 진동면 진동리 702,진동면,128.487670854496,35.1238495998125,MA0101202601A0027574,소상공인시장진흥공단_상가(상권)정보_API (data.go.kr 15012005),202606,2026-10-01
CW-MASANHAPPO,마산합포구,지에스25마산남부점,,편의점,경상남도 창원시 마산합포구 월영동2길 15,경상남도 창원시 마산합포구 해운동 5-75,월영동,128.559301708055,35.1796104841427,MA0101202601A0045720,소상공인시장진흥공단_상가(상권)정보_API (data.go.kr 15012005),202606,2026-10-01
CW-MASANHAPPO,마산합포구,세븐일레븐마산구산,수정점,편의점,경상남도 창원시 마산합포구 구산면 구산로 513,경상남도 창원시 마산합포구 구산면 수정리 511-3,구산면,128.580166210218,35.1164781899087,MA0101202602A0021936,소상공인시장진흥공단_상가(상권)정보_API (data.go.kr 15012005),202606,2026-10-01
CW-MASANHAPPO,마산합포구,지에스25경남대대내점,,편의점,경상남도 창원시 마산합포구 315대로 9,경상남도 창원시 마산합포구 월남동5가 8,문화동,128.558247073818,35.1812913604016,MA0101202602A0034253,소상공인시장진흥공단_상가(상권)정보_API (data.go.kr 15012005),202606,2026-10-01
CW-MASANHAPPO,마산합포구,세븐일레븐마산선진빌딩점,,편의점,경상남도 창원시 마산합포구 가포로 8,경상남도 창원시 마산합포구 해운동 13-13,월영동,128.55814493576,35.1793910506287,MA0101202604A0023727,소상공인시장진흥공단_상가(상권)정보_API (data.go.kr 15012005),202606,2026-10-01
CW-MASANHAPPO,마산합포구,지에스25교방프레시점,,편의점,경상남도 창원시 마산합포구 교방동6길 27,경상남도 창원시 마산합포구 교방동 289-2,교방동,128.566498696599,35.21485522102,MA0101202604A0043539,소상공인시장진흥공단_상가(상권)정보_API (data.go.kr 15012005),202606,2026-10-01
CW-MASANHAPPO,마산합포구,세븐일레븐마산진동태봉점,,편의점,경상남도 창원시 마산합포구 진동면 오산3길 117,경상남도 창원시 마산합포구 진동면 태봉리 137-1,진동면,128.508627777013,35.1443374509051,MA0101202604A0045627,소상공인시장진흥공단_상가(상권)정보_API (data.go.kr 15012005),202606,2026-10-01
CW-MASANHAPPO,마산합포구,지에스25창동상상점,,편의점,경상남도 창원시 마산합포구 남성로 115,경상남도 창원시 마산합포구 남성동 142-60,오동동,128.575325276079,35.2050523692816,MA0101202604A0056520,소상공인시장진흥공단_상가(상권)정보_API (data.go.kr 15012005),202606,2026-10-01
CW-MASANHAPPO,마산합포구,GS25마산산호남점,,편의점,경상남도 창원시 마산합포구 산호남8길 120,경상남도 창원시 마산합포구 산호동 40-8,산호동,128.583686596277,35.2160645224337,MA0106202201A1277182,소상공인시장진흥공단_상가(상권)정보_API (data.go.kr 15012005),202606,2026-10-01
CW-MASANHOEWON,마산회원구,씨유마산육호,광장점,편의점,경상남도 창원시 마산회원구 315대로 504,경상남도 창원시 마산회원구 회원동 45-12,회원1동,128.574873803565,35.2191986491137,MA010120220800537516,소상공인시장진흥공단_상가(상권)정보_API (data.go.kr 15012005),202606,2026-10-01
CW-MASANHOEWON,마산회원구,이마트24마산석전동로점,,편의점,경상남도 창원시 마산회원구 석전동로 25,경상남도 창원시 마산회원구 석전동 251-4,석전동,128.574171463889,35.2323027307702,MA010120220800656657,소상공인시장진흥공단_상가(상권)정보_API (data.go.kr 15012005),202606,2026-10-01
CW-MASANHOEWON,마산회원구,지에스25석전센트리움점,,편의점,경상남도 창원시 마산회원구 양덕옛2길 129,경상남도 창원시 마산회원구 석전동 232-1,석전동,128.579920668597,35.2336697818023,MA010120220801143269,소상공인시장진흥공단_상가(상권)정보_API (data.go.kr 15012005),202606,2026-10-01
CW-MASANHOEWON,마산회원구,씨유마산석전,센텀점,편의점,경상남도 창원시 마산회원구 양덕서8길 14,경상남도 창원시 마산회원구 석전동 245-19,석전동,128.578518464831,35.2315972188526,MA010120220802511898,소상공인시장진흥공단_상가(상권)정보_API (data.go.kr 15012005),202606,2026-10-01
CW-MASANHOEWON,마산회원구,세븐일레븐마산석전,시장점,편의점,경상남도 창원시 마산회원구 석전동15길 45,경상남도 창원시 마산회원구 석전동 222-15,석전동,128.580042334703,35.2371109027903,MA010120220802898942,소상공인시장진흥공단_상가(상권)정보_API (data.go.kr 15012005),202606,2026-10-01
CW-MASANHOEWON,마산회원구,지에스25중리원룸점,,편의점,경상남도 창원시 마산회원구 내서읍 중리상곡로 89,경상남도 창원시 마산회원구 내서읍 중리 1041-13,내서읍,128.509130498272,35.2486867398254,MA010120220802926138,소상공인시장진흥공단_상가(상권)정보_API (data.go.kr 15012005),202606,2026-10-01
CW-MASANHOEWON,마산회원구,GS25호계하늘채점,,편의점,경상남도 창원시 마산회원구 내서읍 호원로 361-3,경상남도 창원시 마산회원구 내서읍 호계리 10,내서읍,128.524984307355,35.2663054295902,MA010120220802964005,소상공인시장진흥공단_상가(상권)정보_API (data.go.kr 15012005),202606,2026-10-01
CW-MASANHOEWON,마산회원구,세븐일레븐마산자유무역점,,편의점,경상남도 창원시 마산회원구 봉암공단로 32,경상남도 창원시 마산회원구 봉암동 660-199,봉암동,128.600080726495,35.2159750831855,MA010120220803027449,소상공인시장진흥공단_상가(상권)정보_API (data.go.kr 15012005),202606,2026-10-01
CW-MASANHOEWON,마산회원구,씨유마산상곡주공점,,편의점,경상남도 창원시 마산회원구 내서읍 상곡로 62,경상남도 창원시 마산회원구 내서읍 상곡리 190-10,내서읍,128.500068304965,35.245194460438,MA010120220803083196,소상공인시장진흥공단_상가(상권)정보_API (data.go.kr 15012005),202606,2026-10-01
CW-MASANHOEWON,마산회원구,씨유마산양덕,미소점,편의점,경상남도 창원시 마산회원구 양덕천길 33,경상남도 창원시 마산회원구 양덕동 52-26,양덕1동,128.586756463078,35.2304710909033,MA010120220803172740,소상공인시장진흥공단_상가(상권)정보_API (data.go.kr 15012005),202606,2026-10-01
CW-MASANHOEWON,마산회원구,코레일유통역(맞이방)편의점마산,,편의점,경상남도 창원시 마산회원구 마산역광장로 18,경상남도 창원시 마산회원구 합성동 764-3,합성1동,128.577221879995,35.2361112793254,MA010120220803224086,소상공인시장진흥공단_상가(상권)정보_API (data.go.kr 15012005),202606,2026-10-01
CW-MASANHOEWON,마산회원구,씨유다이노스창원,1호점,편의점,경상남도 창원시 마산회원구 삼호로 63,경상남도 창원시 마산회원구 양덕동 477,양덕2동,128.579573316727,35.2219853117579,MA010120220804132280,소상공인시장진흥공단_상가(상권)정보_API (data.go.kr 15012005),202606,2026-10-01
CW-MASANHOEWON,마산회원구,지에스25합성서로점,,편의점,경상남도 창원시 마산회원구 합성서3길 11,경상남도 창원시 마산회원구 합성동 122-1,합성1동,128.584399535277,35.24200169285,MA010120220804152890,소상공인시장진흥공단_상가(상권)정보_API (data.go.kr 15012005),202606,2026-10-01
CW-MASANHOEWON,마산회원구,마산구암고무인셀프편의점,,편의점,경상남도 창원시 마산회원구 팔용로 220,경상남도 창원시 마산회원구 구암동 44-5,구암2동,128.596824206098,35.2470564817112,MA010120220804325174,소상공인시장진흥공단_상가(상권)정보_API (data.go.kr 15012005),202606,2026-10-01
CW-MASANHOEWON,마산회원구,CU봉암공단점,,편의점,경상남도 창원시 마산회원구 봉암공단3길 120,경상남도 창원시 마산회원구 봉암동 666-64,봉암동,128.604982347135,35.2122601967693,MA010120220804729302,소상공인시장진흥공단_상가(상권)정보_API (data.go.kr 15012005),202606,2026-10-01
CW-MASANHOEWON,마산회원구,이마트24마산365,병원점,편의점,경상남도 창원시 마산회원구 315대로 686,경상남도 창원시 마산회원구 석전동 232-5,석전동,128.579415696287,35.2336853858589,MA010120220804797468,소상공인시장진흥공단_상가(상권)정보_API (data.go.kr 15012005),202606,2026-10-01
CW-MASANHOEWON,마산회원구,씨유다이노스창원,5호점,편의점,경상남도 창원시 마산회원구 삼호로 63,경상남도 창원시 마산회원구 양덕동 477,양덕2동,128.579573316727,35.2219853117579,MA010120220804813293,소상공인시장진흥공단_상가(상권)정보_API (data.go.kr 15012005),202606,2026-10-01
CW-MASANHOEWON,마산회원구,씨유마산양덕,중앙점,편의점,경상남도 창원시 마산회원구 양덕북9길 63,경상남도 창원시 마산회원구 양덕동 105-1,양덕1동,128.585752511591,35.2336295516054,MA010120220804839433,소상공인시장진흥공단_상가(상권)정보_API (data.go.kr 15012005),202606,2026-10-01
CW-MASANHOEWON,마산회원구,지에스25회원대로점,,편의점,경상남도 창원시 마산회원구 회원서11길 1,경상남도 창원시 마산회원구 회원동 651-2,회원2동,128.560434723864,35.2170424453863,MA010120220804965811,소상공인시장진흥공단_상가(상권)정보_API (data.go.kr 15012005),202606,2026-10-01
CW-MASANHOEWON,마산회원구,아이지에이마트마산봉암점,,편의점,경상남도 창원시 마산회원구 봉암공단9길 45,경상남도 창원시 마산회원구 봉암동 660-116,봉암동,128.597661238437,35.21355568947,MA010120220804974396,소상공인시장진흥공단_상가(상권)정보_API (data.go.kr 15012005),202606,2026-10-01
CW-MASANHOEWON,마산회원구,씨유다이노스창원,3호점,편의점,경상남도 창원시 마산회원구 삼호로 63,경상남도 창원시 마산회원구 양덕동 477,양덕2동,128.579573316727,35.2219853117579,MA010120220805334801,소상공인시장진흥공단_상가(상권)정보_API (data.go.kr 15012005),202606,2026-10-01
CW-MASANHOEWON,마산회원구,CU마산석전,시장점,편의점,경상남도 창원시 마산회원구 석전동5길 50,경상남도 창원시 마산회원구 석전동 256-41,석전동,128.573892990094,35.2298279583834,MA010120220805404527,소상공인시장진흥공단_상가(상권)정보_API (data.go.kr 15012005),202606,2026-10-01
CW-MASANHOEWON,마산회원구,지에스25봉암재미점,,편의점,경상남도 창원시 마산회원구 봉암공단5길 51,경상남도 창원시 마산회원구 봉암동 660-15,봉암동,128.597332595901,35.2163989111407,MA010120220805535382,소상공인시장진흥공단_상가(상권)정보_API (data.go.kr 15012005),202606,2026-10-01
CW-MASANHOEWON,마산회원구,씨유마산삼계미래점,,편의점,경상남도 창원시 마산회원구 내서읍 삼풍로 53,경상남도 창원시 마산회원구 내서읍 삼계리 35-10,내서읍,128.501755537951,35.2306454837044,MA010120220805683097,소상공인시장진흥공단_상가(상권)정보_API (data.go.kr 15012005),202606,2026-10-01
CW-MASANHOEWON,마산회원구,씨유마산,합성점,편의점,경상남도 창원시 마산회원구 합성동7길 48,경상남도 창원시 마산회원구 합성동 316-37,합성2동,128.590248400732,35.2422403965243,MA010120220805954440,소상공인시장진흥공단_상가(상권)정보_API (data.go.kr 15012005),202606,2026-10-01
CW-MASANHOEWON,마산회원구,씨유마산,구암점,편의점,경상남도 창원시 마산회원구 구암남13길 26,경상남도 창원시 마산회원구 구암동 85-1,구암2동,128.598878697694,35.2498592066236,MA010120220806420393,소상공인시장진흥공단_상가(상권)정보_API (data.go.kr 15012005),202606,2026-10-01
CW-MASANHOEWON,마산회원구,이마트24마산석전동로점,,편의점,경상남도 창원시 마산회원구 석전동로 25,경상남도 창원시 마산회원구 석전동 251-4,석전동,128.574171463889,35.2323027307702,MA010120220806432357,소상공인시장진흥공단_상가(상권)정보_API (data.go.kr 15012005),202606,2026-10-01
CW-MASANHOEWON,마산회원구,지에스25내서,프라자점,편의점,경상남도 창원시 마산회원구 내서읍 광려천서로 81,경상남도 창원시 마산회원구 내서읍 중리 1043-1,내서읍,128.510663772028,35.2490190898991,MA010120220806441903,소상공인시장진흥공단_상가(상권)정보_API (data.go.kr 15012005),202606,2026-10-01
CW-MASANHOEWON,마산회원구,씨유마산합성,중앙점,편의점,경상남도 창원시 마산회원구 합성옛길 251,경상남도 창원시 마산회원구 합성동 157-8,합성2동,128.586830540088,35.2421681074291,MA010120220806800079,소상공인시장진흥공단_상가(상권)정보_API (data.go.kr 15012005),202606,2026-10-01
CW-MASANHOEWON,마산회원구,씨유마산회원,센트럴점,편의점,경상남도 창원시 마산회원구 회원남로 81,경상남도 창원시 마산회원구 회원동 352-5,회원1동,128.570120700446,35.2193144758287,MA010120220806844683,소상공인시장진흥공단_상가(상권)정보_API (data.go.kr 15012005),202606,2026-10-01
CW-MASANHOEWON,마산회원구,이마트24마산양덕,스타점,편의점,경상남도 창원시 마산회원구 합성남로 50-1,경상남도 창원시 마산회원구 양덕동 826-54,양덕1동,128.587327032608,35.2360782842327,MA010120220807100163,소상공인시장진흥공단_상가(상권)정보_API (data.go.kr 15012005),202606,2026-10-01
CW-MASANHOEWON,마산회원구,GS25마산석전점,,편의점,경상남도 창원시 마산회원구 석전동13길 28,경상남도 창원시 마산회원구 석전동 234-1,석전동,128.577787123864,35.2335353959426,MA010120220807171563,소상공인시장진흥공단_상가(상권)정보_API (data.go.kr 15012005),202606,2026-10-01
CW-MASANHOEWON,마산회원구,씨유마산내서점,,편의점,경상남도 창원시 마산회원구 내서읍 중리공단로6길 33,경상남도 창원시 마산회원구 내서읍 중리 1117-5,내서읍,128.515746537411,35.2493971299555,MA010120220807368930,소상공인시장진흥공단_상가(상권)정보_API (data.go.kr 15012005),202606,2026-10-01
CW-MASANHOEWON,마산회원구,현대편의점,,편의점,경상남도 창원시 마산회원구 내서읍 호원로 226,경상남도 창원시 마산회원구 내서읍 호계리 282,내서읍,128.521459233584,35.2534981655347,MA010120220807397405,소상공인시장진흥공단_상가(상권)정보_API (data.go.kr 15012005),202606,2026-10-01
CW-MASANHOEWON,마산회원구,씨유마산석전,부영점,편의점,경상남도 창원시 마산회원구 양덕로 190,경상남도 창원시 마산회원구 석전동 224-8,석전동,128.580415738686,35.2342761557255,MA010120220807792890,소상공인시장진흥공단_상가(상권)정보_API (data.go.kr 15012005),202606,2026-10-01
CW-MASANHOEWON,마산회원구,지에스리테일H&B창원,합성점,편의점,경상남도 창원시 마산회원구 315대로 738,경상남도 창원시 마산회원구 합성동 126-31,합성2동,128.582537375134,35.2377542227733,MA010120220808071715,소상공인시장진흥공단_상가(상권)정보_API (data.go.kr 15012005),202606,2026-10-01
CW-MASANHOEWON,마산회원구,씨유마산석전스마일점,,편의점,경상남도 창원시 마산회원구 석전남8길 61,경상남도 창원시 마산회원구 석전동 264-30,석전동,128.571932268469,35.2266901073163,MA010120220808098934,소상공인시장진흥공단_상가(상권)정보_API (data.go.kr 15012005),202606,2026-10-01
CW-MASANHOEWON,마산회원구,지에스25마산내서대로점,,편의점,경상남도 창원시 마산회원구 내서읍 경남대로 1027,경상남도 창원시 마산회원구 내서읍 상곡리 196-1,내서읍,128.504850546706,35.241809494351,MA010120220808146837,소상공인시장진흥공단_상가(상권)정보_API (data.go.kr 15012005),202606,2026-10-01
CW-MASANHOEWON,마산회원구,지에스25마산삼계,대동점,편의점,경상남도 창원시 마산회원구 내서읍 광려로 29,경상남도 창원시 마산회원구 내서읍 삼계리 260,내서읍,128.503258778176,35.2240116828576,MA010120220808277530,소상공인시장진흥공단_상가(상권)정보_API (data.go.kr 15012005),202606,2026-10-01
CW-MASANHOEWON,마산회원구,지에스25메트로,센텀점,편의점,경상남도 창원시 마산회원구 용마로 130,경상남도 창원시 마산회원구 양덕동 149-20,양덕2동,128.586095204121,35.2235853260115,MA010120220808310569,소상공인시장진흥공단_상가(상권)정보_API (data.go.kr 15012005),202606,2026-10-01
CW-MASANHOEWON,마산회원구,세븐일레븐마산,양덕점,편의점,경상남도 창원시 마산회원구 합성옛길 41,경상남도 창원시 마산회원구 양덕동 12-42,양덕1동,128.582616373816,35.2339049271977,MA010120220808430930,소상공인시장진흥공단_상가(상권)정보_API (data.go.kr 15012005),202606,2026-10-01
CW-MASANHOEWON,마산회원구,세븐일레븐마산신우점,,편의점,경상남도 창원시 마산회원구 북성로 188,경상남도 창원시 마산회원구 회원동 21-4,회원1동,128.571542174776,35.2241176400084,MA010120220808435721,소상공인시장진흥공단_상가(상권)정보_API (data.go.kr 15012005),202606,2026-10-01
CW-MASANHOEWON,마산회원구,GS25마산합성금강점,,편의점,경상남도 창원시 마산회원구 금강로 22-2,경상남도 창원시 마산회원구 합성동 99-1,합성1동,128.580332821641,35.2384950074843,MA010120220808494391,소상공인시장진흥공단_상가(상권)정보_API (data.go.kr 15012005),202606,2026-10-01
CW-MASANHOEWON,마산회원구,씨유마산무학여고,정문점,편의점,경상남도 창원시 마산회원구 회원동33길 25-23,경상남도 창원시 마산회원구 회원동 112-11,회원1동,128.57502816122,35.2220715821816,MA010120220808634525,소상공인시장진흥공단_상가(상권)정보_API (data.go.kr 15012005),202606,2026-10-01
CW-MASANHOEWON,마산회원구,씨유마산합성,제일점,편의점,경상남도 창원시 마산회원구 합성서9길 12,경상남도 창원시 마산회원구 합성동 85-20,합성1동,128.581853075701,35.2387184762387,MA010120220808779248,소상공인시장진흥공단_상가(상권)정보_API (data.go.kr 15012005),202606,2026-10-01
CW-MASANHOEWON,마산회원구,지에스25메트로석전점,,편의점,경상남도 창원시 마산회원구 석전남10길 25,경상남도 창원시 마산회원구 석전동 264-1,석전동,128.572661803882,35.2280685314495,MA010120220809298247,소상공인시장진흥공단_상가(상권)정보_API (data.go.kr 15012005),202606,2026-10-01
CW-MASANHOEWON,마산회원구,세븐일레븐마산양덕우성점,,편의점,경상남도 창원시 마산회원구 양덕서5길 56,경상남도 창원시 마산회원구 양덕동 888-25,양덕2동,128.577723556831,35.227416846763,MA010120220810256241,소상공인시장진흥공단_상가(상권)정보_API (data.go.kr 15012005),202606,2026-10-01
CW-MASANHOEWON,마산회원구,지에스25마산무학여중고점,,편의점,경상남도 창원시 마산회원구 회원동33길 25-23,경상남도 창원시 마산회원구 회원동 112-11,회원1동,128.57502816122,35.2220715821816,MA010120220810478378,소상공인시장진흥공단_상가(상권)정보_API (data.go.kr 15012005),202606,2026-10-01
CW-MASANHOEWON,마산회원구,씨유마산양덕베스트점,,편의점,경상남도 창원시 마산회원구 양덕동2길 11,경상남도 창원시 마산회원구 양덕동 163-4,양덕2동,128.58993258428,35.2221200397046,MA010120220810488938,소상공인시장진흥공단_상가(상권)정보_API (data.go.kr 15012005),202606,2026-10-01
CW-MASANHOEWON,마산회원구,씨유석전은혜점,,편의점,경상남도 창원시 마산회원구 석전동로 11,경상남도 창원시 마산회원구 석전동 248-1,석전동,128.575596247737,35.2315722139905,MA010120220810837543,소상공인시장진흥공단_상가(상권)정보_API (data.go.kr 15012005),202606,2026-10-01
CW-MASANHOEWON,마산회원구,씨유합성스마일점,,편의점,경상남도 창원시 마산회원구 양덕북4길 11,경상남도 창원시 마산회원구 합성동 126-9,합성2동,128.582681669162,35.2372656702352,MA010120220810839507,소상공인시장진흥공단_상가(상권)정보_API (data.go.kr 15012005),202606,2026-10-01
CW-MASANHOEWON,마산회원구,씨유마산양덕,터미널점,편의점,경상남도 창원시 마산회원구 합포로 288,경상남도 창원시 마산회원구 양덕동 154-3,양덕2동,128.587561539797,35.2227459781529,MA010120220810839913,소상공인시장진흥공단_상가(상권)정보_API (data.go.kr 15012005),202606,2026-10-01
CW-MASANHOEWON,마산회원구,씨유마산,중리점,편의점,경상남도 창원시 마산회원구 내서읍 중리상곡로 90,경상남도 창원시 마산회원구 내서읍 중리 1042-6,내서읍,128.509600464786,35.2485547033798,MA010120220810841803,소상공인시장진흥공단_상가(상권)정보_API (data.go.kr 15012005),202606,2026-10-01
CW-MASANHOEWON,마산회원구,로그인마산,CGV점,편의점,경상남도 창원시 마산회원구 315대로 736,경상남도 창원시 마산회원구 합성동 126-4,합성2동,128.582434511188,35.2375482845822,MA010120220810843394,소상공인시장진흥공단_상가(상권)정보_API (data.go.kr 15012005),202606,2026-10-01
CW-MASANHOEWON,마산회원구,GS25마산,삼계점,편의점,경상남도 창원시 마산회원구 내서읍 삼계3길 5,경상남도 창원시 마산회원구 내서읍 삼계리 30-6,내서읍,128.5040920842,35.2316709226608,MA010120220810846251,소상공인시장진흥공단_상가(상권)정보_API (data.go.kr 15012005),202606,2026-10-01
CW-MASANHOEWON,마산회원구,지에스25마산구암,시장점,편의점,경상남도 창원시 마산회원구 구암서6길 7,경상남도 창원시 마산회원구 구암동 19-1,구암1동,128.5919452586,35.248121138589,MA010120220810848589,소상공인시장진흥공단_상가(상권)정보_API (data.go.kr 15012005),202606,2026-10-01
CW-MASANHOEWON,마산회원구,"용마정보통신,이마트24마산",양덕점,편의점,경상남도 창원시 마산회원구 양덕동2길 1,경상남도 창원시 마산회원구 양덕동 163-12,양덕2동,128.589912112904,35.2216336426654,MA010120220810848894,소상공인시장진흥공단_상가(상권)정보_API (data.go.kr 15012005),202606,2026-10-01
CW-MASANHOEWON,마산회원구,이마트24마산내서동신점,,편의점,경상남도 창원시 마산회원구 내서읍 중리상곡로 136,경상남도 창원시 마산회원구 내서읍 중리 1036,내서읍,128.512124932308,35.25197493132,MA010120220810849186,소상공인시장진흥공단_상가(상권)정보_API (data.go.kr 15012005),202606,2026-10-01
CW-MASANHOEWON,마산회원구,채널큐편의점,,편의점,경상남도 창원시 마산회원구 315대로 504,경상남도 창원시 마산회원구 회원동 45-12,회원1동,128.574873803565,35.2191986491137,MA010120220810849732,소상공인시장진흥공단_상가(상권)정보_API (data.go.kr 15012005),202606,2026-10-01
CW-MASANHOEWON,마산회원구,씨유마산수출3공구점,,편의점,경상남도 창원시 마산회원구 봉암공단13길 15-19,경상남도 창원시 마산회원구 봉암동 666,봉암동,128.601388097775,35.2171203829589,MA010120220810852681,소상공인시장진흥공단_상가(상권)정보_API (data.go.kr 15012005),202606,2026-10-01
CW-MASANHOEWON,마산회원구,GS25마산,구암점,편의점,경상남도 창원시 마산회원구 구암남10길 40,경상남도 창원시 마산회원구 구암동 86-63,구암2동,128.599429840319,35.2488335342406,MA010120220810853662,소상공인시장진흥공단_상가(상권)정보_API (data.go.kr 15012005),202606,2026-10-01
CW-MASANHOEWON,마산회원구,세븐일레븐마산합성,중앙점,편의점,경상남도 창원시 마산회원구 합성옛길 81,경상남도 창원시 마산회원구 합성동 732-7,합성2동,128.581968592143,35.2356167269007,MA010120220810859453,소상공인시장진흥공단_상가(상권)정보_API (data.go.kr 15012005),202606,2026-10-01
CW-MASANHOEWON,마산회원구,씨유구암학원점,,편의점,경상남도 창원시 마산회원구 구암북11길 23,경상남도 창원시 마산회원구 구암동 266-19,구암1동,128.596664368048,35.2551516207264,MA010120220810862638,소상공인시장진흥공단_상가(상권)정보_API (data.go.kr 15012005),202606,2026-10-01
CW-MASANHOEWON,마산회원구,씨유마산봉암무역점,,편의점,경상남도 창원시 마산회원구 봉암공단로 18,경상남도 창원시 마산회원구 봉암동 660-229,봉암동,128.600020837137,35.2173998222043,MA010120220810864710,소상공인시장진흥공단_상가(상권)정보_API (data.go.kr 15012005),202606,2026-10-01
CW-MASANHOEWON,마산회원구,씨유마산메트로6점,,편의점,경상남도 창원시 마산회원구 율림교로 6,경상남도 창원시 마산회원구 양덕동 59-3,양덕2동,128.584474520332,35.2289148195371,MA010120220810865697,소상공인시장진흥공단_상가(상권)정보_API (data.go.kr 15012005),202606,2026-10-01
CW-MASANHOEWON,마산회원구,씨유중리공단점,,편의점,경상남도 창원시 마산회원구 내서읍 중리공단로 105,경상남도 창원시 마산회원구 내서읍 중리 1127-10,내서읍,128.509214200381,35.2407547690378,MA010120220810868023,소상공인시장진흥공단_상가(상권)정보_API (data.go.kr 15012005),202606,2026-10-01
CW-MASANHOEWON,마산회원구,씨유마산석전점,,편의점,경상남도 창원시 마산회원구 삼호로 235,경상남도 창원시 마산회원구 석전동 273-52,석전동,128.568643626668,35.2310136455564,MA010120220810871983,소상공인시장진흥공단_상가(상권)정보_API (data.go.kr 15012005),202606,2026-10-01
CW-MASANHOEWON,마산회원구,세븐일레븐마산내서그랜드점,,편의점,경상남도 창원시 마산회원구 내서읍 호계본동로 17-2,경상남도 창원시 마산회원구 내서읍 호계리 790-124,내서읍,128.521036881556,35.2614704221973,MA010120220810880305,소상공인시장진흥공단_상가(상권)정보_API (data.go.kr 15012005),202606,2026-10-01
CW-MASANHOEWON,마산회원구,이마트24마산만복점,,편의점,경상남도 창원시 마산회원구 합성옛길 152,경상남도 창원시 마산회원구 합성동 266-17,합성2동,128.583952355698,35.2382133622827,MA010120220810885922,소상공인시장진흥공단_상가(상권)정보_API (data.go.kr 15012005),202606,2026-10-01
CW-MASANHOEWON,마산회원구,씨유마산구암오렌지점,,편의점,경상남도 창원시 마산회원구 구암서6길 2,경상남도 창원시 마산회원구 구암동 11-7,구암1동,128.592381948909,35.2479802076659,MA010120220810886374,소상공인시장진흥공단_상가(상권)정보_API (data.go.kr 15012005),202606,2026-10-01
CW-MASANHOEWON,마산회원구,지에스25마산,합성점,편의점,경상남도 창원시 마산회원구 합성남7길 6,경상남도 창원시 마산회원구 합성동 265-13,합성2동,128.58473517422,35.2377975585114,MA010120220810886823,소상공인시장진흥공단_상가(상권)정보_API (data.go.kr 15012005),202606,2026-10-01
CW-MASANHOEWON,마산회원구,세븐마산역점,코리아,편의점,경상남도 창원시 마산회원구 마산역광장로 12,경상남도 창원시 마산회원구 석전동 226-9,석전동,128.578705275808,35.2355692208143,MA010120220810896719,소상공인시장진흥공단_상가(상권)정보_API (data.go.kr 15012005),202606,2026-10-01
CW-MASANHOEWON,마산회원구,세븐마산터미널2호주,코리아,편의점,경상남도 창원시 마산회원구 315대로 756,경상남도 창원시 마산회원구 합성동 267,합성2동,128.583531291616,35.2391561543492,MA010120220810896776,소상공인시장진흥공단_상가(상권)정보_API (data.go.kr 15012005),202606,2026-10-01
CW-MASANHOEWON,마산회원구,세븐마산터미널1호주,코리아,편의점,경상남도 창원시 마산회원구 315대로 756,경상남도 창원시 마산회원구 합성동 267,합성2동,128.583531291616,35.2391561543492,MA010120220810896777,소상공인시장진흥공단_상가(상권)정보_API (data.go.kr 15012005),202606,2026-10-01
CW-MASANHOEWON,마산회원구,지에스리테일GS25마산주,합성점,편의점,경상남도 창원시 마산회원구 합성남7길 6,경상남도 창원시 마산회원구 합성동 265-13,합성2동,128.58473517422,35.2377975585114,MA010120220810896921,소상공인시장진흥공단_상가(상권)정보_API (data.go.kr 15012005),202606,2026-10-01
CW-MASANHOEWON,마산회원구,세븐마산대동삼계점주,코리아,편의점,경상남도 창원시 마산회원구 내서읍 삼계5길 21,경상남도 창원시 마산회원구 내서읍 삼계리 33-5,내서읍,128.503617554713,35.2309558239686,MA010120220810897112,소상공인시장진흥공단_상가(상권)정보_API (data.go.kr 15012005),202606,2026-10-01
CW-MASANHOEWON,마산회원구,지에스25마산팔,거리점,편의점,경상남도 창원시 마산회원구 교방시장3길 2,경상남도 창원시 마산회원구 회원동 659-21,회원2동,128.563088668802,35.2185673429632,MA010120220811097919,소상공인시장진흥공단_상가(상권)정보_API (data.go.kr 15012005),202606,2026-10-01
CW-MASANHOEWON,마산회원구,씨유다이노스창원,6호점,편의점,경상남도 창원시 마산회원구 삼호로 63,경상남도 창원시 마산회원구 양덕동 477,양덕2동,128.579573316727,35.2219853117579,MA010120220811299403,소상공인시장진흥공단_상가(상권)정보_API (data.go.kr 15012005),202606,2026-10-01
CW-MASANHOEWON,마산회원구,씨유마산삼계포스점,,편의점,경상남도 창원시 마산회원구 내서읍 광려로 24,경상남도 창원시 마산회원구 내서읍 삼계리 275-1,내서읍,128.502890909258,35.2249084843153,MA010120220811428827,소상공인시장진흥공단_상가(상권)정보_API (data.go.kr 15012005),202606,2026-10-01
CW-MASANHOEWON,마산회원구,씨유다이노스창원,4호점,편의점,경상남도 창원시 마산회원구 삼호로 63,경상남도 창원시 마산회원구 양덕동 477,양덕2동,128.579573316727,35.2219853117579,MA010120220811706511,소상공인시장진흥공단_상가(상권)정보_API (data.go.kr 15012005),202606,2026-10-01
CW-MASANHOEWON,마산회원구,세븐일레븐마산,구암점,편의점,경상남도 창원시 마산회원구 구암북2길 2,경상남도 창원시 마산회원구 구암동 278-7,구암1동,128.593967099139,35.2520689383142,MA010120220812180504,소상공인시장진흥공단_상가(상권)정보_API (data.go.kr 15012005),202606,2026-10-01
CW-MASANHOEWON,마산회원구,씨유마산롯데,캐슬점,편의점,경상남도 창원시 마산회원구 합성북16길 197,경상남도 창원시 마산회원구 합성동 358,합성1동,128.588358795826,35.2473030934689,MA010120220812291449,소상공인시장진흥공단_상가(상권)정보_API (data.go.kr 15012005),202606,2026-10-01
CW-MASANHOEWON,마산회원구,씨유마산합성,제일점,편의점,경상남도 창원시 마산회원구 합성서9길 12,경상남도 창원시 마산회원구 합성동 85-20,합성1동,128.581853075701,35.2387184762387,MA010120220812310190,소상공인시장진흥공단_상가(상권)정보_API (data.go.kr 15012005),202606,2026-10-01
CW-MASANHOEWON,마산회원구,씨유구암학원점,,편의점,경상남도 창원시 마산회원구 구암북11길 23,경상남도 창원시 마산회원구 구암동 266-19,구암1동,128.596664368048,35.2551516207264,MA010120220812401778,소상공인시장진흥공단_상가(상권)정보_API (data.go.kr 15012005),202606,2026-10-01
CW-MASANHOEWON,마산회원구,석전플러스원,,편의점,경상남도 창원시 마산회원구 석전동7길 7,경상남도 창원시 마산회원구 석전동 258-1,석전동,128.575349794166,35.2301875218731,MA010120220812590119,소상공인시장진흥공단_상가(상권)정보_API (data.go.kr 15012005),202606,2026-10-01
CW-MASANHOEWON,마산회원구,세븐일레븐마산삼계,그린점,편의점,경상남도 창원시 마산회원구 내서읍 삼계본동2길 1,경상남도 창원시 마산회원구 내서읍 삼계리 493,내서읍,128.497343969245,35.2308623707419,MA010120220812729601,소상공인시장진흥공단_상가(상권)정보_API (data.go.kr 15012005),202606,2026-10-01
CW-MASANHOEWON,마산회원구,다바다솔루션,,편의점,경상남도 창원시 마산회원구 팔용로 158,경상남도 창원시 마산회원구 합성동 50,합성2동,128.591965842963,35.242992870753,MA010120220812852018,소상공인시장진흥공단_상가(상권)정보_API (data.go.kr 15012005),202606,2026-10-01
CW-MASANHOEWON,마산회원구,지에스25마산혁신,센터점,편의점,경상남도 창원시 마산회원구 자유무역3길 204,경상남도 창원시 마산회원구 양덕동 410-60,봉암동,128.594093219908,35.2203439568817,MA010120220812943698,소상공인시장진흥공단_상가(상권)정보_API (data.go.kr 15012005),202606,2026-10-01
CW-MASANHOEWON,마산회원구,지에스25회원이편한,2차점,편의점,경상남도 창원시 마산회원구 회원남로 65,경상남도 창원시 마산회원구 회원동 314,회원2동,128.56950740574,35.21940354148,MA010120220813063467,소상공인시장진흥공단_상가(상권)정보_API (data.go.kr 15012005),202606,2026-10-01
CW-MASANHOEWON,마산회원구,씨유마산호계국제점,,편의점,경상남도 창원시 마산회원구 내서읍 호계본동로 36,경상남도 창원시 마산회원구 내서읍 호계리 790-23,내서읍,128.521502208706,35.263438280776,MA010120220813164255,소상공인시장진흥공단_상가(상권)정보_API (data.go.kr 15012005),202606,2026-10-01
CW-MASANHOEWON,마산회원구,씨유다이노스창원,2호점,편의점,경상남도 창원시 마산회원구 삼호로 63,경상남도 창원시 마산회원구 양덕동 477,양덕2동,128.579573316727,35.2219853117579,MA010120220813693595,소상공인시장진흥공단_상가(상권)정보_API (data.go.kr 15012005),202606,2026-10-01
CW-MASANHOEWON,마산회원구,이마트24마산회원점,,편의점,경상남도 창원시 마산회원구 315대로 477,경상남도 창원시 마산회원구 회원동 62-54,회원1동,128.575117484613,35.217032511883,MA010120220813696578,소상공인시장진흥공단_상가(상권)정보_API (data.go.kr 15012005),202606,2026-10-01
CW-MASANHOEWON,마산회원구,지에스25마산대학사점,,편의점,경상남도 창원시 마산회원구 내서읍 함마대로 2554-19,경상남도 창원시 마산회원구 내서읍 용담리 190-2,내서읍,128.503063655031,35.2616500053864,MA010120220813731792,소상공인시장진흥공단_상가(상권)정보_API (data.go.kr 15012005),202606,2026-10-01
CW-MASANHOEWON,마산회원구,CU마산삼계미래점,,편의점,경상남도 창원시 마산회원구 내서읍 삼풍로 53,경상남도 창원시 마산회원구 내서읍 삼계리 35-10,내서읍,128.501755537951,35.2306454837044,MA010120220813908304,소상공인시장진흥공단_상가(상권)정보_API (data.go.kr 15012005),202606,2026-10-01
CW-MASANHOEWON,마산회원구,씨유마산메트로5점,,편의점,경상남도 창원시 마산회원구 양덕서로 47,경상남도 창원시 마산회원구 양덕동 77-4,양덕2동,128.581550691702,35.2293676321585,MA010120220814102803,소상공인시장진흥공단_상가(상권)정보_API (data.go.kr 15012005),202606,2026-10-01
CW-MASANHOEWON,마산회원구,세븐일레븐창원호계서광점,,편의점,경상남도 창원시 마산회원구 내서읍 호계안길 36,경상남도 창원시 마산회원구 내서읍 호계리 357,내서읍,128.519753197724,35.2562773983658,MA0101202209A0079973,소상공인시장진흥공단_상가(상권)정보_API (data.go.kr 15012005),202606,2026-10-01
CW-MASANHOEWON,마산회원구,세븐일레븐마산터미널,2호점,편의점,경상남도 창원시 마산회원구 315대로 750,경상남도 창원시 마산회원구 합성동 267,합성2동,128.583126651405,35.2386837960653,MA0101202210A0082286,소상공인시장진흥공단_상가(상권)정보_API (data.go.kr 15012005),202606,2026-10-01
CW-MASANHOEWON,마산회원구,씨유뉴창신대학교점,,편의점,경상남도 창원시 마산회원구 팔용로 262,경상남도 창원시 마산회원구 합성동 1,합성2동,128.599590052452,35.2446857655247,MA0101202211A0048675,소상공인시장진흥공단_상가(상권)정보_API (data.go.kr 15012005),202606,2026-10-01
CW-MASANHOEWON,마산회원구,세븐일레븐마산팔용로점,,편의점,경상남도 창원시 마산회원구 팔용로 53,경상남도 창원시 마산회원구 양덕동 23-2,양덕1동,128.587720899916,35.2343067028632,MA0101202301A0012514,소상공인시장진흥공단_상가(상권)정보_API (data.go.kr 15012005),202606,2026-10-01
CW-MASANHOEWON,마산회원구,씨유합성,터미널점,편의점,경상남도 창원시 마산회원구 315대로 780,경상남도 창원시 마산회원구 합성동 160-1,합성2동,128.584883516434,35.2409048647076,MA0101202302A0002260,소상공인시장진흥공단_상가(상권)정보_API (data.go.kr 15012005),202606,2026-10-01
CW-MASANHOEWON,마산회원구,씨유마산산호무학점,,편의점,경상남도 창원시 마산회원구 산호서6길 1,경상남도 창원시 마산회원구 회원동 1-14,회원1동,128.57843867061,35.219539742856,MA0101202302A0008269,소상공인시장진흥공단_상가(상권)정보_API (data.go.kr 15012005),202606,2026-10-01
CW-MASANHOEWON,마산회원구,더까까주까,구암점,편의점,경상남도 창원시 마산회원구 구암북12길 20,경상남도 창원시 마산회원구 구암동 1332-10,구암1동,128.59796102315,35.2557202988468,MA0101202302A0043505,소상공인시장진흥공단_상가(상권)정보_API (data.go.kr 15012005),202606,2026-10-01
CW-MASANHOEWON,마산회원구,씨유마산구암,대동점,편의점,경상남도 창원시 마산회원구 구암남11길 20,경상남도 창원시 마산회원구 구암동 97-8,구암2동,128.601107467966,35.2497846713058,MA0101202302A0058692,소상공인시장진흥공단_상가(상권)정보_API (data.go.kr 15012005),202606,2026-10-01
CW-MASANHOEWON,마산회원구,지에스25내서,화성점,편의점,경상남도 창원시 마산회원구 내서읍 삼계8길 31,경상남도 창원시 마산회원구 내서읍 삼계리 14,내서읍,128.500573243589,35.2332467212187,MA0101202303A0038756,소상공인시장진흥공단_상가(상권)정보_API (data.go.kr 15012005),202606,2026-10-01
CW-MASANHOEWON,마산회원구,씨유마산자유무역,후문점,편의점,경상남도 창원시 마산회원구 자유무역2길 226,경상남도 창원시 마산회원구 양덕동 410-47,봉암동,128.590274877023,35.2210881367422,MA0101202306A0061219,소상공인시장진흥공단_상가(상권)정보_API (data.go.kr 15012005),202606,2026-10-01
CW-MASANHOEWON,마산회원구,지에스25내서한우리점,,편의점,경상남도 창원시 마산회원구 내서읍 삼계1길 32,경상남도 창원시 마산회원구 내서읍 삼계리 38,내서읍,128.50430041271,35.2280813804594,MA0101202308A0036509,소상공인시장진흥공단_상가(상권)정보_API (data.go.kr 15012005),202606,2026-10-01
CW-MASANHOEWON,마산회원구,세븐일레븐마산대동,삼계점,편의점,경상남도 창원시 마산회원구 내서읍 삼계5길 21,경상남도 창원시 마산회원구 내서읍 삼계리 33-5,내서읍,128.503617554713,35.2309558239686,MA0101202309A0049986,소상공인시장진흥공단_상가(상권)정보_API (data.go.kr 15012005),202606,2026-10-01
CW-MASANHOEWON,마산회원구,씨유마산합성,두산점,편의점,경상남도 창원시 마산회원구 합성남3길 71,경상남도 창원시 마산회원구 합성동 207-33,합성2동,128.587156651722,35.2380452038963,MA0101202310A0038073,소상공인시장진흥공단_상가(상권)정보_API (data.go.kr 15012005),202606,2026-10-01
CW-MASANHOEWON,마산회원구,세븐일레븐마산역점,,편의점,경상남도 창원시 마산회원구 마산역광장로 12,경상남도 창원시 마산회원구 석전동 226-9,석전동,128.578705275808,35.2355692208143,MA0101202406A0070617,소상공인시장진흥공단_상가(상권)정보_API (data.go.kr 15012005),202606,2026-10-01
CW-MASANHOEWON,마산회원구,지에스25양덕,제일점,편의점,경상남도 창원시 마산회원구 양덕북18길 29,경상남도 창원시 마산회원구 양덕동 96-1,양덕1동,128.583677816517,35.2365226393851,MA0101202406A0206436,소상공인시장진흥공단_상가(상권)정보_API (data.go.kr 15012005),202606,2026-10-01
CW-MASANHOEWON,마산회원구,씨유마산중리비젼점,,편의점,경상남도 창원시 마산회원구 내서읍 함마대로 2775,경상남도 창원시 마산회원구 내서읍 중리 659-2,내서읍,128.516026514766,35.2508626433512,MA0101202406A0357966,소상공인시장진흥공단_상가(상권)정보_API (data.go.kr 15012005),202606,2026-10-01
CW-MASANHOEWON,마산회원구,씨유마산호계하늘채,,편의점,경상남도 창원시 마산회원구 내서읍 호원로 359-1,경상남도 창원시 마산회원구 내서읍 호계리 80,내서읍,128.52434543729,35.2656375544094,MA0101202406A0389643,소상공인시장진흥공단_상가(상권)정보_API (data.go.kr 15012005),202606,2026-10-01
CW-MASANHOEWON,마산회원구,씨유마산죽암로점,,편의점,경상남도 창원시 마산회원구 내서읍 죽암로 30,경상남도 창원시 마산회원구 내서읍 중리 884-3,내서읍,128.510181932425,35.2568028096356,MA0101202406A0488684,소상공인시장진흥공단_상가(상권)정보_API (data.go.kr 15012005),202606,2026-10-01
CW-MASANHOEWON,마산회원구,비지에프리테일마산,삼계점,편의점,경상남도 창원시 마산회원구 내서읍 삼계4길 29,경상남도 창원시 마산회원구 내서읍 삼계리 22-6,내서읍,128.503589240666,35.2335878087887,MA0101202409A0014592,소상공인시장진흥공단_상가(상권)정보_API (data.go.kr 15012005),202606,2026-10-01
CW-MASANHOEWON,마산회원구,세븐일레븐마산,호계점,편의점,경상남도 창원시 마산회원구 내서읍 호원로 361-2,경상남도 창원시 마산회원구 내서읍 호계리 10,내서읍,128.525610353625,35.2657027196298,MA0101202409A0017963,소상공인시장진흥공단_상가(상권)정보_API (data.go.kr 15012005),202606,2026-10-01
CW-MASANHOEWON,마산회원구,이마트24마산양덕,터미널점,편의점,경상남도 창원시 마산회원구 양덕남9길 3,경상남도 창원시 마산회원구 양덕동 154-11,양덕2동,128.587487060386,35.2223053506562,MA0101202409A0190274,소상공인시장진흥공단_상가(상권)정보_API (data.go.kr 15012005),202606,2026-10-01
CW-MASANHOEWON,마산회원구,지에스25합성햇살점,,편의점,경상남도 창원시 마산회원구 양덕천길 160,경상남도 창원시 마산회원구 합성동 340-25,합성2동,128.589520647104,35.2353465294406,MA0101202409A0203110,소상공인시장진흥공단_상가(상권)정보_API (data.go.kr 15012005),202606,2026-10-01
CW-MASANHOEWON,마산회원구,이마트24마산봉암공단점,,편의점,경상남도 창원시 마산회원구 봉암공단로 62,경상남도 창원시 마산회원구 봉암동 660-100,봉암동,128.600153036432,35.2135047495744,MA0101202411A0026115,소상공인시장진흥공단_상가(상권)정보_API (data.go.kr 15012005),202606,2026-10-01
CW-MASANHOEWON,마산회원구,씨유마산회원아람점,,편의점,경상남도 창원시 마산회원구 회원북26길 61,경상남도 창원시 마산회원구 회원동 666-15,회원2동,128.564771044921,35.2192485699168,MA0101202411A0049513,소상공인시장진흥공단_상가(상권)정보_API (data.go.kr 15012005),202606,2026-10-01
CW-MASANHOEWON,마산회원구,지에스25양덕센텀,골드점,편의점,경상남도 창원시 마산회원구 양덕로 48,경상남도 창원시 마산회원구 양덕동 981,봉암동,128.590914943145,35.224621570648,MA0101202411A0071621,소상공인시장진흥공단_상가(상권)정보_API (data.go.kr 15012005),202606,2026-10-01
CW-MASANHOEWON,마산회원구,지에스25마산봉암블레스점,,편의점,경상남도 창원시 마산회원구 봉암공단1길 29,경상남도 창원시 마산회원구 봉암동 469-21,봉암동,128.595671543406,35.2190614330938,MA0101202411A0124393,소상공인시장진흥공단_상가(상권)정보_API (data.go.kr 15012005),202606,2026-10-01
CW-MASANHOEWON,마산회원구,세븐일레븐마산합성중앙,2호점,편의점,경상남도 창원시 마산회원구 합성옛길 174,경상남도 창원시 마산회원구 합성동 266-1,합성2동,128.584618175962,35.2391239013693,MA0101202411A0140183,소상공인시장진흥공단_상가(상권)정보_API (data.go.kr 15012005),202606,2026-10-01
CW-MASANHOEWON,마산회원구,지에스25마산양덕,센텀점,편의점,경상남도 창원시 마산회원구 양덕동12길 57,경상남도 창원시 마산회원구 양덕동 46-24,양덕1동,128.586936346146,35.2318115685065,MA0101202412A0055446,소상공인시장진흥공단_상가(상권)정보_API (data.go.kr 15012005),202606,2026-10-01
CW-MASANHOEWON,마산회원구,세븐일레븐마산터미널,1호점,편의점,경상남도 창원시 마산회원구 315대로 756,경상남도 창원시 마산회원구 합성동 267,합성2동,128.583531291616,35.2391561543492,MA0101202501A0043667,소상공인시장진흥공단_상가(상권)정보_API (data.go.kr 15012005),202606,2026-10-01
CW-MASANHOEWON,마산회원구,세븐창원NC파크2호점,코리아,편의점,경상남도 창원시 마산회원구 삼호로 63,경상남도 창원시 마산회원구 양덕동 477,양덕2동,128.579573316727,35.2219853117579,MA0101202502A0003628,소상공인시장진흥공단_상가(상권)정보_API (data.go.kr 15012005),202606,2026-10-01
CW-MASANHOEWON,마산회원구,세븐일레븐마산구암마크원점,,편의점,경상남도 창원시 마산회원구 315대로 874,경상남도 창원시 마산회원구 구암동 78-5,구암2동,128.592071189687,35.2466955390891,MA0101202502A0015930,소상공인시장진흥공단_상가(상권)정보_API (data.go.kr 15012005),202606,2026-10-01
CW-MASANHOEWON,마산회원구,세븐창원NC파크1호점,코리아,편의점,경상남도 창원시 마산회원구 삼호로 63,경상남도 창원시 마산회원구 양덕동 477,양덕2동,128.579573316727,35.2219853117579,MA0101202502A0041897,소상공인시장진흥공단_상가(상권)정보_API (data.go.kr 15012005),202606,2026-10-01
CW-MASANHOEWON,마산회원구,지에스25마산양덕,미소점,편의점,경상남도 창원시 마산회원구 양덕북17길 68,경상남도 창원시 마산회원구 양덕동 97-14,양덕1동,128.583017708659,35.2347738734387,MA0101202502A0060974,소상공인시장진흥공단_상가(상권)정보_API (data.go.kr 15012005),202606,2026-10-01
CW-MASANHOEWON,마산회원구,세븐창원NC파크3호점,코리아,편의점,경상남도 창원시 마산회원구 삼호로 63,경상남도 창원시 마산회원구 양덕동 477,양덕2동,128.579573316727,35.2219853117579,MA0101202502A0067836,소상공인시장진흥공단_상가(상권)정보_API (data.go.kr 15012005),202606,2026-10-01
CW-MASANHOEWON,마산회원구,씨유뉴양덕베스트점,,편의점,경상남도 창원시 마산회원구 양덕동2길 19,경상남도 창원시 마산회원구 양덕동 163-18,양덕2동,128.5898165515,35.2223648969007,MA0101202502A0076126,소상공인시장진흥공단_상가(상권)정보_API (data.go.kr 15012005),202606,2026-10-01
CW-MASANHOEWON,마산회원구,씨유마산하버,팰리스점,편의점,경상남도 창원시 마산회원구 양덕시장길 16,경상남도 창원시 마산회원구 양덕동 174-40,양덕2동,128.591558480289,35.2221437316257,MA0101202503A0005601,소상공인시장진흥공단_상가(상권)정보_API (data.go.kr 15012005),202606,2026-10-01
CW-MASANHOEWON,마산회원구,세븐일레븐마산합성,시장점,편의점,경상남도 창원시 마산회원구 합성남2길 31,경상남도 창원시 마산회원구 합성동 323-19,합성2동,128.586085191508,35.239996900342,MA0101202503A0047801,소상공인시장진흥공단_상가(상권)정보_API (data.go.kr 15012005),202606,2026-10-01
CW-MASANHOEWON,마산회원구,씨유마산양덕,롯데점,편의점,경상남도 창원시 마산회원구 양덕로 8,경상남도 창원시 마산회원구 봉암동 436-1,봉암동,128.593399040707,35.2219122305806,MA0101202503A0073408,소상공인시장진흥공단_상가(상권)정보_API (data.go.kr 15012005),202606,2026-10-01
CW-MASANHOEWON,마산회원구,씨유마산중리,센터점,편의점,경상남도 창원시 마산회원구 내서읍 호원로 153,경상남도 창원시 마산회원구 내서읍 중리 1523,내서읍,128.52403671094,35.2479771810488,MA0101202504A0031263,소상공인시장진흥공단_상가(상권)정보_API (data.go.kr 15012005),202606,2026-10-01
CW-MASANHOEWON,마산회원구,씨유마산삼계,대동점,편의점,경상남도 창원시 마산회원구 내서읍 경남대로 905,경상남도 창원시 마산회원구 내서읍 삼계리 31-4,내서읍,128.504801557515,35.2308329582547,MA0101202507A0018656,소상공인시장진흥공단_상가(상권)정보_API (data.go.kr 15012005),202606,2026-10-01
CW-MASANHOEWON,마산회원구,씨유마산양덕한일,2차점,편의점,경상남도 창원시 마산회원구 양덕남1길 24-1,경상남도 창원시 마산회원구 양덕동 64-2,양덕2동,128.582328712261,35.2309706695803,MA0101202508A0004311,소상공인시장진흥공단_상가(상권)정보_API (data.go.kr 15012005),202606,2026-10-01
CW-MASANHOEWON,마산회원구,지에스25마산회성점,,편의점,경상남도 창원시 마산회원구 회성남10길 2,경상남도 창원시 마산회원구 회성동 448-1,회성동,128.558764382142,35.2336377223249,MA0101202508A0011524,소상공인시장진흥공단_상가(상권)정보_API (data.go.kr 15012005),202606,2026-10-01
CW-MASANHOEWON,마산회원구,지에스25마산봉암점,,편의점,경상남도 창원시 마산회원구 봉암북4길 42,경상남도 창원시 마산회원구 봉암동 451-25,봉암동,128.597420790048,35.2225802020592,MA0101202508A0029810,소상공인시장진흥공단_상가(상권)정보_API (data.go.kr 15012005),202606,2026-10-01
CW-MASANHOEWON,마산회원구,씨유마산호계성우점,,편의점,경상남도 창원시 마산회원구 내서읍 광려천북로 58,경상남도 창원시 마산회원구 내서읍 호계리 352,내서읍,128.519064627321,35.2552946834285,MA0101202509A0004340,소상공인시장진흥공단_상가(상권)정보_API (data.go.kr 15012005),202606,2026-10-01
CW-MASANHOEWON,마산회원구,세븐일레븐마산내서,삼계점,편의점,경상남도 창원시 마산회원구 내서읍 광려로 42,경상남도 창원시 마산회원구 내서읍 삼계리 290,내서읍,128.502318639198,35.2230590233848,MA0101202509A0015268,소상공인시장진흥공단_상가(상권)정보_API (data.go.kr 15012005),202606,2026-10-01
CW-MASANHOEWON,마산회원구,지에스25마산안계,마을점,편의점,경상남도 창원시 마산회원구 내서읍 삼계로 86-1,경상남도 창원시 마산회원구 내서읍 삼계리 501-6,내서읍,128.495272034532,35.2316810842441,MA0101202509A0030292,소상공인시장진흥공단_상가(상권)정보_API (data.go.kr 15012005),202606,2026-10-01
CW-MASANHOEWON,마산회원구,씨유마산구암,플러스점,편의점,경상남도 창원시 마산회원구 구암동4길 11,경상남도 창원시 마산회원구 구암동 1357-1,구암2동,128.600215479824,35.2530318795105,MA0101202511A0039169,소상공인시장진흥공단_상가(상권)정보_API (data.go.kr 15012005),202606,2026-10-01
CW-MASANHOEWON,마산회원구,씨유마산회성현대점,,편의점,경상남도 창원시 마산회원구 송평로 25,경상남도 창원시 마산회원구 회성동 195-5,회성동,128.559714148753,35.2356262285556,MA0101202512A0040602,소상공인시장진흥공단_상가(상권)정보_API (data.go.kr 15012005),202606,2026-10-01
CW-MASANHOEWON,마산회원구,씨유마산숲속주공점,,편의점,경상남도 창원시 마산회원구 내서읍 숲속로 32,경상남도 창원시 마산회원구 내서읍 삼계리 507-1,내서읍,128.49706181479,35.2286578100545,MA0101202601A0029373,소상공인시장진흥공단_상가(상권)정보_API (data.go.kr 15012005),202606,2026-10-01
CW-MASANHOEWON,마산회원구,세븐일레븐마산회원스마일점,,편의점,경상남도 창원시 마산회원구 회원동서로 19,경상남도 창원시 마산회원구 회원동 48-21,회원1동,128.572758603987,35.2188566461061,MA0101202602A0034111,소상공인시장진흥공단_상가(상권)정보_API (data.go.kr 15012005),202606,2026-10-01
CW-MASANHOEWON,마산회원구,씨유마산석전아람점,,편의점,경상남도 창원시 마산회원구 석전동3길 24,경상남도 창원시 마산회원구 석전동 251-45,석전동,128.573539108507,35.2314097204927,MA0101202603A0004601,소상공인시장진흥공단_상가(상권)정보_API (data.go.kr 15012005),202606,2026-10-01
CW-MASANHOEWON,마산회원구,세븐일레븐마산석전메트로점,,편의점,경상남도 창원시 마산회원구 석전남1길 38,경상남도 창원시 마산회원구 석전동 303,석전동,128.570131934183,35.2273082930771,MA0101202603A0021605,소상공인시장진흥공단_상가(상권)정보_API (data.go.kr 15012005),202606,2026-10-01
CW-MASANHOEWON,마산회원구,세븐일레븐마산회원봉암점,,편의점,경상남도 창원시 마산회원구 봉양로 83,경상남도 창원시 마산회원구 봉암동 461-12,봉암동,128.596509218667,35.2208979133644,MA0101202604A0012697,소상공인시장진흥공단_상가(상권)정보_API (data.go.kr 15012005),202606,2026-10-01
CW-MASANHOEWON,마산회원구,지에스25호계,사거리점,편의점,경상남도 창원시 마산회원구 내서읍 호원로 230,경상남도 창원시 마산회원구 내서읍 호계리 284-2,내서읍,128.521487601777,35.253840279501,MA0101202604A0020234,소상공인시장진흥공단_상가(상권)정보_API (data.go.kr 15012005),202606,2026-10-01
CW-MASANHOEWON,마산회원구,씨유마산메트로,센텀점,편의점,경상남도 창원시 마산회원구 용마로 130,경상남도 창원시 마산회원구 양덕동 149-20,양덕2동,128.586095204121,35.2235853260115,MA0106202507A1337266,소상공인시장진흥공단_상가(상권)정보_API (data.go.kr 15012005),202606,2026-10-01
CW-MASANHOEWON,마산회원구,씨유마산자유무역점,,편의점,경상남도 창원시 마산회원구 자유무역1길 92,경상남도 창원시 마산회원구 양덕동 975-1,봉암동,128.590462134465,35.2143624723566,MA0106202605A1833592,소상공인시장진흥공단_상가(상권)정보_API (data.go.kr 15012005),202606,2026-10-01
CW-JINHAE,진해구,씨유진해자은빌딩점,,편의점,경상남도 창원시 진해구 냉천로 160,경상남도 창원시 진해구 자은동 135-1,자은동,128.713868821002,35.1556578590511,MA010120220800044277,소상공인시장진흥공단_상가(상권)정보_API (data.go.kr 15012005),202606,2026-10-01
CW-JINHAE,진해구,씨유진해용원스마일점,,편의점,경상남도 창원시 진해구 용원중로17번길 11-1,경상남도 창원시 진해구 용원동 1263-2,웅동2동,128.814686099055,35.0990262598767,MA010120220800105225,소상공인시장진흥공단_상가(상권)정보_API (data.go.kr 15012005),202606,2026-10-01
CW-JINHAE,진해구,GS25진해해군마린점,,편의점,경상남도 창원시 진해구 태평로76번길 4,경상남도 창원시 진해구 태평동 58,충무동,128.667083001292,35.1446218520378,MA010120220800233005,소상공인시장진흥공단_상가(상권)정보_API (data.go.kr 15012005),202606,2026-10-01
CW-JINHAE,진해구,세븐일레븐경남진해충무점,,편의점,경상남도 창원시 진해구 제황로 80,경상남도 창원시 진해구 충무동 25-48,충무동,128.667011137867,35.1513189926299,MA010120220800662633,소상공인시장진흥공단_상가(상권)정보_API (data.go.kr 15012005),202606,2026-10-01
CW-JINHAE,진해구,씨유신항부영8단지점,,편의점,경상남도 창원시 진해구 신항동로 136,경상남도 창원시 진해구 용원동 1341-2,웅동2동,128.811689037276,35.0899507948385,MA010120220802505473,소상공인시장진흥공단_상가(상권)정보_API (data.go.kr 15012005),202606,2026-10-01
CW-JINHAE,진해구,세븐일레븐,,편의점,경상남도 창원시 진해구 중원동로 57,경상남도 창원시 진해구 중앙동 8-3,충무동,128.661218956347,35.1497763469792,MA010120220802585666,소상공인시장진흥공단_상가(상권)정보_API (data.go.kr 15012005),202606,2026-10-01
CW-JINHAE,진해구,이마트24용원제일,,편의점,경상남도 창원시 진해구 용원중로 41,경상남도 창원시 진해구 용원동 1225-10,웅동2동,128.816493764761,35.1009277797029,MA010120220802981484,소상공인시장진흥공단_상가(상권)정보_API (data.go.kr 15012005),202606,2026-10-01
CW-JINHAE,진해구,씨유진해장천,대동점,편의점,경상남도 창원시 진해구 행암로 25,경상남도 창원시 진해구 장천동 119-12,풍호동,128.70475816557,35.1292272830784,MA010120220803081709,소상공인시장진흥공단_상가(상권)정보_API (data.go.kr 15012005),202606,2026-10-01
CW-JINHAE,진해구,씨유진해남문대로점,,편의점,경상남도 창원시 진해구 남영로159번길 95,경상남도 창원시 진해구 남문동 1245-7,웅천동,128.752391897055,35.1068102425154,MA010120220803141687,소상공인시장진흥공단_상가(상권)정보_API (data.go.kr 15012005),202606,2026-10-01
CW-JINHAE,진해구,이마트24진해,수송점,편의점,경상남도 창원시 진해구 편백로 1,경상남도 창원시 진해구 수송동 4-5,충무동,128.656336505213,35.149798143425,MA010120220803439501,소상공인시장진흥공단_상가(상권)정보_API (data.go.kr 15012005),202606,2026-10-01
CW-JINHAE,진해구,세븐일레븐진해이동,중앙점,편의점,경상남도 창원시 진해구 냉천로 22,경상남도 창원시 진해구 이동 61-3,이동,128.700282203424,35.1503158160926,MA010120220803539165,소상공인시장진흥공단_상가(상권)정보_API (data.go.kr 15012005),202606,2026-10-01
CW-JINHAE,진해구,GS25여좌태백점,,편의점,경상남도 창원시 진해구 태백서로 4,경상남도 창원시 진해구 여좌동 820-1,태백동,128.67258882562,35.1525579013201,MA010120220803575124,소상공인시장진흥공단_상가(상권)정보_API (data.go.kr 15012005),202606,2026-10-01
CW-JINHAE,진해구,씨유진해신항부영,2단지점,편의점,경상남도 창원시 진해구 신항동로 228,경상남도 창원시 진해구 용원동 1336-4,웅동2동,128.803162770511,35.0891406584705,MA010120220803678634,소상공인시장진흥공단_상가(상권)정보_API (data.go.kr 15012005),202606,2026-10-01
CW-JINHAE,진해구,지에스25용원마이다스점,,편의점,경상남도 창원시 진해구 안골로 344,경상남도 창원시 진해구 용원동 1211-2,웅동2동,128.81019342353,35.1016528911385,MA010120220803850373,소상공인시장진흥공단_상가(상권)정보_API (data.go.kr 15012005),202606,2026-10-01
CW-JINHAE,진해구,이마트편의점,,편의점,경상남도 창원시 진해구 진해대로922번길 24,경상남도 창원시 진해구 자은동 867-25,자은동,128.704587199106,35.1473353413716,MA010120220804892533,소상공인시장진흥공단_상가(상권)정보_API (data.go.kr 15012005),202606,2026-10-01
CW-JINHAE,진해구,씨유진해웅천점,,편의점,경상남도 창원시 진해구 웅천로 173,경상남도 창원시 진해구 북부동 536-1,웅천동,128.748996840702,35.1136995726798,MA010120220804930084,소상공인시장진흥공단_상가(상권)정보_API (data.go.kr 15012005),202606,2026-10-01
CW-JINHAE,진해구,씨유진해자은,사거리점,편의점,경상남도 창원시 진해구 자은로64번길 26,경상남도 창원시 진해구 자은동 963-19,자은동,128.708739246432,35.1491243561079,MA010120220805166549,소상공인시장진흥공단_상가(상권)정보_API (data.go.kr 15012005),202606,2026-10-01
CW-JINHAE,진해구,지에스25용원부영5차점,,편의점,경상남도 창원시 진해구 신항5로 41,경상남도 창원시 진해구 용원동 1337-3,웅동2동,128.806954144977,35.0865517822979,MA010120220805226681,소상공인시장진흥공단_상가(상권)정보_API (data.go.kr 15012005),202606,2026-10-01
CW-JINHAE,진해구,씨유진해쿠팡물류,센터점,편의점,경상남도 창원시 진해구 두동로55번안길 2,경상남도 창원시 진해구 두동 1611,웅동1동,128.802327393089,35.1234082798522,MA010120220805252633,소상공인시장진흥공단_상가(상권)정보_API (data.go.kr 15012005),202606,2026-10-01
CW-JINHAE,진해구,지에스25진해남문W,,편의점,경상남도 창원시 진해구 웅천동로106번길 13,경상남도 창원시 진해구 남문동 1254,웅천동,128.751884021441,35.1051142717893,MA010120220805542538,소상공인시장진흥공단_상가(상권)정보_API (data.go.kr 15012005),202606,2026-10-01
CW-JINHAE,진해구,세븐일레븐,,편의점,경상남도 창원시 진해구 냉천로 22,경상남도 창원시 진해구 이동 61-3,이동,128.700282203424,35.1503158160926,MA010120220805604783,소상공인시장진흥공단_상가(상권)정보_API (data.go.kr 15012005),202606,2026-10-01
CW-JINHAE,진해구,세븐일레븐진해이동스마일점,,편의점,경상남도 창원시 진해구 이동로28번길 3,경상남도 창원시 진해구 이동 610-1,이동,128.694948790369,35.1508141376137,MA010120220805896443,소상공인시장진흥공단_상가(상권)정보_API (data.go.kr 15012005),202606,2026-10-01
CW-JINHAE,진해구,세븐일레븐진해경화위브점,,편의점,경상남도 창원시 진해구 조천로 29,경상남도 창원시 진해구 경화동 1301-17,경화동,128.684763909593,35.1602929423255,MA010120220805955320,소상공인시장진흥공단_상가(상권)정보_API (data.go.kr 15012005),202606,2026-10-01
CW-JINHAE,진해구,지에스25진해고,,편의점,경상남도 창원시 진해구 여좌로 100-1,경상남도 창원시 진해구 여좌동 46-20,여좌동,128.66295628006,35.1601977812194,MA010120220806429737,소상공인시장진흥공단_상가(상권)정보_API (data.go.kr 15012005),202606,2026-10-01
CW-JINHAE,진해구,씨유진해오송,스퀘어점,편의점,경상남도 창원시 진해구 신항4로 58,경상남도 창원시 진해구 용원동 1351,웅동2동,128.818748468839,35.0883941260352,MA010120220806643263,소상공인시장진흥공단_상가(상권)정보_API (data.go.kr 15012005),202606,2026-10-01
CW-JINHAE,진해구,이마트24진해용원,부영점,편의점,경상남도 창원시 진해구 안청북로 13,경상남도 창원시 진해구 청안동 473,웅동2동,128.804673131246,35.1044388594399,MA010120220806643839,소상공인시장진흥공단_상가(상권)정보_API (data.go.kr 15012005),202606,2026-10-01
CW-JINHAE,진해구,씨유진해석동,그린점,편의점,경상남도 창원시 진해구 석동로39번길 1,경상남도 창원시 진해구 석동 204-5,석동,128.703141935608,35.1548538668919,MA010120220806871610,소상공인시장진흥공단_상가(상권)정보_API (data.go.kr 15012005),202606,2026-10-01
CW-JINHAE,진해구,세븐일레븐진해신항,센트럴점,편의점,경상남도 창원시 진해구 신항4로 41-24,경상남도 창원시 진해구 용원동 1343-8,웅동2동,128.81584982626,35.0872209402153,MA010120220806884601,소상공인시장진흥공단_상가(상권)정보_API (data.go.kr 15012005),202606,2026-10-01
CW-JINHAE,진해구,이마트24진해남문베르디움,,편의점,경상남도 창원시 진해구 웅천동로43번길 17,경상남도 창원시 진해구 남문동 1293-1,웅천동,128.756534898754,35.1031183379471,MA010120220806924307,소상공인시장진흥공단_상가(상권)정보_API (data.go.kr 15012005),202606,2026-10-01
CW-JINHAE,진해구,이마트24진해연세,병원점,편의점,경상남도 창원시 진해구 해원로32번길 14,경상남도 창원시 진해구 이동 676-3,석동,128.698281498617,35.1543633513147,MA010120220807092217,소상공인시장진흥공단_상가(상권)정보_API (data.go.kr 15012005),202606,2026-10-01
CW-JINHAE,진해구,씨유진해연세,병원점,편의점,경상남도 창원시 진해구 동진로21번길 12,경상남도 창원시 진해구 이동 3-3,석동,128.69956434206,35.1548410323649,MA010120220807120261,소상공인시장진흥공단_상가(상권)정보_API (data.go.kr 15012005),202606,2026-10-01
CW-JINHAE,진해구,세븐일레븐진해경화루나점,,편의점,경상남도 창원시 진해구 조천북로 100,경상남도 창원시 진해구 경화동 1283-1,경화동,128.682838559501,35.1611218011278,MA010120220807144228,소상공인시장진흥공단_상가(상권)정보_API (data.go.kr 15012005),202606,2026-10-01
CW-JINHAE,진해구,씨유진해뉴휴,플러스점,편의점,경상남도 창원시 진해구 진해대로1114번길 15,경상남도 창원시 진해구 장천동 246,풍호동,128.709144993256,35.1296972063054,MA010120220807145146,소상공인시장진흥공단_상가(상권)정보_API (data.go.kr 15012005),202606,2026-10-01
CW-JINHAE,진해구,먼데이투선데이,,편의점,경상남도 창원시 진해구 동진로 91-2,경상남도 창원시 진해구 이동 581-1,이동,128.703074531684,35.1489878365404,MA010120220807929325,소상공인시장진흥공단_상가(상권)정보_API (data.go.kr 15012005),202606,2026-10-01
CW-JINHAE,진해구,씨유진해신항부영6단지점,,편의점,경상남도 창원시 진해구 신항5로 54,경상남도 창원시 진해구 용원동 1338,웅동2동,128.807497119074,35.0878053915457,MA010120220808070004,소상공인시장진흥공단_상가(상권)정보_API (data.go.kr 15012005),202606,2026-10-01
CW-JINHAE,진해구,이마트24진해석동,제일점,편의점,경상남도 창원시 진해구 진해대로886번길 18,경상남도 창원시 진해구 석동 104-17,이동,128.705069699183,35.1499511175238,MA010120220808070297,소상공인시장진흥공단_상가(상권)정보_API (data.go.kr 15012005),202606,2026-10-01
CW-JINHAE,진해구,지에스25용원부영1차점,,편의점,경상남도 창원시 진해구 안청남로 13,경상남도 창원시 진해구 청안동 477,웅동2동,128.805812258873,35.1013938087571,MA010120220808226822,소상공인시장진흥공단_상가(상권)정보_API (data.go.kr 15012005),202606,2026-10-01
CW-JINHAE,진해구,노브랜드진해풍호점,,편의점,경상남도 창원시 진해구 천자로 379,경상남도 창원시 진해구 풍호동 320-1,풍호동,128.706583612362,35.1352217863053,MA010120220808301821,소상공인시장진흥공단_상가(상권)정보_API (data.go.kr 15012005),202606,2026-10-01
CW-JINHAE,진해구,지에스25진해바다,마을점,편의점,경상남도 창원시 진해구 충장로 645,경상남도 창원시 진해구 풍호동 305-14,풍호동,128.704531589823,35.1336194514154,MA010120220808351428,소상공인시장진흥공단_상가(상권)정보_API (data.go.kr 15012005),202606,2026-10-01
CW-JINHAE,진해구,지에스25안골신세계점,,편의점,경상남도 창원시 진해구 안청로18번길 11,경상남도 창원시 진해구 안골동 360-6,웅동2동,128.804298419036,35.0993796063802,MA010120220808444120,소상공인시장진흥공단_상가(상권)정보_API (data.go.kr 15012005),202606,2026-10-01
CW-JINHAE,진해구,지에스25진해코아,,편의점,경상남도 창원시 진해구 용원서로31번길 17,경상남도 창원시 진해구 용원동 1214-3,웅동2동,128.811103900802,35.1006749897437,MA010120220808461540,소상공인시장진흥공단_상가(상권)정보_API (data.go.kr 15012005),202606,2026-10-01
CW-JINHAE,진해구,씨유진해청안풍림점,,편의점,경상남도 창원시 진해구 안청북로 37,경상남도 창원시 진해구 청안동 472,웅동2동,128.807110057545,35.1045467426758,MA010120220808548908,소상공인시장진흥공단_상가(상권)정보_API (data.go.kr 15012005),202606,2026-10-01
CW-JINHAE,진해구,이마트24진해속천점,,편의점,경상남도 창원시 진해구 속천로 12-2,경상남도 창원시 진해구 제황산동 25-23,충무동,128.671636237357,35.1446131820282,MA010120220808589875,소상공인시장진흥공단_상가(상권)정보_API (data.go.kr 15012005),202606,2026-10-01
CW-JINHAE,진해구,세븐일레븐진해신항,센텀점,편의점,경상남도 창원시 진해구 신항4로 49,경상남도 창원시 진해구 용원동 1345-2,웅동2동,128.817911026557,35.0877127520258,MA010120220808590201,소상공인시장진흥공단_상가(상권)정보_API (data.go.kr 15012005),202606,2026-10-01
CW-JINHAE,진해구,GS25진해하이존점,,편의점,경상남도 창원시 진해구 진해대로 999,경상남도 창원시 진해구 자은동 615-1,덕산동,128.707818850736,35.1402602622872,MA010120220808613945,소상공인시장진흥공단_상가(상권)정보_API (data.go.kr 15012005),202606,2026-10-01
CW-JINHAE,진해구,씨유신항부영1,3단지점,편의점,경상남도 창원시 진해구 신항4로 73,경상남도 창원시 진해구 용원동 1341-5,웅동2동,128.817944261521,35.0897039390354,MA010120220808633690,소상공인시장진흥공단_상가(상권)정보_API (data.go.kr 15012005),202606,2026-10-01
CW-JINHAE,진해구,세븐일레븐진해신항,센텀점,편의점,경상남도 창원시 진해구 신항4로 49,경상남도 창원시 진해구 용원동 1345-2,웅동2동,128.817911026557,35.0877127520258,MA010120220808741721,소상공인시장진흥공단_상가(상권)정보_API (data.go.kr 15012005),202606,2026-10-01
CW-JINHAE,진해구,씨유진해석동일루스점,,편의점,경상남도 창원시 진해구 진해대로776번길 31,경상남도 창원시 진해구 이동 462-3,석동,128.698158815773,35.1558520940136,MA010120220808911724,소상공인시장진흥공단_상가(상권)정보_API (data.go.kr 15012005),202606,2026-10-01
CW-JINHAE,진해구,세븐일레븐진해남문시티SM아이스할인점,,편의점,경상남도 창원시 진해구 남영로159번길 83,경상남도 창원시 진해구 남문동 1246-1,웅천동,128.75361636782,35.1071440087137,MA010120220809273473,소상공인시장진흥공단_상가(상권)정보_API (data.go.kr 15012005),202606,2026-10-01
CW-JINHAE,진해구,세븐일레븐진해용원드라이브점,,편의점,경상남도 창원시 진해구 진해대로 2235,경상남도 창원시 진해구 용원동 541-6,웅동2동,128.805850226698,35.1095762746141,MA010120220809274529,소상공인시장진흥공단_상가(상권)정보_API (data.go.kr 15012005),202606,2026-10-01
CW-JINHAE,진해구,씨유진해중원,로터리점,편의점,경상남도 창원시 진해구 백구로 43,경상남도 창원시 진해구 광화동 2-1,충무동,128.65980640168,35.148840403494,MA010120220809705669,소상공인시장진흥공단_상가(상권)정보_API (data.go.kr 15012005),202606,2026-10-01
CW-JINHAE,진해구,지에스25N진해해양의료원,,편의점,경상남도 창원시 진해구 진해대로963번길 35,경상남도 창원시 진해구 자은동 417-3,덕산동,128.712916198011,35.1463346532055,MA010120220809727956,소상공인시장진흥공단_상가(상권)정보_API (data.go.kr 15012005),202606,2026-10-01
CW-JINHAE,진해구,지에스25석동그린,,편의점,경상남도 창원시 진해구 석동로 58,경상남도 창원시 진해구 석동 655-2,석동,128.705147720026,35.1552672473143,MA010120220809773992,소상공인시장진흥공단_상가(상권)정보_API (data.go.kr 15012005),202606,2026-10-01
CW-JINHAE,진해구,지에스25진해석동공원,,편의점,경상남도 창원시 진해구 냉천로 61,경상남도 창원시 진해구 석동 141-12,석동,128.703874669214,35.1521038372619,MA010120220809835852,소상공인시장진흥공단_상가(상권)정보_API (data.go.kr 15012005),202606,2026-10-01
CW-JINHAE,진해구,씨유진해연세,병원점,편의점,경상남도 창원시 진해구 동진로21번길 12,경상남도 창원시 진해구 이동 3-3,석동,128.69956434206,35.1548410323649,MA010120220810040513,소상공인시장진흥공단_상가(상권)정보_API (data.go.kr 15012005),202606,2026-10-01
CW-JINHAE,진해구,지에스25남원로타리점,,편의점,경상남도 창원시 진해구 중원로 22,경상남도 창원시 진해구 태평동 14-17,충무동,128.659572704698,35.1459776845727,MA010120220810106617,소상공인시장진흥공단_상가(상권)정보_API (data.go.kr 15012005),202606,2026-10-01
CW-JINHAE,진해구,세븐진해수송중앙점,코리아,편의점,경상남도 창원시 진해구 충무로 38,경상남도 창원시 진해구 수송동 2-11,충무동,128.656584619669,35.1490467271006,MA010120220810456563,소상공인시장진흥공단_상가(상권)정보_API (data.go.kr 15012005),202606,2026-10-01
CW-JINHAE,진해구,씨유진해신항애플점,,편의점,경상남도 창원시 진해구 신항동로 141,경상남도 창원시 진해구 용원동 1340,웅동2동,128.813418221973,35.0883207746799,MA010120220810789149,소상공인시장진흥공단_상가(상권)정보_API (data.go.kr 15012005),202606,2026-10-01
CW-JINHAE,진해구,GS25덕산,제일점,편의점,경상남도 창원시 진해구 충장로 505,경상남도 창원시 진해구 덕산동 79-10,덕산동,128.701317619016,35.1441819506392,MA010120220810908278,소상공인시장진흥공단_상가(상권)정보_API (data.go.kr 15012005),202606,2026-10-01
CW-JINHAE,진해구,이마트24진해용원일등점,,편의점,경상남도 창원시 진해구 용원북로 7,경상남도 창원시 진해구 용원동 1173-10,웅동2동,128.81550809517,35.1034569344989,MA010120220810914158,소상공인시장진흥공단_상가(상권)정보_API (data.go.kr 15012005),202606,2026-10-01
CW-JINHAE,진해구,세븐일레븐진해석동노른자점,,편의점,경상남도 창원시 진해구 냉천로 47,경상남도 창원시 진해구 석동 142-9,석동,128.702591282952,35.1515991723099,MA010120220810919813,소상공인시장진흥공단_상가(상권)정보_API (data.go.kr 15012005),202606,2026-10-01
CW-JINHAE,진해구,씨유진해용원해청점,,편의점,경상남도 창원시 진해구 용원북로11번길 29,경상남도 창원시 진해구 용원동 1169-1,웅동2동,128.812675168019,35.1042833936745,MA010120220810920951,소상공인시장진흥공단_상가(상권)정보_API (data.go.kr 15012005),202606,2026-10-01
CW-JINHAE,진해구,씨유진해여좌,플러스점,편의점,경상남도 창원시 진해구 여좌남로55번길 22,경상남도 창원시 진해구 여좌동 122-1,여좌동,128.662325981637,35.1567276817525,MA010120220810923304,소상공인시장진흥공단_상가(상권)정보_API (data.go.kr 15012005),202606,2026-10-01
CW-JINHAE,진해구,씨유진해,마천점,편의점,경상남도 창원시 진해구 웅동로 77,경상남도 창원시 진해구 마천동 95-12,웅동1동,128.785032618546,35.1245655117057,MA010120220810935973,소상공인시장진흥공단_상가(상권)정보_API (data.go.kr 15012005),202606,2026-10-01
CW-JINHAE,진해구,이마트24진해석동,센터점,편의점,경상남도 창원시 진해구 석동로30번길 26,경상남도 창원시 진해구 석동 177-8,석동,128.703285116984,35.1522473125537,MA010120220810936388,소상공인시장진흥공단_상가(상권)정보_API (data.go.kr 15012005),202606,2026-10-01
CW-JINHAE,진해구,이마트24진해용재점,,편의점,경상남도 창원시 진해구 용재로17번길 7,경상남도 창원시 진해구 용원동 1203-10,웅동2동,128.811773415278,35.1026837038604,MA010120220810940906,소상공인시장진흥공단_상가(상권)정보_API (data.go.kr 15012005),202606,2026-10-01
CW-JINHAE,진해구,GS25진해,드림점,편의점,경상남도 창원시 진해구 동진로49번길 14-4,경상남도 창원시 진해구 석동 175-1,석동,128.702285653429,35.1527299997879,MA010120220810942096,소상공인시장진흥공단_상가(상권)정보_API (data.go.kr 15012005),202606,2026-10-01
CW-JINHAE,진해구,세븐일레븐진해석동,제일점,편의점,경상남도 창원시 진해구 진해대로874번길 17,경상남도 창원시 진해구 석동 115-12,이동,128.704614737587,35.1507596113646,MA010120220810943006,소상공인시장진흥공단_상가(상권)정보_API (data.go.kr 15012005),202606,2026-10-01
CW-JINHAE,진해구,GS25진해,중앙점,편의점,경상남도 창원시 진해구 충장로100번길 5,경상남도 창원시 진해구 화천동 45-5,충무동,128.663004398768,35.1517796206885,MA010120220810944106,소상공인시장진흥공단_상가(상권)정보_API (data.go.kr 15012005),202606,2026-10-01
CW-JINHAE,진해구,GS25용원도서관점,,편의점,경상남도 창원시 진해구 용재로 67,경상남도 창원시 진해구 용원동 1186-14,웅동2동,128.817233637041,35.1011600164478,MA010120220810944432,소상공인시장진흥공단_상가(상권)정보_API (data.go.kr 15012005),202606,2026-10-01
CW-JINHAE,진해구,GS25석동타운,,편의점,경상남도 창원시 진해구 석동로73번길 19,경상남도 창원시 진해구 석동 648-2,석동,128.704501521902,35.1574302694545,MA010120220810944715,소상공인시장진흥공단_상가(상권)정보_API (data.go.kr 15012005),202606,2026-10-01
CW-JINHAE,진해구,씨유진해안골청안점,,편의점,경상남도 창원시 진해구 안청로34번길 2,경상남도 창원시 진해구 안골동 362-1,웅동2동,128.803214110649,35.0999364725576,MA010120220810944717,소상공인시장진흥공단_상가(상권)정보_API (data.go.kr 15012005),202606,2026-10-01
CW-JINHAE,진해구,씨유진해이동대로점,,편의점,경상남도 창원시 진해구 충장로 466,경상남도 창원시 진해구 이동 649-7,이동,128.699358086157,35.147562018532,MA010120220810944888,소상공인시장진흥공단_상가(상권)정보_API (data.go.kr 15012005),202606,2026-10-01
CW-JINHAE,진해구,GS25안골공원점,,편의점,경상남도 창원시 진해구 안청남로 4,경상남도 창원시 진해구 안골동 351-2,웅동2동,128.803426269677,35.1011048967933,MA010120220810945849,소상공인시장진흥공단_상가(상권)정보_API (data.go.kr 15012005),202606,2026-10-01
CW-JINHAE,진해구,씨유북원,로터리점,편의점,경상남도 창원시 진해구 여명로 6,경상남도 창원시 진해구 여좌동 760-188,여좌동,128.65621885365,35.1537381397258,MA010120220810947416,소상공인시장진흥공단_상가(상권)정보_API (data.go.kr 15012005),202606,2026-10-01
CW-JINHAE,진해구,씨유진해웅동점,,편의점,경상남도 창원시 진해구 용원남로 82,경상남도 창원시 진해구 용원동 1221-10,웅동2동,128.814782804573,35.0999260261831,MA010120220810948365,소상공인시장진흥공단_상가(상권)정보_API (data.go.kr 15012005),202606,2026-10-01
CW-JINHAE,진해구,씨유진해덕산점,,편의점,경상남도 창원시 진해구 진해대로970번길 36,경상남도 창원시 진해구 풍호동 745-2,덕산동,128.703474486271,35.1429079477928,MA010120220810948492,소상공인시장진흥공단_상가(상권)정보_API (data.go.kr 15012005),202606,2026-10-01
CW-JINHAE,진해구,씨유진해,롯데시네마점,편의점,경상남도 창원시 진해구 진해대로 752,경상남도 창원시 진해구 석동 543-3,석동,128.697419382313,35.1588184787403,MA010120220810949364,소상공인시장진흥공단_상가(상권)정보_API (data.go.kr 15012005),202606,2026-10-01
CW-JINHAE,진해구,미니스톱진해용원,본점,편의점,경상남도 창원시 진해구 용재로47번길 7,경상남도 창원시 진해구 용원동 1195-10,웅동2동,128.815114564141,35.1020298989773,MA010120220810954097,소상공인시장진흥공단_상가(상권)정보_API (data.go.kr 15012005),202606,2026-10-01
CW-JINHAE,진해구,GS25용원,제일점,편의점,경상남도 창원시 진해구 용원북로11번길 13,경상남도 창원시 진해구 용원동 1172-1,웅동2동,128.814257776715,35.1039442884686,MA010120220810955467,소상공인시장진흥공단_상가(상권)정보_API (data.go.kr 15012005),202606,2026-10-01
CW-JINHAE,진해구,씨유진해풍호마린점,,편의점,경상남도 창원시 진해구 충장로657번길 35,경상남도 창원시 진해구 풍호동 305-17,풍호동,128.706348088556,35.1312957516182,MA010120220810956779,소상공인시장진흥공단_상가(상권)정보_API (data.go.kr 15012005),202606,2026-10-01
CW-JINHAE,진해구,세븐일레븐진해안청점,,편의점,경상남도 창원시 진해구 안골로297번길 20,경상남도 창원시 진해구 안골동 358-12,웅동2동,128.805356312643,35.1001118627442,MA010120220810957446,소상공인시장진흥공단_상가(상권)정보_API (data.go.kr 15012005),202606,2026-10-01
CW-JINHAE,진해구,편의점,,편의점,경상남도 창원시 진해구 신항동로 143,경상남도 창원시 진해구 용원동 1338-2,웅동2동,128.811501508863,35.0884125177822,MA010120220810958889,소상공인시장진흥공단_상가(상권)정보_API (data.go.kr 15012005),202606,2026-10-01
CW-JINHAE,진해구,세븐진해충무점,코리아,편의점,경상남도 창원시 진해구 제황로 80,경상남도 창원시 진해구 충무동 25-48,충무동,128.667011137867,35.1513189926299,MA010120220810981752,소상공인시장진흥공단_상가(상권)정보_API (data.go.kr 15012005),202606,2026-10-01
CW-JINHAE,진해구,세븐진해이동점주,코리아,편의점,경상남도 창원시 진해구 이동로 40,경상남도 창원시 진해구 이동 611-1,이동,128.696079040969,35.1508163418427,MA010120220810982137,소상공인시장진흥공단_상가(상권)정보_API (data.go.kr 15012005),202606,2026-10-01
CW-JINHAE,진해구,GS25진해속천점,,편의점,경상남도 창원시 진해구 진희로 36,경상남도 창원시 진해구 제황산동 51,충무동,128.673546583349,35.1441361907403,MA010120220810982169,소상공인시장진흥공단_상가(상권)정보_API (data.go.kr 15012005),202606,2026-10-01
CW-JINHAE,진해구,씨유용원학원점,,편의점,경상남도 창원시 진해구 용재로 92,경상남도 창원시 진해구 용원동 1232-1,웅동2동,128.819605394391,35.100313340566,MA010120220811394285,소상공인시장진흥공단_상가(상권)정보_API (data.go.kr 15012005),202606,2026-10-01
CW-JINHAE,진해구,지에스25진해이동원룸점,,편의점,경상남도 창원시 진해구 진해대로728번길 28,경상남도 창원시 진해구 이동 503-5,병암동,128.694273603773,35.1574115497912,MA010120220811505823,소상공인시장진흥공단_상가(상권)정보_API (data.go.kr 15012005),202606,2026-10-01
CW-JINHAE,진해구,씨유진해자은협성점,,편의점,경상남도 창원시 진해구 풍호로35번길 10-1,경상남도 창원시 진해구 자은동 657-56,덕산동,128.705360967718,35.1407725361922,MA010120220811674444,소상공인시장진흥공단_상가(상권)정보_API (data.go.kr 15012005),202606,2026-10-01
CW-JINHAE,진해구,픽미픽미다온점,,편의점,경상남도 창원시 진해구 진해대로 999,경상남도 창원시 진해구 자은동 615-1,덕산동,128.707818850736,35.1402602622872,MA010120220811723817,소상공인시장진흥공단_상가(상권)정보_API (data.go.kr 15012005),202606,2026-10-01
CW-JINHAE,진해구,세븐일레븐진해수송해군점,,편의점,경상남도 창원시 진해구 충무로70번길 3,경상남도 창원시 진해구 수송동 13-44,충무동,128.656343043435,35.1517447172876,MA010120220811840227,소상공인시장진흥공단_상가(상권)정보_API (data.go.kr 15012005),202606,2026-10-01
CW-JINHAE,진해구,지에스25용원신항점,,편의점,경상남도 창원시 진해구 신항2로 106,경상남도 창원시 진해구 용원동 1347-1,웅동2동,128.819609393896,35.090625230736,MA010120220811846308,소상공인시장진흥공단_상가(상권)정보_API (data.go.kr 15012005),202606,2026-10-01
CW-JINHAE,진해구,GS25경화,시장점,편의점,경상남도 창원시 진해구 경화시장로 46,경상남도 창원시 진해구 경화동 917-1,병암동,128.690746856716,35.1577402110759,MA010120220811921504,소상공인시장진흥공단_상가(상권)정보_API (data.go.kr 15012005),202606,2026-10-01
CW-JINHAE,진해구,지에스25자은엘에이치(LH)점,,편의점,경상남도 창원시 진해구 냉천로 257,경상남도 창원시 진해구 자은동 121,자은동,128.721548660428,35.1524577561607,MA010120220812372439,소상공인시장진흥공단_상가(상권)정보_API (data.go.kr 15012005),202606,2026-10-01
CW-JINHAE,진해구,지에스25진해연세,병원점,편의점,경상남도 창원시 진해구 해원로32번길 8,경상남도 창원시 진해구 이동 675-6,이동,128.697561400545,35.1545627028822,MA010120220812381952,소상공인시장진흥공단_상가(상권)정보_API (data.go.kr 15012005),202606,2026-10-01
CW-JINHAE,진해구,씨유진해신항부영,4단지점,편의점,경상남도 창원시 진해구 신항동로 267,경상남도 창원시 진해구 용원동 1337-5,웅동2동,128.801782346269,35.0871965293421,MA010120220812438066,소상공인시장진흥공단_상가(상권)정보_API (data.go.kr 15012005),202606,2026-10-01
CW-JINHAE,진해구,씨유진해용원스마일점,,편의점,경상남도 창원시 진해구 용원중로17번길 11-1,경상남도 창원시 진해구 용원동 1263-2,웅동2동,128.814686099055,35.0990262598767,MA010120220812461491,소상공인시장진흥공단_상가(상권)정보_API (data.go.kr 15012005),202606,2026-10-01
CW-JINHAE,진해구,씨유진해루휴게소점,,편의점,경상남도 창원시 진해구 진희로 146,경상남도 창원시 진해구 경화동 1007-14,병암동,128.684668939698,35.1471723811006,MA010120220812606822,소상공인시장진흥공단_상가(상권)정보_API (data.go.kr 15012005),202606,2026-10-01
CW-JINHAE,진해구,이마트24진해용원,드림점,편의점,경상남도 창원시 진해구 용재로103번길 4-1,경상남도 창원시 진해구 용원동 1182-5,웅동2동,128.821332668713,35.1005667729731,MA010120220812637169,소상공인시장진흥공단_상가(상권)정보_API (data.go.kr 15012005),202606,2026-10-01
CW-JINHAE,진해구,씨유진해마천해오름점,,편의점,경상남도 창원시 진해구 웅동로 162,경상남도 창원시 진해구 두동 1296-1,웅동1동,128.791695581283,35.1197718400912,MA010120220812679449,소상공인시장진흥공단_상가(상권)정보_API (data.go.kr 15012005),202606,2026-10-01
CW-JINHAE,진해구,이마트24진해마천공단점,,편의점,경상남도 창원시 진해구 남영로 567,경상남도 창원시 진해구 남양동 30,웅동1동,128.781630134372,35.1204429554801,MA010120220812718825,소상공인시장진흥공단_상가(상권)정보_API (data.go.kr 15012005),202606,2026-10-01
CW-JINHAE,진해구,씨유진해남문리젠시점,,편의점,경상남도 창원시 진해구 웅천동로1번길 18,경상남도 창원시 진해구 남문동 1275-2,웅천동,128.758346060001,35.1057506837479,MA010120220812811779,소상공인시장진흥공단_상가(상권)정보_API (data.go.kr 15012005),202606,2026-10-01
CW-JINHAE,진해구,씨유진해경화,중앙점,편의점,경상남도 창원시 진해구 중초로 17,경상남도 창원시 진해구 경화동 1163-37,태백동,128.681148082512,35.1547014959037,MA010120220812983302,소상공인시장진흥공단_상가(상권)정보_API (data.go.kr 15012005),202606,2026-10-01
CW-JINHAE,진해구,지에스25진해해군점,,편의점,경상남도 창원시 진해구 여명로 1,경상남도 창원시 진해구 도천동 8-2,충무동,128.655377627151,35.1533801335315,MA010120220813005567,소상공인시장진흥공단_상가(상권)정보_API (data.go.kr 15012005),202606,2026-10-01
CW-JINHAE,진해구,이마트24시,,편의점,경상남도 창원시 진해구 용원중로26번길 29,경상남도 창원시 진해구 용원동 1236-12,웅동2동,128.819226175469,35.0990393100501,MA010120220813074422,소상공인시장진흥공단_상가(상권)정보_API (data.go.kr 15012005),202606,2026-10-01
CW-JINHAE,진해구,씨유진해풍호,행복점,편의점,경상남도 창원시 진해구 풍호로 5,경상남도 창원시 진해구 풍호동 722-25,덕산동,128.702008975174,35.1399725213738,MA010120220813836328,소상공인시장진흥공단_상가(상권)정보_API (data.go.kr 15012005),202606,2026-10-01
CW-JINHAE,진해구,씨스페이스진해편의점,용원점,편의점,경상남도 창원시 진해구 용원북로12번길 20,경상남도 창원시 진해구 용원동 1179-1,웅동2동,128.817817405087,35.1032510894366,MA010120220813836556,소상공인시장진흥공단_상가(상권)정보_API (data.go.kr 15012005),202606,2026-10-01
CW-JINHAE,진해구,씨유진해용원,센터점,편의점,경상남도 창원시 진해구 용원서로 37,경상남도 창원시 진해구 용원동 1213-10,웅동2동,128.812975667093,35.1010165038808,MA010120220813859928,소상공인시장진흥공단_상가(상권)정보_API (data.go.kr 15012005),202606,2026-10-01
CW-JINHAE,진해구,씨유진해한스마일점,,편의점,경상남도 창원시 진해구 이동로 56,경상남도 창원시 진해구 이동 161-20,이동,128.698004536493,35.1510687462605,MA010120220814160624,소상공인시장진흥공단_상가(상권)정보_API (data.go.kr 15012005),202606,2026-10-01
CW-JINHAE,진해구,씨유진해용원,행복점,편의점,경상남도 창원시 진해구 용원로78번길 5,경상남도 창원시 진해구 용원동 1252-1,웅동2동,128.817567872103,35.0984333392783,MA010120220814332029,소상공인시장진흥공단_상가(상권)정보_API (data.go.kr 15012005),202606,2026-10-01
CW-JINHAE,진해구,세븐일레븐진해경화위브점,,편의점,경상남도 창원시 진해구 조천로 29,경상남도 창원시 진해구 경화동 1301-17,경화동,128.684763909593,35.1602929423255,MA010120220814383273,소상공인시장진흥공단_상가(상권)정보_API (data.go.kr 15012005),202606,2026-10-01
CW-JINHAE,진해구,지에스25진해석동공원점,,편의점,경상남도 창원시 진해구 냉천로 61,경상남도 창원시 진해구 석동 141-12,석동,128.703874669214,35.1521038372619,MA0101202209A0058978,소상공인시장진흥공단_상가(상권)정보_API (data.go.kr 15012005),202606,2026-10-01
CW-JINHAE,진해구,세븐일레븐진해석동스마일점,,편의점,경상남도 창원시 진해구 냉천로36번길 8,경상남도 창원시 진해구 석동 100-12,이동,128.701870540291,35.1501853639225,MA0101202209A0090819,소상공인시장진흥공단_상가(상권)정보_API (data.go.kr 15012005),202606,2026-10-01
CW-JINHAE,진해구,씨유진해남양우방점,,편의점,경상남도 창원시 진해구 월남로 140,경상남도 창원시 진해구 남양동 25-16,웅동1동,128.778675817385,35.1202700645896,MA0101202210A0036268,소상공인시장진흥공단_상가(상권)정보_API (data.go.kr 15012005),202606,2026-10-01
CW-JINHAE,진해구,세븐일레븐진해남문호반점,,편의점,경상남도 창원시 진해구 웅천동로43번길 47,경상남도 창원시 진해구 남문동 1293-1,웅천동,128.759523590701,35.1033904150672,MA0101202210A0083260,소상공인시장진흥공단_상가(상권)정보_API (data.go.kr 15012005),202606,2026-10-01
CW-JINHAE,진해구,이마트24SMART진해상지점,,편의점,경상남도 창원시 진해구 병암북로4번길 29,경상남도 창원시 진해구 석동 493,병암동,128.694268378662,35.1608633181801,MA0101202211A0051713,소상공인시장진흥공단_상가(상권)정보_API (data.go.kr 15012005),202606,2026-10-01
CW-JINHAE,진해구,씨유진해안골마린점,,편의점,경상남도 창원시 진해구 안골로298번길 25,경상남도 창원시 진해구 안골동 379-11,웅동2동,128.805720648574,35.0972405689034,MA0101202301A0009909,소상공인시장진흥공단_상가(상권)정보_API (data.go.kr 15012005),202606,2026-10-01
CW-JINHAE,진해구,지에스25자은더샵점,,편의점,경상남도 창원시 진해구 진해대로975번길 20,경상남도 창원시 진해구 자은동 525-3,덕산동,128.709169465369,35.1424131698026,MA0101202301A0015657,소상공인시장진흥공단_상가(상권)정보_API (data.go.kr 15012005),202606,2026-10-01
CW-JINHAE,진해구,지에스25진해경화중앙,,편의점,경상남도 창원시 진해구 경화로37번길 44-1,경상남도 창원시 진해구 경화동 1133-42,경화동,128.681308619348,35.1566369088211,MA0101202301A0043770,소상공인시장진흥공단_상가(상권)정보_API (data.go.kr 15012005),202606,2026-10-01
CW-JINHAE,진해구,씨유진해용원마루점,,편의점,경상남도 창원시 진해구 용원로102번길 6,경상남도 창원시 진해구 용원동 1123-10,웅동2동,128.819959321656,35.0979828960692,MA0101202302A0016436,소상공인시장진흥공단_상가(상권)정보_API (data.go.kr 15012005),202606,2026-10-01
CW-JINHAE,진해구,씨유진해석동,행복점,편의점,경상남도 창원시 진해구 석동로39번길 34,경상남도 창원시 진해구 석동 223-14,석동,128.701026205865,35.15706456263,MA0101202302A0061403,소상공인시장진흥공단_상가(상권)정보_API (data.go.kr 15012005),202606,2026-10-01
CW-JINHAE,진해구,이마트24진해석동,한솔점,편의점,경상남도 창원시 진해구 석동로73번길 31,경상남도 창원시 진해구 석동 651-9,석동,128.703548328638,35.1580294755949,MA0101202302A0093132,소상공인시장진흥공단_상가(상권)정보_API (data.go.kr 15012005),202606,2026-10-01
CW-JINHAE,진해구,세븐진해용원도서관점,코리아,편의점,경상남도 창원시 진해구 용재로 75,경상남도 창원시 진해구 용원동 1186-8,웅동2동,128.81806337045,35.1009943667773,MA0101202303A0005353,소상공인시장진흥공단_상가(상권)정보_API (data.go.kr 15012005),202606,2026-10-01
CW-JINHAE,진해구,지에스25자은프레시,,편의점,경상남도 창원시 진해구 자은로64번길 3,경상남도 창원시 진해구 자은동 959-2,자은동,128.709257328287,35.1508113494903,MA0101202305A0160990,소상공인시장진흥공단_상가(상권)정보_API (data.go.kr 15012005),202606,2026-10-01
CW-JINHAE,진해구,씨유진해석동아쿠아점,,편의점,경상남도 창원시 진해구 동진로 33,경상남도 창원시 진해구 석동 87-1,석동,128.699772134348,35.153224922492,MA0101202305A0190355,소상공인시장진흥공단_상가(상권)정보_API (data.go.kr 15012005),202606,2026-10-01
CW-JINHAE,진해구,이마트24내트럭신항웅동점,,편의점,경상남도 창원시 진해구 신항10로 98,경상남도 창원시 진해구 남문동 1190-3,웅천동,128.777176233953,35.0911195850038,MA0101202306A0036985,소상공인시장진흥공단_상가(상권)정보_API (data.go.kr 15012005),202606,2026-10-01
CW-JINHAE,진해구,씨유진해안청점,,편의점,경상남도 창원시 진해구 안청남로 38,경상남도 창원시 진해구 안골동 356-11,웅동2동,128.806605979883,35.1005889108185,MA0101202306A0067081,소상공인시장진흥공단_상가(상권)정보_API (data.go.kr 15012005),202606,2026-10-01
CW-JINHAE,진해구,씨유진해풍호마루점,,편의점,경상남도 창원시 진해구 진해대로1047번길 17-1,경상남도 창원시 진해구 풍호동 813-15,풍호동,128.710134937497,35.1361179986147,MA0101202307A0046776,소상공인시장진흥공단_상가(상권)정보_API (data.go.kr 15012005),202606,2026-10-01
CW-JINHAE,진해구,이마트24진해다인,2차점,편의점,경상남도 창원시 진해구 신항2로 114,경상남도 창원시 진해구 용원동 1347,웅동2동,128.818914656124,35.0904464024098,MA0101202307A0089165,소상공인시장진흥공단_상가(상권)정보_API (data.go.kr 15012005),202606,2026-10-01
CW-JINHAE,진해구,세븐일레븐진해,이동점,편의점,경상남도 창원시 진해구 이동로 40,경상남도 창원시 진해구 이동 611-1,이동,128.696079040969,35.1508163418427,MA0101202308A0017976,소상공인시장진흥공단_상가(상권)정보_API (data.go.kr 15012005),202606,2026-10-01
CW-JINHAE,진해구,지에스25용원어,시장점,편의점,경상남도 창원시 진해구 용원동로 244,경상남도 창원시 진해구 용원동 1133-12,웅동2동,128.819676359402,35.0946256169996,MA0101202308A0059825,소상공인시장진흥공단_상가(상권)정보_API (data.go.kr 15012005),202606,2026-10-01
CW-JINHAE,진해구,세븐일레븐진해용원,그린점,편의점,경상남도 창원시 진해구 만금로 19,경상남도 창원시 진해구 용원동 1119,웅동2동,128.822106305873,35.0998521988971,MA0101202309A0066079,소상공인시장진흥공단_상가(상권)정보_API (data.go.kr 15012005),202606,2026-10-01
CW-JINHAE,진해구,씨유진해용원하늘점,,편의점,경상남도 창원시 진해구 용원중로26번길 29,경상남도 창원시 진해구 용원동 1236-12,웅동2동,128.819226175469,35.0990393100501,MA0101202309A0090338,소상공인시장진흥공단_상가(상권)정보_API (data.go.kr 15012005),202606,2026-10-01
CW-JINHAE,진해구,씨유진해용원그랜드점,,편의점,경상남도 창원시 진해구 안골로 348,경상남도 창원시 진해구 용원동 1211-1,웅동2동,128.810300652472,35.1020388118902,MA0101202310A0053350,소상공인시장진흥공단_상가(상권)정보_API (data.go.kr 15012005),202606,2026-10-01
CW-JINHAE,진해구,이마트24진해중원,로터리점,편의점,경상남도 창원시 진해구 편백로 29,경상남도 창원시 진해구 대천동 2-3,충무동,128.659076747687,35.149652496102,MA0101202310A0090980,소상공인시장진흥공단_상가(상권)정보_API (data.go.kr 15012005),202606,2026-10-01
CW-JINHAE,진해구,씨유진해석동마루점,,편의점,경상남도 창원시 진해구 석동로73번길 12,경상남도 창원시 진해구 석동 642-1,석동,128.705536384503,35.1570642243487,MA0101202311A0025539,소상공인시장진흥공단_상가(상권)정보_API (data.go.kr 15012005),202606,2026-10-01
CW-JINHAE,진해구,씨유진해안골신항점,,편의점,경상남도 창원시 진해구 안골로 85,경상남도 창원시 진해구 안골동 826-6,웅동2동,128.789868461144,35.0924018289686,MA0101202406A0004282,소상공인시장진흥공단_상가(상권)정보_API (data.go.kr 15012005),202606,2026-10-01
CW-JINHAE,진해구,세븐일레븐진해용원럭키점,,편의점,경상남도 창원시 진해구 용원로90번길 7,경상남도 창원시 진해구 용원동 1239-15,웅동2동,128.818907182595,35.0980077018558,MA0101202406A0005575,소상공인시장진흥공단_상가(상권)정보_API (data.go.kr 15012005),202606,2026-10-01
CW-JINHAE,진해구,지에스25용원원룸점,,편의점,경상남도 창원시 진해구 용원중로18번길 8,경상남도 창원시 진해구 용원동 1256-2,웅동2동,128.816836820949,35.0985975060563,MA0101202406A0007839,소상공인시장진흥공단_상가(상권)정보_API (data.go.kr 15012005),202606,2026-10-01
CW-JINHAE,진해구,씨유진해경화점,,편의점,경상남도 창원시 진해구 병암북로 4,경상남도 창원시 진해구 경화동 786-9,병암동,128.690871205823,35.1600366027911,MA0101202406A0021920,소상공인시장진흥공단_상가(상권)정보_API (data.go.kr 15012005),202606,2026-10-01
CW-JINHAE,진해구,세븐일레븐진해케이조선점,,편의점,경상남도 창원시 진해구 명제로 53,경상남도 창원시 진해구 죽곡동 384-11,웅천동,128.719488024071,35.1103096637851,MA0101202406A0024387,소상공인시장진흥공단_상가(상권)정보_API (data.go.kr 15012005),202606,2026-10-01
CW-JINHAE,진해구,지에스25용원대로점,,편의점,경상남도 창원시 진해구 용재로 29,경상남도 창원시 진해구 용원동 1201-11,웅동2동,128.813008378448,35.1019983381029,MA0101202406A0089067,소상공인시장진흥공단_상가(상권)정보_API (data.go.kr 15012005),202606,2026-10-01
CW-JINHAE,진해구,영진슈퍼,,편의점,경상남도 창원시 진해구 두동동로41번길 15,경상남도 창원시 진해구 두동 1408,웅동1동,128.804556179234,35.1259886237912,MA0101202406A0095191,소상공인시장진흥공단_상가(상권)정보_API (data.go.kr 15012005),202606,2026-10-01
CW-JINHAE,진해구,지에스25용원현대점,,편의점,경상남도 창원시 진해구 안청북로 46,경상남도 창원시 진해구 용원동 1206,웅동2동,128.808131788582,35.1046306374919,MA0101202406A0100903,소상공인시장진흥공단_상가(상권)정보_API (data.go.kr 15012005),202606,2026-10-01
CW-JINHAE,진해구,지에스25진해우방칸점,,편의점,경상남도 창원시 진해구 월남로 142-1,경상남도 창원시 진해구 남양동 20,웅동1동,128.779899215426,35.1205404902014,MA0101202406A0106544,소상공인시장진흥공단_상가(상권)정보_API (data.go.kr 15012005),202606,2026-10-01
CW-JINHAE,진해구,지에스진해웅동점,,편의점,경상남도 창원시 진해구 용원남로 14,경상남도 창원시 진해구 용원동 1243-9,웅동2동,128.818727899069,35.0968478263387,MA0101202406A0116281,소상공인시장진흥공단_상가(상권)정보_API (data.go.kr 15012005),202606,2026-10-01
CW-JINHAE,진해구,에스엔에스무인분식,,편의점,경상남도 창원시 진해구 풍호로35번길 27,경상남도 창원시 진해구 자은동 657-3,덕산동,128.704940020205,35.1421573377906,MA0101202406A0237992,소상공인시장진흥공단_상가(상권)정보_API (data.go.kr 15012005),202606,2026-10-01
CW-JINHAE,진해구,지에스25진해용원로점,,편의점,경상남도 창원시 진해구 용원로 61,경상남도 창원시 진해구 용원동 1220-11,웅동2동,128.815934200764,35.0994311374875,MA0101202406A0337007,소상공인시장진흥공단_상가(상권)정보_API (data.go.kr 15012005),202606,2026-10-01
CW-JINHAE,진해구,지에스25진해블루빌점,,편의점,경상남도 창원시 진해구 충무로 23,경상남도 창원시 진해구 신흥동 1,충무동,128.656587439486,35.1453966931111,MA0101202406A0339020,소상공인시장진흥공단_상가(상권)정보_API (data.go.kr 15012005),202606,2026-10-01
CW-JINHAE,진해구,지에스25진해두동점,,편의점,경상남도 창원시 진해구 남의로 98,경상남도 창원시 진해구 두동 1222-2,웅동1동,128.792200869934,35.114798669644,MA0101202406A0395135,소상공인시장진흥공단_상가(상권)정보_API (data.go.kr 15012005),202606,2026-10-01
CW-JINHAE,진해구,세븐일레븐진해용원스마일점,,편의점,경상남도 창원시 진해구 용원서로39번길 13,경상남도 창원시 진해구 용원동 1213-5,웅동2동,128.811686899008,35.1012520662153,MA0101202406A0424393,소상공인시장진흥공단_상가(상권)정보_API (data.go.kr 15012005),202606,2026-10-01
CW-JINHAE,진해구,씨유진해안골,행복점,편의점,경상남도 창원시 진해구 안골로 285,경상남도 창원시 진해구 안골동 370-1,웅동2동,128.805558735425,35.0983514766108,MA0101202406A0456459,소상공인시장진흥공단_상가(상권)정보_API (data.go.kr 15012005),202606,2026-10-01
CW-JINHAE,진해구,지에스더프레시진해,남문점,편의점,경상남도 창원시 진해구 웅천동로 13,경상남도 창원시 진해구 남문동 1275-1,웅천동,128.756478629,35.1056065297906,MA0101202406A0500900,소상공인시장진흥공단_상가(상권)정보_API (data.go.kr 15012005),202606,2026-10-01
CW-JINHAE,진해구,지에스25석동,푸르지오점,편의점,경상남도 창원시 진해구 진해대로 725,경상남도 창원시 진해구 석동 551-1,석동,128.694920599075,35.1600340774219,MA0101202406A0516567,소상공인시장진흥공단_상가(상권)정보_API (data.go.kr 15012005),202606,2026-10-01
CW-JINHAE,진해구,씨유진해남문시티점,,편의점,경상남도 창원시 진해구 웅천동로 16,경상남도 창원시 진해구 남문동 1274-1,웅천동,128.754646162541,35.1070930550217,MA0101202406A0517969,소상공인시장진흥공단_상가(상권)정보_API (data.go.kr 15012005),202606,2026-10-01
CW-JINHAE,진해구,이마트24뉴신항시티점,코리아,편의점,경상남도 창원시 진해구 신항4로 41-16,경상남도 창원시 진해구 용원동 1343-6,웅동2동,128.816628017811,35.0872092808784,MA0101202409A0092802,소상공인시장진흥공단_상가(상권)정보_API (data.go.kr 15012005),202606,2026-10-01
CW-JINHAE,진해구,세븐일레븐진해용원도서관점,,편의점,경상남도 창원시 진해구 용재로 75,경상남도 창원시 진해구 용원동 1186-8,웅동2동,128.81806337045,35.1009943667773,MA0101202409A0095096,소상공인시장진흥공단_상가(상권)정보_API (data.go.kr 15012005),202606,2026-10-01
CW-JINHAE,진해구,지에스25진해,구청점,편의점,경상남도 창원시 진해구 천자로 411,경상남도 창원시 진해구 풍호동 807-9,풍호동,128.70982185386,35.1353113135262,MA0101202409A0127265,소상공인시장진흥공단_상가(상권)정보_API (data.go.kr 15012005),202606,2026-10-01
CW-JINHAE,진해구,씨유진해장천,푸르지오점,편의점,경상남도 창원시 진해구 충장로657번길 28,경상남도 창원시 진해구 장천동 422-6,풍호동,128.706595877873,35.1305532548847,MA0101202409A0131608,소상공인시장진흥공단_상가(상권)정보_API (data.go.kr 15012005),202606,2026-10-01
CW-JINHAE,진해구,세븐일레븐진해아이존빌점,,편의점,경상남도 창원시 진해구 병암로 22,경상남도 창원시 진해구 이동 445-2,병암동,128.69289710679,35.1555922944364,MA0101202409A0154906,소상공인시장진흥공단_상가(상권)정보_API (data.go.kr 15012005),202606,2026-10-01
CW-JINHAE,진해구,씨유진해이동무지개점,,편의점,경상남도 창원시 진해구 병암로29번길 2,경상남도 창원시 진해구 이동 512-12,병암동,128.692530503885,35.1564355584249,MA0101202409A0176940,소상공인시장진흥공단_상가(상권)정보_API (data.go.kr 15012005),202606,2026-10-01
CW-JINHAE,진해구,지에스25진해중원점,,편의점,경상남도 창원시 진해구 중원동로 38,경상남도 창원시 진해구 부흥동 1-1,충무동,128.661808113066,35.1474520986475,MA0101202409A0237788,소상공인시장진흥공단_상가(상권)정보_API (data.go.kr 15012005),202606,2026-10-01
CW-JINHAE,진해구,세븐일레븐진해,코아루점,편의점,경상남도 창원시 진해구 안골로 339,경상남도 창원시 진해구 용원동 1209,웅동2동,128.808540486646,35.1017857129151,MA0101202409A0249776,소상공인시장진흥공단_상가(상권)정보_API (data.go.kr 15012005),202606,2026-10-01
CW-JINHAE,진해구,지에스25자은주공점,,편의점,경상남도 창원시 진해구 진해대로913번길 3-37,경상남도 창원시 진해구 자은동 945-7,자은동,128.708046292511,35.1490440065049,MA0101202411A0013558,소상공인시장진흥공단_상가(상권)정보_API (data.go.kr 15012005),202606,2026-10-01
CW-JINHAE,진해구,씨유진해,제일점,편의점,경상남도 창원시 진해구 해원로 6,경상남도 창원시 진해구 이동 407-6,이동,128.695062081824,35.1531016683465,MA0101202411A0046124,소상공인시장진흥공단_상가(상권)정보_API (data.go.kr 15012005),202606,2026-10-01
CW-JINHAE,진해구,세븐일레븐진해이동스카이점,,편의점,경상남도 창원시 진해구 냉천로 15-1,경상남도 창원시 진해구 이동 57-7,이동,128.699523240783,35.150227331977,MA0101202411A0065478,소상공인시장진흥공단_상가(상권)정보_API (data.go.kr 15012005),202606,2026-10-01
CW-JINHAE,진해구,씨유진해풍호한림점,,편의점,경상남도 창원시 진해구 풍호로 68,경상남도 창원시 진해구 풍호동 83-77,풍호동,128.709508071793,35.1386683040557,MA0101202411A0103548,소상공인시장진흥공단_상가(상권)정보_API (data.go.kr 15012005),202606,2026-10-01
CW-JINHAE,진해구,씨유진해하이점,,편의점,경상남도 창원시 진해구 충장로 137,경상남도 창원시 진해구 여좌동 794-4,여좌동,128.667208532507,35.1523887410405,MA0101202412A0075981,소상공인시장진흥공단_상가(상권)정보_API (data.go.kr 15012005),202606,2026-10-01
CW-JINHAE,진해구,지에스25진해석동국제점,,편의점,경상남도 창원시 진해구 진해대로802번길 12,경상남도 창원시 진해구 석동 224-9,석동,128.701693426452,35.1564333451838,MA0101202412A0088330,소상공인시장진흥공단_상가(상권)정보_API (data.go.kr 15012005),202606,2026-10-01
CW-JINHAE,진해구,씨유진해벚꽃점,,편의점,경상남도 창원시 진해구 냉천로 93,경상남도 창원시 진해구 석동 663-6,석동,128.707095866443,35.1534463697227,MA0101202502A0003481,소상공인시장진흥공단_상가(상권)정보_API (data.go.kr 15012005),202606,2026-10-01
CW-JINHAE,진해구,노브랜드진해풍호점,,편의점,경상남도 창원시 진해구 천자로 379,경상남도 창원시 진해구 풍호동 320-1,풍호동,128.706583612362,35.1352217863053,MA0101202502A0046160,소상공인시장진흥공단_상가(상권)정보_API (data.go.kr 15012005),202606,2026-10-01
CW-JINHAE,진해구,아이스앤스낵창고부흥점,,편의점,경상남도 창원시 진해구 중원동로 38,경상남도 창원시 진해구 부흥동 1-1,충무동,128.661808113066,35.1474520986475,MA0101202503A0063174,소상공인시장진흥공단_상가(상권)정보_API (data.go.kr 15012005),202606,2026-10-01
CW-JINHAE,진해구,세븐일레븐진해석동,오거리점,편의점,경상남도 창원시 진해구 돌리로 8,경상남도 창원시 진해구 석동 327-8,석동,128.700545477228,35.1587475916144,MA0101202504A0029433,소상공인시장진흥공단_상가(상권)정보_API (data.go.kr 15012005),202606,2026-10-01
CW-JINHAE,진해구,지에스25진해벚꽃로망스점,,편의점,경상남도 창원시 진해구 여좌천로 24-1,경상남도 창원시 진해구 여좌동 131-1,여좌동,128.659591690807,35.1550167867157,MA0101202507A0022175,소상공인시장진흥공단_상가(상권)정보_API (data.go.kr 15012005),202606,2026-10-01
CW-JINHAE,진해구,지에스25내트럭신항점,,편의점,경상남도 창원시 진해구 신항북로 320,경상남도 창원시 진해구 용원동 1336,웅동2동,128.799271393122,35.087188763369,MA0101202508A0005261,소상공인시장진흥공단_상가(상권)정보_API (data.go.kr 15012005),202606,2026-10-01
CW-JINHAE,진해구,지에스25진해우성점,,편의점,경상남도 창원시 진해구 충장로575번길 8-1,경상남도 창원시 진해구 풍호동 661-10,풍호동,128.702269369022,35.1377248065681,MA0101202508A0011448,소상공인시장진흥공단_상가(상권)정보_API (data.go.kr 15012005),202606,2026-10-01
CW-JINHAE,진해구,세븐일레븐진해용원더원점,,편의점,경상남도 창원시 진해구 신항북로 202,경상남도 창원시 진해구 용원동 1338-3,웅동2동,128.811483577171,35.0866103529796,MA0101202508A0013949,소상공인시장진흥공단_상가(상권)정보_API (data.go.kr 15012005),202606,2026-10-01
CW-JINHAE,진해구,이마트24진해자은월드점,,편의점,경상남도 창원시 진해구 자은로64번가길 26,경상남도 창원시 진해구 자은동 284-1,자은동,128.711156361612,35.151370333745,MA0101202508A0033696,소상공인시장진흥공단_상가(상권)정보_API (data.go.kr 15012005),202606,2026-10-01
CW-JINHAE,진해구,세븐일레븐진해용원,에이스점,편의점,경상남도 창원시 진해구 용원로7번길 9,경상남도 창원시 진해구 용원동 1211-5,웅동2동,128.810205984762,35.1012291326064,MA0101202510A0012797,소상공인시장진흥공단_상가(상권)정보_API (data.go.kr 15012005),202606,2026-10-01
CW-JINHAE,진해구,세븐일레븐진해자은,센트럴점,편의점,경상남도 창원시 진해구 냉천로 189,경상남도 창원시 진해구 자은동 108,자은동,128.716966231253,35.1568396551006,MA0101202511A0026655,소상공인시장진흥공단_상가(상권)정보_API (data.go.kr 15012005),202606,2026-10-01
CW-JINHAE,진해구,이마트24진해용원,스타점,편의점,경상남도 창원시 진해구 용원중로 18,경상남도 창원시 진해구 용원동 1257-1,웅동2동,128.816170739173,35.0987246464019,MA0101202512A0003581,소상공인시장진흥공단_상가(상권)정보_API (data.go.kr 15012005),202606,2026-10-01
CW-JINHAE,진해구,씨유진해자은에뜰점,,편의점,경상남도 창원시 진해구 냉천로 235,경상남도 창원시 진해구 자은동 114,자은동,128.721447095583,35.1549285488182,MA0101202512A0018499,소상공인시장진흥공단_상가(상권)정보_API (data.go.kr 15012005),202606,2026-10-01
CW-JINHAE,진해구,씨유진해남명점,,편의점,경상남도 창원시 진해구 웅동로 72,경상남도 창원시 진해구 마천동 98-3,웅동1동,128.784111111939,35.1245610593821,MA0101202512A0032794,소상공인시장진흥공단_상가(상권)정보_API (data.go.kr 15012005),202606,2026-10-01
CW-JINHAE,진해구,씨유진해안골바다점,,편의점,경상남도 창원시 진해구 안골로298번길 26,경상남도 창원시 진해구 안골동 375,웅동2동,128.806432713295,35.0982032718683,MA0101202512A0035333,소상공인시장진흥공단_상가(상권)정보_API (data.go.kr 15012005),202606,2026-10-01
CW-JINHAE,진해구,이마트24진해오리엔탈위성점,,편의점,경상남도 창원시 진해구 명제로 164,경상남도 창원시 진해구 명동 575-1,웅천동,128.715856583139,35.1018805611245,MA0101202512A0036178,소상공인시장진흥공단_상가(상권)정보_API (data.go.kr 15012005),202606,2026-10-01
CW-JINHAE,진해구,세븐일레븐진해경화역점,,편의점,경상남도 창원시 진해구 진해대로624번길 1,경상남도 창원시 진해구 경화동 1135-1,경화동,128.684025929002,35.1580321119999,MA0101202601A0005603,소상공인시장진흥공단_상가(상권)정보_API (data.go.kr 15012005),202606,2026-10-01
CW-JINHAE,진해구,25용원풍림점,,편의점,경상남도 창원시 진해구 안청북로 39,경상남도 창원시 진해구 청안동 472,웅동2동,128.806788680799,35.1058853320397,MA0101202601A0036038,소상공인시장진흥공단_상가(상권)정보_API (data.go.kr 15012005),202606,2026-10-01
CW-JINHAE,진해구,세븐진해익선중앙점,코리아,편의점,경상남도 창원시 진해구 편백로13번길 2,경상남도 창원시 진해구 익선동 14-3,충무동,128.657673170452,35.1496987483443,MA0101202601A0045311,소상공인시장진흥공단_상가(상권)정보_API (data.go.kr 15012005),202606,2026-10-01
CW-JINHAE,진해구,씨유진해신항부영,2단지점,편의점,경상남도 창원시 진해구 신항동로 228,경상남도 창원시 진해구 용원동 1336-4,웅동2동,128.803162770511,35.0891406584705,MA0101202601A0046979,소상공인시장진흥공단_상가(상권)정보_API (data.go.kr 15012005),202606,2026-10-01
CW-JINHAE,진해구,씨유진해남문,스타점,편의점,경상남도 창원시 진해구 남영로 60,경상남도 창원시 진해구 남문동 1250-1,웅천동,128.752389132832,35.1056567160989,MA0101202602A0017895,소상공인시장진흥공단_상가(상권)정보_API (data.go.kr 15012005),202606,2026-10-01
CW-JINHAE,진해구,지에스25진해뉴신항,본점,편의점,경상남도 창원시 진해구 안골로 79,경상남도 창원시 진해구 안골동 831-21,웅동2동,128.789182758317,35.0921325739856,MA0101202602A0018697,소상공인시장진흥공단_상가(상권)정보_API (data.go.kr 15012005),202606,2026-10-01
CW-JINHAE,진해구,세븐일레븐진해풍호,오거리점,편의점,경상남도 창원시 진해구 충장로603번길 5,경상남도 창원시 진해구 풍호동 481-1,풍호동,128.702866659864,35.1358508716079,MA0101202602A0036088,소상공인시장진흥공단_상가(상권)정보_API (data.go.kr 15012005),202606,2026-10-01
CW-JINHAE,진해구,지에스25자은벚꽃,마을점,편의점,경상남도 창원시 진해구 진해대로921번길 8,경상남도 창원시 진해구 자은동 834-5,자은동,128.707852803692,35.1471361370369,MA0101202603A0023175,소상공인시장진흥공단_상가(상권)정보_API (data.go.kr 15012005),202606,2026-10-01
CW-JINHAE,진해구,세븐일레븐진해용원월드점,,편의점,경상남도 창원시 진해구 용원남로 32,경상남도 창원시 진해구 용원동 1258-11,웅동2동,128.81694873531,35.0972169709326,MA0101202604A0010205,소상공인시장진흥공단_상가(상권)정보_API (data.go.kr 15012005),202606,2026-10-01
CW-JINHAE,진해구,이마트24진해덕산점,,편의점,경상남도 창원시 진해구 충장로 505,경상남도 창원시 진해구 덕산동 79-10,덕산동,128.701317994099,35.1441999699084,MA0101202604A0027200,소상공인시장진흥공단_상가(상권)정보_API (data.go.kr 15012005),202606,2026-10-01
CW-JINHAE,진해구,세븐일레븐진해세화여고점,,편의점,경상남도 창원시 진해구 병암북로4번길 41,경상남도 창원시 진해구 석동 477,병암동,128.694213764965,35.1614048175363,MA0101202604A0055299,소상공인시장진흥공단_상가(상권)정보_API (data.go.kr 15012005),202606,2026-10-01
