region_id,district,facility_name,branch_name,facility_type,road_address,jibun_address,adong_name,lon,lat,bizes_id,source,reference_ym,collected_date
CW-UICHANG,창원시 의창구,세븐일레븐창원소답,1호점,편의점,경상남도 창원시 의창구 읍성로 77,경상남도 창원시 의창구 소답동 121-4,의창동,128.626485252023,35.2651454758517,MA010120220808297742,소상공인시장진흥공단_상가(상권)정보_API (data.go.kr 15012005),202606,2026-10-04
CW-UICHANG,창원시 의창구,지에스25창원지귀,시장점,편의점,경상남도 창원시 의창구 지귀로120번길 2,경상남도 창원시 의창구 봉곡동 59-10,봉림동,128.657889558638,35.2457034290992,MA010120220813255573,소상공인시장진흥공단_상가(상권)정보_API (data.go.kr 15012005),202606,2026-10-04
CW-UICHANG,창원시 의창구,세븐일레븐창원소답센타점,,편의점,경상남도 창원시 의창구 의안로2번길 25,경상남도 창원시 의창구 소답동 139-22,의창동,128.626591679647,35.261674339703,MA010120220803264878,소상공인시장진흥공단_상가(상권)정보_API (data.go.kr 15012005),202606,2026-10-04
CW-UICHANG,창원시 의창구,GS25창원팔용점,,편의점,경상남도 창원시 의창구 의창대로62번길 6,경상남도 창원시 의창구 팔용동 155-1,팔룡동,128.607785839087,35.2563922203128,MA010120220810915263,소상공인시장진흥공단_상가(상권)정보_API (data.go.kr 15012005),202606,2026-10-04
CW-UICHANG,창원시 의창구,CU창원팔용SK점,,편의점,경상남도 창원시 의창구 창원대로18번길 6,경상남도 창원시 의창구 팔용동 212,팔룡동,128.605990970666,35.2539647249106,MA010120220810831121,소상공인시장진흥공단_상가(상권)정보_API (data.go.kr 15012005),202606,2026-10-04
CW-UICHANG,창원시 의창구,씨유창원감계힐스점,,편의점,경상남도 창원시 의창구 북면 감계로 341,경상남도 창원시 의창구 북면 감계리 231-10,북면,128.5983569606,35.3038314204136,MA010120220808741669,소상공인시장진흥공단_상가(상권)정보_API (data.go.kr 15012005),202606,2026-10-04
CW-UICHANG,창원시 의창구,GS25창원,도담점,편의점,경상남도 창원시 의창구 소봉로 5,경상남도 창원시 의창구 봉림동 704-8,봉림동,128.670917776803,35.2504809056783,MA010120220807970500,소상공인시장진흥공단_상가(상권)정보_API (data.go.kr 15012005),202606,2026-10-04
CW-UICHANG,창원시 의창구,이마트24시창원소계점,,편의점,경상남도 창원시 의창구 금강로369번길 5,경상남도 창원시 의창구 소계동 710-24,의창동,128.601464160719,35.2578639581233,MA010120220807655363,소상공인시장진흥공단_상가(상권)정보_API (data.go.kr 15012005),202606,2026-10-04
CW-UICHANG,창원시 의창구,창원중앙역맞이방,,편의점,경상남도 창원시 의창구 상남로 381,경상남도 창원시 의창구 용동 산 32-9,봉림동,128.701331720464,35.2422525320448,MA010120220805931856,소상공인시장진흥공단_상가(상권)정보_API (data.go.kr 15012005),202606,2026-10-04
CW-UICHANG,창원시 의창구,세븐창원소답１호점주,코리아,편의점,경상남도 창원시 의창구 읍성로 77,경상남도 창원시 의창구 소답동 121-4,의창동,128.626485252023,35.2651454758517,MA010120220810981777,소상공인시장진흥공단_상가(상권)정보_API (data.go.kr 15012005),202606,2026-10-04
CW-UICHANG,창원시 의창구,지에스25중동,드림점,편의점,경상남도 창원시 의창구 평산로211번길 1,경상남도 창원시 의창구 서상동 665-11,의창동,128.625398119067,35.2602304020424,MA0101202305A0044126,소상공인시장진흥공단_상가(상권)정보_API (data.go.kr 15012005),202606,2026-10-04
CW-UICHANG,창원시 의창구,세븐일레븐창원주남점,,편의점,경상남도 창원시 의창구 동읍 동읍로 3,경상남도 창원시 의창구 동읍 용잠리 419-10,동읍,128.684399369674,35.2776187448802,MA0101202307A0024830,소상공인시장진흥공단_상가(상권)정보_API (data.go.kr 15012005),202606,2026-10-04
CW-UICHANG,창원시 의창구,씨유창원동전,산단점,편의점,경상남도 창원시 의창구 북면 동전산단서로 44,경상남도 창원시 의창구 북면 동전리 713-1,북면,128.602806059172,35.3159209592746,MA0101202406A0327861,소상공인시장진흥공단_상가(상권)정보_API (data.go.kr 15012005),202606,2026-10-04
CW-UICHANG,창원시 의창구,블루25튼튼I,병원점,편의점,경상남도 창원시 의창구 원이대로 53,경상남도 창원시 의창구 도계동 333-14,명곡동,128.634400888585,35.2576848188838,MA0101202406A0181501,소상공인시장진흥공단_상가(상권)정보_API (data.go.kr 15012005),202606,2026-10-04
CW-UICHANG,창원시 의창구,블루25광성점,,편의점,경상남도 창원시 의창구 북면 단내로 775,경상남도 창원시 의창구 북면 신촌리 1226-9,북면,128.600741798758,35.3400468542402,MA010120220814380107,소상공인시장진흥공단_상가(상권)정보_API (data.go.kr 15012005),202606,2026-10-04
CW-UICHANG,창원시 의창구,코리아세븐창원봉곡,행운점,편의점,경상남도 창원시 의창구 창이대로333번길 30,경상남도 창원시 의창구 봉곡동 175-1,봉림동,128.675795127018,35.2472501762729,MA010120220806483308,소상공인시장진흥공단_상가(상권)정보_API (data.go.kr 15012005),202606,2026-10-04
CW-UICHANG,창원시 의창구,지에스25창원동읍한가족점,,편의점,경상남도 창원시 의창구 동읍 동읍로 219,경상남도 창원시 의창구 동읍 신방리 383,동읍,128.67486235773,35.2942704011114,MA0101202308A0092249,소상공인시장진흥공단_상가(상권)정보_API (data.go.kr 15012005),202606,2026-10-04
CW-UICHANG,창원시 의창구,이마트24창원동읍로점,,편의점,경상남도 창원시 의창구 동읍 동읍로 477,경상남도 창원시 의창구 동읍 화양리 169-3,동읍,128.655866367703,35.3082304512008,MA0101202309A0032036,소상공인시장진흥공단_상가(상권)정보_API (data.go.kr 15012005),202606,2026-10-04
CW-UICHANG,창원시 의창구,지에스25팔용,대림점,편의점,경상남도 창원시 의창구 사화로10번길 19,경상남도 창원시 의창구 팔용동 154-5,팔룡동,128.60774007253,35.2557439458687,MA0101202406A0200027,소상공인시장진흥공단_상가(상권)정보_API (data.go.kr 15012005),202606,2026-10-04
CW-UICHANG,창원시 의창구,씨유창원명곡,중앙점,편의점,경상남도 창원시 의창구 지귀로 5,경상남도 창원시 의창구 명서동 179-17,명곡동,128.648577630704,35.2442715535717,MA0101202406A0277099,소상공인시장진흥공단_상가(상권)정보_API (data.go.kr 15012005),202606,2026-10-04
CW-UICHANG,창원시 의창구,씨유창원국제사격장점,,편의점,경상남도 창원시 의창구 사림로99번길 32-2,경상남도 창원시 의창구 사림동 150-1,봉림동,128.684435007745,35.2474906851867,MA0101202406A0385725,소상공인시장진흥공단_상가(상권)정보_API (data.go.kr 15012005),202606,2026-10-04
CW-UICHANG,창원시 의창구,씨유창원팔용영웅점,,편의점,경상남도 창원시 의창구 사화로18번길 9,경상남도 창원시 의창구 팔용동 135-7,팔룡동,128.609240524935,35.2560574500786,MA0101202409A0220754,소상공인시장진흥공단_상가(상권)정보_API (data.go.kr 15012005),202606,2026-10-04
CW-UICHANG,창원시 의창구,지에스25창원윙스학원점,,편의점,경상남도 창원시 의창구 중동북로 23,경상남도 창원시 의창구 중동 782-1,의창동,128.627157111882,35.2580798699076,MA0101202409A0233403,소상공인시장진흥공단_상가(상권)정보_API (data.go.kr 15012005),202606,2026-10-04
CW-UICHANG,창원시 의창구,씨유창원,봉곡점,편의점,경상남도 창원시 의창구 원이대로261번길 6-26,경상남도 창원시 의창구 봉곡동 36-5,봉림동,128.650422378741,35.2431469146712,MA0101202409A0170874,소상공인시장진흥공단_상가(상권)정보_API (data.go.kr 15012005),202606,2026-10-04
CW-UICHANG,창원시 의창구,씨유창원무동STX점,,편의점,경상남도 창원시 의창구 북면 무동서로 76,경상남도 창원시 의창구 북면 무동리 104-1,북면,128.582606623835,35.3226398220465,MA0101202409A0134291,소상공인시장진흥공단_상가(상권)정보_API (data.go.kr 15012005),202606,2026-10-04
CW-UICHANG,창원시 의창구,지에스25창원,봉곡점,편의점,경상남도 창원시 의창구 원이대로 259,경상남도 창원시 의창구 봉곡동 34-5,봉림동,128.649084138375,35.2437870039485,MA0101202409A0127319,소상공인시장진흥공단_상가(상권)정보_API (data.go.kr 15012005),202606,2026-10-04
CW-UICHANG,창원시 의창구,세븐일레븐창원봉곡햇살점,,편의점,경상남도 창원시 의창구 원이대로285번길 5,경상남도 창원시 의창구 봉곡동 37-2,봉림동,128.651208357883,35.2429018736853,MA0101202409A0033550,소상공인시장진흥공단_상가(상권)정보_API (data.go.kr 15012005),202606,2026-10-04
CW-UICHANG,창원시 의창구,씨유창원동정점,,편의점,경상남도 창원시 의창구 서상로25번길 2,경상남도 창원시 의창구 동정동 290-31,의창동,128.615857919703,35.2628545991898,MA010120220806803605,소상공인시장진흥공단_상가(상권)정보_API (data.go.kr 15012005),202606,2026-10-04
CW-UICHANG,창원시 의창구,씨유창원사림원룸점,,편의점,경상남도 창원시 의창구 사림로4번길 2,경상남도 창원시 의창구 사림동 99-1,봉림동,128.674351960284,35.2449179797134,MA010120220808424318,소상공인시장진흥공단_상가(상권)정보_API (data.go.kr 15012005),202606,2026-10-04
CW-UICHANG,창원시 의창구,씨유창원중동디세븐파크점,,편의점,경상남도 창원시 의창구 중동중앙로 83,경상남도 창원시 의창구 중동 776-3,의창동,128.627532398043,35.2592644354603,MA010120220800162373,소상공인시장진흥공단_상가(상권)정보_API (data.go.kr 15012005),202606,2026-10-04
CW-UICHANG,창원시 의창구,씨유,창원소답점,편의점,경상남도 창원시 의창구 읍성로 70,경상남도 창원시 의창구 소답동 120-1,의창동,128.625531323501,35.2646986752716,MA010120220810930942,소상공인시장진흥공단_상가(상권)정보_API (data.go.kr 15012005),202606,2026-10-04
CW-UICHANG,창원시 의창구,GS25동,창원점,편의점,경상남도 창원시 의창구 동읍 의창대로 868-1,경상남도 창원시 의창구 동읍 용잠리 385-5,동읍,128.685965285901,35.2778763015569,MA010120220810936274,소상공인시장진흥공단_상가(상권)정보_API (data.go.kr 15012005),202606,2026-10-04
CW-UICHANG,창원시 의창구,지에스25창원대학교점,,편의점,경상남도 창원시 의창구 퇴촌로45번길 1,경상남도 창원시 의창구 사림동 54-6,봉림동,128.69002920029,35.242311795743,MA010120220805419767,소상공인시장진흥공단_상가(상권)정보_API (data.go.kr 15012005),202606,2026-10-04
CW-UICHANG,창원시 의창구,씨유창원도계,스타점,편의점,경상남도 창원시 의창구 도계로 17,경상남도 창원시 의창구 도계동 307-4,명곡동,128.634289674521,35.2603539371211,MA010120220805045693,소상공인시장진흥공단_상가(상권)정보_API (data.go.kr 15012005),202606,2026-10-04
CW-UICHANG,창원시 의창구,이해,,편의점,경상남도 창원시 의창구 우곡로 15,경상남도 창원시 의창구 명서동 12-1,명곡동,128.637301187107,35.2511117431561,MA0101202311A0048446,소상공인시장진흥공단_상가(상권)정보_API (data.go.kr 15012005),202606,2026-10-04
CW-UICHANG,창원시 의창구,지에스25창원대봉로점,,편의점,경상남도 창원시 의창구 봉곡로 65,경상남도 창원시 의창구 봉곡동 116-5,봉림동,128.666478723221,35.2493795606835,MA0101202406A0392856,소상공인시장진흥공단_상가(상권)정보_API (data.go.kr 15012005),202606,2026-10-04
CW-UICHANG,창원시 의창구,세븐일레븐창원도계동행점,,편의점,경상남도 창원시 의창구 도계로50번길 3,경상남도 창원시 의창구 도계동 342-8,명곡동,128.636858043505,35.2596703329154,MA0101202406A0499203,소상공인시장진흥공단_상가(상권)정보_API (data.go.kr 15012005),202606,2026-10-04
CW-UICHANG,창원시 의창구,씨유창원무동,센텀점,편의점,경상남도 창원시 의창구 북면 무동서로 29,경상남도 창원시 의창구 북면 무동리 416-1,북면,128.579692708106,35.3192532961622,MA0101202406A0385633,소상공인시장진흥공단_상가(상권)정보_API (data.go.kr 15012005),202606,2026-10-04
CW-UICHANG,창원시 의창구,지에스창원명서점,,편의점,경상남도 창원시 의창구 창이대로113번길 12,경상남도 창원시 의창구 명서동 199-6,명곡동,128.649453227147,35.2424842141325,MA0101202406A0105568,소상공인시장진흥공단_상가(상권)정보_API (data.go.kr 15012005),202606,2026-10-04
CW-UICHANG,창원시 의창구,지에스25신화플렉스시티점,,편의점,경상남도 창원시 의창구 평산로 33,경상남도 창원시 의창구 팔용동 23-6,팔룡동,128.614042594017,35.2472245535847,MA0101202406A0589775,소상공인시장진흥공단_상가(상권)정보_API (data.go.kr 15012005),202606,2026-10-04
CW-UICHANG,창원시 의창구,씨유창원대,스타점,편의점,경상남도 창원시 의창구 퇴촌로25번길 6,경상남도 창원시 의창구 사림동 55-19,봉림동,128.688073092944,35.2422760169699,MA010120220808426640,소상공인시장진흥공단_상가(상권)정보_API (data.go.kr 15012005),202606,2026-10-04
CW-UICHANG,창원시 의창구,지에스25팔용원풍점,,편의점,경상남도 창원시 의창구 팔용로420번길 32,경상남도 창원시 의창구 팔용동 78-14,팔룡동,128.614849160281,35.2524409004459,MA010120220813401234,소상공인시장진흥공단_상가(상권)정보_API (data.go.kr 15012005),202606,2026-10-04
CW-UICHANG,창원시 의창구,씨유도계,사랑점,편의점,경상남도 창원시 의창구 원이대로81번길 28,경상남도 창원시 의창구 도계동 410-15,명곡동,128.638701606704,35.2568245523104,MA010120220810958760,소상공인시장진흥공단_상가(상권)정보_API (data.go.kr 15012005),202606,2026-10-04
CW-UICHANG,창원시 의창구,세븐일레븐,,편의점,경상남도 창원시 의창구 지귀로12번길 30,경상남도 창원시 의창구 봉곡동 38-1,봉림동,128.651823001751,35.2428754598544,MA010120220810923008,소상공인시장진흥공단_상가(상권)정보_API (data.go.kr 15012005),202606,2026-10-04
CW-UICHANG,창원시 의창구,우리생협,유니시티점,편의점,경상남도 창원시 의창구 중동로 59,경상남도 창원시 의창구 중동 786,의창동,128.629195831172,35.2556371547537,MA0105202301E0664687,소상공인시장진흥공단_상가(상권)정보_API (data.go.kr 15012005),202606,2026-10-04
CW-UICHANG,창원시 의창구,세븐창원무동지구점,코리아,편의점,경상남도 창원시 의창구 북면 무동로267번길 9,경상남도 창원시 의창구 북면 무동리 154-1,북면,128.58029788423,35.3158838303993,MA0101202212A0026300,소상공인시장진흥공단_상가(상권)정보_API (data.go.kr 15012005),202606,2026-10-04
CW-UICHANG,창원시 의창구,지에스25창원대산글로벌점,,편의점,경상남도 창원시 의창구 대산면 가술산단남로 41,경상남도 창원시 의창구 대산면 가술리 707-1,대산면,128.701750642908,35.3321150352022,MA0101202209A0080054,소상공인시장진흥공단_상가(상권)정보_API (data.go.kr 15012005),202606,2026-10-04
CW-UICHANG,창원시 의창구,동남돼지,,편의점,경상남도 창원시 의창구 남산로 111,경상남도 창원시 의창구 서상동 708-8,의창동,128.620302719926,35.2543056181907,MA0101202311A0102179,소상공인시장진흥공단_상가(상권)정보_API (data.go.kr 15012005),202606,2026-10-04
CW-UICHANG,창원시 의창구,이마트24창원공구,상가점,편의점,경상남도 창원시 의창구 차상로150번길 90,경상남도 창원시 의창구 팔용동 15-10,팔룡동,128.641558517437,35.2328583656286,MA010120220812376523,소상공인시장진흥공단_상가(상권)정보_API (data.go.kr 15012005),202606,2026-10-04
CW-UICHANG,창원시 의창구,경영자의집,,편의점,경상남도 창원시 의창구 동읍 동읍로359번길 18,경상남도 창원시 의창구 동읍 화양리 66-2,동읍,128.662998288034,35.3000126498765,MA010120220810274726,소상공인시장진흥공단_상가(상권)정보_API (data.go.kr 15012005),202606,2026-10-04
CW-UICHANG,창원시 의창구,미니스톱창원,중동점,편의점,경상남도 창원시 의창구 의창대로282번길 4-1,경상남도 창원시 의창구 중동 759-6,의창동,128.628738588502,35.2607892918844,MA010120220813073982,소상공인시장진흥공단_상가(상권)정보_API (data.go.kr 15012005),202606,2026-10-04
CW-UICHANG,창원시 의창구,세븐창원팔용벽산점주,코리아,편의점,경상남도 창원시 의창구 반계로 98,경상남도 창원시 의창구 팔용동 122,팔룡동,128.616489540921,35.2537167582574,MA010120220810982140,소상공인시장진흥공단_상가(상권)정보_API (data.go.kr 15012005),202606,2026-10-04
CW-UICHANG,창원시 의창구,세븐일레븐창원사림,중앙점,편의점,경상남도 창원시 의창구 창이대로413번길 32,경상남도 창원시 의창구 사림동 43-1,봉림동,128.683977020543,35.2444689757267,MA010120220811050415,소상공인시장진흥공단_상가(상권)정보_API (data.go.kr 15012005),202606,2026-10-04
CW-UICHANG,창원시 의창구,이마트24창원대산점,,편의점,경상남도 창원시 의창구 대산면 주남로 514,경상남도 창원시 의창구 대산면 제동리 825,대산면,128.705937924602,35.3293704277027,MA010120220806613870,소상공인시장진흥공단_상가(상권)정보_API (data.go.kr 15012005),202606,2026-10-04
CW-UICHANG,창원시 의창구,지에스25창원의창,구청점,편의점,경상남도 창원시 의창구 태복산로 13,경상남도 창원시 의창구 도계동 887-3,명곡동,128.639710822307,35.2529266139246,MA0101202311A0065972,소상공인시장진흥공단_상가(상권)정보_API (data.go.kr 15012005),202606,2026-10-04
CW-UICHANG,창원시 의창구,이마트24경남도청점,,편의점,경상남도 창원시 의창구 중앙대로 300,경상남도 창원시 의창구 사림동 1,봉림동,128.691945881048,35.2378059691854,MA0101202303A0083508,소상공인시장진흥공단_상가(상권)정보_API (data.go.kr 15012005),202606,2026-10-04
CW-UICHANG,창원시 의창구,이마트24R창원시그니처M점,,편의점,경상남도 창원시 의창구 용동로57번길 18,경상남도 창원시 의창구 사림동 162-4,봉림동,128.697764794023,35.2381930968402,MA0101202303A0023572,소상공인시장진흥공단_상가(상권)정보_API (data.go.kr 15012005),202606,2026-10-04
CW-UICHANG,창원시 의창구,씨유창원중동,중앙점,편의점,경상남도 창원시 의창구 평산로159번길 6,경상남도 창원시 의창구 서상동 688-7,의창동,128.62274716829,35.2567782570749,MA0101202303A0100883,소상공인시장진흥공단_상가(상권)정보_API (data.go.kr 15012005),202606,2026-10-04
CW-UICHANG,창원시 의창구,세븐일레븐창원명서,센터점,편의점,경상남도 창원시 의창구 창이대로85번길 2,경상남도 창원시 의창구 명서동 207-6,명곡동,128.648482751729,35.2401272264719,MA0101202309A0030729,소상공인시장진흥공단_상가(상권)정보_API (data.go.kr 15012005),202606,2026-10-04
CW-UICHANG,창원시 의창구,씨유창원,썬앤빌점,편의점,경상남도 창원시 의창구 용동로 45,경상남도 창원시 의창구 사림동 161-1,봉림동,128.697041240233,35.2366801936923,MA010120220806372000,소상공인시장진흥공단_상가(상권)정보_API (data.go.kr 15012005),202606,2026-10-04
CW-UICHANG,창원시 의창구,지에스25창원대산글로벌,,편의점,경상남도 창원시 의창구 대산면 가술산단남로 41,경상남도 창원시 의창구 대산면 가술리 707-1,대산면,128.701750642908,35.3321150352022,MA010120220812515957,소상공인시장진흥공단_상가(상권)정보_API (data.go.kr 15012005),202606,2026-10-04
CW-UICHANG,창원시 의창구,지에스25대산조은점,,편의점,경상남도 창원시 의창구 대산면 진산대로 412,경상남도 창원시 의창구 대산면 제동리 265-5,대산면,128.70935198997,35.3363966121916,MA010120220813859859,소상공인시장진흥공단_상가(상권)정보_API (data.go.kr 15012005),202606,2026-10-04
CW-UICHANG,창원시 의창구,지에스25창원서상,행복점,편의점,경상남도 창원시 의창구 남산로17번길 54,경상남도 창원시 의창구 팔용동 187-10,팔룡동,128.616858794785,35.2601375542729,MA010120220813895537,소상공인시장진흥공단_상가(상권)정보_API (data.go.kr 15012005),202606,2026-10-04
CW-UICHANG,창원시 의창구,씨유창원봉곡,드림점,편의점,경상남도 창원시 의창구 지귀로73번길 1,경상남도 창원시 의창구 봉곡동 15-10,봉림동,128.654128359103,35.2471247628623,MA0101202305A0193333,소상공인시장진흥공단_상가(상권)정보_API (data.go.kr 15012005),202606,2026-10-04
CW-UICHANG,창원시 의창구,세븐일레븐창원서상,에이스점,편의점,경상남도 창원시 의창구 평산로147번길 3,경상남도 창원시 의창구 서상동 702-14,의창동,128.62206350924,35.2555527489086,MA0101202303A0109490,소상공인시장진흥공단_상가(상권)정보_API (data.go.kr 15012005),202606,2026-10-04
CW-UICHANG,창원시 의창구,씨유창원팔용,가오점,편의점,경상남도 창원시 의창구 팔용로 417,경상남도 창원시 의창구 팔용동 105-14,팔룡동,128.611785620449,35.2541940813145,MA0101202305A0156657,소상공인시장진흥공단_상가(상권)정보_API (data.go.kr 15012005),202606,2026-10-04
CW-UICHANG,창원시 의창구,뉴아람마트명서점,,편의점,경상남도 창원시 의창구 원이대로189번길 5-2,경상남도 창원시 의창구 명서동 42-14,명곡동,128.643465341776,35.2478829034212,MA010120220807396572,소상공인시장진흥공단_상가(상권)정보_API (data.go.kr 15012005),202606,2026-10-04
CW-UICHANG,창원시 의창구,영준유통,,편의점,경상남도 창원시 의창구 북면 동전산단서로42번길 7-8,경상남도 창원시 의창구 북면 동전리 709-2,북면,128.603583890945,35.3163342166712,MA010120220805066066,소상공인시장진흥공단_상가(상권)정보_API (data.go.kr 15012005),202606,2026-10-04
CW-UICHANG,창원시 의창구,이마트24창원동읍봉강점,,편의점,경상남도 창원시 의창구 동읍 동읍로 1158,경상남도 창원시 의창구 동읍 봉강리 135-1,동읍,128.656915130674,35.3526186174619,MA010120220808030088,소상공인시장진흥공단_상가(상권)정보_API (data.go.kr 15012005),202606,2026-10-04
CW-UICHANG,창원시 의창구,씨유창원대산,로드점,편의점,경상남도 창원시 의창구 대산면 진산대로 512,경상남도 창원시 의창구 대산면 가술리 10-5,대산면,128.709881154645,35.3453290182807,MA010120220809901258,소상공인시장진흥공단_상가(상권)정보_API (data.go.kr 15012005),202606,2026-10-04
CW-UICHANG,창원시 의창구,지에스25창원하늘채점,,편의점,경상남도 창원시 의창구 창이대로169번길 32,경상남도 창원시 의창구 봉곡동 58-1,봉림동,128.655331711442,35.2468739880069,MA0101202210A0038356,소상공인시장진흥공단_상가(상권)정보_API (data.go.kr 15012005),202606,2026-10-04
CW-UICHANG,창원시 의창구,씨유창원명서베스트점,,편의점,경상남도 창원시 의창구 우곡로3번길 47,경상남도 창원시 의창구 명서동 83-1,명곡동,128.641264290032,35.2482372212512,MA0101202212A0050194,소상공인시장진흥공단_상가(상권)정보_API (data.go.kr 15012005),202606,2026-10-04
CW-UICHANG,창원시 의창구,GS25창원명서로점,,편의점,경상남도 창원시 의창구 명지로14번길 18,경상남도 창원시 의창구 명서동 18-13,명곡동,128.642826100336,35.2494146494824,MA010120220807412384,소상공인시장진흥공단_상가(상권)정보_API (data.go.kr 15012005),202606,2026-10-04
CW-UICHANG,창원시 의창구,씨유창원대산해강점,,편의점,경상남도 창원시 의창구 대산면 진산대로 439,경상남도 창원시 의창구 대산면 가술리 108-1,대산면,128.708334634384,35.3387451035297,MA010120220805216468,소상공인시장진흥공단_상가(상권)정보_API (data.go.kr 15012005),202606,2026-10-04
CW-UICHANG,창원시 의창구,세븐창원감계아내점주,코리아,편의점,경상남도 창원시 의창구 북면 감계로 277,경상남도 창원시 의창구 북면 감계리 227-2,북면,128.590113817476,35.3039401094529,MA010120220810982513,소상공인시장진흥공단_상가(상권)정보_API (data.go.kr 15012005),202606,2026-10-04
CW-UICHANG,창원시 의창구,씨유창원자여베스트점,,편의점,경상남도 창원시 의창구 동읍 자여로 50-4,경상남도 창원시 의창구 동읍 봉산리 4-2,동읍,128.69909442736,35.2782152688814,MA0101202212A0016460,소상공인시장진흥공단_상가(상권)정보_API (data.go.kr 15012005),202606,2026-10-04
CW-UICHANG,창원시 의창구,씨유창원도계,드림점,편의점,경상남도 창원시 의창구 원이대로82번길 1,경상남도 창원시 의창구 도계동 469,명곡동,128.635566385152,35.2549924387364,MA010120220810939256,소상공인시장진흥공단_상가(상권)정보_API (data.go.kr 15012005),202606,2026-10-04
CW-UICHANG,창원시 의창구,씨유장수소답점,,편의점,경상남도 창원시 의창구 의안로12번길 1,경상남도 창원시 의창구 소답동 111-2,의창동,128.623953449478,35.2627191545031,MA010120220804583034,소상공인시장진흥공단_상가(상권)정보_API (data.go.kr 15012005),202606,2026-10-04
CW-UICHANG,창원시 의창구,GS25창원,드림점,편의점,경상남도 창원시 의창구 팔용로 428,경상남도 창원시 의창구 팔용동 100,팔룡동,128.612782217708,35.2545863514431,MA010120220810936327,소상공인시장진흥공단_상가(상권)정보_API (data.go.kr 15012005),202606,2026-10-04
CW-UICHANG,창원시 의창구,GS25창원서상점,,편의점,경상남도 창원시 의창구 의창대로211번길 1,경상남도 창원시 의창구 서상동 309-2,의창동,128.620874595675,35.2620574935586,MA0106202201A1778002,소상공인시장진흥공단_상가(상권)정보_API (data.go.kr 15012005),202606,2026-10-04
CW-UICHANG,창원시 의창구,세븐일레븐창원미래리움카페점,,편의점,경상남도 창원시 의창구 용동로57번안길 9-11,경상남도 창원시 의창구 사림동 162-7,봉림동,128.697630208683,35.2391142239826,MA010120220810406772,소상공인시장진흥공단_상가(상권)정보_API (data.go.kr 15012005),202606,2026-10-04
CW-UICHANG,창원시 의창구,지에스25도계학원점,,편의점,경상남도 창원시 의창구 도계로 29-1,경상남도 창원시 의창구 도계동 307-7,명곡동,128.635400099707,35.2609337365166,MA010120220805897515,소상공인시장진흥공단_상가(상권)정보_API (data.go.kr 15012005),202606,2026-10-04
CW-UICHANG,창원시 의창구,지에스25신북면,온천점,편의점,경상남도 창원시 의창구 북면 천주로1170번길 25,경상남도 창원시 의창구 북면 신촌리 1461-7,북면,128.612371429473,35.3535366208656,MA010120220810972627,소상공인시장진흥공단_상가(상권)정보_API (data.go.kr 15012005),202606,2026-10-04
CW-UICHANG,창원시 의창구,지에스25팔용중앙,,편의점,경상남도 창원시 의창구 의창대로62번길 12,경상남도 창원시 의창구 팔용동 154-10,팔룡동,128.608285601202,35.2561061975335,MA010120220811688685,소상공인시장진흥공단_상가(상권)정보_API (data.go.kr 15012005),202606,2026-10-04
CW-UICHANG,창원시 의창구,GS25사림미래점,,편의점,경상남도 창원시 의창구 사림로57번길 4-2,경상남도 창원시 의창구 사림동 114-1,봉림동,128.679108387047,35.2470330087092,MA010120220810941798,소상공인시장진흥공단_상가(상권)정보_API (data.go.kr 15012005),202606,2026-10-04
CW-UICHANG,창원시 의창구,씨유창원서상원룸점,,편의점,경상남도 창원시 의창구 평산로131번길 12,경상남도 창원시 의창구 서상동 706-16,의창동,128.619993102737,35.2553101234325,MA010120220807055242,소상공인시장진흥공단_상가(상권)정보_API (data.go.kr 15012005),202606,2026-10-04
CW-UICHANG,창원시 의창구,미니스톱,창원북면점,편의점,경상남도 창원시 의창구 북면 천주로 518,경상남도 창원시 의창구 북면 화천리 329,북면,128.601519257853,35.3025188543943,MA010120220810973940,소상공인시장진흥공단_상가(상권)정보_API (data.go.kr 15012005),202606,2026-10-04
CW-UICHANG,창원시 의창구,씨유창원명서,중앙점,편의점,경상남도 창원시 의창구 원이대로270번길 13,경상남도 창원시 의창구 명서동 201-10,명곡동,128.648812462179,35.2417629578631,MA010120220810949706,소상공인시장진흥공단_상가(상권)정보_API (data.go.kr 15012005),202606,2026-10-04
CW-UICHANG,창원시 의창구,씨유창원봉림주공점,,편의점,경상남도 창원시 의창구 소봉로 50,경상남도 창원시 의창구 봉림동 529,봉림동,128.670627253675,35.2539906515785,MA010120220803555642,소상공인시장진흥공단_상가(상권)정보_API (data.go.kr 15012005),202606,2026-10-04
CW-UICHANG,창원시 의창구,이마트24감계,푸르지오점,편의점,경상남도 창원시 의창구 북면 감계로 221,경상남도 창원시 의창구 북면 감계리 225-2,북면,128.584978995595,35.3005197972692,MA010120220808130680,소상공인시장진흥공단_상가(상권)정보_API (data.go.kr 15012005),202606,2026-10-04
CW-UICHANG,창원시 의창구,지에스25북면,신촌점,편의점,경상남도 창원시 의창구 북면 천주로 1108,경상남도 창원시 의창구 북면 신촌리 567-1,북면,128.607319675789,35.3495214291539,MA0101202209A0074790,소상공인시장진흥공단_상가(상권)정보_API (data.go.kr 15012005),202606,2026-10-04
CW-UICHANG,창원시 의창구,씨유명곡로타리점,,편의점,경상남도 창원시 의창구 원이대로285번길 21,경상남도 창원시 의창구 봉곡동 29-9,봉림동,128.652419493752,35.2441200122968,MA010120220810934052,소상공인시장진흥공단_상가(상권)정보_API (data.go.kr 15012005),202606,2026-10-04
CW-UICHANG,창원시 의창구,씨유창원봉림점,,편의점,경상남도 창원시 의창구 창이대로309번길 15,경상남도 창원시 의창구 봉곡동 136-12,봉림동,128.670769080951,35.2475179541418,MA010120220810928727,소상공인시장진흥공단_상가(상권)정보_API (data.go.kr 15012005),202606,2026-10-04
CW-UICHANG,창원시 의창구,지에스25창원자여점,,편의점,경상남도 창원시 의창구 동읍 용정길46번길 36,경상남도 창원시 의창구 동읍 용정리 22-14,동읍,128.705036737617,35.275437028287,MA010120220810917058,소상공인시장진흥공단_상가(상권)정보_API (data.go.kr 15012005),202606,2026-10-04
CW-UICHANG,창원시 의창구,세븐일레븐창원명서,중앙점,편의점,경상남도 창원시 의창구 원이대로258번길 3,경상남도 창원시 의창구 명서동 199-1,명곡동,128.648301507142,35.2431127397222,MA010120220810958661,소상공인시장진흥공단_상가(상권)정보_API (data.go.kr 15012005),202606,2026-10-04
CW-UICHANG,창원시 의창구,씨유창원동읍,삼거리점,편의점,경상남도 창원시 의창구 동읍 의창대로 847,경상남도 창원시 의창구 동읍 용잠리 369-4,동읍,128.68394182166,35.277282655973,MA010120220810945443,소상공인시장진흥공단_상가(상권)정보_API (data.go.kr 15012005),202606,2026-10-04
CW-UICHANG,창원시 의창구,세븐일레븐창원사림부일점,,편의점,경상남도 창원시 의창구 사림로 60,경상남도 창원시 의창구 사림동 84-1,봉림동,128.678857850329,35.2466039015537,MA010120220808509404,소상공인시장진흥공단_상가(상권)정보_API (data.go.kr 15012005),202606,2026-10-04
CW-UICHANG,창원시 의창구,세븐일레븐창원무동점,,편의점,경상남도 창원시 의창구 북면 동곡로 1,경상남도 창원시 의창구 북면 무동리 147-2,북면,128.585270643101,35.3165937743821,MA010120220807569057,소상공인시장진흥공단_상가(상권)정보_API (data.go.kr 15012005),202606,2026-10-04
CW-UICHANG,창원시 의창구,씨유창원팔용,행복점,편의점,경상남도 창원시 의창구 의창대로116번길 25,경상남도 창원시 의창구 팔용동 174-6,팔룡동,128.613392587205,35.259327668709,MA010120220807567607,소상공인시장진흥공단_상가(상권)정보_API (data.go.kr 15012005),202606,2026-10-04
CW-UICHANG,창원시 의창구,씨유창원한마음,병원점,편의점,경상남도 창원시 의창구 용동로57번길 8,경상남도 창원시 의창구 사림동 164-1,봉림동,128.699022957814,35.2379501335601,MA010120220803813139,소상공인시장진흥공단_상가(상권)정보_API (data.go.kr 15012005),202606,2026-10-04
CW-UICHANG,창원시 의창구,GS25창원미도점,,편의점,경상남도 창원시 의창구 읍성로117번길 5,경상남도 창원시 의창구 소답동 142-33,의창동,128.629161837759,35.262721219766,MA010120220810959124,소상공인시장진흥공단_상가(상권)정보_API (data.go.kr 15012005),202606,2026-10-04
CW-UICHANG,창원시 의창구,지에스25창원하늘채,,편의점,경상남도 창원시 의창구 창이대로169번길 32,경상남도 창원시 의창구 봉곡동 58-1,봉림동,128.655331711442,35.2468739880069,MA010120220810085640,소상공인시장진흥공단_상가(상권)정보_API (data.go.kr 15012005),202606,2026-10-04
CW-UICHANG,창원시 의창구,지에스25창원봉림점,,편의점,경상남도 창원시 의창구 창이대로309번길 2,경상남도 창원시 의창구 봉곡동 140-1,봉림동,128.671082181562,35.246179828024,MA010120220800098035,소상공인시장진흥공단_상가(상권)정보_API (data.go.kr 15012005),202606,2026-10-04
CW-UICHANG,창원시 의창구,더큰편의점,,편의점,경상남도 창원시 의창구 우곡로217번길 10,경상남도 창원시 의창구 명서동 206-3,명곡동,128.648760074731,35.2397178981104,MA010120220810881248,소상공인시장진흥공단_상가(상권)정보_API (data.go.kr 15012005),202606,2026-10-04
CW-UICHANG,창원시 의창구,대운,,편의점,경상남도 창원시 의창구 차룡로48번길 44,경상남도 창원시 의창구 팔용동 40-5,팔룡동,128.631388652257,35.2411519807037,MA010120220805040606,소상공인시장진흥공단_상가(상권)정보_API (data.go.kr 15012005),202606,2026-10-04
CW-UICHANG,창원시 의창구,씨유창원팔용산업단지점,,편의점,경상남도 창원시 의창구 차룡로48번길 49,경상남도 창원시 의창구 팔용동 39-15,팔룡동,128.633151582613,35.2414165908833,MA010120220813190287,소상공인시장진흥공단_상가(상권)정보_API (data.go.kr 15012005),202606,2026-10-04
CW-UICHANG,창원시 의창구,지에스25동전산업단지점,,편의점,경상남도 창원시 의창구 북면 동전산단서로42번길 22,경상남도 창원시 의창구 북면 동전리 708-1,북면,128.603826298556,35.3169167927608,MA010120220812625060,소상공인시장진흥공단_상가(상권)정보_API (data.go.kr 15012005),202606,2026-10-04
CW-UICHANG,창원시 의창구,세븐일레븐창원대학교생활관점,,편의점,경상남도 창원시 의창구 창원대학로 20,경상남도 창원시 의창구 퇴촌동 산 69,봉림동,128.69481773243,35.2459578194556,MA010120220810245365,소상공인시장진흥공단_상가(상권)정보_API (data.go.kr 15012005),202606,2026-10-04
CW-UICHANG,창원시 의창구,GS25북면,신촌점,편의점,경상남도 창원시 의창구 북면 천주로 1108,경상남도 창원시 의창구 북면 신촌리 567-1,북면,128.607319675789,35.3495214291539,MA010120220808165885,소상공인시장진흥공단_상가(상권)정보_API (data.go.kr 15012005),202606,2026-10-04
CW-UICHANG,창원시 의창구,지에스25창원어반브릭스점,,편의점,경상남도 창원시 의창구 중동중앙로 47,경상남도 창원시 의창구 중동 784-1,의창동,128.62500742242,35.256621746534,MA0101202211A0055438,소상공인시장진흥공단_상가(상권)정보_API (data.go.kr 15012005),202606,2026-10-04
CW-UICHANG,창원시 의창구,씨유창원명서월드점,,편의점,경상남도 창원시 의창구 명지로77번길 1,경상남도 창원시 의창구 명서동 52-14,명곡동,128.646665623102,35.2496778811235,MA010120220814233491,소상공인시장진흥공단_상가(상권)정보_API (data.go.kr 15012005),202606,2026-10-04
CW-UICHANG,창원시 의창구,씨유창원지귀점,,편의점,경상남도 창원시 의창구 창이대로 205,경상남도 창원시 의창구 봉곡동 61-15,봉림동,128.65983289924,35.2451090167613,MA010120220812956527,소상공인시장진흥공단_상가(상권)정보_API (data.go.kr 15012005),202606,2026-10-04
CW-UICHANG,창원시 의창구,씨유창원서부대로점,,편의점,경상남도 창원시 의창구 우곡로3번길 1,경상남도 창원시 의창구 명서동 13-1,명곡동,128.638368657531,35.2517461721451,MA010120220804319323,소상공인시장진흥공단_상가(상권)정보_API (data.go.kr 15012005),202606,2026-10-04
CW-UICHANG,창원시 의창구,GS25북면대호점,,편의점,경상남도 창원시 의창구 북면 천주로 1053,경상남도 창원시 의창구 북면 신촌리 995-1,북면,128.605802201237,35.3456573729191,MA010120220807373602,소상공인시장진흥공단_상가(상권)정보_API (data.go.kr 15012005),202606,2026-10-04
CW-UICHANG,창원시 의창구,이마트24창원감계,에코점,편의점,경상남도 창원시 의창구 북면 감계로 342,경상남도 창원시 의창구 북면 감계리 232-1,북면,128.597340518398,35.3018982155856,MA0101202601A0045387,소상공인시장진흥공단_상가(상권)정보_API (data.go.kr 15012005),202606,2026-10-04
CW-UICHANG,창원시 의창구,CU창원무동점,,편의점,경상남도 창원시 의창구 북면 동곡로 35,경상남도 창원시 의창구 북면 무동리 122-1,북면,128.584451434158,35.3202544581441,MA010120220813309450,소상공인시장진흥공단_상가(상권)정보_API (data.go.kr 15012005),202606,2026-10-04
CW-UICHANG,창원시 의창구,세븐창원명서점,코리아,편의점,경상남도 창원시 의창구 명지로 81-4,경상남도 창원시 의창구 명서동 74-1,명곡동,128.647106275712,35.2491942358459,MA010120220812474182,소상공인시장진흥공단_상가(상권)정보_API (data.go.kr 15012005),202606,2026-10-04
CW-UICHANG,창원시 의창구,GS25소답,드림점,편의점,경상남도 창원시 의창구 의창대로261번길 12,경상남도 창원시 의창구 소답동 138-1,의창동,128.626660291877,35.2623583460429,MA010120220810394248,소상공인시장진흥공단_상가(상권)정보_API (data.go.kr 15012005),202606,2026-10-04
CW-UICHANG,창원시 의창구,씨유창원,명곡점,편의점,경상남도 창원시 의창구 원이대로261번길 16-4,경상남도 창원시 의창구 봉곡동 33-1,봉림동,128.650109493683,35.2445120261374,MA010120220810851529,소상공인시장진흥공단_상가(상권)정보_API (data.go.kr 15012005),202606,2026-10-04
CW-UICHANG,창원시 의창구,지에스25창원드림타운점,,편의점,경상남도 창원시 의창구 차룡로48번길 66,경상남도 창원시 의창구 팔용동 40-9,팔룡동,128.633684203766,35.2400395401615,MA0101202604A0029933,소상공인시장진흥공단_상가(상권)정보_API (data.go.kr 15012005),202606,2026-10-04
CW-UICHANG,창원시 의창구,세븐창원도계스마일점,코리아,편의점,경상남도 창원시 의창구 원이대로103번길 21,경상남도 창원시 의창구 도계동 421-4,명곡동,128.639399987971,35.2549495624349,MA010120220813654399,소상공인시장진흥공단_상가(상권)정보_API (data.go.kr 15012005),202606,2026-10-04
CW-UICHANG,창원시 의창구,이마트24창원서상원룸점,,편의점,경상남도 창원시 의창구 평산로195번길 16,경상남도 창원시 의창구 서상동 671-9,의창동,128.62416407919,35.2589582275592,MA010120220813936314,소상공인시장진흥공단_상가(상권)정보_API (data.go.kr 15012005),202606,2026-10-04
CW-UICHANG,창원시 의창구,이마트24창원대동다숲점,,편의점,경상남도 창원시 의창구 의창대로206번길 5,경상남도 창원시 의창구 서상동 651-19,의창동,128.620634798427,35.2610513363242,MA010120220806416505,소상공인시장진흥공단_상가(상권)정보_API (data.go.kr 15012005),202606,2026-10-04
CW-UICHANG,창원시 의창구,지에스25창원,썬앤빌점,편의점,경상남도 창원시 의창구 용동로 45,경상남도 창원시 의창구 사림동 161-1,봉림동,128.697041240233,35.2366801936923,MA010120220804325692,소상공인시장진흥공단_상가(상권)정보_API (data.go.kr 15012005),202606,2026-10-04
CW-UICHANG,창원시 의창구,씨유창원자여주공점,,편의점,경상남도 창원시 의창구 동읍 용정길 28,경상남도 창원시 의창구 동읍 송정리 21-1,동읍,128.702013521539,35.2780120065115,MA0101202604A0003783,소상공인시장진흥공단_상가(상권)정보_API (data.go.kr 15012005),202606,2026-10-04
CW-UICHANG,창원시 의창구,씨유창원북면,온천점,편의점,경상남도 창원시 의창구 북면 천주로 1167,경상남도 창원시 의창구 북면 신촌리 406-4,북면,128.609423382968,35.3546483646734,MA010120220805962805,소상공인시장진흥공단_상가(상권)정보_API (data.go.kr 15012005),202606,2026-10-04
CW-UICHANG,창원시 의창구,씨유창원봉곡월드점,,편의점,경상남도 창원시 의창구 봉곡로23번길 35,경상남도 창원시 의창구 봉곡동 75-1,봉림동,128.659138589622,35.2476960273107,MA010120220808044555,소상공인시장진흥공단_상가(상권)정보_API (data.go.kr 15012005),202606,2026-10-04
CW-UICHANG,창원시 의창구,CU창원파티마,병원점,편의점,경상남도 창원시 의창구 창이대로 45,경상남도 창원시 의창구 명서동 212,명곡동,128.644491720203,35.2372345346592,MA010120220808419699,소상공인시장진흥공단_상가(상권)정보_API (data.go.kr 15012005),202606,2026-10-04
CW-UICHANG,창원시 의창구,GS25창원소계점,,편의점,경상남도 창원시 의창구 금강로 345,경상남도 창원시 의창구 소계동 712-37,의창동,128.600198457351,35.2560782527574,MA010120220804603819,소상공인시장진흥공단_상가(상권)정보_API (data.go.kr 15012005),202606,2026-10-04
CW-UICHANG,창원시 의창구,GS25명서,행복점,편의점,경상남도 창원시 의창구 창이대로85번길 11,경상남도 창원시 의창구 명서동 208-1,명곡동,128.647643338345,35.2404450749648,MA010120220813471721,소상공인시장진흥공단_상가(상권)정보_API (data.go.kr 15012005),202606,2026-10-04
CW-UICHANG,창원시 의창구,씨유창원중동원룸점,,편의점,경상남도 창원시 의창구 평산로215번길 16,경상남도 창원시 의창구 서상동 663-22,의창동,128.623906146156,35.2608993196203,MA010120220807132351,소상공인시장진흥공단_상가(상권)정보_API (data.go.kr 15012005),202606,2026-10-04
CW-UICHANG,창원시 의창구,이마트24창원팔용벽산점,,편의점,경상남도 창원시 의창구 반계로 104-9,경상남도 창원시 의창구 팔용동 123-1,팔룡동,128.617809227284,35.2537802284873,MA010120220803405632,소상공인시장진흥공단_상가(상권)정보_API (data.go.kr 15012005),202606,2026-10-04
CW-UICHANG,창원시 의창구,세븐일레븐창원서상원룸점,,편의점,경상남도 창원시 의창구 평산로211번길 13,경상남도 창원시 의창구 서상동 665-2,의창동,128.623970275251,35.2602585904964,MA0101202512A0030845,소상공인시장진흥공단_상가(상권)정보_API (data.go.kr 15012005),202606,2026-10-04
CW-UICHANG,창원시 의창구,지에스25창원유니1단지점,,편의점,경상남도 창원시 의창구 중동로 46,경상남도 창원시 의창구 중동 790,의창동,128.627658223525,35.255117117739,MA0101202512A0037514,소상공인시장진흥공단_상가(상권)정보_API (data.go.kr 15012005),202606,2026-10-04
CW-UICHANG,창원시 의창구,제로인제로창원한마음,병원점,편의점,경상남도 창원시 의창구 용동로57번안길 19,경상남도 창원시 의창구 사림동 163-3,봉림동,128.699121817912,35.2390031662117,MA0101202601A0018508,소상공인시장진흥공단_상가(상권)정보_API (data.go.kr 15012005),202606,2026-10-04
CW-UICHANG,창원시 의창구,이마트24창원칠성,그린점,편의점,경상남도 창원시 의창구 동읍 동읍로 195,경상남도 창원시 의창구 동읍 신방리 440,동읍,128.675163655528,35.2923556609531,MA0101202512A0008409,소상공인시장진흥공단_상가(상권)정보_API (data.go.kr 15012005),202606,2026-10-04
CW-UICHANG,창원시 의창구,케이에프씨더함디앤씨,유니시티점,편의점,경상남도 창원시 의창구 중동북로 23,경상남도 창원시 의창구 중동 782-1,의창동,128.627168096374,35.2580797221625,MA0101202506A0014369,소상공인시장진흥공단_상가(상권)정보_API (data.go.kr 15012005),202606,2026-10-04
CW-UICHANG,창원시 의창구,씨유창원,도계점,편의점,경상남도 창원시 의창구 도계로18번길 28,경상남도 창원시 의창구 도계동 349-1,명곡동,128.635870505192,35.2580975415295,MA010120220810932102,소상공인시장진흥공단_상가(상권)정보_API (data.go.kr 15012005),202606,2026-10-04
CW-UICHANG,창원시 의창구,씨유차룡단지점,,편의점,경상남도 창원시 의창구 차룡로14번길 67,경상남도 창원시 의창구 팔용동 58-4,팔룡동,128.632248136908,35.2379951160788,MA010120220805644280,소상공인시장진흥공단_상가(상권)정보_API (data.go.kr 15012005),202606,2026-10-04
CW-UICHANG,창원시 의창구,세븐창원주남점주,코리아,편의점,경상남도 창원시 의창구 동읍 동읍로 3,경상남도 창원시 의창구 동읍 용잠리 419-10,동읍,128.684399369674,35.2776187448802,MA010120220810981779,소상공인시장진흥공단_상가(상권)정보_API (data.go.kr 15012005),202606,2026-10-04
CW-UICHANG,창원시 의창구,씨유창원팔용네오점,,편의점,경상남도 창원시 의창구 차상로150번길 68,경상남도 창원시 의창구 팔용동 14-7,팔룡동,128.63931872781,35.2339972339879,MA0101202509A0003274,소상공인시장진흥공단_상가(상권)정보_API (data.go.kr 15012005),202606,2026-10-04
CW-UICHANG,창원시 의창구,씨유창원,썬앤빌점,편의점,경상남도 창원시 의창구 용동로 45,경상남도 창원시 의창구 사림동 161-1,봉림동,128.697041240233,35.2366801936923,MA0101202603A0038862,소상공인시장진흥공단_상가(상권)정보_API (data.go.kr 15012005),202606,2026-10-04
CW-UICHANG,창원시 의창구,씨유창원봉곡,중앙점,편의점,경상남도 창원시 의창구 지귀로12번길 25,경상남도 창원시 의창구 봉곡동 39-4,봉림동,128.651538721908,35.243483158574,MA0101202507A0001188,소상공인시장진흥공단_상가(상권)정보_API (data.go.kr 15012005),202606,2026-10-04
CW-UICHANG,창원시 의창구,세븐일레븐창원뉴봉곡,본점,편의점,경상남도 창원시 의창구 지귀로 14,경상남도 창원시 의창구 봉곡동 31-4,봉림동,128.649475426552,35.2446648671897,MA0101202601A0031636,소상공인시장진흥공단_상가(상권)정보_API (data.go.kr 15012005),202606,2026-10-04
CW-UICHANG,창원시 의창구,이마트24창원명서옥제점,,편의점,경상남도 창원시 의창구 명지로 115,경상남도 창원시 의창구 명서동 167-8,명곡동,128.649908530634,35.2476059545372,MA0101202603A0046594,소상공인시장진흥공단_상가(상권)정보_API (data.go.kr 15012005),202606,2026-10-04
CW-UICHANG,창원시 의창구,지에스25창원동읍,대박점,편의점,경상남도 창원시 의창구 동읍 의창대로915번길 13,경상남도 창원시 의창구 동읍 용잠리 250-5,동읍,128.690403335063,35.2804278629852,MA0101202512A0029449,소상공인시장진흥공단_상가(상권)정보_API (data.go.kr 15012005),202606,2026-10-04
CW-UICHANG,창원시 의창구,지에스25창원새미래점,,편의점,경상남도 창원시 의창구 팔용로 438,경상남도 창원시 의창구 팔용동 101,팔룡동,128.613511185888,35.2553336606733,MA0101202511A0031096,소상공인시장진흥공단_상가(상권)정보_API (data.go.kr 15012005),202606,2026-10-04
CW-UICHANG,창원시 의창구,씨유창원대동다숲점,,편의점,경상남도 창원시 의창구 의창대로206번길 9,경상남도 창원시 의창구 서상동 651-15,의창동,128.620504455563,35.260575434051,MA0101202603A0033682,소상공인시장진흥공단_상가(상권)정보_API (data.go.kr 15012005),202606,2026-10-04
CW-UICHANG,창원시 의창구,씨유창원팔용쉼터점,,편의점,경상남도 창원시 의창구 남산로17번길 41,경상남도 창원시 의창구 팔용동 194-8,팔룡동,128.61597163546,35.2608343386186,MA010120220806680167,소상공인시장진흥공단_상가(상권)정보_API (data.go.kr 15012005),202606,2026-10-04
CW-UICHANG,창원시 의창구,세븐일레븐창원,봉곡점,편의점,경상남도 창원시 의창구 지귀로12번길 30,경상남도 창원시 의창구 봉곡동 38-1,봉림동,128.651823001751,35.2428754598544,MA010120220804201221,소상공인시장진흥공단_상가(상권)정보_API (data.go.kr 15012005),202606,2026-10-04
CW-UICHANG,창원시 의창구,씨유동,창원점,편의점,경상남도 창원시 의창구 동읍 의창대로 906,경상남도 창원시 의창구 동읍 용잠리 227-3,동읍,128.689502031996,35.2788363030615,MA010120220806508258,소상공인시장진흥공단_상가(상권)정보_API (data.go.kr 15012005),202606,2026-10-04
CW-UICHANG,창원시 의창구,지에스25창원프라하점,,편의점,경상남도 창원시 의창구 창원대로363번길 22-11,경상남도 창원시 의창구 팔용동 34-17,팔룡동,128.640292480284,35.2376249829837,MA010120220803031848,소상공인시장진흥공단_상가(상권)정보_API (data.go.kr 15012005),202606,2026-10-04
CW-UICHANG,창원시 의창구,씨유도계화목점,,편의점,경상남도 창원시 의창구 하남천서길15번길 2,경상남도 창원시 의창구 도계동 323-3,명곡동,128.639060137492,35.2604426032007,MA010120220813113455,소상공인시장진흥공단_상가(상권)정보_API (data.go.kr 15012005),202606,2026-10-04
CW-UICHANG,창원시 의창구,지에스25중동유니스타,,편의점,경상남도 창원시 의창구 중동중앙로 95,경상남도 창원시 의창구 중동 778-1,의창동,128.628800681091,35.2594997080951,MA010120220814209170,소상공인시장진흥공단_상가(상권)정보_API (data.go.kr 15012005),202606,2026-10-04
CW-UICHANG,창원시 의창구,씨유창원북면내곡점,,편의점,경상남도 창원시 의창구 북면 단내로 775,경상남도 창원시 의창구 북면 신촌리 1226-9,북면,128.600741443278,35.3400288346405,MA0101202502A0080454,소상공인시장진흥공단_상가(상권)정보_API (data.go.kr 15012005),202606,2026-10-04
CW-UICHANG,창원시 의창구,세븐일레븐창원동읍주남점,,편의점,경상남도 창원시 의창구 동읍 동읍로 295-2,경상남도 창원시 의창구 동읍 다호리 101-4,동읍,128.669753461556,35.2992075956482,MA0101202502A0105063,소상공인시장진흥공단_상가(상권)정보_API (data.go.kr 15012005),202606,2026-10-04
CW-UICHANG,창원시 의창구,지에스25팔용가구,거리점,편의점,경상남도 창원시 의창구 창원대로 314,경상남도 창원시 의창구 팔용동 19-1,팔룡동,128.63375498605,35.2380919398691,MA0101202412A0047147,소상공인시장진흥공단_상가(상권)정보_API (data.go.kr 15012005),202606,2026-10-04
CW-UICHANG,창원시 의창구,씨유창원팔용사화점,,편의점,경상남도 창원시 의창구 사화로 33,경상남도 창원시 의창구 팔용동 133-8,팔룡동,128.611275297451,35.256165550663,MA0101202504A0003858,소상공인시장진흥공단_상가(상권)정보_API (data.go.kr 15012005),202606,2026-10-04
CW-UICHANG,창원시 의창구,씨유창원대산,진영점,편의점,경상남도 창원시 의창구 대산면 진산대로 295,경상남도 창원시 의창구 대산면 제동리 377-26,대산면,128.713668026649,35.3272514009298,MA0101202506A0011982,소상공인시장진흥공단_상가(상권)정보_API (data.go.kr 15012005),202606,2026-10-04
CW-UICHANG,창원시 의창구,지에스25북면,드림점,편의점,경상남도 창원시 의창구 북면 천주로 1161,경상남도 창원시 의창구 북면 신촌리 443-4,북면,128.609099717653,35.3538596084794,MA0101202505A0084502,소상공인시장진흥공단_상가(상권)정보_API (data.go.kr 15012005),202606,2026-10-04
CW-UICHANG,창원시 의창구,씨유창원소계동아점,,편의점,경상남도 창원시 의창구 소계로84번길 2,경상남도 창원시 의창구 소계동 713-4,의창동,128.599651357686,35.2567523960458,MA0101202506A0030429,소상공인시장진흥공단_상가(상권)정보_API (data.go.kr 15012005),202606,2026-10-04
CW-UICHANG,창원시 의창구,씨유창원대산공단점,,편의점,경상남도 창원시 의창구 대산면 주남로 541,경상남도 창원시 의창구 대산면 가술리 388-9,대산면,128.706804685679,35.3324132609793,MA0101202411A0088612,소상공인시장진흥공단_상가(상권)정보_API (data.go.kr 15012005),202606,2026-10-04
CW-UICHANG,창원시 의창구,세븐일레븐창원대산제동점,,편의점,경상남도 창원시 의창구 대산면 주남로 390,경상남도 창원시 의창구 대산면 제동리 543-1,대산면,128.698616567476,35.3205606462943,MA0101202503A0053837,소상공인시장진흥공단_상가(상권)정보_API (data.go.kr 15012005),202606,2026-10-04
CW-UICHANG,창원시 의창구,지에스25창원소계,중앙점,편의점,경상남도 창원시 의창구 소계로84번길 13,경상남도 창원시 의창구 소계동 707-6,의창동,128.600457297676,35.257507779571,MA0101202507A0041254,소상공인시장진흥공단_상가(상권)정보_API (data.go.kr 15012005),202606,2026-10-04
CW-UICHANG,창원시 의창구,지에스25창원유탑시티점,,편의점,경상남도 창원시 의창구 용동로57번안길 9-6,경상남도 창원시 의창구 사림동 163-1,봉림동,128.698615164804,35.2389381825383,MA0101202511A0019689,소상공인시장진흥공단_상가(상권)정보_API (data.go.kr 15012005),202606,2026-10-04
CW-UICHANG,창원시 의창구,씨유창원북면감계점,,편의점,경상남도 창원시 의창구 북면 동전로 63,경상남도 창원시 의창구 북면 감계리 233-1,북면,128.595559160112,35.3018766744915,MA010120220810958771,소상공인시장진흥공단_상가(상권)정보_API (data.go.kr 15012005),202606,2026-10-04
CW-UICHANG,창원시 의창구,씨유창원,유니시티점,편의점,경상남도 창원시 의창구 중동로 78,경상남도 창원시 의창구 중동 788,의창동,128.629418905614,35.2547058909691,MA010120220814250285,소상공인시장진흥공단_상가(상권)정보_API (data.go.kr 15012005),202606,2026-10-04
CW-UICHANG,창원시 의창구,씨유창원대원룸점,,편의점,경상남도 창원시 의창구 창이대로469번길 22,경상남도 창원시 의창구 사림동 14-16,봉림동,128.688167150765,35.2404542490008,MA010120220810946019,소상공인시장진흥공단_상가(상권)정보_API (data.go.kr 15012005),202606,2026-10-04
CW-UICHANG,창원시 의창구,세븐일레븐창원소답,본점,편의점,경상남도 창원시 의창구 의안로44번길 2,경상남도 창원시 의창구 소답동 106-1,의창동,128.624040709913,35.2654396746595,MA010120220812088433,소상공인시장진흥공단_상가(상권)정보_API (data.go.kr 15012005),202606,2026-10-04
CW-UICHANG,창원시 의창구,씨유창원해금사이언스점,,편의점,경상남도 창원시 의창구 용동로57번길 24,경상남도 창원시 의창구 사림동 162-2,봉림동,128.697249889467,35.2387861098291,MA0101202411A0033633,소상공인시장진흥공단_상가(상권)정보_API (data.go.kr 15012005),202606,2026-10-04
CW-UICHANG,창원시 의창구,씨유창원명곡,두산위브점,편의점,경상남도 창원시 의창구 명지로 61,경상남도 창원시 의창구 명서동 36-1,명곡동,128.645775140305,35.2507354139069,MA0101202412A0003977,소상공인시장진흥공단_상가(상권)정보_API (data.go.kr 15012005),202606,2026-10-04
CW-UICHANG,창원시 의창구,세븐일레븐창원명서점,,편의점,경상남도 창원시 의창구 명지로 81-4,경상남도 창원시 의창구 명서동 74-1,명곡동,128.647106275712,35.2491942358459,MA0101202504A0065304,소상공인시장진흥공단_상가(상권)정보_API (data.go.kr 15012005),202606,2026-10-04
CW-UICHANG,창원시 의창구,씨유창원어반브릭스점,,편의점,경상남도 창원시 의창구 중동중앙로 47,경상남도 창원시 의창구 중동 784-1,의창동,128.62500742242,35.256621746534,MA0101202504A0044242,소상공인시장진흥공단_상가(상권)정보_API (data.go.kr 15012005),202606,2026-10-04
CW-UICHANG,창원시 의창구,씨스페이스창원,터미널점,편의점,경상남도 창원시 의창구 창원대로 371,경상남도 창원시 의창구 팔용동 35,팔룡동,128.640280686698,35.2370393475049,MA0101202507A0014044,소상공인시장진흥공단_상가(상권)정보_API (data.go.kr 15012005),202606,2026-10-04
CW-UICHANG,창원시 의창구,세븐일레븐창원어반브릭스,본점,편의점,경상남도 창원시 의창구 중동중앙로 47,경상남도 창원시 의창구 중동 784-1,의창동,128.62500742242,35.256621746534,MA0101202412A0054839,소상공인시장진흥공단_상가(상권)정보_API (data.go.kr 15012005),202606,2026-10-04
CW-UICHANG,창원시 의창구,지에스25창원도계로점,,편의점,경상남도 창원시 의창구 도계로 93,경상남도 창원시 의창구 도계동 412-6,명곡동,128.640084351904,35.2567427288688,MA0101202501A0063764,소상공인시장진흥공단_상가(상권)정보_API (data.go.kr 15012005),202606,2026-10-04
CW-UICHANG,창원시 의창구,씨유창원명서,하나점,편의점,경상남도 창원시 의창구 지귀로 43,경상남도 창원시 의창구 명서동 163-30,명곡동,128.650874321788,35.2470159992563,MA0101202501A0054710,소상공인시장진흥공단_상가(상권)정보_API (data.go.kr 15012005),202606,2026-10-04
CW-UICHANG,창원시 의창구,씨유창원포레힐스,데시앙점,편의점,경상남도 창원시 의창구 북면 감계로187번길 9,경상남도 창원시 의창구 북면 감계리 290,북면,128.584722386653,35.2980718331661,MA0101202503A0048207,소상공인시장진흥공단_상가(상권)정보_API (data.go.kr 15012005),202606,2026-10-04
CW-UICHANG,창원시 의창구,지에스25팔용,제일점,편의점,경상남도 창원시 의창구 사화로10번길 5,경상남도 창원시 의창구 팔용동 159-1,팔룡동,128.60863857988,35.2567323625754,MA010120220808585281,소상공인시장진흥공단_상가(상권)정보_API (data.go.kr 15012005),202606,2026-10-04
CW-UICHANG,창원시 의창구,세븐일레븐창원동전,산단점,편의점,경상남도 창원시 의창구 북면 천주로 579,경상남도 창원시 의창구 북면 화천리 432-21,북면,128.600615856858,35.3080012236141,MA010120220802782289,소상공인시장진흥공단_상가(상권)정보_API (data.go.kr 15012005),202606,2026-10-04
CW-UICHANG,창원시 의창구,지에스25신화,테크노밸리점,편의점,경상남도 창원시 의창구 평산로 23,경상남도 창원시 의창구 팔용동 23-7,팔룡동,128.613684885114,35.2469138957168,MA010120220802965045,소상공인시장진흥공단_상가(상권)정보_API (data.go.kr 15012005),202606,2026-10-04
CW-UICHANG,창원시 의창구,GS25창원극동점,,편의점,경상남도 창원시 의창구 팔용로 429,경상남도 창원시 의창구 팔용동 104-1,팔룡동,128.612416789566,35.2549967737851,MA010120220810917140,소상공인시장진흥공단_상가(상권)정보_API (data.go.kr 15012005),202606,2026-10-04
CW-UICHANG,창원시 의창구,씨유창원명서,시장점,편의점,경상남도 창원시 의창구 명지로 73,경상남도 창원시 의창구 명서동 52-1,명곡동,128.646558523837,35.2498145218666,MA010120220810953480,소상공인시장진흥공단_상가(상권)정보_API (data.go.kr 15012005),202606,2026-10-04
CW-UICHANG,창원시 의창구,지에스25창원원창호수점,,편의점,경상남도 창원시 의창구 동읍 의창대로 856,경상남도 창원시 의창구 동읍 용잠리 372-1,동읍,128.684959271944,35.2765294922038,MA010120220809885270,소상공인시장진흥공단_상가(상권)정보_API (data.go.kr 15012005),202606,2026-10-04
CW-UICHANG,창원시 의창구,지에스25명서,드림점,편의점,경상남도 창원시 의창구 명지로103번길 2,경상남도 창원시 의창구 명서동 167-14,명곡동,128.649147935705,35.2480218735347,MA0101202411A0003935,소상공인시장진흥공단_상가(상권)정보_API (data.go.kr 15012005),202606,2026-10-04
CW-UICHANG,창원시 의창구,세븐일레븐창원감계아내점,,편의점,경상남도 창원시 의창구 북면 감계로 277,경상남도 창원시 의창구 북면 감계리 227-2,북면,128.590113817476,35.3039401094529,MA0101202411A0030477,소상공인시장진흥공단_상가(상권)정보_API (data.go.kr 15012005),202606,2026-10-04
CW-UICHANG,창원시 의창구,이마트24창원소답,중앙점,편의점,경상남도 창원시 의창구 의안로22번길 25,경상남도 창원시 의창구 소답동 135-15,의창동,128.626715940723,35.2634931376329,MA0101202412A0072756,소상공인시장진흥공단_상가(상권)정보_API (data.go.kr 15012005),202606,2026-10-04
CW-UICHANG,창원시 의창구,세븐창원도계스마일점,코리아,편의점,경상남도 창원시 의창구 원이대로103번길 21,경상남도 창원시 의창구 도계동 421-4,명곡동,128.639399987971,35.2549495624349,MA0101202406A0567796,소상공인시장진흥공단_상가(상권)정보_API (data.go.kr 15012005),202606,2026-10-04
CW-UICHANG,창원시 의창구,이마트24창원사림로점,,편의점,경상남도 창원시 의창구 사림로 85,경상남도 창원시 의창구 사림동 115-10,봉림동,128.681524033696,35.2459089886102,MA0101202411A0051272,소상공인시장진흥공단_상가(상권)정보_API (data.go.kr 15012005),202606,2026-10-04
CW-UICHANG,창원시 의창구,세븐일레븐창원대원룸점,,편의점,경상남도 창원시 의창구 창이대로457번길 19,경상남도 창원시 의창구 사림동 27-7,봉림동,128.686722621355,35.2412494400342,MA0101202411A0076547,소상공인시장진흥공단_상가(상권)정보_API (data.go.kr 15012005),202606,2026-10-04
CW-UICHANG,창원시 의창구,지에스25명서우곡점,,편의점,경상남도 창원시 의창구 우곡로217번길 17,경상남도 창원시 의창구 명서동 205-5,명곡동,128.648928596746,35.2404455914827,MA010120220810932766,소상공인시장진흥공단_상가(상권)정보_API (data.go.kr 15012005),202606,2026-10-04
CW-UICHANG,창원시 의창구,세븐일레븐창원동읍,신방점,편의점,경상남도 창원시 의창구 동읍 동읍로 234-2,경상남도 창원시 의창구 동읍 신방리 361-4,동읍,128.674447108031,35.2954567377908,MA010120220812777003,소상공인시장진흥공단_상가(상권)정보_API (data.go.kr 15012005),202606,2026-10-04
CW-UICHANG,창원시 의창구,씨유창원명서점,,편의점,경상남도 창원시 의창구 우곡로217번길 27,경상남도 창원시 의창구 명서동 201-6,명곡동,128.649659946111,35.2413007957008,MA010120220810965943,소상공인시장진흥공단_상가(상권)정보_API (data.go.kr 15012005),202606,2026-10-04
CW-UICHANG,창원시 의창구,씨유창원감계현대점,,편의점,경상남도 창원시 의창구 북면 감계로 259,경상남도 창원시 의창구 북면 감계리 227-1,북면,128.589614064209,35.3025587987923,MA010120220812222124,소상공인시장진흥공단_상가(상권)정보_API (data.go.kr 15012005),202606,2026-10-04
CW-UICHANG,창원시 의창구,지에스25창원대명점,,편의점,경상남도 창원시 의창구 사림로45번길 3,경상남도 창원시 의창구 봉곡동 175-14,봉림동,128.677573189061,35.2477031804867,MA010120220810915492,소상공인시장진흥공단_상가(상권)정보_API (data.go.kr 15012005),202606,2026-10-04
CW-UICHANG,창원시 의창구,3분마트,창원점,편의점,경상남도 창원시 의창구 북면 천주로 821,경상남도 창원시 의창구 북면 무곡리 54-9,북면,128.601861751009,35.3265768579302,MA0101202406A0385532,소상공인시장진흥공단_상가(상권)정보_API (data.go.kr 15012005),202606,2026-10-04
CW-UICHANG,창원시 의창구,세븐일레븐창원도계스마일점,,편의점,경상남도 창원시 의창구 원이대로103번길 21,경상남도 창원시 의창구 도계동 421-4,명곡동,128.639399987971,35.2549495624349,MA0101202406A0169815,소상공인시장진흥공단_상가(상권)정보_API (data.go.kr 15012005),202606,2026-10-04
CW-UICHANG,창원시 의창구,문문,,편의점,경상남도 창원시 의창구 북면 감계로110번길 59-12,경상남도 창원시 의창구 북면 감계리 249-4,북면,128.59218646108,35.3019932313933,MA0101202406A0307817,소상공인시장진흥공단_상가(상권)정보_API (data.go.kr 15012005),202606,2026-10-04
CW-UICHANG,창원시 의창구,씨유창원팔용스타일점,,편의점,경상남도 창원시 의창구 창원대로397번길 8-9,경상남도 창원시 의창구 팔용동 31-2,팔룡동,128.642434127407,35.2348832503197,MA0101202409A0111913,소상공인시장진흥공단_상가(상권)정보_API (data.go.kr 15012005),202606,2026-10-04
CW-SEONGSAN,창원시 성산구,지에스25창원은아점은정슈퍼,,편의점,경상남도 창원시 성산구 원이대로883번길 2,경상남도 창원시 성산구 가음동 23-1,가음정동,128.694597919858,35.2079295558612,MA010120220810968654,소상공인시장진흥공단_상가(상권)정보_API (data.go.kr 15012005),202606,2026-10-04
CW-SEONGSAN,창원시 성산구,GS25창원용지점,,편의점,경상남도 창원시 성산구 원이대로580번길 3,경상남도 창원시 성산구 중앙동 77-1,중앙동,128.678264677089,35.227947910565,MA010120220810933786,소상공인시장진흥공단_상가(상권)정보_API (data.go.kr 15012005),202606,2026-10-04
CW-SEONGSAN,창원시 성산구,이마트24창원,용호점,편의점,경상남도 창원시 성산구 용지로169번길 11-14,경상남도 창원시 성산구 용호동 73-3,용지동,128.680516283672,35.2300795891793,MA010120220800223156,소상공인시장진흥공단_상가(상권)정보_API (data.go.kr 15012005),202606,2026-10-04
CW-SEONGSAN,창원시 성산구,씨유창원용호,삼거리점,편의점,경상남도 창원시 성산구 용지로 241,경상남도 창원시 성산구 용호동 17-10,용지동,128.686522054907,35.2352771712582,MA010120220803367714,소상공인시장진흥공단_상가(상권)정보_API (data.go.kr 15012005),202606,2026-10-04
CW-SEONGSAN,창원시 성산구,씨유L창원지사4층,,편의점,경상남도 창원시 성산구 중앙대로 33,경상남도 창원시 성산구 중앙동 101-2,중앙동,128.674984376678,35.219044240557,MA010120220804802120,소상공인시장진흥공단_상가(상권)정보_API (data.go.kr 15012005),202606,2026-10-04
CW-SEONGSAN,창원시 성산구,믿고먹는반찬씨유그랜드,창원점,편의점,경상남도 창원시 성산구 창이대로 737,경상남도 창원시 성산구 사파동 93,사파동,128.705018510619,35.2189583133972,MA0101202409A0183552,소상공인시장진흥공단_상가(상권)정보_API (data.go.kr 15012005),202606,2026-10-04
CW-SEONGSAN,창원시 성산구,지에스25창원,테크노점,편의점,경상남도 창원시 성산구 완암로 50,경상남도 창원시 성산구 성산동 77-1,웅남동,128.663750221131,35.2056177541068,MA010120220803019998,소상공인시장진흥공단_상가(상권)정보_API (data.go.kr 15012005),202606,2026-10-04
CW-SEONGSAN,창원시 성산구,지에스25성산성주점,,편의점,경상남도 창원시 성산구 삼정자로43번길 8,경상남도 창원시 성산구 성주동 127,성주동,128.711030211043,35.1987673335597,MA010120220806526105,소상공인시장진흥공단_상가(상권)정보_API (data.go.kr 15012005),202606,2026-10-04
CW-SEONGSAN,창원시 성산구,아이러브케이크,,편의점,경상남도 창원시 성산구 상남로192번길 3,경상남도 창원시 성산구 신월동 48-7,용지동,128.688039839634,35.229010574184,MA0101202306A0096524,소상공인시장진흥공단_상가(상권)정보_API (data.go.kr 15012005),202606,2026-10-04
CW-SEONGSAN,창원시 성산구,씨유창원반림현대점,,편의점,경상남도 창원시 성산구 외동반림로 217,경상남도 창원시 성산구 반림동 3-1,반송동,128.677353084765,35.2370177957319,MA0101202306A0029334,소상공인시장진흥공단_상가(상권)정보_API (data.go.kr 15012005),202606,2026-10-04
CW-SEONGSAN,창원시 성산구,씨유창원용호무학점,,편의점,경상남도 창원시 성산구 외동반림로 206,경상남도 창원시 성산구 용호동 67-1,용지동,128.676928819382,35.2356177758274,MA0101202406A0482204,소상공인시장진흥공단_상가(상권)정보_API (data.go.kr 15012005),202606,2026-10-04
CW-SEONGSAN,창원시 성산구,씨유창원남산대우점,,편의점,경상남도 창원시 성산구 성주로 147,경상남도 창원시 성산구 남산동 601-7,성주동,128.701553654906,35.199225340387,MA0106202409A1809992,소상공인시장진흥공단_상가(상권)정보_API (data.go.kr 15012005),202606,2026-10-04
CW-SEONGSAN,창원시 성산구,씨유창원내동마루점,,편의점,경상남도 창원시 성산구 연덕로184번길 32,경상남도 창원시 성산구 내동 456-14,중앙동,128.668963009566,35.2172799171056,MA0101202409A0068196,소상공인시장진흥공단_상가(상권)정보_API (data.go.kr 15012005),202606,2026-10-04
CW-SEONGSAN,창원시 성산구,씨유창원대방대로점,,편의점,경상남도 창원시 성산구 대암로 147,경상남도 창원시 성산구 대방동 350-1,사파동,128.710111333762,35.2125419022392,MA010120220810213408,소상공인시장진흥공단_상가(상권)정보_API (data.go.kr 15012005),202606,2026-10-04
CW-SEONGSAN,창원시 성산구,사계절할인마트,,편의점,경상남도 창원시 성산구 외동반림로126번길 51,경상남도 창원시 성산구 중앙동 70-14,중앙동,128.676432888505,35.2275317022172,MA0101202309A0088077,소상공인시장진흥공단_상가(상권)정보_API (data.go.kr 15012005),202606,2026-10-04
CW-SEONGSAN,창원시 성산구,세븐일레븐창원대방덕산점,,편의점,경상남도 창원시 성산구 대정로 131,경상남도 창원시 성산구 대방동 356,사파동,128.706894356906,35.2136146974808,MA0101202308A0015459,소상공인시장진흥공단_상가(상권)정보_API (data.go.kr 15012005),202606,2026-10-04
CW-SEONGSAN,창원시 성산구,지에스25사파법무점,,편의점,경상남도 창원시 성산구 동산로220번길 20,경상남도 창원시 성산구 사파동 126-23,사파동,128.698166172805,35.2247773783057,MA0101202311A0009324,소상공인시장진흥공단_상가(상권)정보_API (data.go.kr 15012005),202606,2026-10-04
CW-SEONGSAN,창원시 성산구,세븐일레븐창원반지,사거리점,편의점,경상남도 창원시 성산구 반송로 33,경상남도 창원시 성산구 반지동 40-19,반송동,128.661406249507,35.2419962397224,MA0101202309A0002733,소상공인시장진흥공단_상가(상권)정보_API (data.go.kr 15012005),202606,2026-10-04
CW-SEONGSAN,창원시 성산구,씨유창원사파,법원점,편의점,경상남도 창원시 성산구 창이대로695번길 12-1,경상남도 창원시 성산구 사파동 69-18,사파동,128.702299771184,35.2233945182926,MA0101202406A0320082,소상공인시장진흥공단_상가(상권)정보_API (data.go.kr 15012005),202606,2026-10-04
CW-SEONGSAN,창원시 성산구,지에스25상남,오거리점,편의점,경상남도 창원시 성산구 단정로 42,경상남도 창원시 성산구 상남동 81-1,상남동,128.684509253271,35.2192094509938,MA0101202309A0087405,소상공인시장진흥공단_상가(상권)정보_API (data.go.kr 15012005),202606,2026-10-04
CW-SEONGSAN,창원시 성산구,지에스25상남네스트점,,편의점,경상남도 창원시 성산구 마디미로38번길 11,경상남도 창원시 성산구 상남동 25,상남동,128.682372797252,35.2215823379131,MA0101202406A0269094,소상공인시장진흥공단_상가(상권)정보_API (data.go.kr 15012005),202606,2026-10-04
CW-SEONGSAN,창원시 성산구,지에스25성산트리점,,편의점,경상남도 창원시 성산구 원이대로 495,경상남도 창원시 성산구 반림동 18,반송동,128.673696326241,35.2333283720714,MA0101202406A0107237,소상공인시장진흥공단_상가(상권)정보_API (data.go.kr 15012005),202606,2026-10-04
CW-SEONGSAN,창원시 성산구,씨유창원반지점,,편의점,경상남도 창원시 성산구 반송로 39,경상남도 창원시 성산구 반지동 41-20,반송동,128.661781799458,35.2415584970519,MA0101202406A0487347,소상공인시장진흥공단_상가(상권)정보_API (data.go.kr 15012005),202606,2026-10-04
CW-SEONGSAN,창원시 성산구,지에스25성산사파,법원점,편의점,경상남도 창원시 성산구 창이대로689번길 19,경상남도 창원시 성산구 사파동 63-6,사파동,128.702329006525,35.2242682864493,MA0101202406A0158107,소상공인시장진흥공단_상가(상권)정보_API (data.go.kr 15012005),202606,2026-10-04
CW-SEONGSAN,창원시 성산구,씨유창원드럭스토어점,,편의점,경상남도 창원시 성산구 창원대로 726,경상남도 창원시 성산구 내동 456-17,중앙동,128.67034300958,35.217098660279,MA0101202409A0227575,소상공인시장진흥공단_상가(상권)정보_API (data.go.kr 15012005),202606,2026-10-04
CW-SEONGSAN,창원시 성산구,씨유창원트리비앙점,,편의점,경상남도 창원시 성산구 원이대로 495,경상남도 창원시 성산구 반림동 18,반송동,128.673696326241,35.2333283720714,MA0101202409A0209822,소상공인시장진흥공단_상가(상권)정보_API (data.go.kr 15012005),202606,2026-10-04
CW-SEONGSAN,창원시 성산구,씨유상남스타,타워점,편의점,경상남도 창원시 성산구 중앙대로100번길 14,경상남도 창원시 성산구 상남동 76-1,중앙동,128.681104391345,35.2223840239655,MA010120220810938556,소상공인시장진흥공단_상가(상권)정보_API (data.go.kr 15012005),202606,2026-10-04
CW-SEONGSAN,창원시 성산구,이마트24R,창원상남점,편의점,경상남도 창원시 성산구 마디미로 10,경상남도 창원시 성산구 상남동 13-4,상남동,128.68503279197,35.2232846849546,MA010120220805267421,소상공인시장진흥공단_상가(상권)정보_API (data.go.kr 15012005),202606,2026-10-04
CW-SEONGSAN,창원시 성산구,세븐창원용지점,코리아,편의점,경상남도 창원시 성산구 용지로169번길 7,경상남도 창원시 성산구 용호동 73-27,용지동,128.681311707837,35.2303028573791,MA010120220810981739,소상공인시장진흥공단_상가(상권)정보_API (data.go.kr 15012005),202606,2026-10-04
CW-SEONGSAN,창원시 성산구,GS25창원,제일점,편의점,경상남도 창원시 성산구 용지로117번길 17,경상남도 창원시 성산구 중앙동 79-1,중앙동,128.677780657434,35.2273778416485,MA010120220810933727,소상공인시장진흥공단_상가(상권)정보_API (data.go.kr 15012005),202606,2026-10-04
CW-SEONGSAN,창원시 성산구,지에스25한국전기연구원점,,편의점,경상남도 창원시 성산구 전기의길 12,경상남도 창원시 성산구 성주동 28-1,성주동,128.715574560636,35.1872305152327,MA010120220812249350,소상공인시장진흥공단_상가(상권)정보_API (data.go.kr 15012005),202606,2026-10-04
CW-SEONGSAN,창원시 성산구,씨유창원교보점,,편의점,경상남도 창원시 성산구 중앙대로 104,경상남도 창원시 성산구 상남동 78-3,중앙동,128.680819638927,35.2234874665587,MA010120220810953089,소상공인시장진흥공단_상가(상권)정보_API (data.go.kr 15012005),202606,2026-10-04
CW-SEONGSAN,창원시 성산구,씨유창원가로수길점,,편의점,경상남도 창원시 성산구 용호로 121,경상남도 창원시 성산구 용호동 32-1,용지동,128.683744810454,35.2385512159111,MA010120220813678017,소상공인시장진흥공단_상가(상권)정보_API (data.go.kr 15012005),202606,2026-10-04
CW-SEONGSAN,창원시 성산구,지에스25성산반지점,,편의점,경상남도 창원시 성산구 원이대로393번길 21,경상남도 창원시 성산구 반지동 76-6,반송동,128.662692909617,35.2393740409168,MA0101202311A0060449,소상공인시장진흥공단_상가(상권)정보_API (data.go.kr 15012005),202606,2026-10-04
CW-SEONGSAN,창원시 성산구,씨스페이스창원컨벤션,센터점,편의점,경상남도 창원시 성산구 원이대로 362,경상남도 창원시 성산구 대원동 123,중앙동,128.656906022638,35.2383989920215,MA0101202406A0419308,소상공인시장진흥공단_상가(상권)정보_API (data.go.kr 15012005),202606,2026-10-04
CW-SEONGSAN,창원시 성산구,세븐일레븐,창원상남점,편의점,경상남도 창원시 성산구 마디미로9번길 9,경상남도 창원시 성산구 상남동 9-4,상남동,128.686397209316,35.2228781564944,MA0101202406A0353538,소상공인시장진흥공단_상가(상권)정보_API (data.go.kr 15012005),202606,2026-10-04
CW-SEONGSAN,창원시 성산구,지에스25창원까치,마을점,편의점,경상남도 창원시 성산구 창원천로 258,경상남도 창원시 성산구 반지동 24,반송동,128.667029964513,35.2451813021584,MA0101202309A0075086,소상공인시장진흥공단_상가(상권)정보_API (data.go.kr 15012005),202606,2026-10-04
CW-SEONGSAN,창원시 성산구,씨유창원내동월드점,,편의점,경상남도 창원시 성산구 삼동로128번길 30,경상남도 창원시 성산구 내동 452-14,중앙동,128.658797812244,35.2234127932415,MA0101202406A0464118,소상공인시장진흥공단_상가(상권)정보_API (data.go.kr 15012005),202606,2026-10-04
CW-SEONGSAN,창원시 성산구,지에스25상남,제일점,편의점,경상남도 창원시 성산구 마디미로9번길 4,경상남도 창원시 성산구 상남동 12-1,상남동,128.685445353731,35.2230536354911,MA0101202308A0073013,소상공인시장진흥공단_상가(상권)정보_API (data.go.kr 15012005),202606,2026-10-04
CW-SEONGSAN,창원시 성산구,지에스25창원,양곡점,편의점,경상남도 창원시 성산구 신촌로 132,경상남도 창원시 성산구 신촌동 33-8,웅남동,128.628811309736,35.1979457933407,MA0101202406A0060492,소상공인시장진흥공단_상가(상권)정보_API (data.go.kr 15012005),202606,2026-10-04
CW-SEONGSAN,창원시 성산구,씨유창원성주점,,편의점,경상남도 창원시 성산구 외리로34번길 27,경상남도 창원시 성산구 성주동 101,성주동,128.711376836169,35.201682379092,MA0101202406A0300131,소상공인시장진흥공단_상가(상권)정보_API (data.go.kr 15012005),202606,2026-10-04
CW-SEONGSAN,창원시 성산구,씨유창원상남하이점,,편의점,경상남도 창원시 성산구 동산로65번길 22-2,경상남도 창원시 성산구 상남동 90-16,상남동,128.685365175298,35.2165209138265,MA010120220808756015,소상공인시장진흥공단_상가(상권)정보_API (data.go.kr 15012005),202606,2026-10-04
CW-SEONGSAN,창원시 성산구,세븐일레븐창원남양점,,편의점,경상남도 창원시 성산구 가음로13번길 15,경상남도 창원시 성산구 남양동 17,가음정동,128.699221311958,35.212172565602,MA010120220810905674,소상공인시장진흥공단_상가(상권)정보_API (data.go.kr 15012005),202606,2026-10-04
CW-SEONGSAN,창원시 성산구,지에스25창원웅남가람점,,편의점,경상남도 창원시 성산구 연덕로15번길 50,경상남도 창원시 성산구 웅남동 61-30,웅남동,128.651237565095,35.2096553418664,MA010120220800456314,소상공인시장진흥공단_상가(상권)정보_API (data.go.kr 15012005),202606,2026-10-04
CW-SEONGSAN,창원시 성산구,씨유창원레이크펄스점,,편의점,경상남도 창원시 성산구 용지로169번길 15,경상남도 창원시 성산구 용호동 73-1,용지동,128.680703493749,35.2306357446544,MA010120220810951569,소상공인시장진흥공단_상가(상권)정보_API (data.go.kr 15012005),202606,2026-10-04
CW-SEONGSAN,창원시 성산구,세븐일레븐창원성산폴리텍점,,편의점,경상남도 창원시 성산구 외동반림로 54,경상남도 창원시 성산구 중앙동 38-8,중앙동,128.67281484868,35.2246347776704,MA0101202211A0015959,소상공인시장진흥공단_상가(상권)정보_API (data.go.kr 15012005),202606,2026-10-04
CW-SEONGSAN,창원시 성산구,GS25창원정우점,,편의점,경상남도 창원시 성산구 원이대로 587,경상남도 창원시 성산구 용호동 73-62,용지동,128.679482335315,35.2284086640931,MA010120220810922013,소상공인시장진흥공단_상가(상권)정보_API (data.go.kr 15012005),202606,2026-10-04
CW-SEONGSAN,창원시 성산구,세븐일레븐창원중앙,7호점,편의점,경상남도 창원시 성산구 용지로 96,경상남도 창원시 성산구 중앙동 95-1,중앙동,128.678054245051,35.2241296585686,MA0101202212A0098691,소상공인시장진흥공단_상가(상권)정보_API (data.go.kr 15012005),202606,2026-10-04
CW-SEONGSAN,창원시 성산구,제일정성,,편의점,경상남도 창원시 성산구 남면로 485,경상남도 창원시 성산구 내동 456-8,중앙동,128.6665120567,35.2150335959679,MA0101202305A0166440,소상공인시장진흥공단_상가(상권)정보_API (data.go.kr 15012005),202606,2026-10-04
CW-SEONGSAN,창원시 성산구,성산시니어클럽GS25성산,푸르지오점,편의점,경상남도 창원시 성산구 외리로34번길 15,경상남도 창원시 성산구 성주동 102,성주동,128.710221477594,35.2015635243316,MA0101202305A0135626,소상공인시장진흥공단_상가(상권)정보_API (data.go.kr 15012005),202606,2026-10-04
CW-SEONGSAN,창원시 성산구,씨유창원중앙현대점,,편의점,경상남도 창원시 성산구 중앙대로 55,경상남도 창원시 성산구 중앙동 100-2,중앙동,128.676378938073,35.2206381174782,MA0101202406A0168798,소상공인시장진흥공단_상가(상권)정보_API (data.go.kr 15012005),202606,2026-10-04
CW-SEONGSAN,창원시 성산구,미니스톱상남FLEX점,,편의점,경상남도 창원시 성산구 단정로58번길 4-2,경상남도 창원시 성산구 상남동 82-9,상남동,128.686005522138,35.2182783853568,MA010120220803324066,소상공인시장진흥공단_상가(상권)정보_API (data.go.kr 15012005),202606,2026-10-04
CW-SEONGSAN,창원시 성산구,GS25창원불모산점,,편의점,경상남도 창원시 성산구 창원대로 1310,경상남도 창원시 성산구 성주동 189,성주동,128.725231347184,35.1901754626736,MA010120220808214334,소상공인시장진흥공단_상가(상권)정보_API (data.go.kr 15012005),202606,2026-10-04
CW-SEONGSAN,창원시 성산구,나우커피가음정점,,편의점,경상남도 창원시 성산구 창원대로 888,경상남도 창원시 성산구 가음정동 391-9,가음정동,128.684887028053,35.2087951023349,MA010120220807995749,소상공인시장진흥공단_상가(상권)정보_API (data.go.kr 15012005),202606,2026-10-04
CW-SEONGSAN,창원시 성산구,지에스25창원스포츠파크점,,편의점,경상남도 창원시 성산구 원이대로 450,경상남도 창원시 성산구 중앙동 1,중앙동,128.664736321667,35.234010722852,MA010120220807783479,소상공인시장진흥공단_상가(상권)정보_API (data.go.kr 15012005),202606,2026-10-04
CW-SEONGSAN,창원시 성산구,씨유창원외동월드점,,편의점,경상남도 창원시 성산구 창원대로780번길 34,경상남도 창원시 성산구 외동 853-16,중앙동,128.675162992811,35.2138417226989,MA010120220812022422,소상공인시장진흥공단_상가(상권)정보_API (data.go.kr 15012005),202606,2026-10-04
CW-SEONGSAN,창원시 성산구,세븐창원은아점주,코리아,편의점,경상남도 창원시 성산구 신사로 4,경상남도 창원시 성산구 신월동 93,용지동,128.6864820477,35.2269775170802,MA010120220810981780,소상공인시장진흥공단_상가(상권)정보_API (data.go.kr 15012005),202606,2026-10-04
CW-SEONGSAN,창원시 성산구,세븐일레븐,외동점,편의점,경상남도 창원시 성산구 창원대로780번길 47,경상남도 창원시 성산구 외동 853-35,중앙동,128.679080647455,35.2121111685885,MA010120220810949518,소상공인시장진흥공단_상가(상권)정보_API (data.go.kr 15012005),202606,2026-10-04
CW-SEONGSAN,창원시 성산구,씨유창원상남단정점,,편의점,경상남도 창원시 성산구 단정로58번길 9-2,경상남도 창원시 성산구 상남동 88-1,상남동,128.685627011807,35.2174995967193,MA0101202308A0093044,소상공인시장진흥공단_상가(상권)정보_API (data.go.kr 15012005),202606,2026-10-04
CW-SEONGSAN,창원시 성산구,지에스25창원삼귀점,,편의점,경상남도 창원시 성산구 귀산로 47,경상남도 창원시 성산구 귀산동 404-3,웅남동,128.614404640186,35.1656672625116,MA0101202311A0025937,소상공인시장진흥공단_상가(상권)정보_API (data.go.kr 15012005),202606,2026-10-04
CW-SEONGSAN,창원시 성산구,지에스25창원성원,3차점,편의점,경상남도 창원시 성산구 대암로 80,경상남도 창원시 성산구 대방동 355,사파동,128.705309229355,35.2150068900783,MA0101202311A0039719,소상공인시장진흥공단_상가(상권)정보_API (data.go.kr 15012005),202606,2026-10-04
CW-SEONGSAN,창원시 성산구,씨유창원더시티몰점,,편의점,경상남도 창원시 성산구 원이대로 320,경상남도 창원시 성산구 대원동 121,중앙동,128.654405308052,35.2396678816295,MA0101202305A0100224,소상공인시장진흥공단_상가(상권)정보_API (data.go.kr 15012005),202606,2026-10-04
CW-SEONGSAN,창원시 성산구,씨유현대위아2공장점,,편의점,경상남도 창원시 성산구 정동로 154,경상남도 창원시 성산구 남산동 601-2,성주동,128.69109319677,35.2041303598048,MA0101202303A0012316,소상공인시장진흥공단_상가(상권)정보_API (data.go.kr 15012005),202606,2026-10-04
CW-SEONGSAN,창원시 성산구,지에스25상남조이점,,편의점,경상남도 창원시 성산구 마디미로56번길 2,경상남도 창원시 성산구 상남동 34-6,상남동,128.682252976516,35.2200339060613,MA0101202310A0068572,소상공인시장진흥공단_상가(상권)정보_API (data.go.kr 15012005),202606,2026-10-04
CW-SEONGSAN,창원시 성산구,씨유창원인터빌점,,편의점,경상남도 창원시 성산구 중앙대로 33,경상남도 창원시 성산구 중앙동 101-2,중앙동,128.674984376678,35.219044240557,MA010120220810919084,소상공인시장진흥공단_상가(상권)정보_API (data.go.kr 15012005),202606,2026-10-04
CW-SEONGSAN,창원시 성산구,지에스25창원,두산점,편의점,경상남도 창원시 성산구 정동로162번길 56,경상남도 창원시 성산구 남산동 601-23,성주동,128.695757865722,35.201929214442,MA010120220812639189,소상공인시장진흥공단_상가(상권)정보_API (data.go.kr 15012005),202606,2026-10-04
CW-SEONGSAN,창원시 성산구,씨유창원,성원점,편의점,경상남도 창원시 성산구 대암로 116,경상남도 창원시 성산구 대방동 355,사파동,128.7084857165,35.2151423373106,MA010120220810956378,소상공인시장진흥공단_상가(상권)정보_API (data.go.kr 15012005),202606,2026-10-04
CW-SEONGSAN,창원시 성산구,씨유창원,양곡점,편의점,경상남도 창원시 성산구 신촌로 78,경상남도 창원시 성산구 신촌동 34-2,웅남동,128.628105529398,35.2027408209526,MA010120220814284250,소상공인시장진흥공단_상가(상권)정보_API (data.go.kr 15012005),202606,2026-10-04
CW-SEONGSAN,창원시 성산구,씨유창원신월백제점,,편의점,경상남도 창원시 성산구 신월로 36-1,경상남도 창원시 성산구 신월동 67-12,용지동,128.691763947785,35.2285169734848,MA0101202307A0088090,소상공인시장진흥공단_상가(상권)정보_API (data.go.kr 15012005),202606,2026-10-04
CW-SEONGSAN,창원시 성산구,씨유L창원지사3층,,편의점,경상남도 창원시 성산구 중앙대로 33,경상남도 창원시 성산구 중앙동 101-2,중앙동,128.674984376678,35.219044240557,MA010120220811844735,소상공인시장진흥공단_상가(상권)정보_API (data.go.kr 15012005),202606,2026-10-04
CW-SEONGSAN,창원시 성산구,이마트24self한국NSK점,,편의점,경상남도 창원시 성산구 공단로474번길 53,경상남도 창원시 성산구 성산동 60,웅남동,128.66861877781,35.1983139126962,MA0101202305A0085011,소상공인시장진흥공단_상가(상권)정보_API (data.go.kr 15012005),202606,2026-10-04
CW-SEONGSAN,창원시 성산구,씨유현대위아3공장점,,편의점,경상남도 창원시 성산구 성산패총로 107,경상남도 창원시 성산구 성산동 73,웅남동,128.675271018413,35.2057382417917,MA0101202303A0009569,소상공인시장진흥공단_상가(상권)정보_API (data.go.kr 15012005),202606,2026-10-04
CW-SEONGSAN,창원시 성산구,씨유창원상남공원점,,편의점,경상남도 창원시 성산구 마디미로56번길 7,경상남도 창원시 성산구 상남동 33,상남동,128.681720590498,35.2197799510984,MA0101202305A0131906,소상공인시장진흥공단_상가(상권)정보_API (data.go.kr 15012005),202606,2026-10-04
CW-SEONGSAN,창원시 성산구,씨유창원성원,2단지점,편의점,경상남도 창원시 성산구 동산로48번길 79,경상남도 창원시 성산구 상남동 45-1,상남동,128.694279090318,35.2142515630596,MA0101202305A0160930,소상공인시장진흥공단_상가(상권)정보_API (data.go.kr 15012005),202606,2026-10-04
CW-SEONGSAN,창원시 성산구,이마트24R창원외동반림점,,편의점,경상남도 창원시 성산구 외동반림로74번길 9,경상남도 창원시 성산구 중앙동 31-9,중앙동,128.674291754676,35.2259571723497,MA0101202305A0127531,소상공인시장진흥공단_상가(상권)정보_API (data.go.kr 15012005),202606,2026-10-04
CW-SEONGSAN,창원시 성산구,지에스25성산반딧불점,,편의점,경상남도 창원시 성산구 반지로 31,경상남도 창원시 성산구 반지동 102-15,반송동,128.660933239601,35.2414259529194,MA0101202307A0088997,소상공인시장진흥공단_상가(상권)정보_API (data.go.kr 15012005),202606,2026-10-04
CW-SEONGSAN,창원시 성산구,세븐창원신월점주,코리아,편의점,경상남도 창원시 성산구 원이대로 663,경상남도 창원시 성산구 신월동 93,용지동,128.687561384777,35.2260612531958,MA010120220810982503,소상공인시장진흥공단_상가(상권)정보_API (data.go.kr 15012005),202606,2026-10-04
CW-SEONGSAN,창원시 성산구,위드미창원남산,,편의점,경상남도 창원시 성산구 창원대로 1024,경상남도 창원시 성산구 남산동 629-12,성주동,128.697460729166,35.2019774462761,MA010120220810957574,소상공인시장진흥공단_상가(상권)정보_API (data.go.kr 15012005),202606,2026-10-04
CW-SEONGSAN,창원시 성산구,지에스25창원가로수길점,,편의점,경상남도 창원시 성산구 용호로 105,경상남도 창원시 성산구 용호동 30-6,용지동,128.682943898035,35.237534970622,MA010120220803193425,소상공인시장진흥공단_상가(상권)정보_API (data.go.kr 15012005),202606,2026-10-04
CW-SEONGSAN,창원시 성산구,세븐일레븐창원중앙,희망점,편의점,경상남도 창원시 성산구 외동반림로142번길 31-1,경상남도 창원시 성산구 중앙동 3-9,중앙동,128.675687532444,35.2297410003361,MA010120220810921388,소상공인시장진흥공단_상가(상권)정보_API (data.go.kr 15012005),202606,2026-10-04
CW-SEONGSAN,창원시 성산구,씨유창원사파,스타점,편의점,경상남도 창원시 성산구 창이대로684번길 3,경상남도 창원시 성산구 사파동 120-6,사파동,128.699450468196,35.2231641975844,MA0101202211A0001085,소상공인시장진흥공단_상가(상권)정보_API (data.go.kr 15012005),202606,2026-10-04
CW-SEONGSAN,창원시 성산구,씨유창원신촌메디컬점,,편의점,경상남도 창원시 성산구 신촌로 108,경상남도 창원시 성산구 신촌동 33-13,웅남동,128.628478584889,35.1999780383516,MA010120220809786781,소상공인시장진흥공단_상가(상권)정보_API (data.go.kr 15012005),202606,2026-10-04
CW-SEONGSAN,창원시 성산구,씨유창원,남산점,편의점,경상남도 창원시 성산구 정동로162번길 57,경상남도 창원시 성산구 남산동 601-4,성주동,128.69684716745,35.2020401213307,MA010120220810930553,소상공인시장진흥공단_상가(상권)정보_API (data.go.kr 15012005),202606,2026-10-04
CW-SEONGSAN,창원시 성산구,지에스25상남지원점,,편의점,경상남도 창원시 성산구 마디미로16번길 11,경상남도 창원시 성산구 상남동 14-1,상남동,128.683651610549,35.2234120535694,MA010120220810950777,소상공인시장진흥공단_상가(상권)정보_API (data.go.kr 15012005),202606,2026-10-04
CW-SEONGSAN,창원시 성산구,이마트24사파,법원점,편의점,경상남도 창원시 성산구 창이대로707번길 2,경상남도 창원시 성산구 사파동 87-1,사파동,128.701373009138,35.2216141301948,MA010120220812652297,소상공인시장진흥공단_상가(상권)정보_API (data.go.kr 15012005),202606,2026-10-04
CW-SEONGSAN,창원시 성산구,세븐일레븐창원은아점,,편의점,경상남도 창원시 성산구 원이대로 663,경상남도 창원시 성산구 신월동 93,용지동,128.687561384777,35.2260612531958,MA0101202212A0024931,소상공인시장진흥공단_상가(상권)정보_API (data.go.kr 15012005),202606,2026-10-04
CW-SEONGSAN,창원시 성산구,씨유창원안민점,,편의점,경상남도 창원시 성산구 안민안길 7,경상남도 창원시 성산구 안민동 100,성주동,128.690564196719,35.1860231941693,MA0101202210A0006311,소상공인시장진흥공단_상가(상권)정보_API (data.go.kr 15012005),202606,2026-10-04
CW-SEONGSAN,창원시 성산구,세븐일레븐창원남양,개나리점,편의점,경상남도 창원시 성산구 대정로 100,경상남도 창원시 성산구 남양동 23,가음정동,128.702940683638,35.2109667360213,MA0101202301A0065035,소상공인시장진흥공단_상가(상권)정보_API (data.go.kr 15012005),202606,2026-10-04
CW-SEONGSAN,창원시 성산구,씨유창원,양곡점,편의점,경상남도 창원시 성산구 신촌로 78,경상남도 창원시 성산구 신촌동 34-2,웅남동,128.628105529398,35.2027408209526,MA0101202302A0000739,소상공인시장진흥공단_상가(상권)정보_API (data.go.kr 15012005),202606,2026-10-04
CW-SEONGSAN,창원시 성산구,지에스25더사파향기점,,편의점,경상남도 창원시 성산구 동산로186번길 1,경상남도 창원시 성산구 사파동 130-9,사파동,128.695316562366,35.2240062349301,MA010120220810949387,소상공인시장진흥공단_상가(상권)정보_API (data.go.kr 15012005),202606,2026-10-04
CW-SEONGSAN,창원시 성산구,GS25창원,엠스테이점,편의점,경상남도 창원시 성산구 중앙대로 78,경상남도 창원시 성산구 상남동 74-2,중앙동,128.679087208885,35.2214927824811,MA010120220807171874,소상공인시장진흥공단_상가(상권)정보_API (data.go.kr 15012005),202606,2026-10-04
CW-SEONGSAN,창원시 성산구,이조은편의점,,편의점,경상남도 창원시 성산구 대정로 102,경상남도 창원시 성산구 남양동 23,가음정동,128.703910865036,35.2111513505044,MA010120220805378667,소상공인시장진흥공단_상가(상권)정보_API (data.go.kr 15012005),202606,2026-10-04
CW-SEONGSAN,창원시 성산구,세븐일레븐창원,내동점,편의점,경상남도 창원시 성산구 연덕로184번길 23,경상남도 창원시 성산구 내동 456-21,중앙동,128.668373008352,35.2179639677898,MA010120220810943632,소상공인시장진흥공단_상가(상권)정보_API (data.go.kr 15012005),202606,2026-10-04
CW-SEONGSAN,창원시 성산구,씨유창원사파,대동점,편의점,경상남도 창원시 성산구 신사로 117,경상남도 창원시 성산구 사파동 112-22,사파동,128.696578021802,35.2212939190056,MA010120220810952706,소상공인시장진흥공단_상가(상권)정보_API (data.go.kr 15012005),202606,2026-10-04
CW-SEONGSAN,창원시 성산구,씨유창원중앙스타일점,,편의점,경상남도 창원시 성산구 외동반림로20번길 45,경상남도 창원시 성산구 중앙동 60-10,중앙동,128.675518032889,35.2252372495092,MA010120220809295245,소상공인시장진흥공단_상가(상권)정보_API (data.go.kr 15012005),202606,2026-10-04
CW-SEONGSAN,창원시 성산구,대방상회,,편의점,경상남도 창원시 성산구 대암로 123,경상남도 창원시 성산구 대방동 344-9,사파동,128.709341096031,35.2145624940981,MA010120220810968840,소상공인시장진흥공단_상가(상권)정보_API (data.go.kr 15012005),202606,2026-10-04
CW-SEONGSAN,창원시 성산구,지에스25성산귀산점,,편의점,경상남도 창원시 성산구 삼귀로 369,경상남도 창원시 성산구 귀산동 552,웅남동,128.607578808167,35.1634689103132,MA010120220803077789,소상공인시장진흥공단_상가(상권)정보_API (data.go.kr 15012005),202606,2026-10-04
CW-SEONGSAN,창원시 성산구,지에스25상남,대동점,편의점,경상남도 창원시 성산구 마디미로21번길 11,경상남도 창원시 성산구 상남동 11-4,상남동,128.685819553461,35.2220300466133,MA010120220811878728,소상공인시장진흥공단_상가(상권)정보_API (data.go.kr 15012005),202606,2026-10-04
CW-SEONGSAN,창원시 성산구,씨유창원남양광천점,,편의점,경상남도 창원시 성산구 가음로15번길 38,경상남도 창원시 성산구 남양동 22,가음정동,128.701602503457,35.2126167592911,MA010120220808030851,소상공인시장진흥공단_상가(상권)정보_API (data.go.kr 15012005),202606,2026-10-04
CW-SEONGSAN,창원시 성산구,씨유창원대동훼미리점,,편의점,경상남도 창원시 성산구 대정로 138,경상남도 창원시 성산구 대방동 358,사파동,128.707623944898,35.211747900495,MA010120220812772178,소상공인시장진흥공단_상가(상권)정보_API (data.go.kr 15012005),202606,2026-10-04
CW-SEONGSAN,창원시 성산구,씨유창원반도유,보라점,편의점,경상남도 창원시 성산구 비음로 167,경상남도 창원시 성산구 사파정동 1127,사파동,128.707954185049,35.2191242010016,MA010120220813384874,소상공인시장진흥공단_상가(상권)정보_API (data.go.kr 15012005),202606,2026-10-04
CW-SEONGSAN,창원시 성산구,GS25창원은아점,,편의점,경상남도 창원시 성산구 원이대로883번길 2,경상남도 창원시 성산구 가음동 23-1,가음정동,128.694597919858,35.2079295558612,MA010120220810908621,소상공인시장진흥공단_상가(상권)정보_API (data.go.kr 15012005),202606,2026-10-04
CW-SEONGSAN,창원시 성산구,씨유창원사파,사랑점,편의점,경상남도 창원시 성산구 비음로4번길 35-1,경상남도 창원시 성산구 사파동 12-12,사파동,128.69903790155,35.2260268458016,MA010120220810956989,소상공인시장진흥공단_상가(상권)정보_API (data.go.kr 15012005),202606,2026-10-04
CW-SEONGSAN,창원시 성산구,씨유창원내동,엑스포점,편의점,경상남도 창원시 성산구 삼동로128번길 85,경상남도 창원시 성산구 내동 454-5,중앙동,128.664131959341,35.2205547888014,MA010120220808516539,소상공인시장진흥공단_상가(상권)정보_API (data.go.kr 15012005),202606,2026-10-04
CW-SEONGSAN,창원시 성산구,세븐창원CNN점,코리아,편의점,경상남도 창원시 성산구 상남로 118,경상남도 창원시 성산구 상남동 7-5,상남동,128.683125524641,35.2234644320879,MA010120220803604848,소상공인시장진흥공단_상가(상권)정보_API (data.go.kr 15012005),202606,2026-10-04
CW-SEONGSAN,창원시 성산구,신원유통씨유한국지엠창원공장,1호점,편의점,경상남도 창원시 성산구 창원대로 1124,경상남도 창원시 성산구 성주동 23,성주동,128.704298718095,35.195032105717,MA010120220807732879,소상공인시장진흥공단_상가(상권)정보_API (data.go.kr 15012005),202606,2026-10-04
CW-SEONGSAN,창원시 성산구,씨유창원토월,성원점,편의점,경상남도 창원시 성산구 단정로 106,경상남도 창원시 성산구 상남동 52-5,상남동,128.690021303254,35.2154556364708,MA010120220811982847,소상공인시장진흥공단_상가(상권)정보_API (data.go.kr 15012005),202606,2026-10-04
CW-SEONGSAN,창원시 성산구,미니스톱창원,신월점,편의점,경상남도 창원시 성산구 상남로230번길 35,경상남도 창원시 성산구 신월동 13-44,용지동,128.693357769198,35.2301619325827,MA010120220810272281,소상공인시장진흥공단_상가(상권)정보_API (data.go.kr 15012005),202606,2026-10-04
CW-SEONGSAN,창원시 성산구,지에스25성산코아점,,편의점,경상남도 창원시 성산구 용지로113번길 9,경상남도 창원시 성산구 중앙동 80-6,중앙동,128.677893123381,35.2264390143633,MA010120220810931694,소상공인시장진흥공단_상가(상권)정보_API (data.go.kr 15012005),202606,2026-10-04
CW-SEONGSAN,창원시 성산구,씨유창원상남,그린점,편의점,경상남도 창원시 성산구 토월로27번길 18,경상남도 창원시 성산구 상남동 65-1,중앙동,128.681118199775,35.2145342067397,MA010120220810957788,소상공인시장진흥공단_상가(상권)정보_API (data.go.kr 15012005),202606,2026-10-04
CW-SEONGSAN,창원시 성산구,씨유창원청솔점,,편의점,경상남도 창원시 성산구 안민로101번길 27,경상남도 창원시 성산구 안민동 197,성주동,128.689146026754,35.1885754232061,MA010120220808660311,소상공인시장진흥공단_상가(상권)정보_API (data.go.kr 15012005),202606,2026-10-04
CW-SEONGSAN,창원시 성산구,씨유창원유니온점,,편의점,경상남도 창원시 성산구 삼정자로71번길 42,경상남도 창원시 성산구 성주동 153,성주동,128.713983547216,35.2018978404937,MA010120220810046343,소상공인시장진흥공단_상가(상권)정보_API (data.go.kr 15012005),202606,2026-10-04
CW-SEONGSAN,창원시 성산구,지에스25창원점,코리아,편의점,경상남도 창원시 성산구 남면로 219,경상남도 창원시 성산구 대원동 91-10,중앙동,128.635405365759,35.2212617922151,MA010120220810948395,소상공인시장진흥공단_상가(상권)정보_API (data.go.kr 15012005),202606,2026-10-04
CW-SEONGSAN,창원시 성산구,씨유창원상남위드필점,,편의점,경상남도 창원시 성산구 상남로 75,경상남도 창원시 성산구 상남동 73-2,중앙동,128.679954964536,35.2209670452601,MA010120220808431312,소상공인시장진흥공단_상가(상권)정보_API (data.go.kr 15012005),202606,2026-10-04
CW-SEONGSAN,창원시 성산구,세븐일레븐창원상남베스트점,,편의점,경상남도 창원시 성산구 마디미로31번길 1,경상남도 창원시 성산구 상남동 18-10,상남동,128.6842081953,35.2216469324789,MA010120220812650085,소상공인시장진흥공단_상가(상권)정보_API (data.go.kr 15012005),202606,2026-10-04
CW-SEONGSAN,창원시 성산구,GS25창원더샵1단지점,,편의점,경상남도 창원시 성산구 대정로40번길 7,경상남도 창원시 성산구 가음동 17,가음정동,128.69967245521,35.208002603599,MA010120220808197987,소상공인시장진흥공단_상가(상권)정보_API (data.go.kr 15012005),202606,2026-10-04
CW-SEONGSAN,창원시 성산구,이마트24창원홈런점,,편의점,경상남도 창원시 성산구 용지로 93,경상남도 창원시 성산구 중앙동 67-11,중앙동,128.677156696287,35.2242772831479,MA010120220806242202,소상공인시장진흥공단_상가(상권)정보_API (data.go.kr 15012005),202606,2026-10-04
CW-SEONGSAN,창원시 성산구,씨유창원공단로점,,편의점,경상남도 창원시 성산구 공단로 230,경상남도 창원시 성산구 웅남동 48,웅남동,128.648535679337,35.2145137271357,MA010120220800047310,소상공인시장진흥공단_상가(상권)정보_API (data.go.kr 15012005),202606,2026-10-04
CW-SEONGSAN,창원시 성산구,지에스25창원,다운점,편의점,경상남도 창원시 성산구 신사로 14,경상남도 창원시 성산구 신월동 93,용지동,128.687133010673,35.2265899322456,MA010120220810949950,소상공인시장진흥공단_상가(상권)정보_API (data.go.kr 15012005),202606,2026-10-04
CW-SEONGSAN,창원시 성산구,세븐일레븐창원상남,미소점,편의점,경상남도 창원시 성산구 동산로65번길 27,경상남도 창원시 성산구 상남동 100-7,상남동,128.68442660359,35.2168043453368,MA010120220810948845,소상공인시장진흥공단_상가(상권)정보_API (data.go.kr 15012005),202606,2026-10-04
CW-SEONGSAN,창원시 성산구,씨유창원대원스타일점,,편의점,경상남도 창원시 성산구 대원로27번길 11,경상남도 창원시 성산구 대원동 105-1,중앙동,128.651732807451,35.2313861119831,MA010120220810405739,소상공인시장진흥공단_상가(상권)정보_API (data.go.kr 15012005),202606,2026-10-04
CW-SEONGSAN,창원시 성산구,행복플러스25시편의점,,편의점,경상남도 창원시 성산구 원이대로331번길 3,경상남도 창원시 성산구 반지동 117-10,반송동,128.65551540444,35.240779224779,MA010120220806871033,소상공인시장진흥공단_상가(상권)정보_API (data.go.kr 15012005),202606,2026-10-04
CW-SEONGSAN,창원시 성산구,씨유한마음창원,병원점,편의점,경상남도 창원시 성산구 원이대로682번길 21,경상남도 창원시 성산구 상남동 43-3,상남동,128.687189490819,35.2208303602429,MA010120220810941414,소상공인시장진흥공단_상가(상권)정보_API (data.go.kr 15012005),202606,2026-10-04
CW-SEONGSAN,창원시 성산구,GS25상남모아점,,편의점,경상남도 창원시 성산구 마디미로43번길 10,경상남도 창원시 성산구 상남동 22-4,상남동,128.684067126152,35.2201348473859,MA010120220810924201,소상공인시장진흥공단_상가(상권)정보_API (data.go.kr 15012005),202606,2026-10-04
CW-SEONGSAN,창원시 성산구,GS25상남,시장점,편의점,경상남도 창원시 성산구 마디미로 39,경상남도 창원시 성산구 상남동 21-1,상남동,128.683623686519,35.2209971750902,MA010120220810918761,소상공인시장진흥공단_상가(상권)정보_API (data.go.kr 15012005),202606,2026-10-04
CW-SEONGSAN,창원시 성산구,지에스25창원람세스점,,편의점,경상남도 창원시 성산구 대암로 40-14,경상남도 창원시 성산구 남양동 6,가음정동,128.700834270898,35.2136909935059,MA010120220810413349,소상공인시장진흥공단_상가(상권)정보_API (data.go.kr 15012005),202606,2026-10-04
CW-SEONGSAN,창원시 성산구,씨유창원사파,동성점,편의점,경상남도 창원시 성산구 창이대로 733,경상남도 창원시 성산구 사파동 93,사파동,128.702195954195,35.2194756880419,MA0101202604A0036966,소상공인시장진흥공단_상가(상권)정보_API (data.go.kr 15012005),202606,2026-10-04
CW-SEONGSAN,창원시 성산구,지에스25창원골든벨점,,편의점,경상남도 창원시 성산구 동산로73번길 15,경상남도 창원시 성산구 상남동 94-1,상남동,128.684671678629,35.2175038856371,MA0101202603A0027009,소상공인시장진흥공단_상가(상권)정보_API (data.go.kr 15012005),202606,2026-10-04
CW-SEONGSAN,창원시 성산구,위드미창원홈런점,,편의점,경상남도 창원시 성산구 용지로 93,경상남도 창원시 성산구 중앙동 67-11,중앙동,128.677156696287,35.2242772831479,MA010120220805110089,소상공인시장진흥공단_상가(상권)정보_API (data.go.kr 15012005),202606,2026-10-04
CW-SEONGSAN,창원시 성산구,세븐창원상남베스트점,코리아,편의점,경상남도 창원시 성산구 마디미로31번길 1,경상남도 창원시 성산구 상남동 18-10,상남동,128.6842081953,35.2216469324789,MA010120220813188455,소상공인시장진흥공단_상가(상권)정보_API (data.go.kr 15012005),202606,2026-10-04
CW-SEONGSAN,창원시 성산구,씨유창원신월,삼거리점,편의점,경상남도 창원시 성산구 신월로 3,경상남도 창원시 성산구 신월동 39-7,용지동,128.689830169829,35.2311304842301,MA010120220807153882,소상공인시장진흥공단_상가(상권)정보_API (data.go.kr 15012005),202606,2026-10-04
CW-SEONGSAN,창원시 성산구,지에스25창원,광장점,편의점,경상남도 창원시 성산구 원이대로 656,경상남도 창원시 성산구 상남동 1-5,상남동,128.685151355768,35.2242383258011,MA010120220810954145,소상공인시장진흥공단_상가(상권)정보_API (data.go.kr 15012005),202606,2026-10-04
CW-SEONGSAN,창원시 성산구,지에스25대방덕산,2차점,편의점,경상남도 창원시 성산구 대암로 268,경상남도 창원시 성산구 대방동 375,사파동,128.709274361665,35.2040462372783,MA010120220810965529,소상공인시장진흥공단_상가(상권)정보_API (data.go.kr 15012005),202606,2026-10-04
CW-SEONGSAN,창원시 성산구,지에스25반지,사거리점,편의점,경상남도 창원시 성산구 반지로 3,경상남도 창원시 성산구 반지동 90-9,반송동,128.659142672503,35.2392695653408,MA010120220806809977,소상공인시장진흥공단_상가(상권)정보_API (data.go.kr 15012005),202606,2026-10-04
CW-SEONGSAN,창원시 성산구,GS25창원대방점,,편의점,경상남도 창원시 성산구 대암로 256,경상남도 창원시 성산구 대방동 376,사파동,128.710864247008,35.2055107856798,MA010120220810939359,소상공인시장진흥공단_상가(상권)정보_API (data.go.kr 15012005),202606,2026-10-04
CW-SEONGSAN,창원시 성산구,씨유창원중앙오피스점,,편의점,경상남도 창원시 성산구 용지로127번길 3-1,경상남도 창원시 성산구 중앙동 88-1,중앙동,128.679213104538,35.227069583961,MA010120220811965594,소상공인시장진흥공단_상가(상권)정보_API (data.go.kr 15012005),202606,2026-10-04
CW-SEONGSAN,창원시 성산구,씨유창원중앙키다리점,,편의점,경상남도 창원시 성산구 외동반림로 8,경상남도 창원시 성산구 중앙동 46-10,중앙동,128.673946309903,35.2214378250194,MA010120220803194083,소상공인시장진흥공단_상가(상권)정보_API (data.go.kr 15012005),202606,2026-10-04
CW-SEONGSAN,창원시 성산구,지에스성산신텍,타워점,편의점,경상남도 창원시 성산구 중앙대로 64,경상남도 창원시 성산구 상남동 74-6,중앙동,128.678219541898,35.2204233529878,MA010120220809361794,소상공인시장진흥공단_상가(상권)정보_API (data.go.kr 15012005),202606,2026-10-04
CW-SEONGSAN,창원시 성산구,GS25창원안민점,,편의점,경상남도 창원시 성산구 공단로 732,경상남도 창원시 성산구 안민동 34-1,성주동,128.693753618293,35.1889526534087,MA010120220810831760,소상공인시장진흥공단_상가(상권)정보_API (data.go.kr 15012005),202606,2026-10-04
CW-SEONGSAN,창원시 성산구,세븐일레븐상남건우점,,편의점,경상남도 창원시 성산구 마디미로27번길 14,경상남도 창원시 성산구 상남동 18-5,상남동,128.685308530284,35.2212170546108,MA010120220809362705,소상공인시장진흥공단_상가(상권)정보_API (data.go.kr 15012005),202606,2026-10-04
CW-SEONGSAN,창원시 성산구,세븐창원웅남공단점,코리아,편의점,경상남도 창원시 성산구 연덕로15번길 14,경상남도 창원시 성산구 웅남동 61-47,웅남동,128.654461597783,35.2078178802939,MA010120220813129061,소상공인시장진흥공단_상가(상권)정보_API (data.go.kr 15012005),202606,2026-10-04
CW-SEONGSAN,창원시 성산구,GS25블루힐스점,,편의점,경상남도 창원시 성산구 용지로 56,경상남도 창원시 성산구 중앙동 99-2,중앙동,128.67550967991,35.2210917525058,MA010120220812466668,소상공인시장진흥공단_상가(상권)정보_API (data.go.kr 15012005),202606,2026-10-04
CW-SEONGSAN,창원시 성산구,씨유창원반림럭키점,,편의점,경상남도 창원시 성산구 반송로 105,경상남도 창원시 성산구 반림동 8,반송동,128.668920389518,35.2387926380363,MA010120220812907259,소상공인시장진흥공단_상가(상권)정보_API (data.go.kr 15012005),202606,2026-10-04
CW-SEONGSAN,창원시 성산구,이마트24창원,신월점,편의점,경상남도 창원시 성산구 상남로 188-1,경상남도 창원시 성산구 신월동 49-3,용지동,128.687594471976,35.2287193839738,MA010120220809706864,소상공인시장진흥공단_상가(상권)정보_API (data.go.kr 15012005),202606,2026-10-04
CW-SEONGSAN,창원시 성산구,GS25반림,중앙점,편의점,경상남도 창원시 성산구 원이대로 449,경상남도 창원시 성산구 반림동 10,반송동,128.665405343457,35.2361103722258,MA010120220810933857,소상공인시장진흥공단_상가(상권)정보_API (data.go.kr 15012005),202606,2026-10-04
CW-SEONGSAN,창원시 성산구,GS25효성3공장점,,편의점,경상남도 창원시 성산구 공단로 303,경상남도 창원시 성산구 웅남동 43-1,웅남동,128.65827460817,35.2122718281764,MA010120220811852237,소상공인시장진흥공단_상가(상권)정보_API (data.go.kr 15012005),202606,2026-10-04
CW-SEONGSAN,창원시 성산구,GS25상남번영점,,편의점,경상남도 창원시 성산구 마디미서로 51,경상남도 창원시 성산구 상남동 34-1,상남동,128.681322902659,35.220731756953,MA010120220810932685,소상공인시장진흥공단_상가(상권)정보_API (data.go.kr 15012005),202606,2026-10-04
CW-SEONGSAN,창원시 성산구,씨유창원안민,행복점,편의점,경상남도 창원시 성산구 안민안길 47,경상남도 창원시 성산구 안민동 43-3,성주동,128.693631154025,35.1883415355584,MA010120220810952244,소상공인시장진흥공단_상가(상권)정보_API (data.go.kr 15012005),202606,2026-10-04
CW-SEONGSAN,창원시 성산구,지에스25한화디펜스점,,편의점,경상남도 창원시 성산구 공단로 69,경상남도 창원시 성산구 신촌동 69-2,웅남동,128.63288109519,35.2136714906266,MA010120220806756856,소상공인시장진흥공단_상가(상권)정보_API (data.go.kr 15012005),202606,2026-10-04
CW-SEONGSAN,창원시 성산구,GS25창원진성,,편의점,경상남도 창원시 성산구 용지로153번길 14,경상남도 창원시 성산구 용호동 73-14,용지동,128.680000408974,35.2295640452054,MA010120220810926323,소상공인시장진흥공단_상가(상권)정보_API (data.go.kr 15012005),202606,2026-10-04
CW-SEONGSAN,창원시 성산구,지에스25,창원상남점,편의점,경상남도 창원시 성산구 원이대로 672,경상남도 창원시 성산구 상남동 2-5,상남동,128.686649758101,35.2234063560156,MA0101202211A0030462,소상공인시장진흥공단_상가(상권)정보_API (data.go.kr 15012005),202606,2026-10-04
CW-SEONGSAN,창원시 성산구,지에스25성원종합,상가점,편의점,경상남도 창원시 성산구 동산로 124,경상남도 창원시 성산구 상남동 45-1,상남동,128.691585092065,35.2193721157758,MA010120220810935217,소상공인시장진흥공단_상가(상권)정보_API (data.go.kr 15012005),202606,2026-10-04
CW-SEONGSAN,창원시 성산구,지에스25창원삼익점,,편의점,경상남도 창원시 성산구 원이대로773번길 25,경상남도 창원시 성산구 사파동 145,사파동,128.69621706204,35.2192532151808,MA010120220803159538,소상공인시장진흥공단_상가(상권)정보_API (data.go.kr 15012005),202606,2026-10-04
CW-SEONGSAN,창원시 성산구,GS25창원해링턴점,,편의점,경상남도 창원시 성산구 정동로162번길 78,경상남도 창원시 성산구 남산동 601-26,성주동,128.701315638891,35.1988681978239,MA010120220812873907,소상공인시장진흥공단_상가(상권)정보_API (data.go.kr 15012005),202606,2026-10-04
CW-SEONGSAN,창원시 성산구,씨유상남봉림점,,편의점,경상남도 창원시 성산구 마디미로43번길 2,경상남도 창원시 성산구 상남동 22-1,상남동,128.683273283603,35.2205153906345,MA010120220810917948,소상공인시장진흥공단_상가(상권)정보_API (data.go.kr 15012005),202606,2026-10-04
CW-SEONGSAN,창원시 성산구,블루25복권명당대원점,,편의점,경상남도 창원시 성산구 두대로 57,경상남도 창원시 성산구 대원동 95-17,중앙동,128.650577243483,35.2318164413575,MA010120220810920573,소상공인시장진흥공단_상가(상권)정보_API (data.go.kr 15012005),202606,2026-10-04
CW-SEONGSAN,창원시 성산구,세븐창원４호점주,코리아,편의점,경상남도 창원시 성산구 외동반림로130번길 46,경상남도 창원시 성산구 중앙동 70-1,중앙동,128.676230197724,35.2278229000656,MA010120220810981763,소상공인시장진흥공단_상가(상권)정보_API (data.go.kr 15012005),202606,2026-10-04
CW-SEONGSAN,창원시 성산구,이마트24,창원시티세븐점,편의점,경상남도 창원시 성산구 원이대로 320,경상남도 창원시 성산구 대원동 121,중앙동,128.654405308052,35.2396678816295,MA0103202604C0010961,소상공인시장진흥공단_상가(상권)정보_API (data.go.kr 15012005),202606,2026-10-04
CW-SEONGSAN,창원시 성산구,지에스25월림공단점,,편의점,경상남도 창원시 성산구 월림로65번길 6-7,경상남도 창원시 성산구 신촌동 103-4,웅남동,128.640957676864,35.2079295960386,MA010120220814075113,소상공인시장진흥공단_상가(상권)정보_API (data.go.kr 15012005),202606,2026-10-04
CW-SEONGSAN,창원시 성산구,씨유창원레포츠공원점,,편의점,경상남도 창원시 성산구 두대로 43,경상남도 창원시 성산구 대원동 94-16,중앙동,128.649459170114,35.2324715545449,MA010120220808636915,소상공인시장진흥공단_상가(상권)정보_API (data.go.kr 15012005),202606,2026-10-04
CW-SEONGSAN,창원시 성산구,지에스25창원기산점,,편의점,경상남도 창원시 성산구 중앙대로 95,경상남도 창원시 성산구 중앙동 96-1,중앙동,128.678922591908,35.2236309568664,MA010120220809571047,소상공인시장진흥공단_상가(상권)정보_API (data.go.kr 15012005),202606,2026-10-04
CW-SEONGSAN,창원시 성산구,지에스25창원,중앙점,편의점,경상남도 창원시 성산구 용지로121번길 9,경상남도 창원시 성산구 중앙동 78-6,중앙동,128.678431295699,35.2269722831751,MA010120220805356918,소상공인시장진흥공단_상가(상권)정보_API (data.go.kr 15012005),202606,2026-10-04
CW-SEONGSAN,창원시 성산구,씨유창원용지,아이파크점,편의점,경상남도 창원시 성산구 원이대로579번길 13,경상남도 창원시 성산구 용호동 70,용지동,128.678358581844,35.2293074488887,MA0101202604A0038125,소상공인시장진흥공단_상가(상권)정보_API (data.go.kr 15012005),202606,2026-10-04
CW-SEONGSAN,창원시 성산구,지에스25창원,신촌점,편의점,경상남도 창원시 성산구 신촌로 57,경상남도 창원시 성산구 신촌동 21-7,웅남동,128.62835187067,35.2046300907173,MA010120220808023809,소상공인시장진흥공단_상가(상권)정보_API (data.go.kr 15012005),202606,2026-10-04
CW-SEONGSAN,창원시 성산구,이마트24창원,중앙점,편의점,경상남도 창원시 성산구 중앙대로61번길 4,경상남도 창원시 성산구 중앙동 97-6,중앙동,128.676830524529,35.2212356792551,MA010120220810914512,소상공인시장진흥공단_상가(상권)정보_API (data.go.kr 15012005),202606,2026-10-04
CW-SEONGSAN,창원시 성산구,세븐일레븐창원중앙용지점,,편의점,경상남도 창원시 성산구 외동반림로126번길 19,경상남도 창원시 성산구 중앙동 16-16,중앙동,128.673622166074,35.2291837888446,MA010120220810958665,소상공인시장진흥공단_상가(상권)정보_API (data.go.kr 15012005),202606,2026-10-04
CW-SEONGSAN,창원시 성산구,지에스25두산기숙사점,,편의점,경상남도 창원시 성산구 두산볼보로 55,경상남도 창원시 성산구 귀현동 100,웅남동,128.604742392991,35.1900209250568,MA010120220808577841,소상공인시장진흥공단_상가(상권)정보_API (data.go.kr 15012005),202606,2026-10-04
CW-SEONGSAN,창원시 성산구,씨유창원리제스점,,편의점,경상남도 창원시 성산구 중앙대로 85,경상남도 창원시 성산구 중앙동 96-4,중앙동,128.678271119221,35.2229280291581,MA0106202605A0776715,소상공인시장진흥공단_상가(상권)정보_API (data.go.kr 15012005),202606,2026-10-04
CW-SEONGSAN,창원시 성산구,리성,,편의점,경상남도 창원시 성산구 곰절길9번길 3,경상남도 창원시 성산구 성주동 82-1,성주동,128.706802786556,35.1866785717687,MA010120220814039496,소상공인시장진흥공단_상가(상권)정보_API (data.go.kr 15012005),202606,2026-10-04
CW-SEONGSAN,창원시 성산구,세븐일레븐창원웅남공단점,,편의점,경상남도 창원시 성산구 연덕로15번길 16,경상남도 창원시 성산구 웅남동 61-47,웅남동,128.654226864859,35.2076138064497,MA010120220809973241,소상공인시장진흥공단_상가(상권)정보_API (data.go.kr 15012005),202606,2026-10-04
CW-SEONGSAN,창원시 성산구,세븐창원오거리점,코리아,편의점,경상남도 창원시 성산구 원이대로580번길 14,경상남도 창원시 성산구 중앙동 70-8,중앙동,128.67725027563,35.2272229741045,MA010120220808141660,소상공인시장진흥공단_상가(상권)정보_API (data.go.kr 15012005),202606,2026-10-04
CW-SEONGSAN,창원시 성산구,이마트24두산모트롤점,,편의점,경상남도 창원시 성산구 완암로 171,경상남도 창원시 성산구 내동 456-3,중앙동,128.668992445893,35.2160358247864,MA010120220802476737,소상공인시장진흥공단_상가(상권)정보_API (data.go.kr 15012005),202606,2026-10-04
CW-SEONGSAN,창원시 성산구,씨유상남피아노점,,편의점,경상남도 창원시 성산구 마디미로21번길 17,경상남도 창원시 성산구 상남동 10-5,상남동,128.686229683305,35.2216818699993,MA010120220810932198,소상공인시장진흥공단_상가(상권)정보_API (data.go.kr 15012005),202606,2026-10-04
CW-SEONGSAN,창원시 성산구,지에스25상남교보점,,편의점,경상남도 창원시 성산구 중앙대로 104,경상남도 창원시 성산구 상남동 78-3,중앙동,128.680819638927,35.2234874665587,MA010120220806627862,소상공인시장진흥공단_상가(상권)정보_API (data.go.kr 15012005),202606,2026-10-04
CW-SEONGSAN,창원시 성산구,세븐일레븐창원중앙2점,,편의점,경상남도 창원시 성산구 용지로107번길 14,경상남도 창원시 성산구 중앙동 81-7,중앙동,128.677460454062,35.2262287196953,MA010120220805043834,소상공인시장진흥공단_상가(상권)정보_API (data.go.kr 15012005),202606,2026-10-04
CW-SEONGSAN,창원시 성산구,지에스25토월,대동점,편의점,경상남도 창원시 성산구 동산로 115,경상남도 창원시 성산구 상남동 44-1,상남동,128.687624841982,35.2190488896445,MA010120220813828010,소상공인시장진흥공단_상가(상권)정보_API (data.go.kr 15012005),202606,2026-10-04
CW-SEONGSAN,창원시 성산구,아이스크림드슈,,편의점,경상남도 창원시 성산구 신사로35번길 29-1,경상남도 창원시 성산구 신월동 64-9,용지동,128.691245770082,35.2278933643835,MA010120220810571659,소상공인시장진흥공단_상가(상권)정보_API (data.go.kr 15012005),202606,2026-10-04
CW-SEONGSAN,창원시 성산구,씨유창원,해변점,편의점,경상남도 창원시 성산구 삼귀로 183-1,경상남도 창원시 성산구 귀곡동 721-2,웅남동,128.599024055625,35.1699178682657,MA010120220808077055,소상공인시장진흥공단_상가(상권)정보_API (data.go.kr 15012005),202606,2026-10-04
CW-SEONGSAN,창원시 성산구,지에스25용지,사거리점,편의점,경상남도 창원시 성산구 외동반림로 142,경상남도 창원시 성산구 중앙동 2-1,중앙동,128.67293051294,35.2313382548025,MA010120220810951065,소상공인시장진흥공단_상가(상권)정보_API (data.go.kr 15012005),202606,2026-10-04
CW-SEONGSAN,창원시 성산구,지에스25성산덕산점,,편의점,경상남도 창원시 성산구 상남로 37,경상남도 창원시 성산구 상남동 69-1,중앙동,128.677412844201,35.2180463021363,MA010120220812047643,소상공인시장진흥공단_상가(상권)정보_API (data.go.kr 15012005),202606,2026-10-04
CW-SEONGSAN,창원시 성산구,지에스25용지더샵레이크점,,편의점,경상남도 창원시 성산구 용호로 9,경상남도 창원시 성산구 용호동 69,용지동,128.676443198837,35.2312355700873,MA0101202601A0007811,소상공인시장진흥공단_상가(상권)정보_API (data.go.kr 15012005),202606,2026-10-04
CW-SEONGSAN,창원시 성산구,세븐일레븐창원,오거리점,편의점,경상남도 창원시 성산구 원이대로580번길 14,경상남도 창원시 성산구 중앙동 70-8,중앙동,128.67725027563,35.2272229741045,MA0101202602A0027403,소상공인시장진흥공단_상가(상권)정보_API (data.go.kr 15012005),202606,2026-10-04
CW-SEONGSAN,창원시 성산구,세븐일레븐창원경남FC점,,편의점,경상남도 창원시 성산구 비음로 97,경상남도 창원시 성산구 사파정동 305,사파동,128.707107384724,35.2237864195112,MA0101202602A0029284,소상공인시장진흥공단_상가(상권)정보_API (data.go.kr 15012005),202606,2026-10-04
CW-SEONGSAN,창원시 성산구,씨유창원가양로점,,편의점,경상남도 창원시 성산구 가양로56번길 2,경상남도 창원시 성산구 가음동 38-1,가음정동,128.700436143823,35.2067121477879,MA0101202512A0010082,소상공인시장진흥공단_상가(상권)정보_API (data.go.kr 15012005),202606,2026-10-04
CW-SEONGSAN,창원시 성산구,만남의광장D동편의점,,편의점,경상남도 창원시 성산구 원이대로 450,경상남도 창원시 성산구 중앙동 1,중앙동,128.664736321667,35.234010722852,MA0101202504A0057150,소상공인시장진흥공단_상가(상권)정보_API (data.go.kr 15012005),202606,2026-10-04
CW-SEONGSAN,창원시 성산구,세븐일레븐창원라큐비점,,편의점,경상남도 창원시 성산구 중앙대로 89,경상남도 창원시 성산구 중앙동 96-3,중앙동,128.678516935622,35.223131900684,MA0101202505A0084038,소상공인시장진흥공단_상가(상권)정보_API (data.go.kr 15012005),202606,2026-10-04
CW-SEONGSAN,창원시 성산구,미니스톱상남스타일점,,편의점,경상남도 창원시 성산구 마디미로37번길 11,경상남도 창원시 성산구 상남동 20-5,상남동,128.684847207719,35.2206827462364,MA010120220810906957,소상공인시장진흥공단_상가(상권)정보_API (data.go.kr 15012005),202606,2026-10-04
CW-SEONGSAN,창원시 성산구,지에스25상남미광점,,편의점,경상남도 창원시 성산구 마디미로64번길 1,경상남도 창원시 성산구 상남동 31-5,상남동,128.681645049977,35.2193123664806,MA010120220810925045,소상공인시장진흥공단_상가(상권)정보_API (data.go.kr 15012005),202606,2026-10-04
CW-SEONGSAN,창원시 성산구,씨유창원,성주라임점,편의점,경상남도 창원시 성산구 삼정자로72번길 29-1,경상남도 창원시 성산구 성주동 163-1,성주동,128.714115195974,35.1951007970246,MA010120220805930382,소상공인시장진흥공단_상가(상권)정보_API (data.go.kr 15012005),202606,2026-10-04
CW-SEONGSAN,창원시 성산구,세븐일레븐창원,용호점,편의점,경상남도 창원시 성산구 용지로153번길 4-15,경상남도 창원시 성산구 용호동 73-18,용지동,128.680877721776,35.2294977896234,MA010120220810941583,소상공인시장진흥공단_상가(상권)정보_API (data.go.kr 15012005),202606,2026-10-04
CW-SEONGSAN,창원시 성산구,GS２５반지,대동점,편의점,경상남도 창원시 성산구 창원천로 294,경상남도 창원시 성산구 반지동 23,반송동,128.670389506463,35.245080895001,MA010120220810922594,소상공인시장진흥공단_상가(상권)정보_API (data.go.kr 15012005),202606,2026-10-04
CW-SEONGSAN,창원시 성산구,씨유창원남양,롯데점,편의점,경상남도 창원시 성산구 대암로 56-1,경상남도 창원시 성산구 남양동 4,가음정동,128.702503063968,35.2141992502203,MA0101202509A0002981,소상공인시장진흥공단_상가(상권)정보_API (data.go.kr 15012005),202606,2026-10-04
CW-SEONGSAN,창원시 성산구,이마트24창원마크로엔점,,편의점,경상남도 창원시 성산구 창원천로 60,경상남도 창원시 성산구 대원동 38,중앙동,128.648642104263,35.2360605431233,MA0101202510A0004173,소상공인시장진흥공단_상가(상권)정보_API (data.go.kr 15012005),202606,2026-10-04
CW-SEONGSAN,창원시 성산구,지에스25창원창이대로점,,편의점,경상남도 창원시 성산구 창이대로881번길 11,경상남도 창원시 성산구 대방동 366-4,사파동,128.708309737037,35.2072681879138,MA0101202510A0004601,소상공인시장진흥공단_상가(상권)정보_API (data.go.kr 15012005),202606,2026-10-04
CW-SEONGSAN,창원시 성산구,세븐일레븐창원귀산점,,편의점,경상남도 창원시 성산구 삼귀로 183-1,경상남도 창원시 성산구 귀곡동 721-2,웅남동,128.599024055625,35.1699178682657,MA0101202508A0018582,소상공인시장진흥공단_상가(상권)정보_API (data.go.kr 15012005),202606,2026-10-04
CW-SEONGSAN,창원시 성산구,지에스25창원사파점,,편의점,경상남도 창원시 성산구 비음로 54,경상남도 창원시 성산구 사파동 47-6,사파동,128.700677615446,35.2277611848746,MA0101202511A0019852,소상공인시장진흥공단_상가(상권)정보_API (data.go.kr 15012005),202606,2026-10-04
CW-SEONGSAN,창원시 성산구,이마트24창원,대동점,편의점,경상남도 창원시 성산구 동산로 162,경상남도 창원시 성산구 사파동 140,사파동,128.693714776646,35.2219738869362,MA0101202511A0017703,소상공인시장진흥공단_상가(상권)정보_API (data.go.kr 15012005),202606,2026-10-04
CW-SEONGSAN,창원시 성산구,지에스25창원서광점,,편의점,경상남도 창원시 성산구 중앙대로 49,경상남도 창원시 성산구 중앙동 100-4,중앙동,128.675940190089,35.2201304981395,MA0101202507A0035271,소상공인시장진흥공단_상가(상권)정보_API (data.go.kr 15012005),202606,2026-10-04
CW-SEONGSAN,창원시 성산구,이마트24창원힐스,센트럴점,편의점,경상남도 창원시 성산구 중앙대로 74,경상남도 창원시 성산구 상남동 74-3,중앙동,128.678737757895,35.2210560323611,MA0101202601A0029173,소상공인시장진흥공단_상가(상권)정보_API (data.go.kr 15012005),202606,2026-10-04
CW-SEONGSAN,창원시 성산구,세븐일레븐창원성산공단매점,,편의점,경상남도 창원시 성산구 성산패총로38번길 2,경상남도 창원시 성산구 성산동 58-3,웅남동,128.67453487999,35.1987639478535,MA0101202603A0017145,소상공인시장진흥공단_상가(상권)정보_API (data.go.kr 15012005),202606,2026-10-04
CW-SEONGSAN,창원시 성산구,지에스25창원일동점,,편의점,경상남도 창원시 성산구 외동반림로 210,경상남도 창원시 성산구 용호동 67-1,용지동,128.677211326054,35.2360013842878,MA0101202512A0005022,소상공인시장진흥공단_상가(상권)정보_API (data.go.kr 15012005),202606,2026-10-04
CW-SEONGSAN,창원시 성산구,지에스창원,신월점,편의점,경상남도 창원시 성산구 신사로45번길 32-1,경상남도 창원시 성산구 신월동 69-5,용지동,128.69278996422,35.2271508006361,MA010120220807059049,소상공인시장진흥공단_상가(상권)정보_API (data.go.kr 15012005),202606,2026-10-04
CW-SEONGSAN,창원시 성산구,지에스25뉴효성1공장점,,편의점,경상남도 창원시 성산구 연덕로 171,경상남도 창원시 성산구 내동 454-2,중앙동,128.662347946433,35.2176232948704,MA010120220813375833,소상공인시장진흥공단_상가(상권)정보_API (data.go.kr 15012005),202606,2026-10-04
CW-SEONGSAN,창원시 성산구,지에스25안민청솔점,,편의점,경상남도 창원시 성산구 안민로117번길 11,경상남도 창원시 성산구 안민동 163-1,성주동,128.689618965934,35.1870277333538,MA010120220811255597,소상공인시장진흥공단_상가(상권)정보_API (data.go.kr 15012005),202606,2026-10-04
CW-SEONGSAN,창원시 성산구,세븐창원용호점,코리아,편의점,경상남도 창원시 성산구 용지로153번길 4-15,경상남도 창원시 성산구 용호동 73-18,용지동,128.680877721776,35.2294977896234,MA010120220807766947,소상공인시장진흥공단_상가(상권)정보_API (data.go.kr 15012005),202606,2026-10-04
CW-SEONGSAN,창원시 성산구,지에스25창원,병원점,편의점,경상남도 창원시 성산구 창원대로 721,경상남도 창원시 성산구 중앙동 104-1,중앙동,128.671705358218,35.2192698194967,MA010120220805450818,소상공인시장진흥공단_상가(상권)정보_API (data.go.kr 15012005),202606,2026-10-04
CW-SEONGSAN,창원시 성산구,씨유문성대중앙도서관점,,편의점,경상남도 창원시 성산구 충혼로 91,경상남도 창원시 성산구 두대동 196,중앙동,128.660468364402,35.2342496062409,MA010120220813658405,소상공인시장진흥공단_상가(상권)정보_API (data.go.kr 15012005),202606,2026-10-04
CW-SEONGSAN,창원시 성산구,이마트24창원라포레점,,편의점,경상남도 창원시 성산구 창원대로 888,경상남도 창원시 성산구 가음정동 391-9,가음정동,128.684887028053,35.2087951023349,MA010120220803185382,소상공인시장진흥공단_상가(상권)정보_API (data.go.kr 15012005),202606,2026-10-04
CW-SEONGSAN,창원시 성산구,이마트24창원그랜드점,,편의점,경상남도 창원시 성산구 대정로 73,경상남도 창원시 성산구 남양동 20,가음정동,128.700448472397,35.2115154673575,MA010120220810965209,소상공인시장진흥공단_상가(상권)정보_API (data.go.kr 15012005),202606,2026-10-04
CW-SEONGSAN,창원시 성산구,세븐창원중앙2점,코리아,편의점,경상남도 창원시 성산구 용지로107번길 14,경상남도 창원시 성산구 중앙동 81-7,중앙동,128.677460454062,35.2262287196953,MA010120220812085786,소상공인시장진흥공단_상가(상권)정보_API (data.go.kr 15012005),202606,2026-10-04
CW-SEONGSAN,창원시 성산구,이마트24창원성산점,,편의점,경상남도 창원시 성산구 원이대로 776,경상남도 창원시 성산구 상남동 45-1,상남동,128.693961742238,35.2164189288429,MA0101202502A0031917,소상공인시장진흥공단_상가(상권)정보_API (data.go.kr 15012005),202606,2026-10-04
CW-SEONGSAN,창원시 성산구,지에스성산월림공단점,,편의점,경상남도 창원시 성산구 월림로65번길 16-6,경상남도 창원시 성산구 신촌동 103-1,웅남동,128.641317122961,35.2083302751754,MA0101202505A0037734,소상공인시장진흥공단_상가(상권)정보_API (data.go.kr 15012005),202606,2026-10-04
CW-SEONGSAN,창원시 성산구,씨유창원유니온공원점,,편의점,경상남도 창원시 성산구 삼정자로 81,경상남도 창원시 성산구 성주동 153,성주동,128.715071646728,35.1982955856572,MA0101202507A0037534,소상공인시장진흥공단_상가(상권)정보_API (data.go.kr 15012005),202606,2026-10-04
CW-SEONGSAN,창원시 성산구,지에스25상남신우점,,편의점,경상남도 창원시 성산구 마디미로73번길 25,경상남도 창원시 성산구 상남동 35-6,상남동,128.683147305046,35.2197330818311,MA0101202506A0004060,소상공인시장진흥공단_상가(상권)정보_API (data.go.kr 15012005),202606,2026-10-04
CW-SEONGSAN,창원시 성산구,지에스25창원디아트리에점,,편의점,경상남도 창원시 성산구 중앙대로 90,경상남도 창원시 성산구 상남동 75-3,중앙동,128.679840833487,35.2223565077161,MA0101202509A0033682,소상공인시장진흥공단_상가(상권)정보_API (data.go.kr 15012005),202606,2026-10-04
CW-SEONGSAN,창원시 성산구,지에스25신월명랑점,,편의점,경상남도 창원시 성산구 신월로72번길 1,경상남도 창원시 성산구 신월동 77-1,용지동,128.69463613153,35.226142636487,MA0101202508A0010042,소상공인시장진흥공단_상가(상권)정보_API (data.go.kr 15012005),202606,2026-10-04
CW-SEONGSAN,창원시 성산구,씨유상남,플러스점,편의점,경상남도 창원시 성산구 마디미로44번길 13,경상남도 창원시 성산구 상남동 23-1,상남동,128.68184840499,35.2211840774947,MA0101202509A0000287,소상공인시장진흥공단_상가(상권)정보_API (data.go.kr 15012005),202606,2026-10-04
CW-SEONGSAN,창원시 성산구,지에스25성산대방점,,편의점,경상남도 창원시 성산구 가양로124번길 1,경상남도 창원시 성산구 대방동 362-1,사파동,128.707022237063,35.209232980384,MA0101202506A0023547,소상공인시장진흥공단_상가(상권)정보_API (data.go.kr 15012005),202606,2026-10-04
CW-SEONGSAN,창원시 성산구,지에스25성산에뜰,2차점,편의점,경상남도 창원시 성산구 대원로 60,경상남도 창원시 성산구 대원동 111,중앙동,128.655256545926,35.2345282904819,MA0101202508A0031342,소상공인시장진흥공단_상가(상권)정보_API (data.go.kr 15012005),202606,2026-10-04
CW-SEONGSAN,창원시 성산구,GS25,창원의창점,편의점,경상남도 창원시 성산구 신월로6번길 1,경상남도 창원시 성산구 신월동 41-1,용지동,128.689709339929,35.2306004534852,MA010120220814333671,소상공인시장진흥공단_상가(상권)정보_API (data.go.kr 15012005),202606,2026-10-04
CW-SEONGSAN,창원시 성산구,세븐창원중앙７호점주,코리아,편의점,경상남도 창원시 성산구 용지로 96,경상남도 창원시 성산구 중앙동 95-1,중앙동,128.678054245051,35.2241296585686,MA010120220810981808,소상공인시장진흥공단_상가(상권)정보_API (data.go.kr 15012005),202606,2026-10-04
CW-SEONGSAN,창원시 성산구,지에스25창원터줏골점,,편의점,경상남도 창원시 성산구 가음로101번길 6-24,경상남도 창원시 성산구 남양동 40-10,가음정동,128.704950320505,35.2036205581781,MA010120220810953071,소상공인시장진흥공단_상가(상권)정보_API (data.go.kr 15012005),202606,2026-10-04
CW-SEONGSAN,창원시 성산구,씨유창원대방,대동점,편의점,경상남도 창원시 성산구 창이대로881번길 19,경상남도 창원시 성산구 대방동 367,사파동,128.708932150575,35.2086743130163,MA010120220813837787,소상공인시장진흥공단_상가(상권)정보_API (data.go.kr 15012005),202606,2026-10-04
CW-SEONGSAN,창원시 성산구,씨유문성대학교,2호점,편의점,경상남도 창원시 성산구 충혼로 91,경상남도 창원시 성산구 두대동 196,중앙동,128.660468364402,35.2342496062409,MA010120220810370516,소상공인시장진흥공단_상가(상권)정보_API (data.go.kr 15012005),202606,2026-10-04
CW-SEONGSAN,창원시 성산구,지에스25성산창곡로점,,편의점,경상남도 창원시 성산구 창곡로 54,경상남도 창원시 성산구 신촌동 122,웅남동,128.646247428341,35.2110481139677,MA010120220802502001,소상공인시장진흥공단_상가(상권)정보_API (data.go.kr 15012005),202606,2026-10-04
CW-SEONGSAN,창원시 성산구,씨유창원성산점,,편의점,경상남도 창원시 성산구 대암로 282,경상남도 창원시 성산구 대방동 374,사파동,128.706882033199,35.2035843237631,MA010120220810937555,소상공인시장진흥공단_상가(상권)정보_API (data.go.kr 15012005),202606,2026-10-04
CW-SEONGSAN,창원시 성산구,씨유창원대원에뜰점,,편의점,경상남도 창원시 성산구 대원로 80,경상남도 창원시 성산구 대원동 7-3,중앙동,128.6519361933,35.234916127619,MA0101202411A0118625,소상공인시장진흥공단_상가(상권)정보_API (data.go.kr 15012005),202606,2026-10-04
CW-SEONGSAN,창원시 성산구,세븐일레븐창원상남베스트점,,편의점,경상남도 창원시 성산구 마디미로31번길 1,경상남도 창원시 성산구 상남동 18-10,상남동,128.6842081953,35.2216469324789,MA0101202501A0024220,소상공인시장진흥공단_상가(상권)정보_API (data.go.kr 15012005),202606,2026-10-04
CW-SEONGSAN,창원시 성산구,지에스25성산성원,2차점,편의점,경상남도 창원시 성산구 가음로15번길 52,경상남도 창원시 성산구 남양동 22,가음정동,128.703254465341,35.2128458652536,MA0101202412A0091819,소상공인시장진흥공단_상가(상권)정보_API (data.go.kr 15012005),202606,2026-10-04
CW-SEONGSAN,창원시 성산구,세븐창원라큐비점,코리아,편의점,경상남도 창원시 성산구 중앙대로 89,경상남도 창원시 성산구 중앙동 96-3,중앙동,128.678516935622,35.223131900684,MA0101202505A0024400,소상공인시장진흥공단_상가(상권)정보_API (data.go.kr 15012005),202606,2026-10-04
CW-SEONGSAN,창원시 성산구,지에스25성산한림점,,편의점,경상남도 창원시 성산구 대암로 8,경상남도 창원시 성산구 남양동 16,가음정동,128.698363445947,35.2136896396419,MA0101202503A0060990,소상공인시장진흥공단_상가(상권)정보_API (data.go.kr 15012005),202606,2026-10-04
CW-SEONGSAN,창원시 성산구,찬늘라면,창원점,편의점,경상남도 창원시 성산구 가양로124번길 17-16,경상남도 창원시 성산구 대방동 365-3,사파동,128.708168513052,35.2078649841975,MA010120220808066213,소상공인시장진흥공단_상가(상권)정보_API (data.go.kr 15012005),202606,2026-10-04
CW-SEONGSAN,창원시 성산구,씨유창원가음엘지점,,편의점,경상남도 창원시 성산구 성산패총로178번길 29,경상남도 창원시 성산구 가음정동 391-10,가음정동,128.686168029706,35.208083325069,MA010120220812947456,소상공인시장진흥공단_상가(상권)정보_API (data.go.kr 15012005),202606,2026-10-04
CW-SEONGSAN,창원시 성산구,세븐일레븐창원용지점,,편의점,경상남도 창원시 성산구 용지로169번길 7,경상남도 창원시 성산구 용호동 73-27,용지동,128.681311707837,35.2303028573791,MA0101202411A0131316,소상공인시장진흥공단_상가(상권)정보_API (data.go.kr 15012005),202606,2026-10-04
CW-SEONGSAN,창원시 성산구,이마트24창원,가양점,편의점,경상남도 창원시 성산구 가양로 82,경상남도 창원시 성산구 남양동 25-4,가음정동,128.70222803564,35.2083902650677,MA0101202411A0041911,소상공인시장진흥공단_상가(상권)정보_API (data.go.kr 15012005),202606,2026-10-04
CW-SEONGSAN,창원시 성산구,엘지전자창원공장신용협동조합GS25LG전자창원,4호점,편의점,경상남도 창원시 성산구 성산패총로178번길 6,경상남도 창원시 성산구 가음정동 391-12,가음정동,128.687885651225,35.2067165683878,MA0101202412A0070391,소상공인시장진흥공단_상가(상권)정보_API (data.go.kr 15012005),202606,2026-10-04
CW-SEONGSAN,창원시 성산구,씨유현대위아이룸재점,,편의점,경상남도 창원시 성산구 정동로162번길 4,경상남도 창원시 성산구 남산동 601-19,성주동,128.691658997392,35.2044108447962,MA010120220812806402,소상공인시장진흥공단_상가(상권)정보_API (data.go.kr 15012005),202606,2026-10-04
CW-SEONGSAN,창원시 성산구,신원유통씨유C한국지엠창원공장,2호점,편의점,경상남도 창원시 성산구 창원대로 1124,경상남도 창원시 성산구 성주동 23,성주동,128.704298718095,35.195032105717,MA010120220805234167,소상공인시장진흥공단_상가(상권)정보_API (data.go.kr 15012005),202606,2026-10-04
CW-SEONGSAN,창원시 성산구,GS25창원남양점,,편의점,경상남도 창원시 성산구 가양로 97,경상남도 창원시 성산구 남양동 23,가음정동,128.703814743479,35.2091790372923,MA010120220810943259,소상공인시장진흥공단_상가(상권)정보_API (data.go.kr 15012005),202606,2026-10-04
CW-SEONGSAN,창원시 성산구,씨유창원반지,중앙점,편의점,경상남도 창원시 성산구 원이대로393번길 14-1,경상남도 창원시 성산구 반지동 69-1,반송동,128.662603346713,35.2387534297975,MA010120220813294251,소상공인시장진흥공단_상가(상권)정보_API (data.go.kr 15012005),202606,2026-10-04
CW-SEONGSAN,창원시 성산구,세븐일레븐창원,신월점,편의점,경상남도 창원시 성산구 원이대로 663,경상남도 창원시 성산구 신월동 93,용지동,128.687561384777,35.2260612531958,MA0101202409A0065214,소상공인시장진흥공단_상가(상권)정보_API (data.go.kr 15012005),202606,2026-10-04
CW-SEONGSAN,창원시 성산구,지에스25성산용지,중앙점,편의점,경상남도 창원시 성산구 용지로113번길 28-1,경상남도 창원시 성산구 중앙동 73-16,중앙동,128.677200344372,35.2279987146833,MA0101202409A0128199,소상공인시장진흥공단_상가(상권)정보_API (data.go.kr 15012005),202606,2026-10-04
CW-SEONGSAN,창원시 성산구,세븐일레븐창원CNN점,,편의점,경상남도 창원시 성산구 상남로 118,경상남도 창원시 성산구 상남동 7-5,상남동,128.683125524641,35.2234644320879,MA0101202409A0124053,소상공인시장진흥공단_상가(상권)정보_API (data.go.kr 15012005),202606,2026-10-04
CW-SEONGSAN,창원시 성산구,지에스25창원,테크노점,편의점,경상남도 창원시 성산구 완암로 50,경상남도 창원시 성산구 성산동 77-1,웅남동,128.663750221131,35.2056177541068,MA0101202409A0138227,소상공인시장진흥공단_상가(상권)정보_API (data.go.kr 15012005),202606,2026-10-04
CW-SEONGSAN,창원시 성산구,씨유창원성산대영점,,편의점,경상남도 창원시 성산구 가양로136번길 2,경상남도 창원시 성산구 대방동 362-5,사파동,128.707826799719,35.2093748383292,MA0101202409A0084139,소상공인시장진흥공단_상가(상권)정보_API (data.go.kr 15012005),202606,2026-10-04
CW-MASANHAPPO,창원시 마산합포구,지에스25마산원전항점,,편의점,경상남도 창원시 마산합포구 구산면 이순신로 646,경상남도 창원시 마산합포구 구산면 심리 산 3-2,구산면,128.635024103416,35.0700393808582,MA010120220812042366,소상공인시장진흥공단_상가(상권)정보_API (data.go.kr 15012005),202606,2026-10-04
CW-MASANHAPPO,창원시 마산합포구,씨유마산진동협성점,,편의점,경상남도 창원시 마산합포구 진동면 신서촌2길 40,경상남도 창원시 마산합포구 진동면 진동리 425-1,진동면,128.487269103237,35.1198529287939,MA0101202409A0145901,소상공인시장진흥공단_상가(상권)정보_API (data.go.kr 15012005),202606,2026-10-04
CW-MASANHAPPO,창원시 마산합포구,마산장군데파트점,,편의점,경상남도 창원시 마산합포구 고운로 235,경상남도 창원시 마산합포구 장군동5가 6-2,완월동,128.566492494666,35.2008140034855,MA010120220810035525,소상공인시장진흥공단_상가(상권)정보_API (data.go.kr 15012005),202606,2026-10-04
CW-MASANHAPPO,창원시 마산합포구,씨유마산반동점,,편의점,경상남도 창원시 마산합포구 구산면 해양관광로 1459,경상남도 창원시 마산합포구 구산면 반동리 396-7,구산면,128.585417096363,35.08744342147,MA010120220813484266,소상공인시장진흥공단_상가(상권)정보_API (data.go.kr 15012005),202606,2026-10-04
CW-MASANHAPPO,창원시 마산합포구,지에스25월영,대성점,편의점,경상남도 창원시 마산합포구 해안대로 2,경상남도 창원시 마산합포구 해운동 5-51,월영동,128.559192694047,35.1802247334393,MA0101202306A0006698,소상공인시장진흥공단_상가(상권)정보_API (data.go.kr 15012005),202606,2026-10-04
CW-MASANHAPPO,창원시 마산합포구,씨유,구산점,편의점,경상남도 창원시 마산합포구 구산면 구산로 114,경상남도 창원시 마산합포구 구산면 옥계리 784-6,구산면,128.585547716236,35.1004197350831,MA0101202306A0088012,소상공인시장진흥공단_상가(상권)정보_API (data.go.kr 15012005),202606,2026-10-04
CW-MASANHAPPO,창원시 마산합포구,지에스25월영,마을점,편의점,경상남도 창원시 마산합포구 월영마을로 27-1,경상남도 창원시 마산합포구 월영동 708-1,월영동,128.557698427227,35.1726735126462,MA0101202406A0097522,소상공인시장진흥공단_상가(상권)정보_API (data.go.kr 15012005),202606,2026-10-04
CW-MASANHAPPO,창원시 마산합포구,씨유마산교방,롯데점,편의점,경상남도 창원시 마산합포구 노산서18길 80,경상남도 창원시 마산합포구 교방동 525,교방동,128.564960344249,35.2153798134241,MA010120220806931796,소상공인시장진흥공단_상가(상권)정보_API (data.go.kr 15012005),202606,2026-10-04
CW-MASANHAPPO,창원시 마산합포구,GS25진동원룸점,,편의점,경상남도 창원시 마산합포구 진동면 신성산로 10,경상남도 창원시 마산합포구 진동면 진동리 123-4,진동면,128.492036616899,35.1172257302474,MA010120220813123743,소상공인시장진흥공단_상가(상권)정보_API (data.go.kr 15012005),202606,2026-10-04
CW-MASANHAPPO,창원시 마산합포구,지에스25마산진북,,편의점,경상남도 창원시 마산합포구 진북면 삼진의거대로 463,경상남도 창원시 마산합포구 진북면 지산리 245-36,진북면,128.46910700259,35.115117504398,MA0101202310A0003805,소상공인시장진흥공단_상가(상권)정보_API (data.go.kr 15012005),202606,2026-10-04
CW-MASANHAPPO,창원시 마산합포구,씨유마산중앙베스트점,,편의점,경상남도 창원시 마산합포구 중앙동로 10,경상남도 창원시 마산합포구 중앙동2가 1-498,반월중앙동,128.567719870691,35.1961206814025,MA0101202406A0315782,소상공인시장진흥공단_상가(상권)정보_API (data.go.kr 15012005),202606,2026-10-04
CW-MASANHAPPO,창원시 마산합포구,씨유마산월영,중앙점,편의점,경상남도 창원시 마산합포구 월영북로 12,경상남도 창원시 마산합포구 대내동 5-4,월영동,128.557203145838,35.1818094858272,MA0101202406A0389246,소상공인시장진흥공단_상가(상권)정보_API (data.go.kr 15012005),202606,2026-10-04
CW-MASANHAPPO,창원시 마산합포구,세븐마산현동센터점,코리아,편의점,경상남도 창원시 마산합포구 현동7길 32,경상남도 창원시 마산합포구 현동 376,현동,128.554178202232,35.1503407815816,MA0101202406A0575748,소상공인시장진흥공단_상가(상권)정보_API (data.go.kr 15012005),202606,2026-10-04
CW-MASANHAPPO,창원시 마산합포구,씨유마산가포안단테점,,편의점,경상남도 창원시 마산합포구 가포본동5길 25,경상남도 창원시 마산합포구 가포동 788,가포동,128.582627604639,35.1575158525866,MA0101202406A0010235,소상공인시장진흥공단_상가(상권)정보_API (data.go.kr 15012005),202606,2026-10-04
CW-MASANHAPPO,창원시 마산합포구,씨유마산문화벚꽃점,,편의점,경상남도 창원시 마산합포구 문화남1길 49,경상남도 창원시 마산합포구 대외동 3-1,문화동,128.558176340214,35.1856362628099,MA0101202406A0511148,소상공인시장진흥공단_상가(상권)정보_API (data.go.kr 15012005),202606,2026-10-04
CW-MASANHAPPO,창원시 마산합포구,씨유마산합포도서관점,,편의점,경상남도 창원시 마산합포구 월영동북로 14,경상남도 창원시 마산합포구 해운동 67,월영동,128.56325755594,35.18211901094,MA010120220807013102,소상공인시장진흥공단_상가(상권)정보_API (data.go.kr 15012005),202606,2026-10-04
CW-MASANHAPPO,창원시 마산합포구,씨유마산현동,중흥점,편의점,경상남도 창원시 마산합포구 현동9길 14,경상남도 창원시 마산합포구 현동 606,현동,128.55478242551,35.1451868984487,MA010120220807780631,소상공인시장진흥공단_상가(상권)정보_API (data.go.kr 15012005),202606,2026-10-04
CW-MASANHAPPO,창원시 마산합포구,지에스25마산반월,중앙점,편의점,경상남도 창원시 마산합포구 중앙남11길 25,경상남도 창원시 마산합포구 장군동1가 5-1,반월중앙동,128.562749282055,35.1922645442825,MA010120220811930653,소상공인시장진흥공단_상가(상권)정보_API (data.go.kr 15012005),202606,2026-10-04
CW-MASANHAPPO,창원시 마산합포구,씨유마산마린애시앙,2호점,편의점,경상남도 창원시 마산합포구 가포순환로 33,경상남도 창원시 마산합포구 월영동 738,월영동,128.562595377741,35.1750527983451,MA010120220808484375,소상공인시장진흥공단_상가(상권)정보_API (data.go.kr 15012005),202606,2026-10-04
CW-MASANHAPPO,창원시 마산합포구,지에스25마산그랜드점,,편의점,경상남도 창원시 마산합포구 천하장사로 42-2,경상남도 창원시 마산합포구 교방동 148-7,교방동,128.567951710454,35.2104654046513,MA0101202406A0251157,소상공인시장진흥공단_상가(상권)정보_API (data.go.kr 15012005),202606,2026-10-04
CW-MASANHAPPO,창원시 마산합포구,세븐일레븐마산대내점,,편의점,경상남도 창원시 마산합포구 월영북15길 20,경상남도 창원시 마산합포구 월남동4가 11-8,문화동,128.558609441734,35.181872505031,MA0101202406A0074603,소상공인시장진흥공단_상가(상권)정보_API (data.go.kr 15012005),202606,2026-10-04
CW-MASANHAPPO,창원시 마산합포구,지에스25마산반딧불점,,편의점,경상남도 창원시 마산합포구 문화남4길 14,경상남도 창원시 마산합포구 두월동3가 4-10,문화동,128.559863749779,35.1854703380637,MA0101202406A0350710,소상공인시장진흥공단_상가(상권)정보_API (data.go.kr 15012005),202606,2026-10-04
CW-MASANHAPPO,창원시 마산합포구,씨유마산산호,제일점,편의점,경상남도 창원시 마산합포구 산호북21길 15,경상남도 창원시 마산합포구 산호동 9-4,산호동,128.585792456896,35.2204439870419,MA010120220810865239,소상공인시장진흥공단_상가(상권)정보_API (data.go.kr 15012005),202606,2026-10-04
CW-MASANHAPPO,창원시 마산합포구,지에스25마산제일여중고점,,편의점,경상남도 창원시 마산합포구 고운로 65,경상남도 창원시 마산합포구 문화동 14-1,문화동,128.556411351641,35.1886420765601,MA0101202307A0071393,소상공인시장진흥공단_상가(상권)정보_API (data.go.kr 15012005),202606,2026-10-04
CW-MASANHAPPO,창원시 마산합포구,드림마트,,편의점,경상남도 창원시 마산합포구 드림베이대로 12,경상남도 창원시 마산합포구 해운동 46-7,월영동,128.565423789699,35.1805949635464,MA0101202310A0000555,소상공인시장진흥공단_상가(상권)정보_API (data.go.kr 15012005),202606,2026-10-04
CW-MASANHAPPO,창원시 마산합포구,이마트24마산의료원점,,편의점,경상남도 창원시 마산합포구 315대로 231,경상남도 창원시 마산합포구 장군동4가 3-6,완월동,128.565560551363,35.1991677774423,MA0101202311A0057883,소상공인시장진흥공단_상가(상권)정보_API (data.go.kr 15012005),202606,2026-10-04
CW-MASANHAPPO,창원시 마산합포구,CU마산산호비젼점,,편의점,경상남도 창원시 마산합포구 합포로 131,경상남도 창원시 마산합포구 산호동 426-3,합포동,128.583114328321,35.2097813848872,MA010120220813343729,소상공인시장진흥공단_상가(상권)정보_API (data.go.kr 15012005),202606,2026-10-04
CW-MASANHAPPO,창원시 마산합포구,세븐일레븐마산,창동점,편의점,경상남도 창원시 마산합포구 동서북10길 80,경상남도 창원시 마산합포구 동성동 258-1,오동동,128.57594139961,35.2062520083223,MA010120220810848518,소상공인시장진흥공단_상가(상권)정보_API (data.go.kr 15012005),202606,2026-10-04
CW-MASANHAPPO,창원시 마산합포구,이마트24마산,시청점,편의점,경상남도 창원시 마산합포구 315대로 252,경상남도 창원시 마산합포구 중앙동3가 1-13,반월중앙동,128.567663926922,35.2006366169997,MA0101202310A0076799,소상공인시장진흥공단_상가(상권)정보_API (data.go.kr 15012005),202606,2026-10-04
CW-MASANHAPPO,창원시 마산합포구,지에스25자산월드점,,편의점,경상남도 창원시 마산합포구 자산북1길 30,경상남도 창원시 마산합포구 자산동 188-4,자산동,128.563363419084,35.2054057122686,MA0101202303A0119676,소상공인시장진흥공단_상가(상권)정보_API (data.go.kr 15012005),202606,2026-10-04
CW-MASANHAPPO,창원시 마산합포구,세븐일레븐마산삼성타운점,,편의점,경상남도 창원시 마산합포구 산호북2길 40,경상남도 창원시 마산합포구 산호동 16-10,산호동,128.584954851512,35.2169040948995,MA0101202303A0015347,소상공인시장진흥공단_상가(상권)정보_API (data.go.kr 15012005),202606,2026-10-04
CW-MASANHAPPO,창원시 마산합포구,이마트24마산야구,거리점,편의점,경상남도 창원시 마산합포구 산호북17길 37,경상남도 창원시 마산합포구 산호동 24-9,산호동,128.584978386278,35.2203735392946,MA0101202309A0078290,소상공인시장진흥공단_상가(상권)정보_API (data.go.kr 15012005),202606,2026-10-04
CW-MASANHAPPO,창원시 마산합포구,씨유마산대창점,,편의점,경상남도 창원시 마산합포구 월영북로 61,경상남도 창원시 마산합포구 대창동 67,문화동,128.555893860608,35.1856836378789,MA010120220801232585,소상공인시장진흥공단_상가(상권)정보_API (data.go.kr 15012005),202606,2026-10-04
CW-MASANHAPPO,창원시 마산합포구,세븐일레븐마산진동,스타점,편의점,경상남도 창원시 마산합포구 진동면 신서촌로 50-17,경상남도 창원시 마산합포구 진동면 진동리 435-5,진동면,128.486502579771,35.1187177304274,MA010120220808469233,소상공인시장진흥공단_상가(상권)정보_API (data.go.kr 15012005),202606,2026-10-04
CW-MASANHAPPO,창원시 마산합포구,빅마트24시,,편의점,경상남도 창원시 마산합포구 월영남12길 12,경상남도 창원시 마산합포구 월영동 736,월영동,128.55946607141,35.1761475914543,MA010120220813085862,소상공인시장진흥공단_상가(상권)정보_API (data.go.kr 15012005),202606,2026-10-04
CW-MASANHAPPO,창원시 마산합포구,씨유마산진전,창포점,편의점,경상남도 창원시 마산합포구 진전면 회진로 1451,경상남도 창원시 마산합포구 진전면 창포리 74-3,진전면,128.463045506231,35.0871163300188,MA010120220814163233,소상공인시장진흥공단_상가(상권)정보_API (data.go.kr 15012005),202606,2026-10-04
CW-MASANHAPPO,창원시 마산합포구,씨유마산산호점,,편의점,경상남도 창원시 마산합포구 산호북17길 25,경상남도 창원시 마산합포구 산호동 24-31,산호동,128.584319082529,35.2203551343163,MA010120220810839973,소상공인시장진흥공단_상가(상권)정보_API (data.go.kr 15012005),202606,2026-10-04
CW-MASANHAPPO,창원시 마산합포구,지에스25마산세정점,,편의점,경상남도 창원시 마산합포구 동서동2길 60,경상남도 창원시 마산합포구 신포동2가 23,오동동,128.574167339127,35.201949148308,MA010120220806900825,소상공인시장진흥공단_상가(상권)정보_API (data.go.kr 15012005),202606,2026-10-04
CW-MASANHAPPO,창원시 마산합포구,이마트24마산산호,제일점,편의점,경상남도 창원시 마산합포구 산호남2길 20,경상남도 창원시 마산합포구 산호동 46-19,산호동,128.580498874615,35.217043473481,MA0101202305A0040103,소상공인시장진흥공단_상가(상권)정보_API (data.go.kr 15012005),202606,2026-10-04
CW-MASANHAPPO,창원시 마산합포구,은세계,,편의점,경상남도 창원시 마산합포구 315대로 364,경상남도 창원시 마산합포구 창동 28,오동동,128.573914660055,35.2070624531338,MA010120220810884901,소상공인시장진흥공단_상가(상권)정보_API (data.go.kr 15012005),202606,2026-10-04
CW-MASANHAPPO,창원시 마산합포구,씨유창원월영애시앙점,,편의점,경상남도 창원시 마산합포구 가포순환로 33,경상남도 창원시 마산합포구 월영동 738,월영동,128.562595377741,35.1750527983451,MA010120220806899285,소상공인시장진흥공단_상가(상권)정보_API (data.go.kr 15012005),202606,2026-10-04
CW-MASANHAPPO,창원시 마산합포구,씨유마산완월점,,편의점,경상남도 창원시 마산합포구 완월남로 20-1,경상남도 창원시 마산합포구 완월동 207-2,완월동,128.559829940266,35.197484327481,MA010120220811734612,소상공인시장진흥공단_상가(상권)정보_API (data.go.kr 15012005),202606,2026-10-04
CW-MASANHAPPO,창원시 마산합포구,씨유프로토해운점,,편의점,경상남도 창원시 마산합포구 월영남로 21,경상남도 창원시 마산합포구 해운동 18-29,월영동,128.558657484662,35.1769150463508,MA010120220810849851,소상공인시장진흥공단_상가(상권)정보_API (data.go.kr 15012005),202606,2026-10-04
CW-MASANHAPPO,창원시 마산합포구,지에스25마산용마점,,편의점,경상남도 창원시 마산합포구 허당로 47,경상남도 창원시 마산합포구 산호동 453-7,합포동,128.58085234391,35.2109194671329,MA0101202211A0072180,소상공인시장진흥공단_상가(상권)정보_API (data.go.kr 15012005),202606,2026-10-04
CW-MASANHAPPO,창원시 마산합포구,지에스25마산기조점,,편의점,경상남도 창원시 마산합포구 진동면 오산3길 107-1,경상남도 창원시 마산합포구 진동면 태봉리 135-4,진동면,128.508061999287,35.1440020177753,MA0101202305A0169255,소상공인시장진흥공단_상가(상권)정보_API (data.go.kr 15012005),202606,2026-10-04
CW-MASANHAPPO,창원시 마산합포구,씨유마산마린점,,편의점,경상남도 창원시 마산합포구 오동동14길 67,경상남도 창원시 마산합포구 오동동 322,오동동,128.583323744166,35.2069938263839,MA010120220803412125,소상공인시장진흥공단_상가(상권)정보_API (data.go.kr 15012005),202606,2026-10-04
CW-MASANHAPPO,창원시 마산합포구,지에스25마산,두산점,편의점,경상남도 창원시 마산합포구 월영동6길 35,경상남도 창원시 마산합포구 해운동 38,월영동,128.561950182626,35.1786210337649,MA0101202211A0003831,소상공인시장진흥공단_상가(상권)정보_API (data.go.kr 15012005),202606,2026-10-04
CW-MASANHAPPO,창원시 마산합포구,지에스25월영현대점,,편의점,경상남도 창원시 마산합포구 월영마을로 54,경상남도 창원시 마산합포구 월영동 710-1,월영동,128.558630406219,35.1714718786251,MA0101202212A0016922,소상공인시장진흥공단_상가(상권)정보_API (data.go.kr 15012005),202606,2026-10-04
CW-MASANHAPPO,창원시 마산합포구,씨유마산완월청구점,,편의점,경상남도 창원시 마산합포구 완월남6길 9,경상남도 창원시 마산합포구 완월동 421,완월동,128.557613784098,35.1964223577823,MA0101202305A0027764,소상공인시장진흥공단_상가(상권)정보_API (data.go.kr 15012005),202606,2026-10-04
CW-MASANHAPPO,창원시 마산합포구,세븐일레븐마산월영BNK점,,편의점,경상남도 창원시 마산합포구 월영남로 42,경상남도 창원시 마산합포구 월영동 703-2,월영동,128.558563224054,35.1748524103449,MA0101202301A0064707,소상공인시장진흥공단_상가(상권)정보_API (data.go.kr 15012005),202606,2026-10-04
CW-MASANHAPPO,창원시 마산합포구,지에스25마산프레시점,,편의점,경상남도 창원시 마산합포구 중앙동1길 12,경상남도 창원시 마산합포구 중앙동2가 6-9,반월중앙동,128.566173794917,35.1933648707888,MA0101202301A0086567,소상공인시장진흥공단_상가(상권)정보_API (data.go.kr 15012005),202606,2026-10-04
CW-MASANHAPPO,창원시 마산합포구,GS25경남대,후문점,편의점,경상남도 창원시 마산합포구 문화남11길 112,경상남도 창원시 마산합포구 화영동 4-10,문화동,128.553906328409,35.185078289849,MA010120220810863659,소상공인시장진흥공단_상가(상권)정보_API (data.go.kr 15012005),202606,2026-10-04
CW-MASANHAPPO,창원시 마산합포구,씨유경남대도서관점,,편의점,경상남도 창원시 마산합포구 경남대학로 7,경상남도 창원시 마산합포구 월영동 449,월영동,128.555099333644,35.1843149420876,MA010120220810873621,소상공인시장진흥공단_상가(상권)정보_API (data.go.kr 15012005),202606,2026-10-04
CW-MASANHAPPO,창원시 마산합포구,씨유마산산호경동점,,편의점,경상남도 창원시 마산합포구 산호동4길 3,경상남도 창원시 마산합포구 산호동 211-17,산호동,128.588535378686,35.2163614773799,MA0101202302A0110070,소상공인시장진흥공단_상가(상권)정보_API (data.go.kr 15012005),202606,2026-10-04
CW-MASANHAPPO,창원시 마산합포구,씨유,마산해운점,편의점,경상남도 창원시 마산합포구 월영동로 11,경상남도 창원시 마산합포구 해운동 42-10,월영동,128.563155748753,35.1796689447077,MA0101202302A0009361,소상공인시장진흥공단_상가(상권)정보_API (data.go.kr 15012005),202606,2026-10-04
CW-MASANHAPPO,창원시 마산합포구,지에스25마산남부점,,편의점,경상남도 창원시 마산합포구 월영동2길 15,경상남도 창원시 마산합포구 해운동 5-75,월영동,128.559301708055,35.1796104841427,MA0101202601A0045720,소상공인시장진흥공단_상가(상권)정보_API (data.go.kr 15012005),202606,2026-10-04
CW-MASANHAPPO,창원시 마산합포구,씨유마산마린애시앙점,,편의점,경상남도 창원시 마산합포구 가포로 98,경상남도 창원시 마산합포구 월영동 614-110,월영동,128.562297425897,35.1755433141131,MA010120220805153955,소상공인시장진흥공단_상가(상권)정보_API (data.go.kr 15012005),202606,2026-10-04
CW-MASANHAPPO,창원시 마산합포구,세븐일레븐마산성지점,,편의점,경상남도 창원시 마산합포구 고운로 175,경상남도 창원시 마산합포구 완월동 217-3,완월동,128.561847751981,35.1973591769264,MA010120220805205345,소상공인시장진흥공단_상가(상권)정보_API (data.go.kr 15012005),202606,2026-10-04
CW-MASANHAPPO,창원시 마산합포구,GS25오동점,,편의점,경상남도 창원시 마산합포구 아구찜길 34,경상남도 창원시 마산합포구 오동동 149-39,오동동,128.57851561551,35.2070656314959,MA010120220810842807,소상공인시장진흥공단_상가(상권)정보_API (data.go.kr 15012005),202606,2026-10-04
CW-MASANHAPPO,창원시 마산합포구,씨유마산하이점,,편의점,경상남도 창원시 마산합포구 고운로 133,경상남도 창원시 마산합포구 완월동 320,완월동,128.561044384425,35.1938186481742,MA010120220810857315,소상공인시장진흥공단_상가(상권)정보_API (data.go.kr 15012005),202606,2026-10-04
CW-MASANHAPPO,창원시 마산합포구,지에스25마산서중점,,편의점,경상남도 창원시 마산합포구 월영남로 8,경상남도 창원시 마산합포구 해운동 15-7,월영동,128.55822065711,35.17818240955,MA010120220813627733,소상공인시장진흥공단_상가(상권)정보_API (data.go.kr 15012005),202606,2026-10-04
CW-MASANHAPPO,창원시 마산합포구,GS25경남대,사랑점,편의점,경상남도 창원시 마산합포구 월영북로 21,경상남도 창원시 마산합포구 월영동 423,월영동,128.556253853285,35.1821100876926,MA010120220810863265,소상공인시장진흥공단_상가(상권)정보_API (data.go.kr 15012005),202606,2026-10-04
CW-MASANHAPPO,창원시 마산합포구,지에스산호대로,,편의점,경상남도 창원시 마산합포구 합포로 250,경상남도 창원시 마산합포구 산호동 202-7,산호동,128.587333316125,35.2194865054113,MA010120220808514459,소상공인시장진흥공단_상가(상권)정보_API (data.go.kr 15012005),202606,2026-10-04
CW-MASANHAPPO,창원시 마산합포구,씨유마산,자산점,편의점,경상남도 창원시 마산합포구 자산남4길 1,경상남도 창원시 마산합포구 자산동 299-26,자산동,128.566035200791,35.2027305475658,MA010120220810859150,소상공인시장진흥공단_상가(상권)정보_API (data.go.kr 15012005),202606,2026-10-04
CW-MASANHAPPO,창원시 마산합포구,씨유마산M호텔점,,편의점,경상남도 창원시 마산합포구 해안대로 367,경상남도 창원시 마산합포구 동성동 315,오동동,128.579625148961,35.2036895440749,MA010120220812755441,소상공인시장진흥공단_상가(상권)정보_API (data.go.kr 15012005),202606,2026-10-04
CW-MASANHAPPO,창원시 마산합포구,GS25마산두월점,,편의점,경상남도 창원시 마산합포구 문화북1길 17,경상남도 창원시 마산합포구 두월동1가 1-3,문화동,128.561585234935,35.1882329877238,MA010120220807021520,소상공인시장진흥공단_상가(상권)정보_API (data.go.kr 15012005),202606,2026-10-04
CW-MASANHAPPO,창원시 마산합포구,씨유마산가포어울림점,,편의점,경상남도 창원시 마산합포구 가포본동9길 10,경상남도 창원시 마산합포구 가포동 755,가포동,128.57987067794,35.1556862682287,MA010120220805986375,소상공인시장진흥공단_상가(상권)정보_API (data.go.kr 15012005),202606,2026-10-04
CW-MASANHAPPO,창원시 마산합포구,세븐일레븐마산현동길점,,편의점,경상남도 창원시 마산합포구 현동10길 16,경상남도 창원시 마산합포구 현동 275,현동,128.551171119917,35.1462696284889,MA010120220805227305,소상공인시장진흥공단_상가(상권)정보_API (data.go.kr 15012005),202606,2026-10-04
CW-MASANHAPPO,창원시 마산합포구,지에스25마산댓,거리점,편의점,경상남도 창원시 마산합포구 월영동서로 15,경상남도 창원시 마산합포구 해운동 5-87,월영동,128.559904777205,35.1795756798076,MA010120220804333069,소상공인시장진흥공단_상가(상권)정보_API (data.go.kr 15012005),202606,2026-10-04
CW-MASANHAPPO,창원시 마산합포구,GS25마산산호남점,,편의점,경상남도 창원시 마산합포구 산호남8길 120,경상남도 창원시 마산합포구 산호동 40-8,산호동,128.583686596277,35.2160645224337,MA0106202201A1277182,소상공인시장진흥공단_상가(상권)정보_API (data.go.kr 15012005),202606,2026-10-04
CW-MASANHAPPO,창원시 마산합포구,이마트24마산,구산점,편의점,경상남도 창원시 마산합포구 구산면 구산로 797,경상남도 창원시 마산합포구 구산면 유산리 92-7,구산면,128.565954566908,35.1327049131944,MA010120220807928413,소상공인시장진흥공단_상가(상권)정보_API (data.go.kr 15012005),202606,2026-10-04
CW-MASANHAPPO,창원시 마산합포구,이마트24마산진동,중앙점,편의점,경상남도 창원시 마산합포구 진동면 삼진의거대로 653,경상남도 창원시 마산합포구 진동면 진동리 495-3,진동면,128.488724949012,35.1166716232439,MA010120220812786333,소상공인시장진흥공단_상가(상권)정보_API (data.go.kr 15012005),202606,2026-10-04
CW-MASANHAPPO,창원시 마산합포구,GS25마산,신흥점,편의점,경상남도 창원시 마산합포구 중앙남4길 61,경상남도 창원시 마산합포구 신흥동 4-21,반월중앙동,128.565095716005,35.1943972136952,MA010120220810925638,소상공인시장진흥공단_상가(상권)정보_API (data.go.kr 15012005),202606,2026-10-04
CW-MASANHAPPO,창원시 마산합포구,지에스25마산,창동점,편의점,경상남도 창원시 마산합포구 315대로 376,경상남도 창원시 마산합포구 중성동 20-73,오동동,128.574365586637,35.2082372105617,MA010120220812523289,소상공인시장진흥공단_상가(상권)정보_API (data.go.kr 15012005),202606,2026-10-04
CW-MASANHAPPO,창원시 마산합포구,씨유마산월영동아점,,편의점,경상남도 창원시 마산합포구 월영남로 43,경상남도 창원시 마산합포구 월영동 614-7,월영동,128.559392615298,35.1751751937358,MA010120220809637025,소상공인시장진흥공단_상가(상권)정보_API (data.go.kr 15012005),202606,2026-10-04
CW-MASANHAPPO,창원시 마산합포구,씨유마산운동장점,,편의점,경상남도 창원시 마산합포구 삼호로 57,경상남도 창원시 마산합포구 산호동 6-1,산호동,128.584662775133,35.2222161895333,MA010120220806826579,소상공인시장진흥공단_상가(상권)정보_API (data.go.kr 15012005),202606,2026-10-04
CW-MASANHAPPO,창원시 마산합포구,이마트24마산,창포점,편의점,경상남도 창원시 마산합포구 진전면 회진로 1543,경상남도 창원시 마산합포구 진전면 이명리 51-2,진전면,128.455315046619,35.0914183057752,MA010120220803335631,소상공인시장진흥공단_상가(상권)정보_API (data.go.kr 15012005),202606,2026-10-04
CW-MASANHAPPO,창원시 마산합포구,씨유마산현동LH,그린점,편의점,경상남도 창원시 마산합포구 묘촌1길 28,경상남도 창원시 마산합포구 현동 620,현동,128.559606580223,35.1403933345778,MA010120220813086414,소상공인시장진흥공단_상가(상권)정보_API (data.go.kr 15012005),202606,2026-10-04
CW-MASANHAPPO,창원시 마산합포구,씨유월영,마을점,편의점,경상남도 창원시 마산합포구 월영남로 21,경상남도 창원시 마산합포구 해운동 18-29,월영동,128.558657484662,35.1769150463508,MA010120220810903934,소상공인시장진흥공단_상가(상권)정보_API (data.go.kr 15012005),202606,2026-10-04
CW-MASANHAPPO,창원시 마산합포구,지에스25진동,에이스점,편의점,경상남도 창원시 마산합포구 진동면 신서촌1길 49,경상남도 창원시 마산합포구 진동면 진동리 624-10,진동면,128.486409441028,35.1160060725592,MA010120220805831321,소상공인시장진흥공단_상가(상권)정보_API (data.go.kr 15012005),202606,2026-10-04
CW-MASANHAPPO,창원시 마산합포구,미니스톱마산진동,신도시점,편의점,경상남도 창원시 마산합포구 진동면 신서촌1길 4,경상남도 창원시 마산합포구 진동면 진동리 437-4,진동면,128.486105495612,35.1179925778132,MA010120220810866938,소상공인시장진흥공단_상가(상권)정보_API (data.go.kr 15012005),202606,2026-10-04
CW-MASANHAPPO,창원시 마산합포구,데이앤데이가포점,,편의점,경상남도 창원시 마산합포구 가포본동7길 5,경상남도 창원시 마산합포구 가포동 192-1,가포동,128.582235192,35.1559528156934,MA010120220806472655,소상공인시장진흥공단_상가(상권)정보_API (data.go.kr 15012005),202606,2026-10-04
CW-MASANHAPPO,창원시 마산합포구,이마트24창원진동점,,편의점,경상남도 창원시 마산합포구 진동면 신서촌로 20,경상남도 창원시 마산합포구 진동면 진동리 627-5,진동면,128.484989731396,35.116347931327,MA010120220805956458,소상공인시장진흥공단_상가(상권)정보_API (data.go.kr 15012005),202606,2026-10-04
CW-MASANHAPPO,창원시 마산합포구,하프타임마산,현동점,편의점,경상남도 창원시 마산합포구 현동로 32,경상남도 창원시 마산합포구 우산동 92,현동,128.552503797417,35.1523089487915,MA010120220813866620,소상공인시장진흥공단_상가(상권)정보_API (data.go.kr 15012005),202606,2026-10-04
CW-MASANHAPPO,창원시 마산합포구,씨유마산킹덤점,,편의점,경상남도 창원시 마산합포구 회원남25길 31,경상남도 창원시 마산합포구 교방동 359-9,교방동,128.564309639791,35.2163795863326,MA010120220813479533,소상공인시장진흥공단_상가(상권)정보_API (data.go.kr 15012005),202606,2026-10-04
CW-MASANHAPPO,창원시 마산합포구,씨유마산용마점,,편의점,경상남도 창원시 마산합포구 산호북3길 23,경상남도 창원시 마산합포구 산호동 19-35,산호동,128.584700634979,35.2173850778898,MA010120220800478112,소상공인시장진흥공단_상가(상권)정보_API (data.go.kr 15012005),202606,2026-10-04
CW-MASANHAPPO,창원시 마산합포구,세븐마산오동점,코리아,편의점,경상남도 창원시 마산합포구 아구찜길 69,경상남도 창원시 마산합포구 오동동 113-6,오동동,128.578262801393,35.2087542408885,MA010120220810896715,소상공인시장진흥공단_상가(상권)정보_API (data.go.kr 15012005),202606,2026-10-04
CW-MASANHAPPO,창원시 마산합포구,이마트24홍문점,,편의점,경상남도 창원시 마산합포구 문화남11길 12,경상남도 창원시 마산합포구 홍문동 10-1,문화동,128.559243552744,35.1840363374288,MA010120220810841085,소상공인시장진흥공단_상가(상권)정보_API (data.go.kr 15012005),202606,2026-10-04
CW-MASANHAPPO,창원시 마산합포구,세븐일레븐마산진동새천년점,,편의점,경상남도 창원시 마산합포구 진동면 남해안대로 5422,경상남도 창원시 마산합포구 진동면 인곡리 1011-1,진동면,128.501752303238,35.1362034073445,MA010120220804728511,소상공인시장진흥공단_상가(상권)정보_API (data.go.kr 15012005),202606,2026-10-04
CW-MASANHAPPO,창원시 마산합포구,이마트24마산,중앙점,편의점,경상남도 창원시 마산합포구 315대로 127,경상남도 창원시 마산합포구 중앙동1가 3-4,반월중앙동,128.562839297824,35.190659172677,MA010120220812419826,소상공인시장진흥공단_상가(상권)정보_API (data.go.kr 15012005),202606,2026-10-04
CW-MASANHAPPO,창원시 마산합포구,한백마트,,편의점,경상남도 창원시 마산합포구 월영동13길 14,경상남도 창원시 마산합포구 해운동 66-2,월영동,128.562862058193,35.1815292958657,MA010120220806540291,소상공인시장진흥공단_상가(상권)정보_API (data.go.kr 15012005),202606,2026-10-04
CW-MASANHAPPO,창원시 마산합포구,GS25마산리베라점,,편의점,경상남도 창원시 마산합포구 해안대로 311,경상남도 창원시 마산합포구 신포동2가 117-45,오동동,128.57490773331,35.2004885249517,MA010120220810873802,소상공인시장진흥공단_상가(상권)정보_API (data.go.kr 15012005),202606,2026-10-04
CW-MASANHAPPO,창원시 마산합포구,GS25마산산호점,,편의점,경상남도 창원시 마산합포구 합포로 243,경상남도 창원시 마산합포구 산호동 13-55,산호동,128.586903464719,35.2188432534931,MA010120220810859183,소상공인시장진흥공단_상가(상권)정보_API (data.go.kr 15012005),202606,2026-10-04
CW-MASANHAPPO,창원시 마산합포구,사회적협동조합마산희망지역자활센터,,편의점,경상남도 창원시 마산합포구 동서북7길 51,경상남도 창원시 마산합포구 남성동 151-5,오동동,128.575700624586,35.2040200732099,MA010120220807988764,소상공인시장진흥공단_상가(상권)정보_API (data.go.kr 15012005),202606,2026-10-04
CW-MASANHAPPO,창원시 마산합포구,GS25마산,창포점,편의점,경상남도 창원시 마산합포구 문화동14길 46,경상남도 창원시 마산합포구 창포동3가 1-19,문화동,128.561413993757,35.1821518092841,MA010120220810867271,소상공인시장진흥공단_상가(상권)정보_API (data.go.kr 15012005),202606,2026-10-04
CW-MASANHAPPO,창원시 마산합포구,세븐마산선진빌딩점,코리아,편의점,경상남도 창원시 마산합포구 가포로 8,경상남도 창원시 마산합포구 해운동 13-13,월영동,128.55814493576,35.1793910506287,MA010120220810286938,소상공인시장진흥공단_상가(상권)정보_API (data.go.kr 15012005),202606,2026-10-04
CW-MASANHAPPO,창원시 마산합포구,씨유마산진동대로점,,편의점,경상남도 창원시 마산합포구 진동면 태봉1길 3,경상남도 창원시 마산합포구 진동면 태봉리 122,진동면,128.509205205489,35.1453036150412,MA010120220810909968,소상공인시장진흥공단_상가(상권)정보_API (data.go.kr 15012005),202606,2026-10-04
CW-MASANHAPPO,창원시 마산합포구,해빛,마산점,편의점,경상남도 창원시 마산합포구 가포로 700,경상남도 창원시 마산합포구 덕동동 613-1,현동,128.574670131234,35.1397929244827,MA010120220805637770,소상공인시장진흥공단_상가(상권)정보_API (data.go.kr 15012005),202606,2026-10-04
CW-MASANHAPPO,창원시 마산합포구,세븐일레븐마산SK뷰,후문점,편의점,경상남도 창원시 마산합포구 월영남18길 68,경상남도 창원시 마산합포구 월영동 614-321,월영동,128.560609809287,35.1768358277521,MA010120220810831761,소상공인시장진흥공단_상가(상권)정보_API (data.go.kr 15012005),202606,2026-10-04
CW-MASANHAPPO,창원시 마산합포구,이마트24마산교방점,,편의점,경상남도 창원시 마산합포구 노산서18길 125,경상남도 창원시 마산합포구 교방동 369-2,교방동,128.563559526776,35.2144876662161,MA010120220811889822,소상공인시장진흥공단_상가(상권)정보_API (data.go.kr 15012005),202606,2026-10-04
CW-MASANHAPPO,창원시 마산합포구,씨유마산산호프렌즈점,,편의점,경상남도 창원시 마산합포구 용마로 55,경상남도 창원시 마산합포구 산호동 50-34,산호동,128.580685605887,35.2187443694982,MA010120220805539898,소상공인시장진흥공단_상가(상권)정보_API (data.go.kr 15012005),202606,2026-10-04
CW-MASANHAPPO,창원시 마산합포구,지에스25마산리베라점,,편의점,경상남도 창원시 마산합포구 해안대로 311,경상남도 창원시 마산합포구 신포동2가 117-45,오동동,128.57490773331,35.2004885249517,MA0101202209A0084546,소상공인시장진흥공단_상가(상권)정보_API (data.go.kr 15012005),202606,2026-10-04
CW-MASANHAPPO,창원시 마산합포구,씨유마산근곡점,,편의점,경상남도 창원시 마산합포구 진전면 삼진의거대로 246,경상남도 창원시 마산합포구 진전면 근곡리 98-21,진전면,128.448063438968,35.1073404597331,MA010120220810880733,소상공인시장진흥공단_상가(상권)정보_API (data.go.kr 15012005),202606,2026-10-04
CW-MASANHAPPO,창원시 마산합포구,GS25마산,해안점,편의점,경상남도 창원시 마산합포구 월영동9길 24,경상남도 창원시 마산합포구 해운동 43-9,월영동,128.563939583071,35.1799021595944,MA010120220810845451,소상공인시장진흥공단_상가(상권)정보_API (data.go.kr 15012005),202606,2026-10-04
CW-MASANHAPPO,창원시 마산합포구,씨유마산해운,두산점,편의점,경상남도 창원시 마산합포구 월영동11길 47,경상남도 창원시 마산합포구 해운동 47-1,월영동,128.565774623243,35.1794278247499,MA010120220811729650,소상공인시장진흥공단_상가(상권)정보_API (data.go.kr 15012005),202606,2026-10-04
CW-MASANHAPPO,창원시 마산합포구,GS25마산진전점,,편의점,경상남도 창원시 마산합포구 진전면 남해안대로 4504-18,경상남도 창원시 마산합포구 진전면 오서리 655-1,진전면,128.416565908701,35.099799480822,MA010120220810868405,소상공인시장진흥공단_상가(상권)정보_API (data.go.kr 15012005),202606,2026-10-04
CW-MASANHAPPO,창원시 마산합포구,세븐일레븐마산오동,2호점,편의점,경상남도 창원시 마산합포구 문화의길 16,경상남도 창원시 마산합포구 오동동 147-7,오동동,128.579306546105,35.2070823524074,MA010120220807711875,소상공인시장진흥공단_상가(상권)정보_API (data.go.kr 15012005),202606,2026-10-04
CW-MASANHAPPO,창원시 마산합포구,씨유마산자산,혁신점,편의점,경상남도 창원시 마산합포구 심온길 110,경상남도 창원시 마산합포구 자산동 296-4,자산동,128.564665016924,35.2034241941699,MA010120220800227451,소상공인시장진흥공단_상가(상권)정보_API (data.go.kr 15012005),202606,2026-10-04
CW-MASANHAPPO,창원시 마산합포구,이마트24마산예곡,로드점,편의점,경상남도 창원시 마산합포구 밤밭고개로 221,경상남도 창원시 마산합포구 예곡동 106-5,현동,128.553326651552,35.1615361876979,MA010120220808326844,소상공인시장진흥공단_상가(상권)정보_API (data.go.kr 15012005),202606,2026-10-04
CW-MASANHAPPO,창원시 마산합포구,씨유마산교방대로점,,편의점,경상남도 창원시 마산합포구 무학로 484,경상남도 창원시 마산합포구 교방동 380-12,교방동,128.563335061481,35.2113722807195,MA010120220810874653,소상공인시장진흥공단_상가(상권)정보_API (data.go.kr 15012005),202606,2026-10-04
CW-MASANHAPPO,창원시 마산합포구,지에스25마산,칸타빌점,편의점,경상남도 창원시 마산합포구 합포동6길 8,경상남도 창원시 마산합포구 산호동 651,합포동,128.58570589545,35.2114778359117,MA010120220814202487,소상공인시장진흥공단_상가(상권)정보_API (data.go.kr 15012005),202606,2026-10-04
CW-MASANHAPPO,창원시 마산합포구,씨유마산연세점,,편의점,경상남도 창원시 마산합포구 315대로 76,경상남도 창원시 마산합포구 월남동2가 5,문화동,128.561603386457,35.1863131077917,MA010120220810859452,소상공인시장진흥공단_상가(상권)정보_API (data.go.kr 15012005),202606,2026-10-04
CW-MASANHAPPO,창원시 마산합포구,씨유마산가포,부영점,편의점,경상남도 창원시 마산합포구 가포로 154-11,경상남도 창원시 마산합포구 월영동 732,월영동,128.5601172026,35.1682893654424,MA010120220806422264,소상공인시장진흥공단_상가(상권)정보_API (data.go.kr 15012005),202606,2026-10-04
CW-MASANHAPPO,창원시 마산합포구,경남리테일,,편의점,경상남도 창원시 마산합포구 진동면 진북산업로 86,경상남도 창원시 마산합포구 진동면 진동리 702,진동면,128.487670854496,35.1238495998125,MA0101202601A0027574,소상공인시장진흥공단_상가(상권)정보_API (data.go.kr 15012005),202606,2026-10-04
CW-MASANHAPPO,창원시 마산합포구,세븐일레븐마산구산,수정점,편의점,경상남도 창원시 마산합포구 구산면 구산로 513,경상남도 창원시 마산합포구 구산면 수정리 511-3,구산면,128.580166210218,35.1164781899087,MA0101202602A0021936,소상공인시장진흥공단_상가(상권)정보_API (data.go.kr 15012005),202606,2026-10-04
CW-MASANHAPPO,창원시 마산합포구,세븐일레븐마산선진빌딩점,,편의점,경상남도 창원시 마산합포구 가포로 8,경상남도 창원시 마산합포구 해운동 13-13,월영동,128.55814493576,35.1793910506287,MA0101202604A0023727,소상공인시장진흥공단_상가(상권)정보_API (data.go.kr 15012005),202606,2026-10-04
CW-MASANHAPPO,창원시 마산합포구,지에스25교방프레시점,,편의점,경상남도 창원시 마산합포구 교방동6길 27,경상남도 창원시 마산합포구 교방동 289-2,교방동,128.566498696599,35.21485522102,MA0101202604A0043539,소상공인시장진흥공단_상가(상권)정보_API (data.go.kr 15012005),202606,2026-10-04
CW-MASANHAPPO,창원시 마산합포구,지에스25마산시네마점,,편의점,경상남도 창원시 마산합포구 해안대로 7,경상남도 창원시 마산합포구 월남동5가 4-1,문화동,128.559752431415,35.1807943207973,MA0101202511A0019338,소상공인시장진흥공단_상가(상권)정보_API (data.go.kr 15012005),202606,2026-10-04
CW-MASANHAPPO,창원시 마산합포구,지에스25경남대대내점,,편의점,경상남도 창원시 마산합포구 315대로 9,경상남도 창원시 마산합포구 월남동5가 8,문화동,128.558247073818,35.1812913604016,MA0101202602A0034253,소상공인시장진흥공단_상가(상권)정보_API (data.go.kr 15012005),202606,2026-10-04
CW-MASANHAPPO,창원시 마산합포구,세븐일레븐마산진동태봉점,,편의점,경상남도 창원시 마산합포구 진동면 오산3길 117,경상남도 창원시 마산합포구 진동면 태봉리 137-1,진동면,128.508627777013,35.1443374509051,MA0101202604A0045627,소상공인시장진흥공단_상가(상권)정보_API (data.go.kr 15012005),202606,2026-10-04
CW-MASANHAPPO,창원시 마산합포구,미니스톱마산해안로점,,편의점,경상남도 창원시 마산합포구 해안대로 58,경상남도 창원시 마산합포구 해운동 46,월영동,128.564723581215,35.1812889577815,MA010120220808513693,소상공인시장진흥공단_상가(상권)정보_API (data.go.kr 15012005),202606,2026-10-04
CW-MASANHAPPO,창원시 마산합포구,지에스25경남대고운관점,,편의점,경상남도 창원시 마산합포구 경남대학로 7,경상남도 창원시 마산합포구 월영동 449,월영동,128.555099333644,35.1843149420876,MA010120220806892561,소상공인시장진흥공단_상가(상권)정보_API (data.go.kr 15012005),202606,2026-10-04
CW-MASANHAPPO,창원시 마산합포구,씨유마산가포점,,편의점,경상남도 창원시 마산합포구 가포로 261,경상남도 창원시 마산합포구 가포동 494,가포동,128.57149435514,35.1680611629124,MA010120220810832572,소상공인시장진흥공단_상가(상권)정보_API (data.go.kr 15012005),202606,2026-10-04
CW-MASANHAPPO,창원시 마산합포구,지에스25자산솔밭점,,편의점,경상남도 창원시 마산합포구 자산솔밭로 43,경상남도 창원시 마산합포구 자산동 331-2,자산동,128.559201960148,35.2008179955306,MA010120220810356222,소상공인시장진흥공단_상가(상권)정보_API (data.go.kr 15012005),202606,2026-10-04
CW-MASANHAPPO,창원시 마산합포구,지에스25경남대학사점,,편의점,경상남도 창원시 마산합포구 경남대학로 7,경상남도 창원시 마산합포구 월영동 449,월영동,128.555099333644,35.1843149420876,MA010120220810164832,소상공인시장진흥공단_상가(상권)정보_API (data.go.kr 15012005),202606,2026-10-04
CW-MASANHAPPO,창원시 마산합포구,세븐일레븐마산해운,스타점,편의점,경상남도 창원시 마산합포구 해안대로 30,경상남도 창원시 마산합포구 해운동 37-2,월영동,128.562058209146,35.1802508905217,MA0101202601A0015979,소상공인시장진흥공단_상가(상권)정보_API (data.go.kr 15012005),202606,2026-10-04
CW-MASANHAPPO,창원시 마산합포구,씨유마산합포,칸타빌점,편의점,경상남도 창원시 마산합포구 합포동6길 8,경상남도 창원시 마산합포구 산호동 651,합포동,128.58570589545,35.2114778359117,MA0101202505A0058094,소상공인시장진흥공단_상가(상권)정보_API (data.go.kr 15012005),202606,2026-10-04
CW-MASANHAPPO,창원시 마산합포구,이마트24마산현동,중흥점,편의점,경상남도 창원시 마산합포구 현동4길 20,경상남도 창원시 마산합포구 현동 210,현동,128.549824358472,35.152784871194,MA0101202506A0031145,소상공인시장진흥공단_상가(상권)정보_API (data.go.kr 15012005),202606,2026-10-04
CW-MASANHAPPO,창원시 마산합포구,지에스25마산산호남점,,편의점,경상남도 창원시 마산합포구 산호남8길 120,경상남도 창원시 마산합포구 산호동 40-8,산호동,128.583697925428,35.2160823989017,MA0101202506A0003557,소상공인시장진흥공단_상가(상권)정보_API (data.go.kr 15012005),202606,2026-10-04
CW-MASANHAPPO,창원시 마산합포구,이마트24해운,두산점,편의점,경상남도 창원시 마산합포구 월영동로 19,경상남도 창원시 마산합포구 해운동 50,월영동,128.564505083118,35.1784799035108,MA0101202507A0041444,소상공인시장진흥공단_상가(상권)정보_API (data.go.kr 15012005),202606,2026-10-04
CW-MASANHAPPO,창원시 마산합포구,이마트24마산해운,두산점,편의점,경상남도 창원시 마산합포구 월영동로 19,경상남도 창원시 마산합포구 해운동 50,월영동,128.564505083118,35.1784799035108,MA0101202507A0015385,소상공인시장진흥공단_상가(상권)정보_API (data.go.kr 15012005),202606,2026-10-04
CW-MASANHAPPO,창원시 마산합포구,지에스25창동상상점,,편의점,경상남도 창원시 마산합포구 남성로 115,경상남도 창원시 마산합포구 남성동 142-60,오동동,128.575325276079,35.2050523692816,MA0101202604A0056520,소상공인시장진흥공단_상가(상권)정보_API (data.go.kr 15012005),202606,2026-10-04
CW-MASANHAPPO,창원시 마산합포구,이마트24마산진북점,,편의점,경상남도 창원시 마산합포구 진북면 진북산업로 158,경상남도 창원시 마산합포구 진북면 망곡리 177,진북면,128.486543243343,35.1294061941991,MA010120220814096559,소상공인시장진흥공단_상가(상권)정보_API (data.go.kr 15012005),202606,2026-10-04
CW-MASANHAPPO,창원시 마산합포구,GS25마산,상남점,편의점,경상남도 창원시 마산합포구 교방천북길 267,경상남도 창원시 마산합포구 상남동 230-25,합포동,128.576368286492,35.2095900400894,MA010120220802900662,소상공인시장진흥공단_상가(상권)정보_API (data.go.kr 15012005),202606,2026-10-04
CW-MASANHAPPO,창원시 마산합포구,씨유경남대교육관점,,편의점,경상남도 창원시 마산합포구 경남대학로 7,경상남도 창원시 마산합포구 월영동 449,월영동,128.555099333644,35.1843149420876,MA010120220803292655,소상공인시장진흥공단_상가(상권)정보_API (data.go.kr 15012005),202606,2026-10-04
CW-MASANHAPPO,창원시 마산합포구,씨유마산월영현대점,,편의점,경상남도 창원시 마산합포구 월영마을로 5,경상남도 창원시 마산합포구 월영동 705-2,월영동,128.5583482957,35.1733681228782,MA010120220803088665,소상공인시장진흥공단_상가(상권)정보_API (data.go.kr 15012005),202606,2026-10-04
CW-MASANHAPPO,창원시 마산합포구,씨유마산신포,롯데점,편의점,경상남도 창원시 마산합포구 동서동3길 80,경상남도 창원시 마산합포구 신포동2가 93-4,오동동,128.572763707943,35.2009039301601,MA010120220813586822,소상공인시장진흥공단_상가(상권)정보_API (data.go.kr 15012005),202606,2026-10-04
CW-MASANHAPPO,창원시 마산합포구,세븐일레븐마산,창포점,편의점,경상남도 창원시 마산합포구 문화동15길 25,경상남도 창원시 마산합포구 창포동3가 8-2,문화동,128.56092404576,35.1817886163131,MA0101202502A0078021,소상공인시장진흥공단_상가(상권)정보_API (data.go.kr 15012005),202606,2026-10-04
CW-MASANHAPPO,창원시 마산합포구,지에스25마산성호점,,편의점,경상남도 창원시 마산합포구 천하장사로 72,경상남도 창원시 마산합포구 성호동 50-4,오동동,128.571039239833,35.2105605579112,MA0101202507A0033485,소상공인시장진흥공단_상가(상권)정보_API (data.go.kr 15012005),202606,2026-10-04
CW-MASANHAPPO,창원시 마산합포구,씨유마산장군천하점,,편의점,경상남도 창원시 마산합포구 중앙남6길 104,경상남도 창원시 마산합포구 장군동3가 12-2,반월중앙동,128.565189837515,35.1964418129597,MA0101202506A0012914,소상공인시장진흥공단_상가(상권)정보_API (data.go.kr 15012005),202606,2026-10-04
CW-MASANHAPPO,창원시 마산합포구,세븐일레븐마산오동프리존점,,편의점,경상남도 창원시 마산합포구 합포로 102,경상남도 창원시 마산합포구 오동동 10-1,오동동,128.581325455637,35.2075697009267,MA0101202508A0034446,소상공인시장진흥공단_상가(상권)정보_API (data.go.kr 15012005),202606,2026-10-04
CW-MASANHAPPO,창원시 마산합포구,지에스25마산,자이점,편의점,경상남도 창원시 마산합포구 노산서18길 19,경상남도 창원시 마산합포구 교원동 46,교방동,128.569554669566,35.2150139049417,MA0101202511A0018650,소상공인시장진흥공단_상가(상권)정보_API (data.go.kr 15012005),202606,2026-10-04
CW-MASANHAPPO,창원시 마산합포구,옥이편의점,,편의점,경상남도 창원시 마산합포구 구산면 해양관광로 1600,경상남도 창원시 마산합포구 구산면 반동리 623,구산면,128.57253045009,35.0849886107067,MA010120220810413080,소상공인시장진흥공단_상가(상권)정보_API (data.go.kr 15012005),202606,2026-10-04
CW-MASANHAPPO,창원시 마산합포구,지에스25마산신,수정점,편의점,경상남도 창원시 마산합포구 315대로 232,경상남도 창원시 마산합포구 중앙동3가 4-37,반월중앙동,128.567509414368,35.198881200498,MA010120220810848105,소상공인시장진흥공단_상가(상권)정보_API (data.go.kr 15012005),202606,2026-10-04
CW-MASANHAPPO,창원시 마산합포구,세븐일레븐마산진동,신도시점,편의점,경상남도 창원시 마산합포구 진동면 신서촌1길 4,경상남도 창원시 마산합포구 진동면 진동리 437-4,진동면,128.486105495612,35.1179925778132,MA0101202501A0050797,소상공인시장진흥공단_상가(상권)정보_API (data.go.kr 15012005),202606,2026-10-04
CW-MASANHAPPO,창원시 마산합포구,세븐일레븐마산현동,센터점,편의점,경상남도 창원시 마산합포구 현동7길 32,경상남도 창원시 마산합포구 현동 376,현동,128.554178202232,35.1503407815816,MA0101202503A0072766,소상공인시장진흥공단_상가(상권)정보_API (data.go.kr 15012005),202606,2026-10-04
CW-MASANHAPPO,창원시 마산합포구,세븐일레븐마산산호야구장점,,편의점,경상남도 창원시 마산합포구 산호북17길 7,경상남도 창원시 마산합포구 산호동 24-57,산호동,128.583701821659,35.2208048174882,MA0101202504A0094294,소상공인시장진흥공단_상가(상권)정보_API (data.go.kr 15012005),202606,2026-10-04
CW-MASANHAPPO,창원시 마산합포구,지에스25마산,창포점,편의점,경상남도 창원시 마산합포구 문화동14길 46,경상남도 창원시 마산합포구 창포동3가 1-19,문화동,128.561413993757,35.1821518092841,MA0101202504A0048434,소상공인시장진흥공단_상가(상권)정보_API (data.go.kr 15012005),202606,2026-10-04
CW-MASANHAPPO,창원시 마산합포구,세븐마산산호야구장점,코리아,편의점,경상남도 창원시 마산합포구 산호북17길 7,경상남도 창원시 마산합포구 산호동 24-57,산호동,128.583701821659,35.2208048174882,MA010120220811231467,소상공인시장진흥공단_상가(상권)정보_API (data.go.kr 15012005),202606,2026-10-04
CW-MASANHAPPO,창원시 마산합포구,이마트24창원진동점,,편의점,경상남도 창원시 마산합포구 진동면 신서촌로 20,경상남도 창원시 마산합포구 진동면 진동리 627-5,진동면,128.486869854434,35.1159914121848,MA010120220814080553,소상공인시장진흥공단_상가(상권)정보_API (data.go.kr 15012005),202606,2026-10-04
CW-MASANHAPPO,창원시 마산합포구,씨유마산댓,거리점,편의점,경상남도 창원시 마산합포구 월영동2길 6,경상남도 창원시 마산합포구 해운동 5-92,월영동,128.558736341544,35.179320352456,MA0101202409A0088826,소상공인시장진흥공단_상가(상권)정보_API (data.go.kr 15012005),202606,2026-10-04
CW-MASANHAPPO,창원시 마산합포구,지에스25마산북성로점,,편의점,경상남도 창원시 마산합포구 북성로 70,경상남도 창원시 마산합포구 상남동 21-7,교방동,128.571424335906,35.2134485311283,MA0101202411A0116357,소상공인시장진흥공단_상가(상권)정보_API (data.go.kr 15012005),202606,2026-10-04
CW-MASANHAPPO,창원시 마산합포구,지에스25산호베스티움점,,편의점,경상남도 창원시 마산합포구 회원천북길 491,경상남도 창원시 마산합포구 산호동 644,합포동,128.581884732873,35.2092296808708,MA0101202411A0036807,소상공인시장진흥공단_상가(상권)정보_API (data.go.kr 15012005),202606,2026-10-04
CW-MASANHAPPO,창원시 마산합포구,지에스25산호대로점,,편의점,경상남도 창원시 마산합포구 합포로 250,경상남도 창원시 마산합포구 산호동 202-7,산호동,128.587333316125,35.2194865054113,MA0101202411A0041434,소상공인시장진흥공단_상가(상권)정보_API (data.go.kr 15012005),202606,2026-10-04
CW-MASANHAPPO,창원시 마산합포구,GS25마산세진점,,편의점,경상남도 창원시 마산합포구 해안대로 396,경상남도 창원시 마산합포구 오동동 319-1,오동동,128.582368699586,35.2047442103787,MA010120220810850288,소상공인시장진흥공단_상가(상권)정보_API (data.go.kr 15012005),202606,2026-10-04
CW-MASANHAPPO,창원시 마산합포구,씨유마산소가야가는길점,,편의점,경상남도 창원시 마산합포구 진전면 남해안대로 4368,경상남도 창원시 마산합포구 진전면 오서리 1457,진전면,128.401906568191,35.1012497140529,MA0101202406A0460732,소상공인시장진흥공단_상가(상권)정보_API (data.go.kr 15012005),202606,2026-10-04
CW-MASANHAPPO,창원시 마산합포구,이마트24마창대교유,보라점,편의점,경상남도 창원시 마산합포구 가포본동1길 18,경상남도 창원시 마산합포구 가포동 747,가포동,128.574614238568,35.1579627616098,MA0101202406A0080122,소상공인시장진흥공단_상가(상권)정보_API (data.go.kr 15012005),202606,2026-10-04
CW-MASANHAPPO,창원시 마산합포구,세븐일레븐마산합포,대성점,편의점,경상남도 창원시 마산합포구 315대로 42,경상남도 창원시 마산합포구 창포동2가 1-42,문화동,128.56006903222,35.1835750835566,MA0101202409A0081053,소상공인시장진흥공단_상가(상권)정보_API (data.go.kr 15012005),202606,2026-10-04
CW-MASANHAPPO,창원시 마산합포구,지에스25마산중성점,,편의점,경상남도 창원시 마산합포구 오동서1길 2,경상남도 창원시 마산합포구 중성동 83,오동동,128.576320038149,35.2070942415614,MA0101202409A0214602,소상공인시장진흥공단_상가(상권)정보_API (data.go.kr 15012005),202606,2026-10-04
CW-MASANHOEWON,창원시 마산회원구,마산구암고무인셀프편의점,,편의점,경상남도 창원시 마산회원구 팔용로 220,경상남도 창원시 마산회원구 구암동 44-5,구암2동,128.596824206098,35.2470564817112,MA010120220804325174,소상공인시장진흥공단_상가(상권)정보_API (data.go.kr 15012005),202606,2026-10-04
CW-MASANHOEWON,창원시 마산회원구,세븐마산역점,코리아,편의점,경상남도 창원시 마산회원구 마산역광장로 12,경상남도 창원시 마산회원구 석전동 226-9,석전동,128.578705275808,35.2355692208143,MA010120220810896719,소상공인시장진흥공단_상가(상권)정보_API (data.go.kr 15012005),202606,2026-10-04
CW-MASANHOEWON,창원시 마산회원구,씨유마산봉암무역점,,편의점,경상남도 창원시 마산회원구 봉암공단로 18,경상남도 창원시 마산회원구 봉암동 660-229,봉암동,128.600020837137,35.2173998222043,MA010120220810864710,소상공인시장진흥공단_상가(상권)정보_API (data.go.kr 15012005),202606,2026-10-04
CW-MASANHOEWON,창원시 마산회원구,지에스25회원대로점,,편의점,경상남도 창원시 마산회원구 회원서11길 1,경상남도 창원시 마산회원구 회원동 651-2,회원2동,128.560434723864,35.2170424453863,MA010120220804965811,소상공인시장진흥공단_상가(상권)정보_API (data.go.kr 15012005),202606,2026-10-04
CW-MASANHOEWON,창원시 마산회원구,지에스25석전센트리움점,,편의점,경상남도 창원시 마산회원구 양덕옛2길 129,경상남도 창원시 마산회원구 석전동 232-1,석전동,128.579920668597,35.2336697818023,MA010120220801143269,소상공인시장진흥공단_상가(상권)정보_API (data.go.kr 15012005),202606,2026-10-04
CW-MASANHOEWON,창원시 마산회원구,세븐일레븐마산,호계점,편의점,경상남도 창원시 마산회원구 내서읍 호원로 361-2,경상남도 창원시 마산회원구 내서읍 호계리 10,내서읍,128.525610353625,35.2657027196298,MA0101202409A0017963,소상공인시장진흥공단_상가(상권)정보_API (data.go.kr 15012005),202606,2026-10-04
CW-MASANHOEWON,창원시 마산회원구,씨유마산합성,제일점,편의점,경상남도 창원시 마산회원구 합성서9길 12,경상남도 창원시 마산회원구 합성동 85-20,합성1동,128.581853075701,35.2387184762387,MA010120220808779248,소상공인시장진흥공단_상가(상권)정보_API (data.go.kr 15012005),202606,2026-10-04
CW-MASANHOEWON,창원시 마산회원구,씨유마산육호,광장점,편의점,경상남도 창원시 마산회원구 315대로 504,경상남도 창원시 마산회원구 회원동 45-12,회원1동,128.574873803565,35.2191986491137,MA010120220800537516,소상공인시장진흥공단_상가(상권)정보_API (data.go.kr 15012005),202606,2026-10-04
CW-MASANHOEWON,창원시 마산회원구,GS25마산,구암점,편의점,경상남도 창원시 마산회원구 구암남10길 40,경상남도 창원시 마산회원구 구암동 86-63,구암2동,128.599429840319,35.2488335342406,MA010120220810853662,소상공인시장진흥공단_상가(상권)정보_API (data.go.kr 15012005),202606,2026-10-04
CW-MASANHOEWON,창원시 마산회원구,씨유다이노스창원,3호점,편의점,경상남도 창원시 마산회원구 삼호로 63,경상남도 창원시 마산회원구 양덕동 477,양덕2동,128.579573316727,35.2219853117579,MA010120220805334801,소상공인시장진흥공단_상가(상권)정보_API (data.go.kr 15012005),202606,2026-10-04
CW-MASANHOEWON,창원시 마산회원구,세븐일레븐마산양덕우성점,,편의점,경상남도 창원시 마산회원구 양덕서5길 56,경상남도 창원시 마산회원구 양덕동 888-25,양덕2동,128.577723556831,35.227416846763,MA010120220810256241,소상공인시장진흥공단_상가(상권)정보_API (data.go.kr 15012005),202606,2026-10-04
CW-MASANHOEWON,창원시 마산회원구,이마트24마산내서동신점,,편의점,경상남도 창원시 마산회원구 내서읍 중리상곡로 136,경상남도 창원시 마산회원구 내서읍 중리 1036,내서읍,128.512124932308,35.25197493132,MA010120220810849186,소상공인시장진흥공단_상가(상권)정보_API (data.go.kr 15012005),202606,2026-10-04
CW-MASANHOEWON,창원시 마산회원구,이마트24마산만복점,,편의점,경상남도 창원시 마산회원구 합성옛길 152,경상남도 창원시 마산회원구 합성동 266-17,합성2동,128.583952355698,35.2382133622827,MA010120220810885922,소상공인시장진흥공단_상가(상권)정보_API (data.go.kr 15012005),202606,2026-10-04
CW-MASANHOEWON,창원시 마산회원구,지에스25양덕,제일점,편의점,경상남도 창원시 마산회원구 양덕북18길 29,경상남도 창원시 마산회원구 양덕동 96-1,양덕1동,128.583677816517,35.2365226393851,MA0101202406A0206436,소상공인시장진흥공단_상가(상권)정보_API (data.go.kr 15012005),202606,2026-10-04
CW-MASANHOEWON,창원시 마산회원구,씨유마산죽암로점,,편의점,경상남도 창원시 마산회원구 내서읍 죽암로 30,경상남도 창원시 마산회원구 내서읍 중리 884-3,내서읍,128.510181932425,35.2568028096356,MA0101202406A0488684,소상공인시장진흥공단_상가(상권)정보_API (data.go.kr 15012005),202606,2026-10-04
CW-MASANHOEWON,창원시 마산회원구,세븐일레븐마산대동,삼계점,편의점,경상남도 창원시 마산회원구 내서읍 삼계5길 21,경상남도 창원시 마산회원구 내서읍 삼계리 33-5,내서읍,128.503617554713,35.2309558239686,MA0101202309A0049986,소상공인시장진흥공단_상가(상권)정보_API (data.go.kr 15012005),202606,2026-10-04
CW-MASANHOEWON,창원시 마산회원구,이마트24마산양덕,터미널점,편의점,경상남도 창원시 마산회원구 양덕남9길 3,경상남도 창원시 마산회원구 양덕동 154-11,양덕2동,128.587487060386,35.2223053506562,MA0101202409A0190274,소상공인시장진흥공단_상가(상권)정보_API (data.go.kr 15012005),202606,2026-10-04
CW-MASANHOEWON,창원시 마산회원구,지에스25합성햇살점,,편의점,경상남도 창원시 마산회원구 양덕천길 160,경상남도 창원시 마산회원구 합성동 340-25,합성2동,128.589520647104,35.2353465294406,MA0101202409A0203110,소상공인시장진흥공단_상가(상권)정보_API (data.go.kr 15012005),202606,2026-10-04
CW-MASANHOEWON,창원시 마산회원구,씨유마산호계하늘채,,편의점,경상남도 창원시 마산회원구 내서읍 호원로 359-1,경상남도 창원시 마산회원구 내서읍 호계리 80,내서읍,128.52434543729,35.2656375544094,MA0101202406A0389643,소상공인시장진흥공단_상가(상권)정보_API (data.go.kr 15012005),202606,2026-10-04
CW-MASANHOEWON,창원시 마산회원구,씨유마산중리비젼점,,편의점,경상남도 창원시 마산회원구 내서읍 함마대로 2775,경상남도 창원시 마산회원구 내서읍 중리 659-2,내서읍,128.516026514766,35.2508626433512,MA0101202406A0357966,소상공인시장진흥공단_상가(상권)정보_API (data.go.kr 15012005),202606,2026-10-04
CW-MASANHOEWON,창원시 마산회원구,비지에프리테일마산,삼계점,편의점,경상남도 창원시 마산회원구 내서읍 삼계4길 29,경상남도 창원시 마산회원구 내서읍 삼계리 22-6,내서읍,128.503589240666,35.2335878087887,MA0101202409A0014592,소상공인시장진흥공단_상가(상권)정보_API (data.go.kr 15012005),202606,2026-10-04
CW-MASANHOEWON,창원시 마산회원구,씨유마산상곡주공점,,편의점,경상남도 창원시 마산회원구 내서읍 상곡로 62,경상남도 창원시 마산회원구 내서읍 상곡리 190-10,내서읍,128.500068304965,35.245194460438,MA010120220803083196,소상공인시장진흥공단_상가(상권)정보_API (data.go.kr 15012005),202606,2026-10-04
CW-MASANHOEWON,창원시 마산회원구,씨유마산메트로5점,,편의점,경상남도 창원시 마산회원구 양덕서로 47,경상남도 창원시 마산회원구 양덕동 77-4,양덕2동,128.581550691702,35.2293676321585,MA010120220814102803,소상공인시장진흥공단_상가(상권)정보_API (data.go.kr 15012005),202606,2026-10-04
CW-MASANHOEWON,창원시 마산회원구,"용마정보통신,이마트24마산",양덕점,편의점,경상남도 창원시 마산회원구 양덕동2길 1,경상남도 창원시 마산회원구 양덕동 163-12,양덕2동,128.589912112904,35.2216336426654,MA010120220810848894,소상공인시장진흥공단_상가(상권)정보_API (data.go.kr 15012005),202606,2026-10-04
CW-MASANHOEWON,창원시 마산회원구,지에스25회원이편한,2차점,편의점,경상남도 창원시 마산회원구 회원남로 65,경상남도 창원시 마산회원구 회원동 314,회원2동,128.56950740574,35.21940354148,MA010120220813063467,소상공인시장진흥공단_상가(상권)정보_API (data.go.kr 15012005),202606,2026-10-04
CW-MASANHOEWON,창원시 마산회원구,GS25마산합성금강점,,편의점,경상남도 창원시 마산회원구 금강로 22-2,경상남도 창원시 마산회원구 합성동 99-1,합성1동,128.580332821641,35.2384950074843,MA010120220808494391,소상공인시장진흥공단_상가(상권)정보_API (data.go.kr 15012005),202606,2026-10-04
CW-MASANHOEWON,창원시 마산회원구,씨유마산양덕,중앙점,편의점,경상남도 창원시 마산회원구 양덕북9길 63,경상남도 창원시 마산회원구 양덕동 105-1,양덕1동,128.585752511591,35.2336295516054,MA010120220804839433,소상공인시장진흥공단_상가(상권)정보_API (data.go.kr 15012005),202606,2026-10-04
CW-MASANHOEWON,창원시 마산회원구,씨유다이노스창원,2호점,편의점,경상남도 창원시 마산회원구 삼호로 63,경상남도 창원시 마산회원구 양덕동 477,양덕2동,128.579573316727,35.2219853117579,MA010120220813693595,소상공인시장진흥공단_상가(상권)정보_API (data.go.kr 15012005),202606,2026-10-04
CW-MASANHOEWON,창원시 마산회원구,세븐일레븐마산역점,,편의점,경상남도 창원시 마산회원구 마산역광장로 12,경상남도 창원시 마산회원구 석전동 226-9,석전동,128.578705275808,35.2355692208143,MA0101202406A0070617,소상공인시장진흥공단_상가(상권)정보_API (data.go.kr 15012005),202606,2026-10-04
CW-MASANHOEWON,창원시 마산회원구,세븐일레븐마산신우점,,편의점,경상남도 창원시 마산회원구 북성로 188,경상남도 창원시 마산회원구 회원동 21-4,회원1동,128.571542174776,35.2241176400084,MA010120220808435721,소상공인시장진흥공단_상가(상권)정보_API (data.go.kr 15012005),202606,2026-10-04
CW-MASANHOEWON,창원시 마산회원구,씨유마산양덕,미소점,편의점,경상남도 창원시 마산회원구 양덕천길 33,경상남도 창원시 마산회원구 양덕동 52-26,양덕1동,128.586756463078,35.2304710909033,MA010120220803172740,소상공인시장진흥공단_상가(상권)정보_API (data.go.kr 15012005),202606,2026-10-04
CW-MASANHOEWON,창원시 마산회원구,지에스25중리원룸점,,편의점,경상남도 창원시 마산회원구 내서읍 중리상곡로 89,경상남도 창원시 마산회원구 내서읍 중리 1041-13,내서읍,128.509130498272,35.2486867398254,MA010120220802926138,소상공인시장진흥공단_상가(상권)정보_API (data.go.kr 15012005),202606,2026-10-04
CW-MASANHOEWON,창원시 마산회원구,코레일유통역(맞이방)편의점마산,,편의점,경상남도 창원시 마산회원구 마산역광장로 18,경상남도 창원시 마산회원구 합성동 764-3,합성1동,128.577221879995,35.2361112793254,MA010120220803224086,소상공인시장진흥공단_상가(상권)정보_API (data.go.kr 15012005),202606,2026-10-04
CW-MASANHOEWON,창원시 마산회원구,씨유마산,합성점,편의점,경상남도 창원시 마산회원구 합성동7길 48,경상남도 창원시 마산회원구 합성동 316-37,합성2동,128.590248400732,35.2422403965243,MA010120220805954440,소상공인시장진흥공단_상가(상권)정보_API (data.go.kr 15012005),202606,2026-10-04
CW-MASANHOEWON,창원시 마산회원구,세븐일레븐마산삼계,그린점,편의점,경상남도 창원시 마산회원구 내서읍 삼계본동2길 1,경상남도 창원시 마산회원구 내서읍 삼계리 493,내서읍,128.497343969245,35.2308623707419,MA010120220812729601,소상공인시장진흥공단_상가(상권)정보_API (data.go.kr 15012005),202606,2026-10-04
CW-MASANHOEWON,창원시 마산회원구,씨유마산합성,두산점,편의점,경상남도 창원시 마산회원구 합성남3길 71,경상남도 창원시 마산회원구 합성동 207-33,합성2동,128.587156651722,35.2380452038963,MA0101202310A0038073,소상공인시장진흥공단_상가(상권)정보_API (data.go.kr 15012005),202606,2026-10-04
CW-MASANHOEWON,창원시 마산회원구,지에스25마산구암,시장점,편의점,경상남도 창원시 마산회원구 구암서6길 7,경상남도 창원시 마산회원구 구암동 19-1,구암1동,128.5919452586,35.248121138589,MA010120220810848589,소상공인시장진흥공단_상가(상권)정보_API (data.go.kr 15012005),202606,2026-10-04
CW-MASANHOEWON,창원시 마산회원구,씨유마산합성,중앙점,편의점,경상남도 창원시 마산회원구 합성옛길 251,경상남도 창원시 마산회원구 합성동 157-8,합성2동,128.586830540088,35.2421681074291,MA010120220806800079,소상공인시장진흥공단_상가(상권)정보_API (data.go.kr 15012005),202606,2026-10-04
CW-MASANHOEWON,창원시 마산회원구,지에스리테일H&B창원,합성점,편의점,경상남도 창원시 마산회원구 315대로 738,경상남도 창원시 마산회원구 합성동 126-31,합성2동,128.582537375134,35.2377542227733,MA010120220808071715,소상공인시장진흥공단_상가(상권)정보_API (data.go.kr 15012005),202606,2026-10-04
CW-MASANHOEWON,창원시 마산회원구,씨유다이노스창원,5호점,편의점,경상남도 창원시 마산회원구 삼호로 63,경상남도 창원시 마산회원구 양덕동 477,양덕2동,128.579573316727,35.2219853117579,MA010120220804813293,소상공인시장진흥공단_상가(상권)정보_API (data.go.kr 15012005),202606,2026-10-04
CW-MASANHOEWON,창원시 마산회원구,씨유마산수출3공구점,,편의점,경상남도 창원시 마산회원구 봉암공단13길 15-19,경상남도 창원시 마산회원구 봉암동 666,봉암동,128.601388097775,35.2171203829589,MA010120220810852681,소상공인시장진흥공단_상가(상권)정보_API (data.go.kr 15012005),202606,2026-10-04
CW-MASANHOEWON,창원시 마산회원구,지에스25내서한우리점,,편의점,경상남도 창원시 마산회원구 내서읍 삼계1길 32,경상남도 창원시 마산회원구 내서읍 삼계리 38,내서읍,128.50430041271,35.2280813804594,MA0101202308A0036509,소상공인시장진흥공단_상가(상권)정보_API (data.go.kr 15012005),202606,2026-10-04
CW-MASANHOEWON,창원시 마산회원구,CU마산삼계미래점,,편의점,경상남도 창원시 마산회원구 내서읍 삼풍로 53,경상남도 창원시 마산회원구 내서읍 삼계리 35-10,내서읍,128.501755537951,35.2306454837044,MA010120220813908304,소상공인시장진흥공단_상가(상권)정보_API (data.go.kr 15012005),202606,2026-10-04
CW-MASANHOEWON,창원시 마산회원구,지에스25내서,프라자점,편의점,경상남도 창원시 마산회원구 내서읍 광려천서로 81,경상남도 창원시 마산회원구 내서읍 중리 1043-1,내서읍,128.510663772028,35.2490190898991,MA010120220806441903,소상공인시장진흥공단_상가(상권)정보_API (data.go.kr 15012005),202606,2026-10-04
CW-MASANHOEWON,창원시 마산회원구,세븐일레븐마산내서그랜드점,,편의점,경상남도 창원시 마산회원구 내서읍 호계본동로 17-2,경상남도 창원시 마산회원구 내서읍 호계리 790-124,내서읍,128.521036881556,35.2614704221973,MA010120220810880305,소상공인시장진흥공단_상가(상권)정보_API (data.go.kr 15012005),202606,2026-10-04
CW-MASANHOEWON,창원시 마산회원구,씨유마산삼계포스점,,편의점,경상남도 창원시 마산회원구 내서읍 광려로 24,경상남도 창원시 마산회원구 내서읍 삼계리 275-1,내서읍,128.502890909258,35.2249084843153,MA010120220811428827,소상공인시장진흥공단_상가(상권)정보_API (data.go.kr 15012005),202606,2026-10-04
CW-MASANHOEWON,창원시 마산회원구,씨유마산호계국제점,,편의점,경상남도 창원시 마산회원구 내서읍 호계본동로 36,경상남도 창원시 마산회원구 내서읍 호계리 790-23,내서읍,128.521502208706,35.263438280776,MA010120220813164255,소상공인시장진흥공단_상가(상권)정보_API (data.go.kr 15012005),202606,2026-10-04
CW-MASANHOEWON,창원시 마산회원구,씨유마산삼계미래점,,편의점,경상남도 창원시 마산회원구 내서읍 삼풍로 53,경상남도 창원시 마산회원구 내서읍 삼계리 35-10,내서읍,128.501755537951,35.2306454837044,MA010120220805683097,소상공인시장진흥공단_상가(상권)정보_API (data.go.kr 15012005),202606,2026-10-04
CW-MASANHOEWON,창원시 마산회원구,채널큐편의점,,편의점,경상남도 창원시 마산회원구 315대로 504,경상남도 창원시 마산회원구 회원동 45-12,회원1동,128.574873803565,35.2191986491137,MA010120220810849732,소상공인시장진흥공단_상가(상권)정보_API (data.go.kr 15012005),202606,2026-10-04
CW-MASANHOEWON,창원시 마산회원구,씨유뉴창신대학교점,,편의점,경상남도 창원시 마산회원구 팔용로 262,경상남도 창원시 마산회원구 합성동 1,합성2동,128.599590052452,35.2446857655247,MA0101202211A0048675,소상공인시장진흥공단_상가(상권)정보_API (data.go.kr 15012005),202606,2026-10-04
CW-MASANHOEWON,창원시 마산회원구,씨유마산자유무역,후문점,편의점,경상남도 창원시 마산회원구 자유무역2길 226,경상남도 창원시 마산회원구 양덕동 410-47,봉암동,128.590274877023,35.2210881367422,MA0101202306A0061219,소상공인시장진흥공단_상가(상권)정보_API (data.go.kr 15012005),202606,2026-10-04
CW-MASANHOEWON,창원시 마산회원구,지에스25마산,합성점,편의점,경상남도 창원시 마산회원구 합성남7길 6,경상남도 창원시 마산회원구 합성동 265-13,합성2동,128.58473517422,35.2377975585114,MA010120220810886823,소상공인시장진흥공단_상가(상권)정보_API (data.go.kr 15012005),202606,2026-10-04
CW-MASANHOEWON,창원시 마산회원구,씨유마산회원,센트럴점,편의점,경상남도 창원시 마산회원구 회원남로 81,경상남도 창원시 마산회원구 회원동 352-5,회원1동,128.570120700446,35.2193144758287,MA010120220806844683,소상공인시장진흥공단_상가(상권)정보_API (data.go.kr 15012005),202606,2026-10-04
CW-MASANHOEWON,창원시 마산회원구,지에스25봉암재미점,,편의점,경상남도 창원시 마산회원구 봉암공단5길 51,경상남도 창원시 마산회원구 봉암동 660-15,봉암동,128.597332595901,35.2163989111407,MA010120220805535382,소상공인시장진흥공단_상가(상권)정보_API (data.go.kr 15012005),202606,2026-10-04
CW-MASANHOEWON,창원시 마산회원구,세븐일레븐마산석전,시장점,편의점,경상남도 창원시 마산회원구 석전동15길 45,경상남도 창원시 마산회원구 석전동 222-15,석전동,128.580042334703,35.2371109027903,MA010120220802898942,소상공인시장진흥공단_상가(상권)정보_API (data.go.kr 15012005),202606,2026-10-04
CW-MASANHOEWON,창원시 마산회원구,씨유마산산호무학점,,편의점,경상남도 창원시 마산회원구 산호서6길 1,경상남도 창원시 마산회원구 회원동 1-14,회원1동,128.57843867061,35.219539742856,MA0101202302A0008269,소상공인시장진흥공단_상가(상권)정보_API (data.go.kr 15012005),202606,2026-10-04
CW-MASANHOEWON,창원시 마산회원구,지에스25내서,화성점,편의점,경상남도 창원시 마산회원구 내서읍 삼계8길 31,경상남도 창원시 마산회원구 내서읍 삼계리 14,내서읍,128.500573243589,35.2332467212187,MA0101202303A0038756,소상공인시장진흥공단_상가(상권)정보_API (data.go.kr 15012005),202606,2026-10-04
CW-MASANHOEWON,창원시 마산회원구,씨유합성,터미널점,편의점,경상남도 창원시 마산회원구 315대로 780,경상남도 창원시 마산회원구 합성동 160-1,합성2동,128.584883516434,35.2409048647076,MA0101202302A0002260,소상공인시장진흥공단_상가(상권)정보_API (data.go.kr 15012005),202606,2026-10-04
CW-MASANHOEWON,창원시 마산회원구,세븐일레븐마산팔용로점,,편의점,경상남도 창원시 마산회원구 팔용로 53,경상남도 창원시 마산회원구 양덕동 23-2,양덕1동,128.587720899916,35.2343067028632,MA0101202301A0012514,소상공인시장진흥공단_상가(상권)정보_API (data.go.kr 15012005),202606,2026-10-04
CW-MASANHOEWON,창원시 마산회원구,씨유마산구암,대동점,편의점,경상남도 창원시 마산회원구 구암남11길 20,경상남도 창원시 마산회원구 구암동 97-8,구암2동,128.601107467966,35.2497846713058,MA0101202302A0058692,소상공인시장진흥공단_상가(상권)정보_API (data.go.kr 15012005),202606,2026-10-04
CW-MASANHOEWON,창원시 마산회원구,이마트24마산석전동로점,,편의점,경상남도 창원시 마산회원구 석전동로 25,경상남도 창원시 마산회원구 석전동 251-4,석전동,128.574171463889,35.2323027307702,MA010120220806432357,소상공인시장진흥공단_상가(상권)정보_API (data.go.kr 15012005),202606,2026-10-04
CW-MASANHOEWON,창원시 마산회원구,지에스25마산팔,거리점,편의점,경상남도 창원시 마산회원구 교방시장3길 2,경상남도 창원시 마산회원구 회원동 659-21,회원2동,128.563088668802,35.2185673429632,MA010120220811097919,소상공인시장진흥공단_상가(상권)정보_API (data.go.kr 15012005),202606,2026-10-04
CW-MASANHOEWON,창원시 마산회원구,더까까주까,구암점,편의점,경상남도 창원시 마산회원구 구암북12길 20,경상남도 창원시 마산회원구 구암동 1332-10,구암1동,128.59796102315,35.2557202988468,MA0101202302A0043505,소상공인시장진흥공단_상가(상권)정보_API (data.go.kr 15012005),202606,2026-10-04
CW-MASANHOEWON,창원시 마산회원구,세븐마산대동삼계점주,코리아,편의점,경상남도 창원시 마산회원구 내서읍 삼계5길 21,경상남도 창원시 마산회원구 내서읍 삼계리 33-5,내서읍,128.503617554713,35.2309558239686,MA010120220810897112,소상공인시장진흥공단_상가(상권)정보_API (data.go.kr 15012005),202606,2026-10-04
CW-MASANHOEWON,창원시 마산회원구,지에스25마산삼계,대동점,편의점,경상남도 창원시 마산회원구 내서읍 광려로 29,경상남도 창원시 마산회원구 내서읍 삼계리 260,내서읍,128.503258778176,35.2240116828576,MA010120220808277530,소상공인시장진흥공단_상가(상권)정보_API (data.go.kr 15012005),202606,2026-10-04
CW-MASANHOEWON,창원시 마산회원구,CU봉암공단점,,편의점,경상남도 창원시 마산회원구 봉암공단3길 120,경상남도 창원시 마산회원구 봉암동 666-64,봉암동,128.604982347135,35.2122601967693,MA010120220804729302,소상공인시장진흥공단_상가(상권)정보_API (data.go.kr 15012005),202606,2026-10-04
CW-MASANHOEWON,창원시 마산회원구,세븐마산터미널1호주,코리아,편의점,경상남도 창원시 마산회원구 315대로 756,경상남도 창원시 마산회원구 합성동 267,합성2동,128.583531291616,35.2391561543492,MA010120220810896777,소상공인시장진흥공단_상가(상권)정보_API (data.go.kr 15012005),202606,2026-10-04
CW-MASANHOEWON,창원시 마산회원구,아이지에이마트마산봉암점,,편의점,경상남도 창원시 마산회원구 봉암공단9길 45,경상남도 창원시 마산회원구 봉암동 660-116,봉암동,128.597661238437,35.21355568947,MA010120220804974396,소상공인시장진흥공단_상가(상권)정보_API (data.go.kr 15012005),202606,2026-10-04
CW-MASANHOEWON,창원시 마산회원구,세븐일레븐마산,양덕점,편의점,경상남도 창원시 마산회원구 합성옛길 41,경상남도 창원시 마산회원구 양덕동 12-42,양덕1동,128.582616373816,35.2339049271977,MA010120220808430930,소상공인시장진흥공단_상가(상권)정보_API (data.go.kr 15012005),202606,2026-10-04
CW-MASANHOEWON,창원시 마산회원구,씨유다이노스창원,1호점,편의점,경상남도 창원시 마산회원구 삼호로 63,경상남도 창원시 마산회원구 양덕동 477,양덕2동,128.579573316727,35.2219853117579,MA010120220804132280,소상공인시장진흥공단_상가(상권)정보_API (data.go.kr 15012005),202606,2026-10-04
CW-MASANHOEWON,창원시 마산회원구,이마트24마산양덕,스타점,편의점,경상남도 창원시 마산회원구 합성남로 50-1,경상남도 창원시 마산회원구 양덕동 826-54,양덕1동,128.587327032608,35.2360782842327,MA010120220807100163,소상공인시장진흥공단_상가(상권)정보_API (data.go.kr 15012005),202606,2026-10-04
CW-MASANHOEWON,창원시 마산회원구,이마트24마산365,병원점,편의점,경상남도 창원시 마산회원구 315대로 686,경상남도 창원시 마산회원구 석전동 232-5,석전동,128.579415696287,35.2336853858589,MA010120220804797468,소상공인시장진흥공단_상가(상권)정보_API (data.go.kr 15012005),202606,2026-10-04
CW-MASANHOEWON,창원시 마산회원구,씨유구암학원점,,편의점,경상남도 창원시 마산회원구 구암북11길 23,경상남도 창원시 마산회원구 구암동 266-19,구암1동,128.596664368048,35.2551516207264,MA010120220812401778,소상공인시장진흥공단_상가(상권)정보_API (data.go.kr 15012005),202606,2026-10-04
CW-MASANHOEWON,창원시 마산회원구,세븐마산터미널2호주,코리아,편의점,경상남도 창원시 마산회원구 315대로 756,경상남도 창원시 마산회원구 합성동 267,합성2동,128.583531291616,35.2391561543492,MA010120220810896776,소상공인시장진흥공단_상가(상권)정보_API (data.go.kr 15012005),202606,2026-10-04
CW-MASANHOEWON,창원시 마산회원구,세븐일레븐마산터미널,2호점,편의점,경상남도 창원시 마산회원구 315대로 750,경상남도 창원시 마산회원구 합성동 267,합성2동,128.583126651405,35.2386837960653,MA0101202210A0082286,소상공인시장진흥공단_상가(상권)정보_API (data.go.kr 15012005),202606,2026-10-04
CW-MASANHOEWON,창원시 마산회원구,세븐일레븐창원호계서광점,,편의점,경상남도 창원시 마산회원구 내서읍 호계안길 36,경상남도 창원시 마산회원구 내서읍 호계리 357,내서읍,128.519753197724,35.2562773983658,MA0101202209A0079973,소상공인시장진흥공단_상가(상권)정보_API (data.go.kr 15012005),202606,2026-10-04
CW-MASANHOEWON,창원시 마산회원구,씨유마산구암오렌지점,,편의점,경상남도 창원시 마산회원구 구암서6길 2,경상남도 창원시 마산회원구 구암동 11-7,구암1동,128.592381948909,35.2479802076659,MA010120220810886374,소상공인시장진흥공단_상가(상권)정보_API (data.go.kr 15012005),202606,2026-10-04
CW-MASANHOEWON,창원시 마산회원구,세븐일레븐마산회원스마일점,,편의점,경상남도 창원시 마산회원구 회원동서로 19,경상남도 창원시 마산회원구 회원동 48-21,회원1동,128.572758603987,35.2188566461061,MA0101202602A0034111,소상공인시장진흥공단_상가(상권)정보_API (data.go.kr 15012005),202606,2026-10-04
CW-MASANHOEWON,창원시 마산회원구,지에스25마산무학여중고점,,편의점,경상남도 창원시 마산회원구 회원동33길 25-23,경상남도 창원시 마산회원구 회원동 112-11,회원1동,128.57502816122,35.2220715821816,MA010120220810478378,소상공인시장진흥공단_상가(상권)정보_API (data.go.kr 15012005),202606,2026-10-04
CW-MASANHOEWON,창원시 마산회원구,세븐일레븐마산자유무역점,,편의점,경상남도 창원시 마산회원구 봉암공단로 32,경상남도 창원시 마산회원구 봉암동 660-199,봉암동,128.600080726495,35.2159750831855,MA010120220803027449,소상공인시장진흥공단_상가(상권)정보_API (data.go.kr 15012005),202606,2026-10-04
CW-MASANHOEWON,창원시 마산회원구,석전플러스원,,편의점,경상남도 창원시 마산회원구 석전동7길 7,경상남도 창원시 마산회원구 석전동 258-1,석전동,128.575349794166,35.2301875218731,MA010120220812590119,소상공인시장진흥공단_상가(상권)정보_API (data.go.kr 15012005),202606,2026-10-04
CW-MASANHOEWON,창원시 마산회원구,씨유마산석전점,,편의점,경상남도 창원시 마산회원구 삼호로 235,경상남도 창원시 마산회원구 석전동 273-52,석전동,128.568643626668,35.2310136455564,MA010120220810871983,소상공인시장진흥공단_상가(상권)정보_API (data.go.kr 15012005),202606,2026-10-04
CW-MASANHOEWON,창원시 마산회원구,지에스25메트로,센텀점,편의점,경상남도 창원시 마산회원구 용마로 130,경상남도 창원시 마산회원구 양덕동 149-20,양덕2동,128.586095204121,35.2235853260115,MA010120220808310569,소상공인시장진흥공단_상가(상권)정보_API (data.go.kr 15012005),202606,2026-10-04
CW-MASANHOEWON,창원시 마산회원구,씨유마산메트로6점,,편의점,경상남도 창원시 마산회원구 율림교로 6,경상남도 창원시 마산회원구 양덕동 59-3,양덕2동,128.584474520332,35.2289148195371,MA010120220810865697,소상공인시장진흥공단_상가(상권)정보_API (data.go.kr 15012005),202606,2026-10-04
CW-MASANHOEWON,창원시 마산회원구,씨유마산양덕,터미널점,편의점,경상남도 창원시 마산회원구 합포로 288,경상남도 창원시 마산회원구 양덕동 154-3,양덕2동,128.587561539797,35.2227459781529,MA010120220810839913,소상공인시장진흥공단_상가(상권)정보_API (data.go.kr 15012005),202606,2026-10-04
CW-MASANHOEWON,창원시 마산회원구,지에스리테일GS25마산주,합성점,편의점,경상남도 창원시 마산회원구 합성남7길 6,경상남도 창원시 마산회원구 합성동 265-13,합성2동,128.58473517422,35.2377975585114,MA010120220810896921,소상공인시장진흥공단_상가(상권)정보_API (data.go.kr 15012005),202606,2026-10-04
CW-MASANHOEWON,창원시 마산회원구,다바다솔루션,,편의점,경상남도 창원시 마산회원구 팔용로 158,경상남도 창원시 마산회원구 합성동 50,합성2동,128.591965842963,35.242992870753,MA010120220812852018,소상공인시장진흥공단_상가(상권)정보_API (data.go.kr 15012005),202606,2026-10-04
CW-MASANHOEWON,창원시 마산회원구,씨유다이노스창원,6호점,편의점,경상남도 창원시 마산회원구 삼호로 63,경상남도 창원시 마산회원구 양덕동 477,양덕2동,128.579573316727,35.2219853117579,MA010120220811299403,소상공인시장진흥공단_상가(상권)정보_API (data.go.kr 15012005),202606,2026-10-04
CW-MASANHOEWON,창원시 마산회원구,씨유마산,중리점,편의점,경상남도 창원시 마산회원구 내서읍 중리상곡로 90,경상남도 창원시 마산회원구 내서읍 중리 1042-6,내서읍,128.509600464786,35.2485547033798,MA010120220810841803,소상공인시장진흥공단_상가(상권)정보_API (data.go.kr 15012005),202606,2026-10-04
CW-MASANHOEWON,창원시 마산회원구,씨유마산석전,센텀점,편의점,경상남도 창원시 마산회원구 양덕서8길 14,경상남도 창원시 마산회원구 석전동 245-19,석전동,128.578518464831,35.2315972188526,MA010120220802511898,소상공인시장진흥공단_상가(상권)정보_API (data.go.kr 15012005),202606,2026-10-04
CW-MASANHOEWON,창원시 마산회원구,씨유합성스마일점,,편의점,경상남도 창원시 마산회원구 양덕북4길 11,경상남도 창원시 마산회원구 합성동 126-9,합성2동,128.582681669162,35.2372656702352,MA010120220810839507,소상공인시장진흥공단_상가(상권)정보_API (data.go.kr 15012005),202606,2026-10-04
CW-MASANHOEWON,창원시 마산회원구,이마트24마산회원점,,편의점,경상남도 창원시 마산회원구 315대로 477,경상남도 창원시 마산회원구 회원동 62-54,회원1동,128.575117484613,35.217032511883,MA010120220813696578,소상공인시장진흥공단_상가(상권)정보_API (data.go.kr 15012005),202606,2026-10-04
CW-MASANHOEWON,창원시 마산회원구,지에스25마산내서대로점,,편의점,경상남도 창원시 마산회원구 내서읍 경남대로 1027,경상남도 창원시 마산회원구 내서읍 상곡리 196-1,내서읍,128.504850546706,35.241809494351,MA010120220808146837,소상공인시장진흥공단_상가(상권)정보_API (data.go.kr 15012005),202606,2026-10-04
CW-MASANHOEWON,창원시 마산회원구,GS25마산석전점,,편의점,경상남도 창원시 마산회원구 석전동13길 28,경상남도 창원시 마산회원구 석전동 234-1,석전동,128.577787123864,35.2335353959426,MA010120220807171563,소상공인시장진흥공단_상가(상권)정보_API (data.go.kr 15012005),202606,2026-10-04
CW-MASANHOEWON,창원시 마산회원구,지에스25메트로석전점,,편의점,경상남도 창원시 마산회원구 석전남10길 25,경상남도 창원시 마산회원구 석전동 264-1,석전동,128.572661803882,35.2280685314495,MA010120220809298247,소상공인시장진흥공단_상가(상권)정보_API (data.go.kr 15012005),202606,2026-10-04
CW-MASANHOEWON,창원시 마산회원구,GS25호계하늘채점,,편의점,경상남도 창원시 마산회원구 내서읍 호원로 361-3,경상남도 창원시 마산회원구 내서읍 호계리 10,내서읍,128.524984307355,35.2663054295902,MA010120220802964005,소상공인시장진흥공단_상가(상권)정보_API (data.go.kr 15012005),202606,2026-10-04
CW-MASANHOEWON,창원시 마산회원구,씨유마산석전스마일점,,편의점,경상남도 창원시 마산회원구 석전남8길 61,경상남도 창원시 마산회원구 석전동 264-30,석전동,128.571932268469,35.2266901073163,MA010120220808098934,소상공인시장진흥공단_상가(상권)정보_API (data.go.kr 15012005),202606,2026-10-04
CW-MASANHOEWON,창원시 마산회원구,지에스25호계,사거리점,편의점,경상남도 창원시 마산회원구 내서읍 호원로 230,경상남도 창원시 마산회원구 내서읍 호계리 284-2,내서읍,128.521487601777,35.253840279501,MA0101202604A0020234,소상공인시장진흥공단_상가(상권)정보_API (data.go.kr 15012005),202606,2026-10-04
CW-MASANHOEWON,창원시 마산회원구,세븐일레븐마산회원봉암점,,편의점,경상남도 창원시 마산회원구 봉양로 83,경상남도 창원시 마산회원구 봉암동 461-12,봉암동,128.596509218667,35.2208979133644,MA0101202604A0012697,소상공인시장진흥공단_상가(상권)정보_API (data.go.kr 15012005),202606,2026-10-04
CW-MASANHOEWON,창원시 마산회원구,씨유구암학원점,,편의점,경상남도 창원시 마산회원구 구암북11길 23,경상남도 창원시 마산회원구 구암동 266-19,구암1동,128.596664368048,35.2551516207264,MA010120220810862638,소상공인시장진흥공단_상가(상권)정보_API (data.go.kr 15012005),202606,2026-10-04
CW-MASANHOEWON,창원시 마산회원구,지에스25마산혁신,센터점,편의점,경상남도 창원시 마산회원구 자유무역3길 204,경상남도 창원시 마산회원구 양덕동 410-60,봉암동,128.594093219908,35.2203439568817,MA010120220812943698,소상공인시장진흥공단_상가(상권)정보_API (data.go.kr 15012005),202606,2026-10-04
CW-MASANHOEWON,창원시 마산회원구,씨유중리공단점,,편의점,경상남도 창원시 마산회원구 내서읍 중리공단로 105,경상남도 창원시 마산회원구 내서읍 중리 1127-10,내서읍,128.509214200381,35.2407547690378,MA010120220810868023,소상공인시장진흥공단_상가(상권)정보_API (data.go.kr 15012005),202606,2026-10-04
CW-MASANHOEWON,창원시 마산회원구,씨유마산자유무역점,,편의점,경상남도 창원시 마산회원구 자유무역1길 92,경상남도 창원시 마산회원구 양덕동 975-1,봉암동,128.590462134465,35.2143624723566,MA0106202605A1833592,소상공인시장진흥공단_상가(상권)정보_API (data.go.kr 15012005),202606,2026-10-04
CW-MASANHOEWON,창원시 마산회원구,씨유마산석전,부영점,편의점,경상남도 창원시 마산회원구 양덕로 190,경상남도 창원시 마산회원구 석전동 224-8,석전동,128.580415738686,35.2342761557255,MA010120220807792890,소상공인시장진흥공단_상가(상권)정보_API (data.go.kr 15012005),202606,2026-10-04
CW-MASANHOEWON,창원시 마산회원구,세븐일레븐마산합성,중앙점,편의점,경상남도 창원시 마산회원구 합성옛길 81,경상남도 창원시 마산회원구 합성동 732-7,합성2동,128.581968592143,35.2356167269007,MA010120220810859453,소상공인시장진흥공단_상가(상권)정보_API (data.go.kr 15012005),202606,2026-10-04
CW-MASANHOEWON,창원시 마산회원구,씨유마산무학여고,정문점,편의점,경상남도 창원시 마산회원구 회원동33길 25-23,경상남도 창원시 마산회원구 회원동 112-11,회원1동,128.57502816122,35.2220715821816,MA010120220808634525,소상공인시장진흥공단_상가(상권)정보_API (data.go.kr 15012005),202606,2026-10-04
CW-MASANHOEWON,창원시 마산회원구,이마트24마산석전동로점,,편의점,경상남도 창원시 마산회원구 석전동로 25,경상남도 창원시 마산회원구 석전동 251-4,석전동,128.574171463889,35.2323027307702,MA010120220800656657,소상공인시장진흥공단_상가(상권)정보_API (data.go.kr 15012005),202606,2026-10-04
CW-MASANHOEWON,창원시 마산회원구,세븐일레븐마산석전메트로점,,편의점,경상남도 창원시 마산회원구 석전남1길 38,경상남도 창원시 마산회원구 석전동 303,석전동,128.570131934183,35.2273082930771,MA0101202603A0021605,소상공인시장진흥공단_상가(상권)정보_API (data.go.kr 15012005),202606,2026-10-04
CW-MASANHOEWON,창원시 마산회원구,지에스25마산회성점,,편의점,경상남도 창원시 마산회원구 회성남10길 2,경상남도 창원시 마산회원구 회성동 448-1,회성동,128.558764382142,35.2336377223249,MA0101202508A0011524,소상공인시장진흥공단_상가(상권)정보_API (data.go.kr 15012005),202606,2026-10-04
CW-MASANHOEWON,창원시 마산회원구,씨유마산합성,제일점,편의점,경상남도 창원시 마산회원구 합성서9길 12,경상남도 창원시 마산회원구 합성동 85-20,합성1동,128.581853075701,35.2387184762387,MA010120220812310190,소상공인시장진흥공단_상가(상권)정보_API (data.go.kr 15012005),202606,2026-10-04
CW-MASANHOEWON,창원시 마산회원구,지에스25합성서로점,,편의점,경상남도 창원시 마산회원구 합성서3길 11,경상남도 창원시 마산회원구 합성동 122-1,합성1동,128.584399535277,35.24200169285,MA010120220804152890,소상공인시장진흥공단_상가(상권)정보_API (data.go.kr 15012005),202606,2026-10-04
CW-MASANHOEWON,창원시 마산회원구,씨유마산내서점,,편의점,경상남도 창원시 마산회원구 내서읍 중리공단로6길 33,경상남도 창원시 마산회원구 내서읍 중리 1117-5,내서읍,128.515746537411,35.2493971299555,MA010120220807368930,소상공인시장진흥공단_상가(상권)정보_API (data.go.kr 15012005),202606,2026-10-04
CW-MASANHOEWON,창원시 마산회원구,CU마산석전,시장점,편의점,경상남도 창원시 마산회원구 석전동5길 50,경상남도 창원시 마산회원구 석전동 256-41,석전동,128.573892990094,35.2298279583834,MA010120220805404527,소상공인시장진흥공단_상가(상권)정보_API (data.go.kr 15012005),202606,2026-10-04
CW-MASANHOEWON,창원시 마산회원구,씨유석전은혜점,,편의점,경상남도 창원시 마산회원구 석전동로 11,경상남도 창원시 마산회원구 석전동 248-1,석전동,128.575596247737,35.2315722139905,MA010120220810837543,소상공인시장진흥공단_상가(상권)정보_API (data.go.kr 15012005),202606,2026-10-04
CW-MASANHOEWON,창원시 마산회원구,GS25마산,삼계점,편의점,경상남도 창원시 마산회원구 내서읍 삼계3길 5,경상남도 창원시 마산회원구 내서읍 삼계리 30-6,내서읍,128.5040920842,35.2316709226608,MA010120220810846251,소상공인시장진흥공단_상가(상권)정보_API (data.go.kr 15012005),202606,2026-10-04
CW-MASANHOEWON,창원시 마산회원구,씨유마산메트로,센텀점,편의점,경상남도 창원시 마산회원구 용마로 130,경상남도 창원시 마산회원구 양덕동 149-20,양덕2동,128.586095204121,35.2235853260115,MA0106202507A1337266,소상공인시장진흥공단_상가(상권)정보_API (data.go.kr 15012005),202606,2026-10-04
CW-MASANHOEWON,창원시 마산회원구,씨유마산회성현대점,,편의점,경상남도 창원시 마산회원구 송평로 25,경상남도 창원시 마산회원구 회성동 195-5,회성동,128.559714148753,35.2356262285556,MA0101202512A0040602,소상공인시장진흥공단_상가(상권)정보_API (data.go.kr 15012005),202606,2026-10-04
CW-MASANHOEWON,창원시 마산회원구,지에스25마산봉암점,,편의점,경상남도 창원시 마산회원구 봉암북4길 42,경상남도 창원시 마산회원구 봉암동 451-25,봉암동,128.597420790048,35.2225802020592,MA0101202508A0029810,소상공인시장진흥공단_상가(상권)정보_API (data.go.kr 15012005),202606,2026-10-04
CW-MASANHOEWON,창원시 마산회원구,씨유마산양덕한일,2차점,편의점,경상남도 창원시 마산회원구 양덕남1길 24-1,경상남도 창원시 마산회원구 양덕동 64-2,양덕2동,128.582328712261,35.2309706695803,MA0101202508A0004311,소상공인시장진흥공단_상가(상권)정보_API (data.go.kr 15012005),202606,2026-10-04
CW-MASANHOEWON,창원시 마산회원구,씨유마산구암,플러스점,편의점,경상남도 창원시 마산회원구 구암동4길 11,경상남도 창원시 마산회원구 구암동 1357-1,구암2동,128.600215479824,35.2530318795105,MA0101202511A0039169,소상공인시장진흥공단_상가(상권)정보_API (data.go.kr 15012005),202606,2026-10-04
CW-MASANHOEWON,창원시 마산회원구,씨유마산석전아람점,,편의점,경상남도 창원시 마산회원구 석전동3길 24,경상남도 창원시 마산회원구 석전동 251-45,석전동,128.573539108507,35.2314097204927,MA0101202603A0004601,소상공인시장진흥공단_상가(상권)정보_API (data.go.kr 15012005),202606,2026-10-04
CW-MASANHOEWON,창원시 마산회원구,씨유마산양덕,롯데점,편의점,경상남도 창원시 마산회원구 양덕로 8,경상남도 창원시 마산회원구 봉암동 436-1,봉암동,128.593399040707,35.2219122305806,MA0101202503A0073408,소상공인시장진흥공단_상가(상권)정보_API (data.go.kr 15012005),202606,2026-10-04
CW-MASANHOEWON,창원시 마산회원구,세븐일레븐마산구암마크원점,,편의점,경상남도 창원시 마산회원구 315대로 874,경상남도 창원시 마산회원구 구암동 78-5,구암2동,128.592071189687,35.2466955390891,MA0101202502A0015930,소상공인시장진흥공단_상가(상권)정보_API (data.go.kr 15012005),202606,2026-10-04
CW-MASANHOEWON,창원시 마산회원구,씨유뉴양덕베스트점,,편의점,경상남도 창원시 마산회원구 양덕동2길 19,경상남도 창원시 마산회원구 양덕동 163-18,양덕2동,128.5898165515,35.2223648969007,MA0101202502A0076126,소상공인시장진흥공단_상가(상권)정보_API (data.go.kr 15012005),202606,2026-10-04
CW-MASANHOEWON,창원시 마산회원구,지에스25마산양덕,미소점,편의점,경상남도 창원시 마산회원구 양덕북17길 68,경상남도 창원시 마산회원구 양덕동 97-14,양덕1동,128.583017708659,35.2347738734387,MA0101202502A0060974,소상공인시장진흥공단_상가(상권)정보_API (data.go.kr 15012005),202606,2026-10-04
CW-MASANHOEWON,창원시 마산회원구,씨유마산삼계,대동점,편의점,경상남도 창원시 마산회원구 내서읍 경남대로 905,경상남도 창원시 마산회원구 내서읍 삼계리 31-4,내서읍,128.504801557515,35.2308329582547,MA0101202507A0018656,소상공인시장진흥공단_상가(상권)정보_API (data.go.kr 15012005),202606,2026-10-04
CW-MASANHOEWON,창원시 마산회원구,지에스25양덕센텀,골드점,편의점,경상남도 창원시 마산회원구 양덕로 48,경상남도 창원시 마산회원구 양덕동 981,봉암동,128.590914943145,35.224621570648,MA0101202411A0071621,소상공인시장진흥공단_상가(상권)정보_API (data.go.kr 15012005),202606,2026-10-04
CW-MASANHOEWON,창원시 마산회원구,이마트24마산봉암공단점,,편의점,경상남도 창원시 마산회원구 봉암공단로 62,경상남도 창원시 마산회원구 봉암동 660-100,봉암동,128.600153036432,35.2135047495744,MA0101202411A0026115,소상공인시장진흥공단_상가(상권)정보_API (data.go.kr 15012005),202606,2026-10-04
CW-MASANHOEWON,창원시 마산회원구,지에스25마산안계,마을점,편의점,경상남도 창원시 마산회원구 내서읍 삼계로 86-1,경상남도 창원시 마산회원구 내서읍 삼계리 501-6,내서읍,128.495272034532,35.2316810842441,MA0101202509A0030292,소상공인시장진흥공단_상가(상권)정보_API (data.go.kr 15012005),202606,2026-10-04
CW-MASANHOEWON,창원시 마산회원구,씨유마산호계성우점,,편의점,경상남도 창원시 마산회원구 내서읍 광려천북로 58,경상남도 창원시 마산회원구 내서읍 호계리 352,내서읍,128.519064627321,35.2552946834285,MA0101202509A0004340,소상공인시장진흥공단_상가(상권)정보_API (data.go.kr 15012005),202606,2026-10-04
CW-MASANHOEWON,창원시 마산회원구,씨유마산숲속주공점,,편의점,경상남도 창원시 마산회원구 내서읍 숲속로 32,경상남도 창원시 마산회원구 내서읍 삼계리 507-1,내서읍,128.49706181479,35.2286578100545,MA0101202601A0029373,소상공인시장진흥공단_상가(상권)정보_API (data.go.kr 15012005),202606,2026-10-04
CW-MASANHOEWON,창원시 마산회원구,세븐일레븐마산내서,삼계점,편의점,경상남도 창원시 마산회원구 내서읍 광려로 42,경상남도 창원시 마산회원구 내서읍 삼계리 290,내서읍,128.502318639198,35.2230590233848,MA0101202509A0015268,소상공인시장진흥공단_상가(상권)정보_API (data.go.kr 15012005),202606,2026-10-04
CW-MASANHOEWON,창원시 마산회원구,씨유다이노스창원,4호점,편의점,경상남도 창원시 마산회원구 삼호로 63,경상남도 창원시 마산회원구 양덕동 477,양덕2동,128.579573316727,35.2219853117579,MA010120220811706511,소상공인시장진흥공단_상가(상권)정보_API (data.go.kr 15012005),202606,2026-10-04
CW-MASANHOEWON,창원시 마산회원구,세븐일레븐마산,구암점,편의점,경상남도 창원시 마산회원구 구암북2길 2,경상남도 창원시 마산회원구 구암동 278-7,구암1동,128.593967099139,35.2520689383142,MA010120220812180504,소상공인시장진흥공단_상가(상권)정보_API (data.go.kr 15012005),202606,2026-10-04
CW-MASANHOEWON,창원시 마산회원구,세븐일레븐마산터미널,1호점,편의점,경상남도 창원시 마산회원구 315대로 756,경상남도 창원시 마산회원구 합성동 267,합성2동,128.583531291616,35.2391561543492,MA0101202501A0043667,소상공인시장진흥공단_상가(상권)정보_API (data.go.kr 15012005),202606,2026-10-04
CW-MASANHOEWON,창원시 마산회원구,세븐창원NC파크2호점,코리아,편의점,경상남도 창원시 마산회원구 삼호로 63,경상남도 창원시 마산회원구 양덕동 477,양덕2동,128.579573316727,35.2219853117579,MA0101202502A0003628,소상공인시장진흥공단_상가(상권)정보_API (data.go.kr 15012005),202606,2026-10-04
CW-MASANHOEWON,창원시 마산회원구,세븐일레븐마산합성,시장점,편의점,경상남도 창원시 마산회원구 합성남2길 31,경상남도 창원시 마산회원구 합성동 323-19,합성2동,128.586085191508,35.239996900342,MA0101202503A0047801,소상공인시장진흥공단_상가(상권)정보_API (data.go.kr 15012005),202606,2026-10-04
CW-MASANHOEWON,창원시 마산회원구,씨유마산중리,센터점,편의점,경상남도 창원시 마산회원구 내서읍 호원로 153,경상남도 창원시 마산회원구 내서읍 중리 1523,내서읍,128.52403671094,35.2479771810488,MA0101202504A0031263,소상공인시장진흥공단_상가(상권)정보_API (data.go.kr 15012005),202606,2026-10-04
CW-MASANHOEWON,창원시 마산회원구,세븐창원NC파크3호점,코리아,편의점,경상남도 창원시 마산회원구 삼호로 63,경상남도 창원시 마산회원구 양덕동 477,양덕2동,128.579573316727,35.2219853117579,MA0101202502A0067836,소상공인시장진흥공단_상가(상권)정보_API (data.go.kr 15012005),202606,2026-10-04
CW-MASANHOEWON,창원시 마산회원구,씨유마산하버,팰리스점,편의점,경상남도 창원시 마산회원구 양덕시장길 16,경상남도 창원시 마산회원구 양덕동 174-40,양덕2동,128.591558480289,35.2221437316257,MA0101202503A0005601,소상공인시장진흥공단_상가(상권)정보_API (data.go.kr 15012005),202606,2026-10-04
CW-MASANHOEWON,창원시 마산회원구,세븐창원NC파크1호점,코리아,편의점,경상남도 창원시 마산회원구 삼호로 63,경상남도 창원시 마산회원구 양덕동 477,양덕2동,128.579573316727,35.2219853117579,MA0101202502A0041897,소상공인시장진흥공단_상가(상권)정보_API (data.go.kr 15012005),202606,2026-10-04
CW-MASANHOEWON,창원시 마산회원구,로그인마산,CGV점,편의점,경상남도 창원시 마산회원구 315대로 736,경상남도 창원시 마산회원구 합성동 126-4,합성2동,128.582434511188,35.2375482845822,MA010120220810843394,소상공인시장진흥공단_상가(상권)정보_API (data.go.kr 15012005),202606,2026-10-04
CW-MASANHOEWON,창원시 마산회원구,씨유마산양덕베스트점,,편의점,경상남도 창원시 마산회원구 양덕동2길 11,경상남도 창원시 마산회원구 양덕동 163-4,양덕2동,128.58993258428,35.2221200397046,MA010120220810488938,소상공인시장진흥공단_상가(상권)정보_API (data.go.kr 15012005),202606,2026-10-04
CW-MASANHOEWON,창원시 마산회원구,지에스25마산봉암블레스점,,편의점,경상남도 창원시 마산회원구 봉암공단1길 29,경상남도 창원시 마산회원구 봉암동 469-21,봉암동,128.595671543406,35.2190614330938,MA0101202411A0124393,소상공인시장진흥공단_상가(상권)정보_API (data.go.kr 15012005),202606,2026-10-04
CW-MASANHOEWON,창원시 마산회원구,씨유마산회원아람점,,편의점,경상남도 창원시 마산회원구 회원북26길 61,경상남도 창원시 마산회원구 회원동 666-15,회원2동,128.564771044921,35.2192485699168,MA0101202411A0049513,소상공인시장진흥공단_상가(상권)정보_API (data.go.kr 15012005),202606,2026-10-04
CW-MASANHOEWON,창원시 마산회원구,지에스25마산양덕,센텀점,편의점,경상남도 창원시 마산회원구 양덕동12길 57,경상남도 창원시 마산회원구 양덕동 46-24,양덕1동,128.586936346146,35.2318115685065,MA0101202412A0055446,소상공인시장진흥공단_상가(상권)정보_API (data.go.kr 15012005),202606,2026-10-04
CW-MASANHOEWON,창원시 마산회원구,세븐일레븐마산합성중앙,2호점,편의점,경상남도 창원시 마산회원구 합성옛길 174,경상남도 창원시 마산회원구 합성동 266-1,합성2동,128.584618175962,35.2391239013693,MA0101202411A0140183,소상공인시장진흥공단_상가(상권)정보_API (data.go.kr 15012005),202606,2026-10-04
CW-MASANHOEWON,창원시 마산회원구,현대편의점,,편의점,경상남도 창원시 마산회원구 내서읍 호원로 226,경상남도 창원시 마산회원구 내서읍 호계리 282,내서읍,128.521459233584,35.2534981655347,MA010120220807397405,소상공인시장진흥공단_상가(상권)정보_API (data.go.kr 15012005),202606,2026-10-04
CW-MASANHOEWON,창원시 마산회원구,씨유마산,구암점,편의점,경상남도 창원시 마산회원구 구암남13길 26,경상남도 창원시 마산회원구 구암동 85-1,구암2동,128.598878697694,35.2498592066236,MA010120220806420393,소상공인시장진흥공단_상가(상권)정보_API (data.go.kr 15012005),202606,2026-10-04
CW-MASANHOEWON,창원시 마산회원구,씨유마산롯데,캐슬점,편의점,경상남도 창원시 마산회원구 합성북16길 197,경상남도 창원시 마산회원구 합성동 358,합성1동,128.588358795826,35.2473030934689,MA010120220812291449,소상공인시장진흥공단_상가(상권)정보_API (data.go.kr 15012005),202606,2026-10-04
CW-MASANHOEWON,창원시 마산회원구,지에스25마산대학사점,,편의점,경상남도 창원시 마산회원구 내서읍 함마대로 2554-19,경상남도 창원시 마산회원구 내서읍 용담리 190-2,내서읍,128.503063655031,35.2616500053864,MA010120220813731792,소상공인시장진흥공단_상가(상권)정보_API (data.go.kr 15012005),202606,2026-10-04
CW-JINHAE,창원시 진해구,씨유진해연세,병원점,편의점,경상남도 창원시 진해구 동진로21번길 12,경상남도 창원시 진해구 이동 3-3,석동,128.69956434206,35.1548410323649,MA010120220810040513,소상공인시장진흥공단_상가(상권)정보_API (data.go.kr 15012005),202606,2026-10-04
CW-JINHAE,창원시 진해구,씨유진해마천해오름점,,편의점,경상남도 창원시 진해구 웅동로 162,경상남도 창원시 진해구 두동 1296-1,웅동1동,128.791695581283,35.1197718400912,MA010120220812679449,소상공인시장진흥공단_상가(상권)정보_API (data.go.kr 15012005),202606,2026-10-04
CW-JINHAE,창원시 진해구,씨유진해용원스마일점,,편의점,경상남도 창원시 진해구 용원중로17번길 11-1,경상남도 창원시 진해구 용원동 1263-2,웅동2동,128.814686099055,35.0990262598767,MA010120220800105225,소상공인시장진흥공단_상가(상권)정보_API (data.go.kr 15012005),202606,2026-10-04
CW-JINHAE,창원시 진해구,지에스25진해중원점,,편의점,경상남도 창원시 진해구 중원동로 38,경상남도 창원시 진해구 부흥동 1-1,충무동,128.661808113066,35.1474520986475,MA0101202409A0237788,소상공인시장진흥공단_상가(상권)정보_API (data.go.kr 15012005),202606,2026-10-04
CW-JINHAE,창원시 진해구,씨유진해웅천점,,편의점,경상남도 창원시 진해구 웅천로 173,경상남도 창원시 진해구 북부동 536-1,웅천동,128.748996840702,35.1136995726798,MA010120220804930084,소상공인시장진흥공단_상가(상권)정보_API (data.go.kr 15012005),202606,2026-10-04
CW-JINHAE,창원시 진해구,지에스25남원로타리점,,편의점,경상남도 창원시 진해구 중원로 22,경상남도 창원시 진해구 태평동 14-17,충무동,128.659572704698,35.1459776845727,MA010120220810106617,소상공인시장진흥공단_상가(상권)정보_API (data.go.kr 15012005),202606,2026-10-04
CW-JINHAE,창원시 진해구,지에스25진해해군점,,편의점,경상남도 창원시 진해구 여명로 1,경상남도 창원시 진해구 도천동 8-2,충무동,128.655377627151,35.1533801335315,MA010120220813005567,소상공인시장진흥공단_상가(상권)정보_API (data.go.kr 15012005),202606,2026-10-04
CW-JINHAE,창원시 진해구,씨유신항부영1,3단지점,편의점,경상남도 창원시 진해구 신항4로 73,경상남도 창원시 진해구 용원동 1341-5,웅동2동,128.817944261521,35.0897039390354,MA010120220808633690,소상공인시장진흥공단_상가(상권)정보_API (data.go.kr 15012005),202606,2026-10-04
CW-JINHAE,창원시 진해구,이마트24시,,편의점,경상남도 창원시 진해구 용원중로26번길 29,경상남도 창원시 진해구 용원동 1236-12,웅동2동,128.819226175469,35.0990393100501,MA010120220813074422,소상공인시장진흥공단_상가(상권)정보_API (data.go.kr 15012005),202606,2026-10-04
CW-JINHAE,창원시 진해구,씨유진해웅동점,,편의점,경상남도 창원시 진해구 용원남로 82,경상남도 창원시 진해구 용원동 1221-10,웅동2동,128.814782804573,35.0999260261831,MA010120220810948365,소상공인시장진흥공단_상가(상권)정보_API (data.go.kr 15012005),202606,2026-10-04
CW-JINHAE,창원시 진해구,미니스톱진해용원,본점,편의점,경상남도 창원시 진해구 용재로47번길 7,경상남도 창원시 진해구 용원동 1195-10,웅동2동,128.815114564141,35.1020298989773,MA010120220810954097,소상공인시장진흥공단_상가(상권)정보_API (data.go.kr 15012005),202606,2026-10-04
CW-JINHAE,창원시 진해구,이마트24내트럭신항웅동점,,편의점,경상남도 창원시 진해구 신항10로 98,경상남도 창원시 진해구 남문동 1190-3,웅천동,128.777176233953,35.0911195850038,MA0101202306A0036985,소상공인시장진흥공단_상가(상권)정보_API (data.go.kr 15012005),202606,2026-10-04
CW-JINHAE,창원시 진해구,세븐일레븐진해,이동점,편의점,경상남도 창원시 진해구 이동로 40,경상남도 창원시 진해구 이동 611-1,이동,128.696079040969,35.1508163418427,MA0101202308A0017976,소상공인시장진흥공단_상가(상권)정보_API (data.go.kr 15012005),202606,2026-10-04
CW-JINHAE,창원시 진해구,지에스진해웅동점,,편의점,경상남도 창원시 진해구 용원남로 14,경상남도 창원시 진해구 용원동 1243-9,웅동2동,128.818727899069,35.0968478263387,MA0101202406A0116281,소상공인시장진흥공단_상가(상권)정보_API (data.go.kr 15012005),202606,2026-10-04
CW-JINHAE,창원시 진해구,지에스25진해우방칸점,,편의점,경상남도 창원시 진해구 월남로 142-1,경상남도 창원시 진해구 남양동 20,웅동1동,128.779899215426,35.1205404902014,MA0101202406A0106544,소상공인시장진흥공단_상가(상권)정보_API (data.go.kr 15012005),202606,2026-10-04
CW-JINHAE,창원시 진해구,세븐일레븐진해케이조선점,,편의점,경상남도 창원시 진해구 명제로 53,경상남도 창원시 진해구 죽곡동 384-11,웅천동,128.719488024071,35.1103096637851,MA0101202406A0024387,소상공인시장진흥공단_상가(상권)정보_API (data.go.kr 15012005),202606,2026-10-04
CW-JINHAE,창원시 진해구,씨유진해여좌,플러스점,편의점,경상남도 창원시 진해구 여좌남로55번길 22,경상남도 창원시 진해구 여좌동 122-1,여좌동,128.662325981637,35.1567276817525,MA010120220810923304,소상공인시장진흥공단_상가(상권)정보_API (data.go.kr 15012005),202606,2026-10-04
CW-JINHAE,창원시 진해구,이마트24진해석동,제일점,편의점,경상남도 창원시 진해구 진해대로886번길 18,경상남도 창원시 진해구 석동 104-17,이동,128.705069699183,35.1499511175238,MA010120220808070297,소상공인시장진흥공단_상가(상권)정보_API (data.go.kr 15012005),202606,2026-10-04
CW-JINHAE,창원시 진해구,지에스25진해석동공원,,편의점,경상남도 창원시 진해구 냉천로 61,경상남도 창원시 진해구 석동 141-12,석동,128.703874669214,35.1521038372619,MA010120220809835852,소상공인시장진흥공단_상가(상권)정보_API (data.go.kr 15012005),202606,2026-10-04
CW-JINHAE,창원시 진해구,지에스25안골신세계점,,편의점,경상남도 창원시 진해구 안청로18번길 11,경상남도 창원시 진해구 안골동 360-6,웅동2동,128.804298419036,35.0993796063802,MA010120220808444120,소상공인시장진흥공단_상가(상권)정보_API (data.go.kr 15012005),202606,2026-10-04
CW-JINHAE,창원시 진해구,씨유진해안골신항점,,편의점,경상남도 창원시 진해구 안골로 85,경상남도 창원시 진해구 안골동 826-6,웅동2동,128.789868461144,35.0924018289686,MA0101202406A0004282,소상공인시장진흥공단_상가(상권)정보_API (data.go.kr 15012005),202606,2026-10-04
CW-JINHAE,창원시 진해구,지에스25용원어,시장점,편의점,경상남도 창원시 진해구 용원동로 244,경상남도 창원시 진해구 용원동 1133-12,웅동2동,128.819676359402,35.0946256169996,MA0101202308A0059825,소상공인시장진흥공단_상가(상권)정보_API (data.go.kr 15012005),202606,2026-10-04
CW-JINHAE,창원시 진해구,이마트24진해중원,로터리점,편의점,경상남도 창원시 진해구 편백로 29,경상남도 창원시 진해구 대천동 2-3,충무동,128.659076747687,35.149652496102,MA0101202310A0090980,소상공인시장진흥공단_상가(상권)정보_API (data.go.kr 15012005),202606,2026-10-04
CW-JINHAE,창원시 진해구,씨유진해안골,행복점,편의점,경상남도 창원시 진해구 안골로 285,경상남도 창원시 진해구 안골동 370-1,웅동2동,128.805558735425,35.0983514766108,MA0101202406A0456459,소상공인시장진흥공단_상가(상권)정보_API (data.go.kr 15012005),202606,2026-10-04
CW-JINHAE,창원시 진해구,영진슈퍼,,편의점,경상남도 창원시 진해구 두동동로41번길 15,경상남도 창원시 진해구 두동 1408,웅동1동,128.804556179234,35.1259886237912,MA0101202406A0095191,소상공인시장진흥공단_상가(상권)정보_API (data.go.kr 15012005),202606,2026-10-04
CW-JINHAE,창원시 진해구,지에스25진해용원로점,,편의점,경상남도 창원시 진해구 용원로 61,경상남도 창원시 진해구 용원동 1220-11,웅동2동,128.815934200764,35.0994311374875,MA0101202406A0337007,소상공인시장진흥공단_상가(상권)정보_API (data.go.kr 15012005),202606,2026-10-04
CW-JINHAE,창원시 진해구,지에스25석동,푸르지오점,편의점,경상남도 창원시 진해구 진해대로 725,경상남도 창원시 진해구 석동 551-1,석동,128.694920599075,35.1600340774219,MA0101202406A0516567,소상공인시장진흥공단_상가(상권)정보_API (data.go.kr 15012005),202606,2026-10-04
CW-JINHAE,창원시 진해구,지에스25용원현대점,,편의점,경상남도 창원시 진해구 안청북로 46,경상남도 창원시 진해구 용원동 1206,웅동2동,128.808131788582,35.1046306374919,MA0101202406A0100903,소상공인시장진흥공단_상가(상권)정보_API (data.go.kr 15012005),202606,2026-10-04
CW-JINHAE,창원시 진해구,에스엔에스무인분식,,편의점,경상남도 창원시 진해구 풍호로35번길 27,경상남도 창원시 진해구 자은동 657-3,덕산동,128.704940020205,35.1421573377906,MA0101202406A0237992,소상공인시장진흥공단_상가(상권)정보_API (data.go.kr 15012005),202606,2026-10-04
CW-JINHAE,창원시 진해구,씨유진해남문시티점,,편의점,경상남도 창원시 진해구 웅천동로 16,경상남도 창원시 진해구 남문동 1274-1,웅천동,128.754646162541,35.1070930550217,MA0101202406A0517969,소상공인시장진흥공단_상가(상권)정보_API (data.go.kr 15012005),202606,2026-10-04
CW-JINHAE,창원시 진해구,지에스더프레시진해,남문점,편의점,경상남도 창원시 진해구 웅천동로 13,경상남도 창원시 진해구 남문동 1275-1,웅천동,128.756478629,35.1056065297906,MA0101202406A0500900,소상공인시장진흥공단_상가(상권)정보_API (data.go.kr 15012005),202606,2026-10-04
CW-JINHAE,창원시 진해구,지에스25진해블루빌점,,편의점,경상남도 창원시 진해구 충무로 23,경상남도 창원시 진해구 신흥동 1,충무동,128.656587439486,35.1453966931111,MA0101202406A0339020,소상공인시장진흥공단_상가(상권)정보_API (data.go.kr 15012005),202606,2026-10-04
CW-JINHAE,창원시 진해구,지에스25용원원룸점,,편의점,경상남도 창원시 진해구 용원중로18번길 8,경상남도 창원시 진해구 용원동 1256-2,웅동2동,128.816836820949,35.0985975060563,MA0101202406A0007839,소상공인시장진흥공단_상가(상권)정보_API (data.go.kr 15012005),202606,2026-10-04
CW-JINHAE,창원시 진해구,씨유진해장천,푸르지오점,편의점,경상남도 창원시 진해구 충장로657번길 28,경상남도 창원시 진해구 장천동 422-6,풍호동,128.706595877873,35.1305532548847,MA0101202409A0131608,소상공인시장진흥공단_상가(상권)정보_API (data.go.kr 15012005),202606,2026-10-04
CW-JINHAE,창원시 진해구,세븐일레븐진해,코아루점,편의점,경상남도 창원시 진해구 안골로 339,경상남도 창원시 진해구 용원동 1209,웅동2동,128.808540486646,35.1017857129151,MA0101202409A0249776,소상공인시장진흥공단_상가(상권)정보_API (data.go.kr 15012005),202606,2026-10-04
CW-JINHAE,창원시 진해구,지에스25용원부영5차점,,편의점,경상남도 창원시 진해구 신항5로 41,경상남도 창원시 진해구 용원동 1337-3,웅동2동,128.806954144977,35.0865517822979,MA010120220805226681,소상공인시장진흥공단_상가(상권)정보_API (data.go.kr 15012005),202606,2026-10-04
CW-JINHAE,창원시 진해구,세븐일레븐진해경화루나점,,편의점,경상남도 창원시 진해구 조천북로 100,경상남도 창원시 진해구 경화동 1283-1,경화동,128.682838559501,35.1611218011278,MA010120220807144228,소상공인시장진흥공단_상가(상권)정보_API (data.go.kr 15012005),202606,2026-10-04
CW-JINHAE,창원시 진해구,지에스25석동그린,,편의점,경상남도 창원시 진해구 석동로 58,경상남도 창원시 진해구 석동 655-2,석동,128.705147720026,35.1552672473143,MA010120220809773992,소상공인시장진흥공단_상가(상권)정보_API (data.go.kr 15012005),202606,2026-10-04
CW-JINHAE,창원시 진해구,씨유진해신항부영6단지점,,편의점,경상남도 창원시 진해구 신항5로 54,경상남도 창원시 진해구 용원동 1338,웅동2동,128.807497119074,35.0878053915457,MA010120220808070004,소상공인시장진흥공단_상가(상권)정보_API (data.go.kr 15012005),202606,2026-10-04
CW-JINHAE,창원시 진해구,세븐일레븐진해용원스마일점,,편의점,경상남도 창원시 진해구 용원서로39번길 13,경상남도 창원시 진해구 용원동 1213-5,웅동2동,128.811686899008,35.1012520662153,MA0101202406A0424393,소상공인시장진흥공단_상가(상권)정보_API (data.go.kr 15012005),202606,2026-10-04
CW-JINHAE,창원시 진해구,씨유진해석동마루점,,편의점,경상남도 창원시 진해구 석동로73번길 12,경상남도 창원시 진해구 석동 642-1,석동,128.705536384503,35.1570642243487,MA0101202311A0025539,소상공인시장진흥공단_상가(상권)정보_API (data.go.kr 15012005),202606,2026-10-04
CW-JINHAE,창원시 진해구,지에스25용원대로점,,편의점,경상남도 창원시 진해구 용재로 29,경상남도 창원시 진해구 용원동 1201-11,웅동2동,128.813008378448,35.1019983381029,MA0101202406A0089067,소상공인시장진흥공단_상가(상권)정보_API (data.go.kr 15012005),202606,2026-10-04
CW-JINHAE,창원시 진해구,세븐일레븐진해용원,그린점,편의점,경상남도 창원시 진해구 만금로 19,경상남도 창원시 진해구 용원동 1119,웅동2동,128.822106305873,35.0998521988971,MA0101202309A0066079,소상공인시장진흥공단_상가(상권)정보_API (data.go.kr 15012005),202606,2026-10-04
CW-JINHAE,창원시 진해구,씨유진해경화점,,편의점,경상남도 창원시 진해구 병암북로 4,경상남도 창원시 진해구 경화동 786-9,병암동,128.690871205823,35.1600366027911,MA0101202406A0021920,소상공인시장진흥공단_상가(상권)정보_API (data.go.kr 15012005),202606,2026-10-04
CW-JINHAE,창원시 진해구,지에스25진해두동점,,편의점,경상남도 창원시 진해구 남의로 98,경상남도 창원시 진해구 두동 1222-2,웅동1동,128.792200869934,35.114798669644,MA0101202406A0395135,소상공인시장진흥공단_상가(상권)정보_API (data.go.kr 15012005),202606,2026-10-04
CW-JINHAE,창원시 진해구,GS25진해해군마린점,,편의점,경상남도 창원시 진해구 태평로76번길 4,경상남도 창원시 진해구 태평동 58,충무동,128.667083001292,35.1446218520378,MA010120220800233005,소상공인시장진흥공단_상가(상권)정보_API (data.go.kr 15012005),202606,2026-10-04
CW-JINHAE,창원시 진해구,씨유진해석동아쿠아점,,편의점,경상남도 창원시 진해구 동진로 33,경상남도 창원시 진해구 석동 87-1,석동,128.699772134348,35.153224922492,MA0101202305A0190355,소상공인시장진흥공단_상가(상권)정보_API (data.go.kr 15012005),202606,2026-10-04
CW-JINHAE,창원시 진해구,씨유진해안청점,,편의점,경상남도 창원시 진해구 안청남로 38,경상남도 창원시 진해구 안골동 356-11,웅동2동,128.806605979883,35.1005889108185,MA0101202306A0067081,소상공인시장진흥공단_상가(상권)정보_API (data.go.kr 15012005),202606,2026-10-04
CW-JINHAE,창원시 진해구,세븐일레븐진해용원럭키점,,편의점,경상남도 창원시 진해구 용원로90번길 7,경상남도 창원시 진해구 용원동 1239-15,웅동2동,128.818907182595,35.0980077018558,MA0101202406A0005575,소상공인시장진흥공단_상가(상권)정보_API (data.go.kr 15012005),202606,2026-10-04
CW-JINHAE,창원시 진해구,씨유진해용원그랜드점,,편의점,경상남도 창원시 진해구 안골로 348,경상남도 창원시 진해구 용원동 1211-1,웅동2동,128.810300652472,35.1020388118902,MA0101202310A0053350,소상공인시장진흥공단_상가(상권)정보_API (data.go.kr 15012005),202606,2026-10-04
CW-JINHAE,창원시 진해구,씨유진해신항부영,4단지점,편의점,경상남도 창원시 진해구 신항동로 267,경상남도 창원시 진해구 용원동 1337-5,웅동2동,128.801782346269,35.0871965293421,MA010120220812438066,소상공인시장진흥공단_상가(상권)정보_API (data.go.kr 15012005),202606,2026-10-04
CW-JINHAE,창원시 진해구,씨유진해장천,대동점,편의점,경상남도 창원시 진해구 행암로 25,경상남도 창원시 진해구 장천동 119-12,풍호동,128.70475816557,35.1292272830784,MA010120220803081709,소상공인시장진흥공단_상가(상권)정보_API (data.go.kr 15012005),202606,2026-10-04
CW-JINHAE,창원시 진해구,지에스25N진해해양의료원,,편의점,경상남도 창원시 진해구 진해대로963번길 35,경상남도 창원시 진해구 자은동 417-3,덕산동,128.712916198011,35.1463346532055,MA010120220809727956,소상공인시장진흥공단_상가(상권)정보_API (data.go.kr 15012005),202606,2026-10-04
CW-JINHAE,창원시 진해구,세븐일레븐진해남문시티SM아이스할인점,,편의점,경상남도 창원시 진해구 남영로159번길 83,경상남도 창원시 진해구 남문동 1246-1,웅천동,128.75361636782,35.1071440087137,MA010120220809273473,소상공인시장진흥공단_상가(상권)정보_API (data.go.kr 15012005),202606,2026-10-04
CW-JINHAE,창원시 진해구,씨유진해풍호마루점,,편의점,경상남도 창원시 진해구 진해대로1047번길 17-1,경상남도 창원시 진해구 풍호동 813-15,풍호동,128.710134937497,35.1361179986147,MA0101202307A0046776,소상공인시장진흥공단_상가(상권)정보_API (data.go.kr 15012005),202606,2026-10-04
CW-JINHAE,창원시 진해구,이마트24진해다인,2차점,편의점,경상남도 창원시 진해구 신항2로 114,경상남도 창원시 진해구 용원동 1347,웅동2동,128.818914656124,35.0904464024098,MA0101202307A0089165,소상공인시장진흥공단_상가(상권)정보_API (data.go.kr 15012005),202606,2026-10-04
CW-JINHAE,창원시 진해구,세븐진해용원도서관점,코리아,편의점,경상남도 창원시 진해구 용재로 75,경상남도 창원시 진해구 용원동 1186-8,웅동2동,128.81806337045,35.1009943667773,MA0101202303A0005353,소상공인시장진흥공단_상가(상권)정보_API (data.go.kr 15012005),202606,2026-10-04
CW-JINHAE,창원시 진해구,지에스25자은프레시,,편의점,경상남도 창원시 진해구 자은로64번길 3,경상남도 창원시 진해구 자은동 959-2,자은동,128.709257328287,35.1508113494903,MA0101202305A0160990,소상공인시장진흥공단_상가(상권)정보_API (data.go.kr 15012005),202606,2026-10-04
CW-JINHAE,창원시 진해구,씨유진해용원하늘점,,편의점,경상남도 창원시 진해구 용원중로26번길 29,경상남도 창원시 진해구 용원동 1236-12,웅동2동,128.819226175469,35.0990393100501,MA0101202309A0090338,소상공인시장진흥공단_상가(상권)정보_API (data.go.kr 15012005),202606,2026-10-04
CW-JINHAE,창원시 진해구,씨유진해뉴휴,플러스점,편의점,경상남도 창원시 진해구 진해대로1114번길 15,경상남도 창원시 진해구 장천동 246,풍호동,128.709144993256,35.1296972063054,MA010120220807145146,소상공인시장진흥공단_상가(상권)정보_API (data.go.kr 15012005),202606,2026-10-04
CW-JINHAE,창원시 진해구,GS25여좌태백점,,편의점,경상남도 창원시 진해구 태백서로 4,경상남도 창원시 진해구 여좌동 820-1,태백동,128.67258882562,35.1525579013201,MA010120220803575124,소상공인시장진흥공단_상가(상권)정보_API (data.go.kr 15012005),202606,2026-10-04
CW-JINHAE,창원시 진해구,세븐일레븐진해경화위브점,,편의점,경상남도 창원시 진해구 조천로 29,경상남도 창원시 진해구 경화동 1301-17,경화동,128.684763909593,35.1602929423255,MA010120220805955320,소상공인시장진흥공단_상가(상권)정보_API (data.go.kr 15012005),202606,2026-10-04
CW-JINHAE,창원시 진해구,이마트24진해남문베르디움,,편의점,경상남도 창원시 진해구 웅천동로43번길 17,경상남도 창원시 진해구 남문동 1293-1,웅천동,128.756534898754,35.1031183379471,MA010120220806924307,소상공인시장진흥공단_상가(상권)정보_API (data.go.kr 15012005),202606,2026-10-04
CW-JINHAE,창원시 진해구,지에스25용원마이다스점,,편의점,경상남도 창원시 진해구 안골로 344,경상남도 창원시 진해구 용원동 1211-2,웅동2동,128.81019342353,35.1016528911385,MA010120220803850373,소상공인시장진흥공단_상가(상권)정보_API (data.go.kr 15012005),202606,2026-10-04
CW-JINHAE,창원시 진해구,씨유진해,롯데시네마점,편의점,경상남도 창원시 진해구 진해대로 752,경상남도 창원시 진해구 석동 543-3,석동,128.697419382313,35.1588184787403,MA010120220810949364,소상공인시장진흥공단_상가(상권)정보_API (data.go.kr 15012005),202606,2026-10-04
CW-JINHAE,창원시 진해구,지에스25자은엘에이치(LH)점,,편의점,경상남도 창원시 진해구 냉천로 257,경상남도 창원시 진해구 자은동 121,자은동,128.721548660428,35.1524577561607,MA010120220812372439,소상공인시장진흥공단_상가(상권)정보_API (data.go.kr 15012005),202606,2026-10-04
CW-JINHAE,창원시 진해구,씨유진해경화,중앙점,편의점,경상남도 창원시 진해구 중초로 17,경상남도 창원시 진해구 경화동 1163-37,태백동,128.681148082512,35.1547014959037,MA010120220812983302,소상공인시장진흥공단_상가(상권)정보_API (data.go.kr 15012005),202606,2026-10-04
CW-JINHAE,창원시 진해구,씨유진해쿠팡물류,센터점,편의점,경상남도 창원시 진해구 두동로55번안길 2,경상남도 창원시 진해구 두동 1611,웅동1동,128.802327393089,35.1234082798522,MA010120220805252633,소상공인시장진흥공단_상가(상권)정보_API (data.go.kr 15012005),202606,2026-10-04
CW-JINHAE,창원시 진해구,씨유진해자은협성점,,편의점,경상남도 창원시 진해구 풍호로35번길 10-1,경상남도 창원시 진해구 자은동 657-56,덕산동,128.705360967718,35.1407725361922,MA010120220811674444,소상공인시장진흥공단_상가(상권)정보_API (data.go.kr 15012005),202606,2026-10-04
CW-JINHAE,창원시 진해구,씨유진해석동일루스점,,편의점,경상남도 창원시 진해구 진해대로776번길 31,경상남도 창원시 진해구 이동 462-3,석동,128.698158815773,35.1558520940136,MA010120220808911724,소상공인시장진흥공단_상가(상권)정보_API (data.go.kr 15012005),202606,2026-10-04
CW-JINHAE,창원시 진해구,씨유진해신항부영,2단지점,편의점,경상남도 창원시 진해구 신항동로 228,경상남도 창원시 진해구 용원동 1336-4,웅동2동,128.803162770511,35.0891406584705,MA010120220803678634,소상공인시장진흥공단_상가(상권)정보_API (data.go.kr 15012005),202606,2026-10-04
CW-JINHAE,창원시 진해구,씨유진해풍호마린점,,편의점,경상남도 창원시 진해구 충장로657번길 35,경상남도 창원시 진해구 풍호동 305-17,풍호동,128.706348088556,35.1312957516182,MA010120220810956779,소상공인시장진흥공단_상가(상권)정보_API (data.go.kr 15012005),202606,2026-10-04
CW-JINHAE,창원시 진해구,이마트24SMART진해상지점,,편의점,경상남도 창원시 진해구 병암북로4번길 29,경상남도 창원시 진해구 석동 493,병암동,128.694268378662,35.1608633181801,MA0101202211A0051713,소상공인시장진흥공단_상가(상권)정보_API (data.go.kr 15012005),202606,2026-10-04
CW-JINHAE,창원시 진해구,씨스페이스진해편의점,용원점,편의점,경상남도 창원시 진해구 용원북로12번길 20,경상남도 창원시 진해구 용원동 1179-1,웅동2동,128.817817405087,35.1032510894366,MA010120220813836556,소상공인시장진흥공단_상가(상권)정보_API (data.go.kr 15012005),202606,2026-10-04
CW-JINHAE,창원시 진해구,이마트24진해석동,한솔점,편의점,경상남도 창원시 진해구 석동로73번길 31,경상남도 창원시 진해구 석동 651-9,석동,128.703548328638,35.1580294755949,MA0101202302A0093132,소상공인시장진흥공단_상가(상권)정보_API (data.go.kr 15012005),202606,2026-10-04
CW-JINHAE,창원시 진해구,씨유진해남양우방점,,편의점,경상남도 창원시 진해구 월남로 140,경상남도 창원시 진해구 남양동 25-16,웅동1동,128.778675817385,35.1202700645896,MA0101202210A0036268,소상공인시장진흥공단_상가(상권)정보_API (data.go.kr 15012005),202606,2026-10-04
CW-JINHAE,창원시 진해구,씨유진해안골마린점,,편의점,경상남도 창원시 진해구 안골로298번길 25,경상남도 창원시 진해구 안골동 379-11,웅동2동,128.805720648574,35.0972405689034,MA0101202301A0009909,소상공인시장진흥공단_상가(상권)정보_API (data.go.kr 15012005),202606,2026-10-04
CW-JINHAE,창원시 진해구,씨유진해용원마루점,,편의점,경상남도 창원시 진해구 용원로102번길 6,경상남도 창원시 진해구 용원동 1123-10,웅동2동,128.819959321656,35.0979828960692,MA0101202302A0016436,소상공인시장진흥공단_상가(상권)정보_API (data.go.kr 15012005),202606,2026-10-04
CW-JINHAE,창원시 진해구,지에스25진해경화중앙,,편의점,경상남도 창원시 진해구 경화로37번길 44-1,경상남도 창원시 진해구 경화동 1133-42,경화동,128.681308619348,35.1566369088211,MA0101202301A0043770,소상공인시장진흥공단_상가(상권)정보_API (data.go.kr 15012005),202606,2026-10-04
CW-JINHAE,창원시 진해구,지에스25자은더샵점,,편의점,경상남도 창원시 진해구 진해대로975번길 20,경상남도 창원시 진해구 자은동 525-3,덕산동,128.709169465369,35.1424131698026,MA0101202301A0015657,소상공인시장진흥공단_상가(상권)정보_API (data.go.kr 15012005),202606,2026-10-04
CW-JINHAE,창원시 진해구,씨유진해석동,행복점,편의점,경상남도 창원시 진해구 석동로39번길 34,경상남도 창원시 진해구 석동 223-14,석동,128.701026205865,35.15706456263,MA0101202302A0061403,소상공인시장진흥공단_상가(상권)정보_API (data.go.kr 15012005),202606,2026-10-04
CW-JINHAE,창원시 진해구,세븐일레븐진해석동노른자점,,편의점,경상남도 창원시 진해구 냉천로 47,경상남도 창원시 진해구 석동 142-9,석동,128.702591282952,35.1515991723099,MA010120220810919813,소상공인시장진흥공단_상가(상권)정보_API (data.go.kr 15012005),202606,2026-10-04
CW-JINHAE,창원시 진해구,씨유진해남문리젠시점,,편의점,경상남도 창원시 진해구 웅천동로1번길 18,경상남도 창원시 진해구 남문동 1275-2,웅천동,128.758346060001,35.1057506837479,MA010120220812811779,소상공인시장진흥공단_상가(상권)정보_API (data.go.kr 15012005),202606,2026-10-04
CW-JINHAE,창원시 진해구,지에스25용원신항점,,편의점,경상남도 창원시 진해구 신항2로 106,경상남도 창원시 진해구 용원동 1347-1,웅동2동,128.819609393896,35.090625230736,MA010120220811846308,소상공인시장진흥공단_상가(상권)정보_API (data.go.kr 15012005),202606,2026-10-04
CW-JINHAE,창원시 진해구,씨유진해풍호,행복점,편의점,경상남도 창원시 진해구 풍호로 5,경상남도 창원시 진해구 풍호동 722-25,덕산동,128.702008975174,35.1399725213738,MA010120220813836328,소상공인시장진흥공단_상가(상권)정보_API (data.go.kr 15012005),202606,2026-10-04
CW-JINHAE,창원시 진해구,GS25진해하이존점,,편의점,경상남도 창원시 진해구 진해대로 999,경상남도 창원시 진해구 자은동 615-1,덕산동,128.707818850736,35.1402602622872,MA010120220808613945,소상공인시장진흥공단_상가(상권)정보_API (data.go.kr 15012005),202606,2026-10-04
CW-JINHAE,창원시 진해구,씨유용원학원점,,편의점,경상남도 창원시 진해구 용재로 92,경상남도 창원시 진해구 용원동 1232-1,웅동2동,128.819605394391,35.100313340566,MA010120220811394285,소상공인시장진흥공단_상가(상권)정보_API (data.go.kr 15012005),202606,2026-10-04
CW-JINHAE,창원시 진해구,GS25용원도서관점,,편의점,경상남도 창원시 진해구 용재로 67,경상남도 창원시 진해구 용원동 1186-14,웅동2동,128.817233637041,35.1011600164478,MA010120220810944432,소상공인시장진흥공단_상가(상권)정보_API (data.go.kr 15012005),202606,2026-10-04
CW-JINHAE,창원시 진해구,세븐일레븐진해수송해군점,,편의점,경상남도 창원시 진해구 충무로70번길 3,경상남도 창원시 진해구 수송동 13-44,충무동,128.656343043435,35.1517447172876,MA010120220811840227,소상공인시장진흥공단_상가(상권)정보_API (data.go.kr 15012005),202606,2026-10-04
CW-JINHAE,창원시 진해구,세븐일레븐진해석동스마일점,,편의점,경상남도 창원시 진해구 냉천로36번길 8,경상남도 창원시 진해구 석동 100-12,이동,128.701870540291,35.1501853639225,MA0101202209A0090819,소상공인시장진흥공단_상가(상권)정보_API (data.go.kr 15012005),202606,2026-10-04
CW-JINHAE,창원시 진해구,GS25진해,드림점,편의점,경상남도 창원시 진해구 동진로49번길 14-4,경상남도 창원시 진해구 석동 175-1,석동,128.702285653429,35.1527299997879,MA010120220810942096,소상공인시장진흥공단_상가(상권)정보_API (data.go.kr 15012005),202606,2026-10-04
CW-JINHAE,창원시 진해구,씨유진해중원,로터리점,편의점,경상남도 창원시 진해구 백구로 43,경상남도 창원시 진해구 광화동 2-1,충무동,128.65980640168,35.148840403494,MA010120220809705669,소상공인시장진흥공단_상가(상권)정보_API (data.go.kr 15012005),202606,2026-10-04
CW-JINHAE,창원시 진해구,씨유북원,로터리점,편의점,경상남도 창원시 진해구 여명로 6,경상남도 창원시 진해구 여좌동 760-188,여좌동,128.65621885365,35.1537381397258,MA010120220810947416,소상공인시장진흥공단_상가(상권)정보_API (data.go.kr 15012005),202606,2026-10-04
CW-JINHAE,창원시 진해구,세븐일레븐진해남문호반점,,편의점,경상남도 창원시 진해구 웅천동로43번길 47,경상남도 창원시 진해구 남문동 1293-1,웅천동,128.759523590701,35.1033904150672,MA0101202210A0083260,소상공인시장진흥공단_상가(상권)정보_API (data.go.kr 15012005),202606,2026-10-04
CW-JINHAE,창원시 진해구,지에스25진해석동공원점,,편의점,경상남도 창원시 진해구 냉천로 61,경상남도 창원시 진해구 석동 141-12,석동,128.703874669214,35.1521038372619,MA0101202209A0058978,소상공인시장진흥공단_상가(상권)정보_API (data.go.kr 15012005),202606,2026-10-04
CW-JINHAE,창원시 진해구,세븐일레븐진해신항,센텀점,편의점,경상남도 창원시 진해구 신항4로 49,경상남도 창원시 진해구 용원동 1345-2,웅동2동,128.817911026557,35.0877127520258,MA010120220808741721,소상공인시장진흥공단_상가(상권)정보_API (data.go.kr 15012005),202606,2026-10-04
CW-JINHAE,창원시 진해구,씨유진해루휴게소점,,편의점,경상남도 창원시 진해구 진희로 146,경상남도 창원시 진해구 경화동 1007-14,병암동,128.684668939698,35.1471723811006,MA010120220812606822,소상공인시장진흥공단_상가(상권)정보_API (data.go.kr 15012005),202606,2026-10-04
CW-JINHAE,창원시 진해구,세븐진해이동점주,코리아,편의점,경상남도 창원시 진해구 이동로 40,경상남도 창원시 진해구 이동 611-1,이동,128.696079040969,35.1508163418427,MA010120220810982137,소상공인시장진흥공단_상가(상권)정보_API (data.go.kr 15012005),202606,2026-10-04
CW-JINHAE,창원시 진해구,씨유진해용원,센터점,편의점,경상남도 창원시 진해구 용원서로 37,경상남도 창원시 진해구 용원동 1213-10,웅동2동,128.812975667093,35.1010165038808,MA010120220813859928,소상공인시장진흥공단_상가(상권)정보_API (data.go.kr 15012005),202606,2026-10-04
CW-JINHAE,창원시 진해구,지에스25진해코아,,편의점,경상남도 창원시 진해구 용원서로31번길 17,경상남도 창원시 진해구 용원동 1214-3,웅동2동,128.811103900802,35.1006749897437,MA010120220808461540,소상공인시장진흥공단_상가(상권)정보_API (data.go.kr 15012005),202606,2026-10-04
CW-JINHAE,창원시 진해구,이마트24진해용원일등점,,편의점,경상남도 창원시 진해구 용원북로 7,경상남도 창원시 진해구 용원동 1173-10,웅동2동,128.81550809517,35.1034569344989,MA010120220810914158,소상공인시장진흥공단_상가(상권)정보_API (data.go.kr 15012005),202606,2026-10-04
CW-JINHAE,창원시 진해구,씨유진해남문대로점,,편의점,경상남도 창원시 진해구 남영로159번길 95,경상남도 창원시 진해구 남문동 1245-7,웅천동,128.752391897055,35.1068102425154,MA010120220803141687,소상공인시장진흥공단_상가(상권)정보_API (data.go.kr 15012005),202606,2026-10-04
CW-JINHAE,창원시 진해구,GS25용원,제일점,편의점,경상남도 창원시 진해구 용원북로11번길 13,경상남도 창원시 진해구 용원동 1172-1,웅동2동,128.814257776715,35.1039442884686,MA010120220810955467,소상공인시장진흥공단_상가(상권)정보_API (data.go.kr 15012005),202606,2026-10-04
CW-JINHAE,창원시 진해구,GS25경화,시장점,편의점,경상남도 창원시 진해구 경화시장로 46,경상남도 창원시 진해구 경화동 917-1,병암동,128.690746856716,35.1577402110759,MA010120220811921504,소상공인시장진흥공단_상가(상권)정보_API (data.go.kr 15012005),202606,2026-10-04
CW-JINHAE,창원시 진해구,GS25덕산,제일점,편의점,경상남도 창원시 진해구 충장로 505,경상남도 창원시 진해구 덕산동 79-10,덕산동,128.701317619016,35.1441819506392,MA010120220810908278,소상공인시장진흥공단_상가(상권)정보_API (data.go.kr 15012005),202606,2026-10-04
CW-JINHAE,창원시 진해구,이마트24진해석동,센터점,편의점,경상남도 창원시 진해구 석동로30번길 26,경상남도 창원시 진해구 석동 177-8,석동,128.703285116984,35.1522473125537,MA010120220810936388,소상공인시장진흥공단_상가(상권)정보_API (data.go.kr 15012005),202606,2026-10-04
CW-JINHAE,창원시 진해구,GS25진해,중앙점,편의점,경상남도 창원시 진해구 충장로100번길 5,경상남도 창원시 진해구 화천동 45-5,충무동,128.663004398768,35.1517796206885,MA010120220810944106,소상공인시장진흥공단_상가(상권)정보_API (data.go.kr 15012005),202606,2026-10-04
CW-JINHAE,창원시 진해구,노브랜드진해풍호점,,편의점,경상남도 창원시 진해구 천자로 379,경상남도 창원시 진해구 풍호동 320-1,풍호동,128.706583612362,35.1352217863053,MA010120220808301821,소상공인시장진흥공단_상가(상권)정보_API (data.go.kr 15012005),202606,2026-10-04
CW-JINHAE,창원시 진해구,씨유진해이동대로점,,편의점,경상남도 창원시 진해구 충장로 466,경상남도 창원시 진해구 이동 649-7,이동,128.699358086157,35.147562018532,MA010120220810944888,소상공인시장진흥공단_상가(상권)정보_API (data.go.kr 15012005),202606,2026-10-04
CW-JINHAE,창원시 진해구,세븐일레븐진해신항,센트럴점,편의점,경상남도 창원시 진해구 신항4로 41-24,경상남도 창원시 진해구 용원동 1343-8,웅동2동,128.81584982626,35.0872209402153,MA010120220806884601,소상공인시장진흥공단_상가(상권)정보_API (data.go.kr 15012005),202606,2026-10-04
CW-JINHAE,창원시 진해구,편의점,,편의점,경상남도 창원시 진해구 신항동로 143,경상남도 창원시 진해구 용원동 1338-2,웅동2동,128.811501508863,35.0884125177822,MA010120220810958889,소상공인시장진흥공단_상가(상권)정보_API (data.go.kr 15012005),202606,2026-10-04
CW-JINHAE,창원시 진해구,씨유진해연세,병원점,편의점,경상남도 창원시 진해구 동진로21번길 12,경상남도 창원시 진해구 이동 3-3,석동,128.69956434206,35.1548410323649,MA010120220807120261,소상공인시장진흥공단_상가(상권)정보_API (data.go.kr 15012005),202606,2026-10-04
CW-JINHAE,창원시 진해구,씨유진해용원스마일점,,편의점,경상남도 창원시 진해구 용원중로17번길 11-1,경상남도 창원시 진해구 용원동 1263-2,웅동2동,128.814686099055,35.0990262598767,MA010120220812461491,소상공인시장진흥공단_상가(상권)정보_API (data.go.kr 15012005),202606,2026-10-04
CW-JINHAE,창원시 진해구,세븐일레븐진해경화역점,,편의점,경상남도 창원시 진해구 진해대로624번길 1,경상남도 창원시 진해구 경화동 1135-1,경화동,128.684025929002,35.1580321119999,MA0101202601A0005603,소상공인시장진흥공단_상가(상권)정보_API (data.go.kr 15012005),202606,2026-10-04
CW-JINHAE,창원시 진해구,이마트24진해연세,병원점,편의점,경상남도 창원시 진해구 해원로32번길 14,경상남도 창원시 진해구 이동 676-3,석동,128.698281498617,35.1543633513147,MA010120220807092217,소상공인시장진흥공단_상가(상권)정보_API (data.go.kr 15012005),202606,2026-10-04
CW-JINHAE,창원시 진해구,씨유진해남문,스타점,편의점,경상남도 창원시 진해구 남영로 60,경상남도 창원시 진해구 남문동 1250-1,웅천동,128.752389132832,35.1056567160989,MA0101202602A0017895,소상공인시장진흥공단_상가(상권)정보_API (data.go.kr 15012005),202606,2026-10-04
CW-JINHAE,창원시 진해구,지에스25진해바다,마을점,편의점,경상남도 창원시 진해구 충장로 645,경상남도 창원시 진해구 풍호동 305-14,풍호동,128.704531589823,35.1336194514154,MA010120220808351428,소상공인시장진흥공단_상가(상권)정보_API (data.go.kr 15012005),202606,2026-10-04
CW-JINHAE,창원시 진해구,세븐일레븐진해이동,중앙점,편의점,경상남도 창원시 진해구 냉천로 22,경상남도 창원시 진해구 이동 61-3,이동,128.700282203424,35.1503158160926,MA010120220803539165,소상공인시장진흥공단_상가(상권)정보_API (data.go.kr 15012005),202606,2026-10-04
CW-JINHAE,창원시 진해구,씨유신항부영8단지점,,편의점,경상남도 창원시 진해구 신항동로 136,경상남도 창원시 진해구 용원동 1341-2,웅동2동,128.811689037276,35.0899507948385,MA010120220802505473,소상공인시장진흥공단_상가(상권)정보_API (data.go.kr 15012005),202606,2026-10-04
CW-JINHAE,창원시 진해구,지에스25진해고,,편의점,경상남도 창원시 진해구 여좌로 100-1,경상남도 창원시 진해구 여좌동 46-20,여좌동,128.66295628006,35.1601977812194,MA010120220806429737,소상공인시장진흥공단_상가(상권)정보_API (data.go.kr 15012005),202606,2026-10-04
CW-JINHAE,창원시 진해구,이마트24진해용재점,,편의점,경상남도 창원시 진해구 용재로17번길 7,경상남도 창원시 진해구 용원동 1203-10,웅동2동,128.811773415278,35.1026837038604,MA010120220810940906,소상공인시장진흥공단_상가(상권)정보_API (data.go.kr 15012005),202606,2026-10-04
CW-JINHAE,창원시 진해구,세븐일레븐진해안청점,,편의점,경상남도 창원시 진해구 안골로297번길 20,경상남도 창원시 진해구 안골동 358-12,웅동2동,128.805356312643,35.1001118627442,MA010120220810957446,소상공인시장진흥공단_상가(상권)정보_API (data.go.kr 15012005),202606,2026-10-04
CW-JINHAE,창원시 진해구,지에스25진해이동원룸점,,편의점,경상남도 창원시 진해구 진해대로728번길 28,경상남도 창원시 진해구 이동 503-5,병암동,128.694273603773,35.1574115497912,MA010120220811505823,소상공인시장진흥공단_상가(상권)정보_API (data.go.kr 15012005),202606,2026-10-04
CW-JINHAE,창원시 진해구,세븐일레븐진해자은,센트럴점,편의점,경상남도 창원시 진해구 냉천로 189,경상남도 창원시 진해구 자은동 108,자은동,128.716966231253,35.1568396551006,MA0101202511A0026655,소상공인시장진흥공단_상가(상권)정보_API (data.go.kr 15012005),202606,2026-10-04
CW-JINHAE,창원시 진해구,씨유진해용원,행복점,편의점,경상남도 창원시 진해구 용원로78번길 5,경상남도 창원시 진해구 용원동 1252-1,웅동2동,128.817567872103,35.0984333392783,MA010120220814332029,소상공인시장진흥공단_상가(상권)정보_API (data.go.kr 15012005),202606,2026-10-04
CW-JINHAE,창원시 진해구,세븐일레븐진해이동스마일점,,편의점,경상남도 창원시 진해구 이동로28번길 3,경상남도 창원시 진해구 이동 610-1,이동,128.694948790369,35.1508141376137,MA010120220805896443,소상공인시장진흥공단_상가(상권)정보_API (data.go.kr 15012005),202606,2026-10-04
CW-JINHAE,창원시 진해구,세븐진해수송중앙점,코리아,편의점,경상남도 창원시 진해구 충무로 38,경상남도 창원시 진해구 수송동 2-11,충무동,128.656584619669,35.1490467271006,MA010120220810456563,소상공인시장진흥공단_상가(상권)정보_API (data.go.kr 15012005),202606,2026-10-04
CW-JINHAE,창원시 진해구,씨유진해신항애플점,,편의점,경상남도 창원시 진해구 신항동로 141,경상남도 창원시 진해구 용원동 1340,웅동2동,128.813418221973,35.0883207746799,MA010120220810789149,소상공인시장진흥공단_상가(상권)정보_API (data.go.kr 15012005),202606,2026-10-04
CW-JINHAE,창원시 진해구,세븐일레븐진해용원월드점,,편의점,경상남도 창원시 진해구 용원남로 32,경상남도 창원시 진해구 용원동 1258-11,웅동2동,128.81694873531,35.0972169709326,MA0101202604A0010205,소상공인시장진흥공단_상가(상권)정보_API (data.go.kr 15012005),202606,2026-10-04
CW-JINHAE,창원시 진해구,씨유진해자은빌딩점,,편의점,경상남도 창원시 진해구 냉천로 160,경상남도 창원시 진해구 자은동 135-1,자은동,128.713868821002,35.1556578590511,MA010120220800044277,소상공인시장진흥공단_상가(상권)정보_API (data.go.kr 15012005),202606,2026-10-04
CW-JINHAE,창원시 진해구,세븐일레븐경남진해충무점,,편의점,경상남도 창원시 진해구 제황로 80,경상남도 창원시 진해구 충무동 25-48,충무동,128.667011137867,35.1513189926299,MA010120220800662633,소상공인시장진흥공단_상가(상권)정보_API (data.go.kr 15012005),202606,2026-10-04
CW-JINHAE,창원시 진해구,씨유진해,마천점,편의점,경상남도 창원시 진해구 웅동로 77,경상남도 창원시 진해구 마천동 95-12,웅동1동,128.785032618546,35.1245655117057,MA010120220810935973,소상공인시장진흥공단_상가(상권)정보_API (data.go.kr 15012005),202606,2026-10-04
CW-JINHAE,창원시 진해구,씨유진해한스마일점,,편의점,경상남도 창원시 진해구 이동로 56,경상남도 창원시 진해구 이동 161-20,이동,128.698004536493,35.1510687462605,MA010120220814160624,소상공인시장진흥공단_상가(상권)정보_API (data.go.kr 15012005),202606,2026-10-04
CW-JINHAE,창원시 진해구,이마트24진해용원,드림점,편의점,경상남도 창원시 진해구 용재로103번길 4-1,경상남도 창원시 진해구 용원동 1182-5,웅동2동,128.821332668713,35.1005667729731,MA010120220812637169,소상공인시장진흥공단_상가(상권)정보_API (data.go.kr 15012005),202606,2026-10-04
CW-JINHAE,창원시 진해구,세븐일레븐진해세화여고점,,편의점,경상남도 창원시 진해구 병암북로4번길 41,경상남도 창원시 진해구 석동 477,병암동,128.694213764965,35.1614048175363,MA0101202604A0055299,소상공인시장진흥공단_상가(상권)정보_API (data.go.kr 15012005),202606,2026-10-04
CW-JINHAE,창원시 진해구,세븐일레븐진해석동,제일점,편의점,경상남도 창원시 진해구 진해대로874번길 17,경상남도 창원시 진해구 석동 115-12,이동,128.704614737587,35.1507596113646,MA010120220810943006,소상공인시장진흥공단_상가(상권)정보_API (data.go.kr 15012005),202606,2026-10-04
CW-JINHAE,창원시 진해구,씨유진해석동,그린점,편의점,경상남도 창원시 진해구 석동로39번길 1,경상남도 창원시 진해구 석동 204-5,석동,128.703141935608,35.1548538668919,MA010120220806871610,소상공인시장진흥공단_상가(상권)정보_API (data.go.kr 15012005),202606,2026-10-04
CW-JINHAE,창원시 진해구,이마트24진해,수송점,편의점,경상남도 창원시 진해구 편백로 1,경상남도 창원시 진해구 수송동 4-5,충무동,128.656336505213,35.149798143425,MA010120220803439501,소상공인시장진흥공단_상가(상권)정보_API (data.go.kr 15012005),202606,2026-10-04
CW-JINHAE,창원시 진해구,GS25안골공원점,,편의점,경상남도 창원시 진해구 안청남로 4,경상남도 창원시 진해구 안골동 351-2,웅동2동,128.803426269677,35.1011048967933,MA010120220810945849,소상공인시장진흥공단_상가(상권)정보_API (data.go.kr 15012005),202606,2026-10-04
CW-JINHAE,창원시 진해구,먼데이투선데이,,편의점,경상남도 창원시 진해구 동진로 91-2,경상남도 창원시 진해구 이동 581-1,이동,128.703074531684,35.1489878365404,MA010120220807929325,소상공인시장진흥공단_상가(상권)정보_API (data.go.kr 15012005),202606,2026-10-04
CW-JINHAE,창원시 진해구,GS25석동타운,,편의점,경상남도 창원시 진해구 석동로73번길 19,경상남도 창원시 진해구 석동 648-2,석동,128.704501521902,35.1574302694545,MA010120220810944715,소상공인시장진흥공단_상가(상권)정보_API (data.go.kr 15012005),202606,2026-10-04
CW-JINHAE,창원시 진해구,씨유진해자은,사거리점,편의점,경상남도 창원시 진해구 자은로64번길 26,경상남도 창원시 진해구 자은동 963-19,자은동,128.708739246432,35.1491243561079,MA010120220805166549,소상공인시장진흥공단_상가(상권)정보_API (data.go.kr 15012005),202606,2026-10-04
CW-JINHAE,창원시 진해구,씨유진해오송,스퀘어점,편의점,경상남도 창원시 진해구 신항4로 58,경상남도 창원시 진해구 용원동 1351,웅동2동,128.818748468839,35.0883941260352,MA010120220806643263,소상공인시장진흥공단_상가(상권)정보_API (data.go.kr 15012005),202606,2026-10-04
CW-JINHAE,창원시 진해구,지에스25자은벚꽃,마을점,편의점,경상남도 창원시 진해구 진해대로921번길 8,경상남도 창원시 진해구 자은동 834-5,자은동,128.707852803692,35.1471361370369,MA0101202603A0023175,소상공인시장진흥공단_상가(상권)정보_API (data.go.kr 15012005),202606,2026-10-04
CW-JINHAE,창원시 진해구,씨유진해남명점,,편의점,경상남도 창원시 진해구 웅동로 72,경상남도 창원시 진해구 마천동 98-3,웅동1동,128.784111111939,35.1245610593821,MA0101202512A0032794,소상공인시장진흥공단_상가(상권)정보_API (data.go.kr 15012005),202606,2026-10-04
CW-JINHAE,창원시 진해구,지에스25진해벚꽃로망스점,,편의점,경상남도 창원시 진해구 여좌천로 24-1,경상남도 창원시 진해구 여좌동 131-1,여좌동,128.659591690807,35.1550167867157,MA0101202507A0022175,소상공인시장진흥공단_상가(상권)정보_API (data.go.kr 15012005),202606,2026-10-04
CW-JINHAE,창원시 진해구,지에스25진해뉴신항,본점,편의점,경상남도 창원시 진해구 안골로 79,경상남도 창원시 진해구 안골동 831-21,웅동2동,128.789182758317,35.0921325739856,MA0101202602A0018697,소상공인시장진흥공단_상가(상권)정보_API (data.go.kr 15012005),202606,2026-10-04
CW-JINHAE,창원시 진해구,씨유진해자은에뜰점,,편의점,경상남도 창원시 진해구 냉천로 235,경상남도 창원시 진해구 자은동 114,자은동,128.721447095583,35.1549285488182,MA0101202512A0018499,소상공인시장진흥공단_상가(상권)정보_API (data.go.kr 15012005),202606,2026-10-04
CW-JINHAE,창원시 진해구,이마트24진해덕산점,,편의점,경상남도 창원시 진해구 충장로 505,경상남도 창원시 진해구 덕산동 79-10,덕산동,128.701317994099,35.1441999699084,MA0101202604A0027200,소상공인시장진흥공단_상가(상권)정보_API (data.go.kr 15012005),202606,2026-10-04
CW-JINHAE,창원시 진해구,세븐일레븐,,편의점,경상남도 창원시 진해구 냉천로 22,경상남도 창원시 진해구 이동 61-3,이동,128.700282203424,35.1503158160926,MA010120220805604783,소상공인시장진흥공단_상가(상권)정보_API (data.go.kr 15012005),202606,2026-10-04
CW-JINHAE,창원시 진해구,이마트24진해용원,부영점,편의점,경상남도 창원시 진해구 안청북로 13,경상남도 창원시 진해구 청안동 473,웅동2동,128.804673131246,35.1044388594399,MA010120220806643839,소상공인시장진흥공단_상가(상권)정보_API (data.go.kr 15012005),202606,2026-10-04
CW-JINHAE,창원시 진해구,이마트24진해마천공단점,,편의점,경상남도 창원시 진해구 남영로 567,경상남도 창원시 진해구 남양동 30,웅동1동,128.781630134372,35.1204429554801,MA010120220812718825,소상공인시장진흥공단_상가(상권)정보_API (data.go.kr 15012005),202606,2026-10-04
CW-JINHAE,창원시 진해구,세븐일레븐,,편의점,경상남도 창원시 진해구 중원동로 57,경상남도 창원시 진해구 중앙동 8-3,충무동,128.661218956347,35.1497763469792,MA010120220802585666,소상공인시장진흥공단_상가(상권)정보_API (data.go.kr 15012005),202606,2026-10-04
CW-JINHAE,창원시 진해구,씨유진해안골청안점,,편의점,경상남도 창원시 진해구 안청로34번길 2,경상남도 창원시 진해구 안골동 362-1,웅동2동,128.803214110649,35.0999364725576,MA010120220810944717,소상공인시장진흥공단_상가(상권)정보_API (data.go.kr 15012005),202606,2026-10-04
CW-JINHAE,창원시 진해구,GS25진해속천점,,편의점,경상남도 창원시 진해구 진희로 36,경상남도 창원시 진해구 제황산동 51,충무동,128.673546583349,35.1441361907403,MA010120220810982169,소상공인시장진흥공단_상가(상권)정보_API (data.go.kr 15012005),202606,2026-10-04
CW-JINHAE,창원시 진해구,이마트24용원제일,,편의점,경상남도 창원시 진해구 용원중로 41,경상남도 창원시 진해구 용원동 1225-10,웅동2동,128.816493764761,35.1009277797029,MA010120220802981484,소상공인시장진흥공단_상가(상권)정보_API (data.go.kr 15012005),202606,2026-10-04
CW-JINHAE,창원시 진해구,세븐일레븐진해용원더원점,,편의점,경상남도 창원시 진해구 신항북로 202,경상남도 창원시 진해구 용원동 1338-3,웅동2동,128.811483577171,35.0866103529796,MA0101202508A0013949,소상공인시장진흥공단_상가(상권)정보_API (data.go.kr 15012005),202606,2026-10-04
CW-JINHAE,창원시 진해구,씨유진해신항부영,2단지점,편의점,경상남도 창원시 진해구 신항동로 228,경상남도 창원시 진해구 용원동 1336-4,웅동2동,128.803162770511,35.0891406584705,MA0101202601A0046979,소상공인시장진흥공단_상가(상권)정보_API (data.go.kr 15012005),202606,2026-10-04
CW-JINHAE,창원시 진해구,세븐일레븐진해용원,에이스점,편의점,경상남도 창원시 진해구 용원로7번길 9,경상남도 창원시 진해구 용원동 1211-5,웅동2동,128.810205984762,35.1012291326064,MA0101202510A0012797,소상공인시장진흥공단_상가(상권)정보_API (data.go.kr 15012005),202606,2026-10-04
CW-JINHAE,창원시 진해구,씨유진해안골바다점,,편의점,경상남도 창원시 진해구 안골로298번길 26,경상남도 창원시 진해구 안골동 375,웅동2동,128.806432713295,35.0982032718683,MA0101202512A0035333,소상공인시장진흥공단_상가(상권)정보_API (data.go.kr 15012005),202606,2026-10-04
CW-JINHAE,창원시 진해구,씨유진해청안풍림점,,편의점,경상남도 창원시 진해구 안청북로 37,경상남도 창원시 진해구 청안동 472,웅동2동,128.807110057545,35.1045467426758,MA010120220808548908,소상공인시장진흥공단_상가(상권)정보_API (data.go.kr 15012005),202606,2026-10-04
CW-JINHAE,창원시 진해구,세븐일레븐진해석동,오거리점,편의점,경상남도 창원시 진해구 돌리로 8,경상남도 창원시 진해구 석동 327-8,석동,128.700545477228,35.1587475916144,MA0101202504A0029433,소상공인시장진흥공단_상가(상권)정보_API (data.go.kr 15012005),202606,2026-10-04
CW-JINHAE,창원시 진해구,25용원풍림점,,편의점,경상남도 창원시 진해구 안청북로 39,경상남도 창원시 진해구 청안동 472,웅동2동,128.806788680799,35.1058853320397,MA0101202601A0036038,소상공인시장진흥공단_상가(상권)정보_API (data.go.kr 15012005),202606,2026-10-04
CW-JINHAE,창원시 진해구,지에스25진해우성점,,편의점,경상남도 창원시 진해구 충장로575번길 8-1,경상남도 창원시 진해구 풍호동 661-10,풍호동,128.702269369022,35.1377248065681,MA0101202508A0011448,소상공인시장진흥공단_상가(상권)정보_API (data.go.kr 15012005),202606,2026-10-04
CW-JINHAE,창원시 진해구,세븐진해익선중앙점,코리아,편의점,경상남도 창원시 진해구 편백로13번길 2,경상남도 창원시 진해구 익선동 14-3,충무동,128.657673170452,35.1496987483443,MA0101202601A0045311,소상공인시장진흥공단_상가(상권)정보_API (data.go.kr 15012005),202606,2026-10-04
CW-JINHAE,창원시 진해구,이마트24진해용원,스타점,편의점,경상남도 창원시 진해구 용원중로 18,경상남도 창원시 진해구 용원동 1257-1,웅동2동,128.816170739173,35.0987246464019,MA0101202512A0003581,소상공인시장진흥공단_상가(상권)정보_API (data.go.kr 15012005),202606,2026-10-04
CW-JINHAE,창원시 진해구,지에스25내트럭신항점,,편의점,경상남도 창원시 진해구 신항북로 320,경상남도 창원시 진해구 용원동 1336,웅동2동,128.799271393122,35.087188763369,MA0101202508A0005261,소상공인시장진흥공단_상가(상권)정보_API (data.go.kr 15012005),202606,2026-10-04
CW-JINHAE,창원시 진해구,세븐일레븐진해풍호,오거리점,편의점,경상남도 창원시 진해구 충장로603번길 5,경상남도 창원시 진해구 풍호동 481-1,풍호동,128.702866659864,35.1358508716079,MA0101202602A0036088,소상공인시장진흥공단_상가(상권)정보_API (data.go.kr 15012005),202606,2026-10-04
CW-JINHAE,창원시 진해구,이마트24진해오리엔탈위성점,,편의점,경상남도 창원시 진해구 명제로 164,경상남도 창원시 진해구 명동 575-1,웅천동,128.715856583139,35.1018805611245,MA0101202512A0036178,소상공인시장진흥공단_상가(상권)정보_API (data.go.kr 15012005),202606,2026-10-04
CW-JINHAE,창원시 진해구,이마트24진해자은월드점,,편의점,경상남도 창원시 진해구 자은로64번가길 26,경상남도 창원시 진해구 자은동 284-1,자은동,128.711156361612,35.151370333745,MA0101202508A0033696,소상공인시장진흥공단_상가(상권)정보_API (data.go.kr 15012005),202606,2026-10-04
CW-JINHAE,창원시 진해구,세븐일레븐진해용원드라이브점,,편의점,경상남도 창원시 진해구 진해대로 2235,경상남도 창원시 진해구 용원동 541-6,웅동2동,128.805850226698,35.1095762746141,MA010120220809274529,소상공인시장진흥공단_상가(상권)정보_API (data.go.kr 15012005),202606,2026-10-04
CW-JINHAE,창원시 진해구,세븐진해충무점,코리아,편의점,경상남도 창원시 진해구 제황로 80,경상남도 창원시 진해구 충무동 25-48,충무동,128.667011137867,35.1513189926299,MA010120220810981752,소상공인시장진흥공단_상가(상권)정보_API (data.go.kr 15012005),202606,2026-10-04
CW-JINHAE,창원시 진해구,세븐일레븐진해경화위브점,,편의점,경상남도 창원시 진해구 조천로 29,경상남도 창원시 진해구 경화동 1301-17,경화동,128.684763909593,35.1602929423255,MA010120220814383273,소상공인시장진흥공단_상가(상권)정보_API (data.go.kr 15012005),202606,2026-10-04
CW-JINHAE,창원시 진해구,씨유진해하이점,,편의점,경상남도 창원시 진해구 충장로 137,경상남도 창원시 진해구 여좌동 794-4,여좌동,128.667208532507,35.1523887410405,MA0101202412A0075981,소상공인시장진흥공단_상가(상권)정보_API (data.go.kr 15012005),202606,2026-10-04
CW-JINHAE,창원시 진해구,지에스25진해석동국제점,,편의점,경상남도 창원시 진해구 진해대로802번길 12,경상남도 창원시 진해구 석동 224-9,석동,128.701693426452,35.1564333451838,MA0101202412A0088330,소상공인시장진흥공단_상가(상권)정보_API (data.go.kr 15012005),202606,2026-10-04
CW-JINHAE,창원시 진해구,씨유진해,제일점,편의점,경상남도 창원시 진해구 해원로 6,경상남도 창원시 진해구 이동 407-6,이동,128.695062081824,35.1531016683465,MA0101202411A0046124,소상공인시장진흥공단_상가(상권)정보_API (data.go.kr 15012005),202606,2026-10-04
CW-JINHAE,창원시 진해구,노브랜드진해풍호점,,편의점,경상남도 창원시 진해구 천자로 379,경상남도 창원시 진해구 풍호동 320-1,풍호동,128.706583612362,35.1352217863053,MA0101202502A0046160,소상공인시장진흥공단_상가(상권)정보_API (data.go.kr 15012005),202606,2026-10-04
CW-JINHAE,창원시 진해구,씨유진해벚꽃점,,편의점,경상남도 창원시 진해구 냉천로 93,경상남도 창원시 진해구 석동 663-6,석동,128.707095866443,35.1534463697227,MA0101202502A0003481,소상공인시장진흥공단_상가(상권)정보_API (data.go.kr 15012005),202606,2026-10-04
CW-JINHAE,창원시 진해구,아이스앤스낵창고부흥점,,편의점,경상남도 창원시 진해구 중원동로 38,경상남도 창원시 진해구 부흥동 1-1,충무동,128.661808113066,35.1474520986475,MA0101202503A0063174,소상공인시장진흥공단_상가(상권)정보_API (data.go.kr 15012005),202606,2026-10-04
CW-JINHAE,창원시 진해구,이마트편의점,,편의점,경상남도 창원시 진해구 진해대로922번길 24,경상남도 창원시 진해구 자은동 867-25,자은동,128.704587199106,35.1473353413716,MA010120220804892533,소상공인시장진흥공단_상가(상권)정보_API (data.go.kr 15012005),202606,2026-10-04
CW-JINHAE,창원시 진해구,지에스25진해남문W,,편의점,경상남도 창원시 진해구 웅천동로106번길 13,경상남도 창원시 진해구 남문동 1254,웅천동,128.751884021441,35.1051142717893,MA010120220805542538,소상공인시장진흥공단_상가(상권)정보_API (data.go.kr 15012005),202606,2026-10-04
CW-JINHAE,창원시 진해구,세븐일레븐진해신항,센텀점,편의점,경상남도 창원시 진해구 신항4로 49,경상남도 창원시 진해구 용원동 1345-2,웅동2동,128.817911026557,35.0877127520258,MA010120220808590201,소상공인시장진흥공단_상가(상권)정보_API (data.go.kr 15012005),202606,2026-10-04
CW-JINHAE,창원시 진해구,지에스25진해연세,병원점,편의점,경상남도 창원시 진해구 해원로32번길 8,경상남도 창원시 진해구 이동 675-6,이동,128.697561400545,35.1545627028822,MA010120220812381952,소상공인시장진흥공단_상가(상권)정보_API (data.go.kr 15012005),202606,2026-10-04
CW-JINHAE,창원시 진해구,픽미픽미다온점,,편의점,경상남도 창원시 진해구 진해대로 999,경상남도 창원시 진해구 자은동 615-1,덕산동,128.707818850736,35.1402602622872,MA010120220811723817,소상공인시장진흥공단_상가(상권)정보_API (data.go.kr 15012005),202606,2026-10-04
CW-JINHAE,창원시 진해구,씨유진해용원해청점,,편의점,경상남도 창원시 진해구 용원북로11번길 29,경상남도 창원시 진해구 용원동 1169-1,웅동2동,128.812675168019,35.1042833936745,MA010120220810920951,소상공인시장진흥공단_상가(상권)정보_API (data.go.kr 15012005),202606,2026-10-04
CW-JINHAE,창원시 진해구,씨유진해풍호한림점,,편의점,경상남도 창원시 진해구 풍호로 68,경상남도 창원시 진해구 풍호동 83-77,풍호동,128.709508071793,35.1386683040557,MA0101202411A0103548,소상공인시장진흥공단_상가(상권)정보_API (data.go.kr 15012005),202606,2026-10-04
CW-JINHAE,창원시 진해구,지에스25진해,구청점,편의점,경상남도 창원시 진해구 천자로 411,경상남도 창원시 진해구 풍호동 807-9,풍호동,128.70982185386,35.1353113135262,MA0101202409A0127265,소상공인시장진흥공단_상가(상권)정보_API (data.go.kr 15012005),202606,2026-10-04
CW-JINHAE,창원시 진해구,지에스25자은주공점,,편의점,경상남도 창원시 진해구 진해대로913번길 3-37,경상남도 창원시 진해구 자은동 945-7,자은동,128.708046292511,35.1490440065049,MA0101202411A0013558,소상공인시장진흥공단_상가(상권)정보_API (data.go.kr 15012005),202606,2026-10-04
CW-JINHAE,창원시 진해구,세븐일레븐진해이동스카이점,,편의점,경상남도 창원시 진해구 냉천로 15-1,경상남도 창원시 진해구 이동 57-7,이동,128.699523240783,35.150227331977,MA0101202411A0065478,소상공인시장진흥공단_상가(상권)정보_API (data.go.kr 15012005),202606,2026-10-04
CW-JINHAE,창원시 진해구,이마트24진해속천점,,편의점,경상남도 창원시 진해구 속천로 12-2,경상남도 창원시 진해구 제황산동 25-23,충무동,128.671636237357,35.1446131820282,MA010120220808589875,소상공인시장진흥공단_상가(상권)정보_API (data.go.kr 15012005),202606,2026-10-04
CW-JINHAE,창원시 진해구,지에스25용원부영1차점,,편의점,경상남도 창원시 진해구 안청남로 13,경상남도 창원시 진해구 청안동 477,웅동2동,128.805812258873,35.1013938087571,MA010120220808226822,소상공인시장진흥공단_상가(상권)정보_API (data.go.kr 15012005),202606,2026-10-04
CW-JINHAE,창원시 진해구,씨유진해덕산점,,편의점,경상남도 창원시 진해구 진해대로970번길 36,경상남도 창원시 진해구 풍호동 745-2,덕산동,128.703474486271,35.1429079477928,MA010120220810948492,소상공인시장진흥공단_상가(상권)정보_API (data.go.kr 15012005),202606,2026-10-04
CW-JINHAE,창원시 진해구,세븐일레븐진해아이존빌점,,편의점,경상남도 창원시 진해구 병암로 22,경상남도 창원시 진해구 이동 445-2,병암동,128.69289710679,35.1555922944364,MA0101202409A0154906,소상공인시장진흥공단_상가(상권)정보_API (data.go.kr 15012005),202606,2026-10-04
CW-JINHAE,창원시 진해구,세븐일레븐진해용원도서관점,,편의점,경상남도 창원시 진해구 용재로 75,경상남도 창원시 진해구 용원동 1186-8,웅동2동,128.81806337045,35.1009943667773,MA0101202409A0095096,소상공인시장진흥공단_상가(상권)정보_API (data.go.kr 15012005),202606,2026-10-04
CW-JINHAE,창원시 진해구,이마트24뉴신항시티점,코리아,편의점,경상남도 창원시 진해구 신항4로 41-16,경상남도 창원시 진해구 용원동 1343-6,웅동2동,128.816628017811,35.0872092808784,MA0101202409A0092802,소상공인시장진흥공단_상가(상권)정보_API (data.go.kr 15012005),202606,2026-10-04
CW-JINHAE,창원시 진해구,씨유진해이동무지개점,,편의점,경상남도 창원시 진해구 병암로29번길 2,경상남도 창원시 진해구 이동 512-12,병암동,128.692530503885,35.1564355584249,MA0101202409A0176940,소상공인시장진흥공단_상가(상권)정보_API (data.go.kr 15012005),202606,2026-10-04
GN-JINJU,진주시,세븐일레븐진주삼현점,,편의점,경상남도 진주시 돗골로 94,경상남도 진주시 상평동 198-45,상평동,128.112559606108,35.1765983864296,MA010120220812113411,소상공인시장진흥공단_상가(상권)정보_API (data.go.kr 15012005),202606,2026-10-04
GN-JINJU,진주시,씨유이현웰가점,,편의점,경상남도 진주시 진주대로 1319,경상남도 진주시 이현동 1180,이현동,128.059317523857,35.1941915212866,MA010120220811186965,소상공인시장진흥공단_상가(상권)정보_API (data.go.kr 15012005),202606,2026-10-04
GN-JINJU,진주시,GS25평거LH점,,편의점,경상남도 진주시 진양호로145번길 3,경상남도 진주시 평거동 518-2,판문동,128.054997653768,35.1691819803665,MA010120220806888863,소상공인시장진흥공단_상가(상권)정보_API (data.go.kr 15012005),202606,2026-10-04
GN-JINJU,진주시,GS25봉곡햇살점,,편의점,경상남도 진주시 비봉로 57-1,경상남도 진주시 봉곡동 4-2,성북동,128.079958805515,35.1958117877453,MA010120220811179969,소상공인시장진흥공단_상가(상권)정보_API (data.go.kr 15012005),202606,2026-10-04
GN-JINJU,진주시,지에스25하대,중앙점,편의점,경상남도 진주시 하대로 116,경상남도 진주시 하대동 317-40,하대동,128.124390972298,35.193181147903,MA0101202409A0188100,소상공인시장진흥공단_상가(상권)정보_API (data.go.kr 15012005),202606,2026-10-04
GN-JINJU,진주시,지에스25진주상평,드림점,편의점,경상남도 진주시 공단로 139,경상남도 진주시 상평동 196-80,상평동,128.115203705833,35.1756907954486,MA0101202409A0152837,소상공인시장진흥공단_상가(상권)정보_API (data.go.kr 15012005),202606,2026-10-04
GN-JINJU,진주시,세븐일레븐진주하대점,,편의점,경상남도 진주시 도동로231번길 14,경상남도 진주시 하대동 329-15,하대동,128.120562732109,35.1910445105375,MA0101202409A0207098,소상공인시장진흥공단_상가(상권)정보_API (data.go.kr 15012005),202606,2026-10-04
GN-JINJU,진주시,씨유진주하대,강변점,편의점,경상남도 진주시 모덕로306번길 1,경상남도 진주시 하대동 110,하대동,128.127571970008,35.1889875814785,MA010120220813693160,소상공인시장진흥공단_상가(상권)정보_API (data.go.kr 15012005),202606,2026-10-04
GN-JINJU,진주시,세븐일레븐진주초전,센터점,편의점,경상남도 진주시 초전북로 55,경상남도 진주시 초전동 1631-1,초장동,128.112701139767,35.2087193189778,MA010120220804198347,소상공인시장진흥공단_상가(상권)정보_API (data.go.kr 15012005),202606,2026-10-04
GN-JINJU,진주시,이마트24진주금산이편한점,,편의점,경상남도 진주시 금산면 금산순환로80번길 8,경상남도 진주시 금산면 장사리 768,금산면,128.151398566003,35.2202725262526,MA010120220808440587,소상공인시장진흥공단_상가(상권)정보_API (data.go.kr 15012005),202606,2026-10-04
GN-JINJU,진주시,씨유진주혁신라온점,,편의점,경상남도 진주시 대밭골로 92,경상남도 진주시 충무공동 195,충무공동,128.149391943528,35.1807609191458,MA010120220811835764,소상공인시장진흥공단_상가(상권)정보_API (data.go.kr 15012005),202606,2026-10-04
GN-JINJU,진주시,세븐일레븐진주혁신,희망점,편의점,경상남도 진주시 충의로 20-21,경상남도 진주시 충무공동 282-5,충무공동,128.148339377718,35.175390169691,MA0101202307A0036546,소상공인시장진흥공단_상가(상권)정보_API (data.go.kr 15012005),202606,2026-10-04
GN-JINJU,진주시,지에스25진주세무서점,,편의점,경상남도 진주시 진주대로908번길 23,경상남도 진주시 칠암동 519-12,천전동,128.092261576335,35.1822630548562,MA0101202406A0380167,소상공인시장진흥공단_상가(상권)정보_API (data.go.kr 15012005),202606,2026-10-04
GN-JINJU,진주시,지에스25진주대신로점,,편의점,경상남도 진주시 대신로292번길 11,경상남도 진주시 상대동 192-23,상대동,128.118207742282,35.1866409109726,MA010120220803171671,소상공인시장진흥공단_상가(상권)정보_API (data.go.kr 15012005),202606,2026-10-04
GN-JINJU,진주시,씨유진주삼현베스트점,,편의점,경상남도 진주시 돗골로 112,경상남도 진주시 상대동 301-32,상대동,128.112559758464,35.1782207239832,MA010120220813339942,소상공인시장진흥공단_상가(상권)정보_API (data.go.kr 15012005),202606,2026-10-04
GN-JINJU,진주시,이마트24진주,상대점,편의점,경상남도 진주시 돗골로147번길 2,경상남도 진주시 상대동 247-32,상대동,128.111955619631,35.1814168711619,MA010120220806636605,소상공인시장진흥공단_상가(상권)정보_API (data.go.kr 15012005),202606,2026-10-04
GN-JINJU,진주시,지에스25진주하대국제점,,편의점,경상남도 진주시 하대로 24,경상남도 진주시 하대동 606-5,하대동,128.1152043863,35.1942214773276,MA010120220812844909,소상공인시장진흥공단_상가(상권)정보_API (data.go.kr 15012005),202606,2026-10-04
GN-JINJU,진주시,지에스25하대오케이점,,편의점,경상남도 진주시 대신로334번길 24,경상남도 진주시 하대동 343-113,하대동,128.119341082462,35.1900283308572,MA0101202406A0150256,소상공인시장진흥공단_상가(상권)정보_API (data.go.kr 15012005),202606,2026-10-04
GN-JINJU,진주시,세븐일레븐진주석류점,,편의점,경상남도 진주시 진주대로816번길 6-1,경상남도 진주시 주약동 79-30,천전동,128.094426702623,35.1734377952625,MA0101202310A0040184,소상공인시장진흥공단_상가(상권)정보_API (data.go.kr 15012005),202606,2026-10-04
GN-JINJU,진주시,씨유진주평거,중앙점,편의점,경상남도 진주시 남강로373번길 15-1,경상남도 진주시 평거동 768-1,평거동,128.066799629585,35.1727288971507,MA0101202311A0060802,소상공인시장진흥공단_상가(상권)정보_API (data.go.kr 15012005),202606,2026-10-04
GN-JINJU,진주시,세븐일레븐진주상평공단점,,편의점,경상남도 진주시 큰들로 183,경상남도 진주시 상평동 306-5,상평동,128.12292098654,35.171725879524,MA0101202406A0286544,소상공인시장진흥공단_상가(상권)정보_API (data.go.kr 15012005),202606,2026-10-04
GN-JINJU,진주시,지에스25진주푸른솔점,,편의점,경상남도 진주시 돗골로 167,경상남도 진주시 상대동 249-1,상대동,128.111616833236,35.183141462025,MA0101202406A0276035,소상공인시장진흥공단_상가(상권)정보_API (data.go.kr 15012005),202606,2026-10-04
GN-JINJU,진주시,지에스25가좌원룸점,,편의점,경상남도 진주시 진주대로500번길 56,경상남도 진주시 가좌동 557-9,가호동,128.104762114507,35.1511719252753,MA0101202409A0207775,소상공인시장진흥공단_상가(상권)정보_API (data.go.kr 15012005),202606,2026-10-04
GN-JINJU,진주시,지에스25진주대명점,,편의점,경상남도 진주시 평거로 154-1,경상남도 진주시 신안동 445-1,신안동,128.069459628121,35.1830614193226,MA0101202409A0075316,소상공인시장진흥공단_상가(상권)정보_API (data.go.kr 15012005),202606,2026-10-04
GN-JINJU,진주시,씨유진주하대,사랑점,편의점,경상남도 진주시 하대로34번길 11-2,경상남도 진주시 하대동 453-7,하대동,128.114447919443,35.1926962371651,MA0101202409A0181585,소상공인시장진흥공단_상가(상권)정보_API (data.go.kr 15012005),202606,2026-10-04
GN-JINJU,진주시,씨유신진주프리미어웰가점,,편의점,경상남도 진주시 개양로 67,경상남도 진주시 가좌동 1945,가호동,128.112646789526,35.1564084437066,MA0101202406A0482704,소상공인시장진흥공단_상가(상권)정보_API (data.go.kr 15012005),202606,2026-10-04
GN-JINJU,진주시,지에스25진주이주단지점,,편의점,경상남도 진주시 진주대로404번길 13,경상남도 진주시 가좌동 1850,가호동,128.103025603878,35.1452842025939,MA0101202409A0107833,소상공인시장진흥공단_상가(상권)정보_API (data.go.kr 15012005),202606,2026-10-04
GN-JINJU,진주시,비지에프리테일진주큐브에스점,,편의점,경상남도 진주시 정촌면 화개천로 50,경상남도 진주시 정촌면 예하리 1251-1,정촌면,128.10052565409,35.1217828242052,MA010120220811986020,소상공인시장진흥공단_상가(상권)정보_API (data.go.kr 15012005),202606,2026-10-04
GN-JINJU,진주시,씨유진주정촌,산단점,편의점,경상남도 진주시 정촌면 정촌로 92,경상남도 진주시 정촌면 예하리 1302-1,정촌면,128.104635793512,35.1288297111417,MA010120220804900278,소상공인시장진흥공단_상가(상권)정보_API (data.go.kr 15012005),202606,2026-10-04
GN-JINJU,진주시,씨유진주아주,스타점,편의점,경상남도 진주시 동진로 22,경상남도 진주시 칠암동 490-1,천전동,128.093638567486,35.1785192420446,MA010120220809783321,소상공인시장진흥공단_상가(상권)정보_API (data.go.kr 15012005),202606,2026-10-04
GN-JINJU,진주시,지에스25진주기계공고점,,편의점,경상남도 진주시 솔밭로91번길 23,경상남도 진주시 상평동 269-18,상평동,128.104597561567,35.1771489534138,MA010120220810448768,소상공인시장진흥공단_상가(상권)정보_API (data.go.kr 15012005),202606,2026-10-04
GN-JINJU,진주시,GS25진주,상봉점,편의점,경상남도 진주시 창렬로114번길 1,경상남도 진주시 상봉동 1091-3,상봉동,128.070004185127,35.1978019077924,MA010120220813034713,소상공인시장진흥공단_상가(상권)정보_API (data.go.kr 15012005),202606,2026-10-04
GN-JINJU,진주시,지에스25호탄원룸점,,편의점,경상남도 진주시 호탄길21번길 9,경상남도 진주시 호탄동 615-3,가호동,128.115230079456,35.1631534656067,MA0101202311A0089388,소상공인시장진흥공단_상가(상권)정보_API (data.go.kr 15012005),202606,2026-10-04
GN-JINJU,진주시,씨유진주강남로점,,편의점,경상남도 진주시 강남로 167,경상남도 진주시 칠암동 530-20,천전동,128.09562060159,35.183061909514,MA0101202406A0107926,소상공인시장진흥공단_상가(상권)정보_API (data.go.kr 15012005),202606,2026-10-04
GN-JINJU,진주시,지에스25진주지수점,,편의점,경상남도 진주시 지수면 지수로 472,경상남도 진주시 지수면 승산리 445-18,지수면,128.269554002052,35.2336826108707,MA0101202406A0347335,소상공인시장진흥공단_상가(상권)정보_API (data.go.kr 15012005),202606,2026-10-04
GN-JINJU,진주시,씨유진주혁신배종점,,편의점,경상남도 진주시 사들로123번길 40,경상남도 진주시 충무공동 225-4,충무공동,128.144188398819,35.1799719876978,MA0101202406A0497512,소상공인시장진흥공단_상가(상권)정보_API (data.go.kr 15012005),202606,2026-10-04
GN-JINJU,진주시,지에스25서진주점,,편의점,경상남도 진주시 서장대로 280,경상남도 진주시 이현동 23-1,이현동,128.063810443168,35.1918357864402,MA0101202406A0391449,소상공인시장진흥공단_상가(상권)정보_API (data.go.kr 15012005),202606,2026-10-04
GN-JINJU,진주시,지에스25새진주금산점,,편의점,경상남도 진주시 금산면 금산순환로 14,경상남도 진주시 금산면 장사리 987-20,금산면,128.146708750437,35.2155852718785,MA0101202406A0450976,소상공인시장진흥공단_상가(상권)정보_API (data.go.kr 15012005),202606,2026-10-04
GN-JINJU,진주시,지에스25진주초장,미소점,편의점,경상남도 진주시 초전북로39번길 6-2,경상남도 진주시 초전동 1687-1,초장동,128.111357870061,35.2084612687764,MA0101202406A0271085,소상공인시장진흥공단_상가(상권)정보_API (data.go.kr 15012005),202606,2026-10-04
GN-JINJU,진주시,지에스25뉴하대동진점,,편의점,경상남도 진주시 도동로 186,경상남도 진주시 하대동 126-8,하대동,128.122458770284,35.1868088814479,MA0101202406A0006518,소상공인시장진흥공단_상가(상권)정보_API (data.go.kr 15012005),202606,2026-10-04
GN-JINJU,진주시,공우이엔씨씨유공군교육사령부점,,편의점,경상남도 진주시 금산면 송백로 46,경상남도 진주시 금산면 송백리 산 1,금산면,128.146362399862,35.2034481588561,MA0101202406A0571782,소상공인시장진흥공단_상가(상권)정보_API (data.go.kr 15012005),202606,2026-10-04
GN-JINJU,진주시,씨유진주호탄마루점,,편의점,경상남도 진주시 호탄길22번길 13,경상남도 진주시 호탄동 633-4,가호동,128.117616752577,35.1635190284528,MA0101202406A0079125,소상공인시장진흥공단_상가(상권)정보_API (data.go.kr 15012005),202606,2026-10-04
GN-JINJU,진주시,씨유경상대,정문점,편의점,경상남도 진주시 가좌안골길10번길 7,경상남도 진주시 가좌동 481-8,가호동,128.10710526765,35.1532145212068,MA010120220811158672,소상공인시장진흥공단_상가(상권)정보_API (data.go.kr 15012005),202606,2026-10-04
GN-JINJU,진주시,세븐일레븐진주,보건대점,편의점,경상남도 진주시 창렬로 101,경상남도 진주시 상봉동 806-16,상봉동,128.068519319588,35.197607721057,MA010120220810132791,소상공인시장진흥공단_상가(상권)정보_API (data.go.kr 15012005),202606,2026-10-04
GN-JINJU,진주시,씨유의대칠암점,,편의점,경상남도 진주시 동진로20번길 31,경상남도 진주시 칠암동 491-41,천전동,128.095105027802,35.1781815226715,MA010120220812107214,소상공인시장진흥공단_상가(상권)정보_API (data.go.kr 15012005),202606,2026-10-04
GN-JINJU,진주시,세븐일레븐진주신안동신점,,편의점,경상남도 진주시 신안로88번길 9,경상남도 진주시 신안동 15-74,신안동,128.071616504079,35.1859625735,MA010120220809970545,소상공인시장진흥공단_상가(상권)정보_API (data.go.kr 15012005),202606,2026-10-04
GN-JINJU,진주시,CU진주,보건대점,편의점,경상남도 진주시 의병로 55,경상남도 진주시 상봉동 834-13,상봉동,128.067942747855,35.1980183931547,MA010120220800653863,소상공인시장진흥공단_상가(상권)정보_API (data.go.kr 15012005),202606,2026-10-04
GN-JINJU,진주시,지에스25진주일반성점,,편의점,경상남도 진주시 일반성면 동부로 1959,경상남도 진주시 일반성면 창촌리 729-32,일반성면,128.276650770195,35.1712846097196,MA010120220812682643,소상공인시장진흥공단_상가(상권)정보_API (data.go.kr 15012005),202606,2026-10-04
GN-JINJU,진주시,성경빌딩,,편의점,경상남도 진주시 진양호로 241,경상남도 진주시 평거동 165-11,평거동,128.061831695813,35.1756116620885,MA010120220811168088,소상공인시장진흥공단_상가(상권)정보_API (data.go.kr 15012005),202606,2026-10-04
GN-JINJU,진주시,씨유진주,동문점,편의점,경상남도 진주시 망경로298번길 4,경상남도 진주시 강남동 127,천전동,128.085692056639,35.1852153043258,MA010120220811168383,소상공인시장진흥공단_상가(상권)정보_API (data.go.kr 15012005),202606,2026-10-04
GN-JINJU,진주시,GS25신안주공점,,편의점,경상남도 진주시 평거로85번길 2,경상남도 진주시 신안동 707-5,평거동,128.067313706844,35.1776274637857,MA010120220811164760,소상공인시장진흥공단_상가(상권)정보_API (data.go.kr 15012005),202606,2026-10-04
GN-JINJU,진주시,GS25진주,상대점,편의점,경상남도 진주시 동진로 216,경상남도 진주시 상대동 302-60,상대동,128.114752344458,35.1796156019635,MA010120220811175422,소상공인시장진흥공단_상가(상권)정보_API (data.go.kr 15012005),202606,2026-10-04
GN-JINJU,진주시,세븐일레븐진주동성카페점,,편의점,경상남도 진주시 진주대로 901,경상남도 진주시 강남동 219,천전동,128.089334464162,35.1809194413536,MA010120220813017545,소상공인시장진흥공단_상가(상권)정보_API (data.go.kr 15012005),202606,2026-10-04
GN-JINJU,진주시,이마트24뉴진주하대점,,편의점,경상남도 진주시 도동로 173,경상남도 진주시 하대동 137-22,하대동,128.12218020057,35.1857118806555,MA010120220811663865,소상공인시장진흥공단_상가(상권)정보_API (data.go.kr 15012005),202606,2026-10-04
GN-JINJU,진주시,지에스25진주평거아름점,,편의점,경상남도 진주시 평거로 26,경상남도 진주시 평거동 784-1,평거동,128.064142257623,35.1726531297606,MA0101202212A0089612,소상공인시장진흥공단_상가(상권)정보_API (data.go.kr 15012005),202606,2026-10-04
GN-JINJU,진주시,씨유진주상봉일신점,,편의점,경상남도 진주시 창렬로 192,경상남도 진주시 상봉동 838-13,상봉동,128.077871319012,35.1998682119062,MA0101202301A0036252,소상공인시장진흥공단_상가(상권)정보_API (data.go.kr 15012005),202606,2026-10-04
GN-JINJU,진주시,씨유진주상평우신점,,편의점,경상남도 진주시 큰들로 116,경상남도 진주시 상평동 191-3,상평동,128.11556884626,35.1710817913881,MA0101202212A0014513,소상공인시장진흥공단_상가(상권)정보_API (data.go.kr 15012005),202606,2026-10-04
GN-JINJU,진주시,세븐일레븐진주성점,,편의점,경상남도 진주시 비봉로 6-1,경상남도 진주시 본성동 3-13,성북동,128.081854683225,35.1913965186437,MA010120220811148362,소상공인시장진흥공단_상가(상권)정보_API (data.go.kr 15012005),202606,2026-10-04
GN-JINJU,진주시,지에스25중안스트릿점,,편의점,경상남도 진주시 촉석로186번길 10,경상남도 진주시 중안동 6-3,성북동,128.082299356841,35.1942947320141,MA0101202305A0201890,소상공인시장진흥공단_상가(상권)정보_API (data.go.kr 15012005),202606,2026-10-04
GN-JINJU,진주시,지에스25진주,수정점,편의점,경상남도 진주시 향교로 29,경상남도 진주시 수정동 19-21,중앙동,128.085679044809,35.1982662465492,MA0101202406A0054152,소상공인시장진흥공단_상가(상권)정보_API (data.go.kr 15012005),202606,2026-10-04
GN-JINJU,진주시,이마트24시편의점,,편의점,경상남도 진주시 새평거로 75,경상남도 진주시 평거동 797,판문동,128.055055037678,35.1676762986691,MA010120220803226131,소상공인시장진흥공단_상가(상권)정보_API (data.go.kr 15012005),202606,2026-10-04
GN-JINJU,진주시,이마트24진주하대,중앙점,편의점,경상남도 진주시 도동로189번길 19,경상남도 진주시 하대동 124-2,하대동,128.120310326635,35.1870541005183,MA010120220814018171,소상공인시장진흥공단_상가(상권)정보_API (data.go.kr 15012005),202606,2026-10-04
GN-JINJU,진주시,씨유진주개양점,,편의점,경상남도 진주시 호탄길 9,경상남도 진주시 호탄동 618-6,가호동,128.116119486899,35.1623791679871,MA010120220811176824,소상공인시장진흥공단_상가(상권)정보_API (data.go.kr 15012005),202606,2026-10-04
GN-JINJU,진주시,씨유신진주줌시티점,,편의점,경상남도 진주시 개양로 114,경상남도 진주시 가좌동 2068-2,가호동,128.11864218302,35.1542441843319,MA010120220813705694,소상공인시장진흥공단_상가(상권)정보_API (data.go.kr 15012005),202606,2026-10-04
GN-JINJU,진주시,GS25평거스카이점,,편의점,경상남도 진주시 평거로 5,경상남도 진주시 평거동 202-6,평거동,128.062417880595,35.1717309099566,MA010120220806923301,소상공인시장진흥공단_상가(상권)정보_API (data.go.kr 15012005),202606,2026-10-04
GN-JINJU,진주시,지에스25평거,3단지점,편의점,경상남도 진주시 새평거로 111,경상남도 진주시 평거동 897,평거동,128.059440941045,35.1698642432421,MA0101202311A0017381,소상공인시장진흥공단_상가(상권)정보_API (data.go.kr 15012005),202606,2026-10-04
GN-JINJU,진주시,세븐진주교대점,코리아,편의점,경상남도 진주시 진양호로 327,경상남도 진주시 신안동 435-17,평거동,128.066660421656,35.1822388810419,MA0101202311A0022810,소상공인시장진흥공단_상가(상권)정보_API (data.go.kr 15012005),202606,2026-10-04
GN-JINJU,진주시,이마트24진주경,상대점,편의점,경상남도 진주시 가좌길 28,경상남도 진주시 가좌동 1444-1,가호동,128.104826072611,35.1567143590881,MA0101202310A0096919,소상공인시장진흥공단_상가(상권)정보_API (data.go.kr 15012005),202606,2026-10-04
GN-JINJU,진주시,지에스더프레시진주,센트럴점,편의점,경상남도 진주시 에나로175번길 12,경상남도 진주시 충무공동 298,충무공동,128.144913566553,35.1737552042921,MA0101202305A0003943,소상공인시장진흥공단_상가(상권)정보_API (data.go.kr 15012005),202606,2026-10-04
GN-JINJU,진주시,지에스25진주서부,시장점,편의점,경상남도 진주시 촉석로 115,경상남도 진주시 봉곡동 467-3,성북동,128.075037944754,35.1931697001031,MA0101202307A0081216,소상공인시장진흥공단_상가(상권)정보_API (data.go.kr 15012005),202606,2026-10-04
GN-JINJU,진주시,씨유진주금산우리점,,편의점,경상남도 진주시 금산면 금산순환로11번길 3,경상남도 진주시 금산면 장사리 953-7,금산면,128.145912925169,35.2152232787123,MA010120220812943266,소상공인시장진흥공단_상가(상권)정보_API (data.go.kr 15012005),202606,2026-10-04
GN-JINJU,진주시,세븐진주평거중앙점주,코리아,편의점,경상남도 진주시 평거로14번길 2,경상남도 진주시 평거동 786-1,평거동,128.063065781817,35.1717522643807,MA010120220811209179,소상공인시장진흥공단_상가(상권)정보_API (data.go.kr 15012005),202606,2026-10-04
GN-JINJU,진주시,씨유진주하대현대점,,편의점,경상남도 진주시 하대로 142,경상남도 진주시 하대동 101,하대동,128.126794919359,35.1931407759352,MA010120220811178895,소상공인시장진흥공단_상가(상권)정보_API (data.go.kr 15012005),202606,2026-10-04
GN-JINJU,진주시,세븐일레븐진주동성카페점,,편의점,경상남도 진주시 진주대로 901,경상남도 진주시 강남동 219,천전동,128.089334464162,35.1809194413536,MA010120220800689749,소상공인시장진흥공단_상가(상권)정보_API (data.go.kr 15012005),202606,2026-10-04
GN-JINJU,진주시,GS25경상대지에스,정문점,편의점,경상남도 진주시 진주대로 514,경상남도 진주시 가좌동 492-1,가호동,128.105934348954,35.1526483814856,MA010120220800153410,소상공인시장진흥공단_상가(상권)정보_API (data.go.kr 15012005),202606,2026-10-04
GN-JINJU,진주시,GS25진주칠암원룸점,,편의점,경상남도 진주시 강남로189번길 28,경상남도 진주시 칠암동 506-34,천전동,128.091539863023,35.1841172283796,MA010120220813646051,소상공인시장진흥공단_상가(상권)정보_API (data.go.kr 15012005),202606,2026-10-04
GN-JINJU,진주시,씨유진주상봉,스타점,편의점,경상남도 진주시 북장대로 75-1,경상남도 진주시 상봉동 1074-32,상봉동,128.072647094167,35.1967149891144,MA010120220800892872,소상공인시장진흥공단_상가(상권)정보_API (data.go.kr 15012005),202606,2026-10-04
GN-JINJU,진주시,지에스25혁신프라임점,,편의점,경상남도 진주시 소호로19번길 11,경상남도 진주시 충무공동 90,충무공동,128.133441602962,35.169717133288,MA0101202308A0043482,소상공인시장진흥공단_상가(상권)정보_API (data.go.kr 15012005),202606,2026-10-04
GN-JINJU,진주시,세븐진주롯데아울렛점,코리아,편의점,경상남도 진주시 동진로 440,경상남도 진주시 충무공동 35,충무공동,128.139843699447,35.1801481513326,MA010120220813752915,소상공인시장진흥공단_상가(상권)정보_API (data.go.kr 15012005),202606,2026-10-04
GN-JINJU,진주시,이마트24진주다솜방,강남점,편의점,경상남도 진주시 진주대로 883,경상남도 진주시 강남동 242,천전동,128.090661824262,35.1792040354481,MA010120220811148760,소상공인시장진흥공단_상가(상권)정보_API (data.go.kr 15012005),202606,2026-10-04
GN-JINJU,진주시,세븐진주초전점주,코리아,편의점,경상남도 진주시 말티고개로 109,경상남도 진주시 초전동 702-7,초장동,128.113592334009,35.1967779701278,MA010120220811209386,소상공인시장진흥공단_상가(상권)정보_API (data.go.kr 15012005),202606,2026-10-04
GN-JINJU,진주시,GS25진주,상평점,편의점,경상남도 진주시 도동천로 58,경상남도 진주시 상평동 219-2,상평동,128.107214145725,35.1782516859384,MA010120220811165086,소상공인시장진흥공단_상가(상권)정보_API (data.go.kr 15012005),202606,2026-10-04
GN-JINJU,진주시,이마트24진주상평,로드점,편의점,경상남도 진주시 돗골로 3,경상남도 진주시 상평동 247-7,상평동,128.112743710295,35.1683588121255,MA010120220808915004,소상공인시장진흥공단_상가(상권)정보_API (data.go.kr 15012005),202606,2026-10-04
GN-JINJU,진주시,씨유진주대안점,,편의점,경상남도 진주시 진양호로527번길 6-1,경상남도 진주시 대안동 20-1,중앙동,128.083252412835,35.1933037927188,MA010120220811149549,소상공인시장진흥공단_상가(상권)정보_API (data.go.kr 15012005),202606,2026-10-04
GN-JINJU,진주시,씨유진주망경점,,편의점,경상남도 진주시 망경로 234,경상남도 진주시 망경동 241-8,천전동,128.079579840852,35.1829355749157,MA010120220811186605,소상공인시장진흥공단_상가(상권)정보_API (data.go.kr 15012005),202606,2026-10-04
GN-JINJU,진주시,이마트24R진주과기대점,,편의점,경상남도 진주시 강남로167번길 14,경상남도 진주시 칠암동 526-6,천전동,128.094357663309,35.1830282635244,MA010120220814277866,소상공인시장진흥공단_상가(상권)정보_API (data.go.kr 15012005),202606,2026-10-04
GN-JINJU,진주시,지에스25평거대도점,,편의점,경상남도 진주시 진양호로125번길 5,경상남도 진주시 평거동 727-4,판문동,128.052980379732,35.1685145406597,MA0101202305A0198072,소상공인시장진흥공단_상가(상권)정보_API (data.go.kr 15012005),202606,2026-10-04
GN-JINJU,진주시,위드미진주봉곡,사거리점,편의점,경상남도 진주시 촉석로 95-1,경상남도 진주시 봉곡동 479-30,성북동,128.073065252379,35.1926103647535,MA010120220810200138,소상공인시장진흥공단_상가(상권)정보_API (data.go.kr 15012005),202606,2026-10-04
GN-JINJU,진주시,씨유진주센트럴웰가점,,편의점,경상남도 진주시 진주역로73번길 33,경상남도 진주시 가좌동 1981,가호동,128.111279268847,35.1526896022025,MA010120220806762127,소상공인시장진흥공단_상가(상권)정보_API (data.go.kr 15012005),202606,2026-10-04
GN-JINJU,진주시,GS25칠암중앙,,편의점,경상남도 진주시 진주대로920번길 7,경상남도 진주시 칠암동 513-11,천전동,128.090115192596,35.1826609405356,MA010120220811191068,소상공인시장진흥공단_상가(상권)정보_API (data.go.kr 15012005),202606,2026-10-04
GN-JINJU,진주시,이마트24진주,혁신도시점,편의점,경상남도 진주시 충의로 67,경상남도 진주시 충무공동 234,충무공동,128.151464647281,35.1790558083987,MA010120220811189705,소상공인시장진흥공단_상가(상권)정보_API (data.go.kr 15012005),202606,2026-10-04
GN-JINJU,진주시,씨유진주정촌올리움점,,편의점,경상남도 진주시 정촌면 삼일로 12,경상남도 진주시 정촌면 예하리 1295,정촌면,128.097757168868,35.1231148295447,MA010120220806978314,소상공인시장진흥공단_상가(상권)정보_API (data.go.kr 15012005),202606,2026-10-04
GN-JINJU,진주시,씨유진주하대주공점,,편의점,경상남도 진주시 상대로143번길 14-2,경상남도 진주시 하대동 75-22,하대동,128.127738452682,35.1859396493576,MA010120220807976761,소상공인시장진흥공단_상가(상권)정보_API (data.go.kr 15012005),202606,2026-10-04
GN-JINJU,진주시,세븐일레븐진주도동점,,편의점,경상남도 진주시 도동로 197,경상남도 진주시 하대동 112-12,하대동,128.122034176837,35.1878673337399,MA010120220809578616,소상공인시장진흥공단_상가(상권)정보_API (data.go.kr 15012005),202606,2026-10-04
GN-JINJU,진주시,씨유진주봉곡,드림점,편의점,경상남도 진주시 창렬로 42,경상남도 진주시 봉곡동 482-16,성북동,128.070692544838,35.1925232113324,MA010120220812612971,소상공인시장진흥공단_상가(상권)정보_API (data.go.kr 15012005),202606,2026-10-04
GN-JINJU,진주시,씨유진주신안,행복점,편의점,경상남도 진주시 남강로503번길 16-2,경상남도 진주시 신안동 25-12,신안동,128.072804305189,35.183617683702,MA010120220811178992,소상공인시장진흥공단_상가(상권)정보_API (data.go.kr 15012005),202606,2026-10-04
GN-JINJU,진주시,미니스톱진주,초전점,편의점,경상남도 진주시 초전북로62번길 27,경상남도 진주시 초전동 1643-1,초장동,128.114765467673,35.206293871167,MA010120220810394785,소상공인시장진흥공단_상가(상권)정보_API (data.go.kr 15012005),202606,2026-10-04
GN-JINJU,진주시,세븐일레븐진주평거한보점,,편의점,경상남도 진주시 평거로 38,경상남도 진주시 평거동 770-12,평거동,128.06482363383,35.1735574593756,MA010120220804410054,소상공인시장진흥공단_상가(상권)정보_API (data.go.kr 15012005),202606,2026-10-04
GN-JINJU,진주시,지에스25진주칠암원룸점,,편의점,경상남도 진주시 강남로189번길 28,경상남도 진주시 칠암동 506-34,천전동,128.091539863023,35.1841172283796,MA0101202211A0037832,소상공인시장진흥공단_상가(상권)정보_API (data.go.kr 15012005),202606,2026-10-04
GN-JINJU,진주시,세븐진주골든튤립점,코리아,편의점,경상남도 진주시 남강로673번길 16,경상남도 진주시 동성동 212-11,중앙동,128.086546238649,35.1916519420471,MA0101202305A0161017,소상공인시장진흥공단_상가(상권)정보_API (data.go.kr 15012005),202606,2026-10-04
GN-JINJU,진주시,지에스25신안들말길점,,편의점,경상남도 진주시 신안들말길 47,경상남도 진주시 신안동 707-1,평거동,128.066154404146,35.1796385693219,MA0101202303A0053489,소상공인시장진흥공단_상가(상권)정보_API (data.go.kr 15012005),202606,2026-10-04
GN-JINJU,진주시,지에스25의병로,행복점,편의점,경상남도 진주시 의병로 79,경상남도 진주시 상봉동 756-22,상봉동,128.06872662052,35.2000213776433,MA0101202210A0074908,소상공인시장진흥공단_상가(상권)정보_API (data.go.kr 15012005),202606,2026-10-04
GN-JINJU,진주시,씨유진주초장해모로점,,편의점,경상남도 진주시 초북로 55,경상남도 진주시 초전동 1670,초장동,128.108539696736,35.211993144003,MA0101202209A0065515,소상공인시장진흥공단_상가(상권)정보_API (data.go.kr 15012005),202606,2026-10-04
GN-JINJU,진주시,씨유진주여중연호점,,편의점,경상남도 진주시 평거로 212-2,경상남도 진주시 신안동 35-23,신안동,128.064934497536,35.1862648694566,MA0101202210A0075660,소상공인시장진흥공단_상가(상권)정보_API (data.go.kr 15012005),202606,2026-10-04
GN-JINJU,진주시,지에스25평거허니점,,편의점,경상남도 진주시 진양호로239번길 12-1,경상남도 진주시 평거동 162-29,평거동,128.060804757931,35.17599019588,MA0101202210A0071567,소상공인시장진흥공단_상가(상권)정보_API (data.go.kr 15012005),202606,2026-10-04
GN-JINJU,진주시,씨유뉴하대아름점,,편의점,경상남도 진주시 하대로 105,경상남도 진주시 하대동 306-2,하대동,128.123284792196,35.1933806866061,MA0101202303A0009683,소상공인시장진흥공단_상가(상권)정보_API (data.go.kr 15012005),202606,2026-10-04
GN-JINJU,진주시,씨유진주망경대로점,,편의점,경상남도 진주시 천수로138번길 2,경상남도 진주시 망경동 535-50,천전동,128.086395582323,35.1770341899348,MA0101202302A0063076,소상공인시장진흥공단_상가(상권)정보_API (data.go.kr 15012005),202606,2026-10-04
GN-JINJU,진주시,지에스25진주라온시티점,,편의점,경상남도 진주시 에나로128번길 29,경상남도 진주시 충무공동 287-7,충무공동,128.144774600306,35.1763702773182,MA010120220813552678,소상공인시장진흥공단_상가(상권)정보_API (data.go.kr 15012005),202606,2026-10-04
GN-JINJU,진주시,미니스톱진주,봉곡점,편의점,경상남도 진주시 비봉로 49,경상남도 진주시 봉곡동 79,성북동,128.080191147587,35.1951157141891,MA010120220805959273,소상공인시장진흥공단_상가(상권)정보_API (data.go.kr 15012005),202606,2026-10-04
GN-JINJU,진주시,GS25진주문산삼곡점,,편의점,경상남도 진주시 문산읍 월아산로1048번길 3,경상남도 진주시 문산읍 삼곡리 1213-5,문산읍,128.164777533177,35.1650035001057,MA010120220803919009,소상공인시장진흥공단_상가(상권)정보_API (data.go.kr 15012005),202606,2026-10-04
GN-JINJU,진주시,지에스25진주망경로점,,편의점,경상남도 진주시 망경남길 66-1,경상남도 진주시 망경동 86-12,천전동,128.082528568486,35.1834320079651,MA0101202302A0044084,소상공인시장진흥공단_상가(상권)정보_API (data.go.kr 15012005),202606,2026-10-04
GN-JINJU,진주시,지에스25진주금빛점,,편의점,경상남도 진주시 집현면 진산로 675,경상남도 진주시 집현면 봉강리 249,집현면,128.089087740886,35.2389111189854,MA0101202301A0060828,소상공인시장진흥공단_상가(상권)정보_API (data.go.kr 15012005),202606,2026-10-04
GN-JINJU,진주시,씨유진주하대자유점,,편의점,경상남도 진주시 대신로348번길 11,경상남도 진주시 하대동 319-20,하대동,128.117880824306,35.19162810266,MA0101202303A0073142,소상공인시장진흥공단_상가(상권)정보_API (data.go.kr 15012005),202606,2026-10-04
GN-JINJU,진주시,지에스25평거들말점,,편의점,경상남도 진주시 새들말로 34,경상남도 진주시 평거동 858,판문동,128.058215687704,35.1667924866013,MA0101202212A0084042,소상공인시장진흥공단_상가(상권)정보_API (data.go.kr 15012005),202606,2026-10-04
GN-JINJU,진주시,세븐일레븐진주상평서동점,,편의점,경상남도 진주시 돗골로20번길 23,경상남도 진주시 상평동 205-24,상평동,128.115335312742,35.1700564599383,MA0101202211A0086235,소상공인시장진흥공단_상가(상권)정보_API (data.go.kr 15012005),202606,2026-10-04
GN-JINJU,진주시,지에스25상대,중앙점,편의점,경상남도 진주시 선학산길 106-1,경상남도 진주시 상대동 507,상대동,128.115114714116,35.1884630143465,MA010120220805300436,소상공인시장진흥공단_상가(상권)정보_API (data.go.kr 15012005),202606,2026-10-04
GN-JINJU,진주시,행복마트블루25,,편의점,경상남도 진주시 대밭골로 79,경상남도 진주시 충무공동 217-2,충무공동,128.151845974771,35.1819633645934,MA010120220810400943,소상공인시장진흥공단_상가(상권)정보_API (data.go.kr 15012005),202606,2026-10-04
GN-JINJU,진주시,지에스25진주경,상대점,편의점,경상남도 진주시 가좌길 42,경상남도 진주시 가좌동 1441-1,가호동,128.105202695437,35.1577834743897,MA010120220811157221,소상공인시장진흥공단_상가(상권)정보_API (data.go.kr 15012005),202606,2026-10-04
GN-JINJU,진주시,씨유진주반성,터미널점,편의점,경상남도 진주시 일반성면 동부로 1946,경상남도 진주시 일반성면 창촌리 727-32,일반성면,128.275278676502,35.1719840390787,MA010120220811158826,소상공인시장진흥공단_상가(상권)정보_API (data.go.kr 15012005),202606,2026-10-04
GN-JINJU,진주시,위메이크베버리지,,편의점,경상남도 진주시 돗골로14번길 7,경상남도 진주시 상평동 251-6,상평동,128.113661091327,35.1696302277538,MA010120220803799474,소상공인시장진흥공단_상가(상권)정보_API (data.go.kr 15012005),202606,2026-10-04
GN-JINJU,진주시,지에스25진주촉석로,,편의점,경상남도 진주시 촉석로50번길 9,경상남도 진주시 신안동 5-84,신안동,128.068851988488,35.1903132560006,MA010120220811163894,소상공인시장진흥공단_상가(상권)정보_API (data.go.kr 15012005),202606,2026-10-04
GN-JINJU,진주시,세븐일레븐이현웰가점,,편의점,경상남도 진주시 진주대로 1322,경상남도 진주시 유곡동 417-3,이현동,128.059207757802,35.1950397056883,MA010120220811183363,소상공인시장진흥공단_상가(상권)정보_API (data.go.kr 15012005),202606,2026-10-04
GN-JINJU,진주시,씨유진주,시청점,편의점,경상남도 진주시 솔밭로 140,경상남도 진주시 상대동 282-7,상대동,128.106995198223,35.181534418051,MA010120220811156856,소상공인시장진흥공단_상가(상권)정보_API (data.go.kr 15012005),202606,2026-10-04
GN-JINJU,진주시,씨유진주신안,강변점,편의점,경상남도 진주시 남강로491번길 8,경상남도 진주시 신안동 27-10,신안동,128.072840949755,35.1822293529768,MA010120220812704979,소상공인시장진흥공단_상가(상권)정보_API (data.go.kr 15012005),202606,2026-10-04
GN-JINJU,진주시,GS25기숙사,후문점,편의점,경상남도 진주시 가좌길29번길 54,경상남도 진주시 가좌동 1171-2,가호동,128.100525431278,35.1584479548151,MA010120220811156594,소상공인시장진흥공단_상가(상권)정보_API (data.go.kr 15012005),202606,2026-10-04
GN-JINJU,진주시,씨유진주상평만나점,,편의점,경상남도 진주시 큰들로66번길 11,경상남도 진주시 상평동 210-3,상평동,128.110350699105,35.1699580486034,MA010120220805834478,소상공인시장진흥공단_상가(상권)정보_API (data.go.kr 15012005),202606,2026-10-04
GN-JINJU,진주시,씨유진주칠암,플러스점,편의점,경상남도 진주시 강남로177번길 29,경상남도 진주시 칠암동 519-1,천전동,128.092074122711,35.1830218380053,MA010120220810708237,소상공인시장진흥공단_상가(상권)정보_API (data.go.kr 15012005),202606,2026-10-04
GN-JINJU,진주시,이마트24진주상대동진로점,,편의점,경상남도 진주시 동진로 112,경상남도 진주시 상대동 296-50,상대동,128.103361994315,35.1791340634682,MA010120220805025715,소상공인시장진흥공단_상가(상권)정보_API (data.go.kr 15012005),202606,2026-10-04
GN-JINJU,진주시,이마트24진주보건대,1호점,편의점,경상남도 진주시 의병로 51,경상남도 진주시 상봉동 1142,상봉동,128.066658566384,35.198056751709,MA010120220803190394,소상공인시장진흥공단_상가(상권)정보_API (data.go.kr 15012005),202606,2026-10-04
GN-JINJU,진주시,지에스25연암공과대학점,,편의점,경상남도 진주시 진주대로629번길 35,경상남도 진주시 가좌동 780,가호동,128.098093465245,35.1653109146455,MA010120220810205401,소상공인시장진흥공단_상가(상권)정보_API (data.go.kr 15012005),202606,2026-10-04
GN-JINJU,진주시,지에스25진주미라주점,,편의점,경상남도 진주시 진주대로891번길 56,경상남도 진주시 강남동 387,천전동,128.087703252123,35.1837281365235,MA010120220812920569,소상공인시장진흥공단_상가(상권)정보_API (data.go.kr 15012005),202606,2026-10-04
GN-JINJU,진주시,GS25상대현대점,,편의점,경상남도 진주시 모덕로150번길 2-2,경상남도 진주시 상대동 201-11,상대동,128.113064457375,35.184642347028,MA010120220811153470,소상공인시장진흥공단_상가(상권)정보_API (data.go.kr 15012005),202606,2026-10-04
GN-JINJU,진주시,지에스25진주혁신,부영점,편의점,경상남도 진주시 영천강로 60,경상남도 진주시 충무공동 145,충무공동,128.137090087059,35.1692413009233,MA010120220808173932,소상공인시장진흥공단_상가(상권)정보_API (data.go.kr 15012005),202606,2026-10-04
GN-JINJU,진주시,씨유진주선학점,,편의점,경상남도 진주시 모덕로 246,경상남도 진주시 하대동 350-38,하대동,128.120749985463,35.1886903929954,MA010120220811174368,소상공인시장진흥공단_상가(상권)정보_API (data.go.kr 15012005),202606,2026-10-04
GN-JINJU,진주시,이마트24R진주초전,센터점,편의점,경상남도 진주시 초전북로 64,경상남도 진주시 초전동 1633-1,초장동,128.113816812466,35.2083936066849,MA010120220811194247,소상공인시장진흥공단_상가(상권)정보_API (data.go.kr 15012005),202606,2026-10-04
GN-JINJU,진주시,이마트24진주한일,병원점,편의점,경상남도 진주시 범골로 17,경상남도 진주시 충무공동 69-1,충무공동,128.128541122195,35.1669688642892,MA010120220803786454,소상공인시장진흥공단_상가(상권)정보_API (data.go.kr 15012005),202606,2026-10-04
GN-JINJU,진주시,세븐일레븐진주정촌파미르점,,편의점,경상남도 진주시 정촌면 삼일로106번길 8,경상남도 진주시 정촌면 예하리 1286,정촌면,128.099314610393,35.1288059932954,MA010120220805260882,소상공인시장진흥공단_상가(상권)정보_API (data.go.kr 15012005),202606,2026-10-04
GN-JINJU,진주시,이마트24진주여고점,,편의점,경상남도 진주시 비봉로 107,경상남도 진주시 상봉동 838-1,상봉동,128.078466217917,35.2000161355338,MA010120220810380736,소상공인시장진흥공단_상가(상권)정보_API (data.go.kr 15012005),202606,2026-10-04
GN-JINJU,진주시,씨유진주가호올리움점,,편의점,경상남도 진주시 가호로 17-10,경상남도 진주시 가좌동 1937,가호동,128.108135376023,35.1644353330405,MA010120220806720720,소상공인시장진흥공단_상가(상권)정보_API (data.go.kr 15012005),202606,2026-10-04
GN-JINJU,진주시,씨유,진주신평점,편의점,경상남도 진주시 평거로14번길 13,경상남도 진주시 평거동 785-9,평거동,128.064047228012,35.1712569416947,MA010120220804331792,소상공인시장진흥공단_상가(상권)정보_API (data.go.kr 15012005),202606,2026-10-04
GN-JINJU,진주시,GS수퍼충무공점,,편의점,경상남도 진주시 사들로156번길 9,경상남도 진주시 충무공동 196-4,충무공동,128.150238840222,35.1816541734412,MA010120220803786817,소상공인시장진흥공단_상가(상권)정보_API (data.go.kr 15012005),202606,2026-10-04
GN-JINJU,진주시,GS25금산번영,,편의점,경상남도 진주시 금산면 중천로 79,경상남도 진주시 금산면 장사리 962-3,금산면,128.146093682825,35.2179254383834,MA010120220811157339,소상공인시장진흥공단_상가(상권)정보_API (data.go.kr 15012005),202606,2026-10-04
GN-JINJU,진주시,씨유진주엠비씨점,,편의점,경상남도 진주시 가호로 46,경상남도 진주시 호탄동 961-31,가호동,128.111252128575,35.1636046222159,MA010120220811162321,소상공인시장진흥공단_상가(상권)정보_API (data.go.kr 15012005),202606,2026-10-04
GN-JINJU,진주시,진주편의점,,편의점,경상남도 진주시 신안로 165,경상남도 진주시 이현동 21-3,이현동,128.066129060523,35.191986642391,MA010120220804050537,소상공인시장진흥공단_상가(상권)정보_API (data.go.kr 15012005),202606,2026-10-04
GN-JINJU,진주시,씨유진주,가좌점,편의점,경상남도 진주시 가좌길 52,경상남도 진주시 가좌동 1439-1,가호동,128.105486296976,35.1584658769363,MA010120220811183126,소상공인시장진흥공단_상가(상권)정보_API (data.go.kr 15012005),202606,2026-10-04
GN-JINJU,진주시,지에스25진주진양호점,,편의점,경상남도 진주시 진양호로 17,경상남도 진주시 판문동 307-1,판문동,128.041895757498,35.1677631639936,MA010120220805683326,소상공인시장진흥공단_상가(상권)정보_API (data.go.kr 15012005),202606,2026-10-04
GN-JINJU,진주시,세븐일레븐진주,법원점,편의점,경상남도 진주시 진양호로293번길 7,경상남도 진주시 신안동 753-5,평거동,128.064518558122,35.179625919695,MA010120220812091535,소상공인시장진흥공단_상가(상권)정보_API (data.go.kr 15012005),202606,2026-10-04
GN-JINJU,진주시,지에스25진주MBC점,,편의점,경상남도 진주시 가호로 7,경상남도 진주시 가좌동 695-14,가호동,128.107064747309,35.1631832998296,MA010120220805152627,소상공인시장진흥공단_상가(상권)정보_API (data.go.kr 15012005),202606,2026-10-04
GN-JINJU,진주시,세븐진주동성효천점,코리아,편의점,경상남도 진주시 진양호로548번길 13,경상남도 진주시 동성동 1-4,중앙동,128.086083837018,35.1932063261744,MA010120220807378079,소상공인시장진흥공단_상가(상권)정보_API (data.go.kr 15012005),202606,2026-10-04
GN-JINJU,진주시,세븐일레븐진주금산위브점,,편의점,경상남도 진주시 금산면 중장로154번길 47,경상남도 진주시 금산면 장사리 705,금산면,128.147481877222,35.2197959829795,MA010120220811191031,소상공인시장진흥공단_상가(상권)정보_API (data.go.kr 15012005),202606,2026-10-04
GN-JINJU,진주시,씨유진주우리들점,,편의점,경상남도 진주시 창렬로 81,경상남도 진주시 상봉동 1106-18,상봉동,128.068679754535,35.1956054167106,MA010120220808123815,소상공인시장진흥공단_상가(상권)정보_API (data.go.kr 15012005),202606,2026-10-04
GN-JINJU,진주시,씨유진주남강댐점,,편의점,경상남도 진주시 남강로 58,경상남도 진주시 평거동 660-28,판문동,128.039452032093,35.1628990670902,MA010120220808812065,소상공인시장진흥공단_상가(상권)정보_API (data.go.kr 15012005),202606,2026-10-04
GN-JINJU,진주시,W마트1,2호점,편의점,경상남도 진주시 정촌면 삼일로72번길 14,경상남도 진주시 정촌면 예하리 1289-10,정촌면,128.099410511672,35.1261462648838,MA010120220813905764,소상공인시장진흥공단_상가(상권)정보_API (data.go.kr 15012005),202606,2026-10-04
GN-JINJU,진주시,이마트24진주중앙고점,,편의점,경상남도 진주시 하대로 54,경상남도 진주시 하대동 312-12,하대동,128.117645489705,35.1928830774641,MA010120220803099168,소상공인시장진흥공단_상가(상권)정보_API (data.go.kr 15012005),202606,2026-10-04
GN-JINJU,진주시,씨유진주계동,2호점,편의점,경상남도 진주시 촉석로177번길 5,경상남도 진주시 계동 94,성북동,128.081226588986,35.1953678498678,MA010120220811147714,소상공인시장진흥공단_상가(상권)정보_API (data.go.kr 15012005),202606,2026-10-04
GN-JINJU,진주시,GS25진주,엠코점,편의점,경상남도 진주시 초북로 77,경상남도 진주시 초전동 1669,초장동,128.107319809109,35.2135455224002,MA010120220811189601,소상공인시장진흥공단_상가(상권)정보_API (data.go.kr 15012005),202606,2026-10-04
GN-JINJU,진주시,세븐일레븐진주정촌,산단점,편의점,경상남도 진주시 정촌면 뿌리산단로 7-24,경상남도 진주시 정촌면 예하리 1397-6,정촌면,128.104597959581,35.1146524775514,MA010120220812101543,소상공인시장진흥공단_상가(상권)정보_API (data.go.kr 15012005),202606,2026-10-04
GN-JINJU,진주시,GS25진주정촌점,,편의점,경상남도 진주시 정촌면 화개천로54번길 33-34,경상남도 진주시 정촌면 예하리 1299-5,정촌면,128.103030485613,35.1253112073074,MA010120220811164259,소상공인시장진흥공단_상가(상권)정보_API (data.go.kr 15012005),202606,2026-10-04
GN-JINJU,진주시,지에스25진주그린빌점,,편의점,경상남도 진주시 내동로320번길 15,경상남도 진주시 가좌동 573-1,가호동,128.100448669367,35.1478583283939,MA0101202601A0003650,소상공인시장진흥공단_상가(상권)정보_API (data.go.kr 15012005),202606,2026-10-04
GN-JINJU,진주시,씨유진주평거코앞점,,편의점,경상남도 진주시 남강로309번길 44,경상남도 진주시 평거동 910,평거동,128.060732203679,35.1712499659386,MA010120220806412199,소상공인시장진흥공단_상가(상권)정보_API (data.go.kr 15012005),202606,2026-10-04
GN-JINJU,진주시,세븐일레븐진주천전점,,편의점,경상남도 진주시 동진로 21,경상남도 진주시 칠암동 457-1,천전동,128.093449685963,35.1791698843391,MA010120220811181211,소상공인시장진흥공단_상가(상권)정보_API (data.go.kr 15012005),202606,2026-10-04
GN-JINJU,진주시,씨유금산,아이파크점,편의점,경상남도 진주시 금산면 중천로 82,경상남도 진주시 금산면 장사리 965-1,금산면,128.145521985756,35.2171016627531,MA010120220804781854,소상공인시장진흥공단_상가(상권)정보_API (data.go.kr 15012005),202606,2026-10-04
GN-JINJU,진주시,코리아세븐진주평거주,휴먼시아점,편의점,경상남도 진주시 새평거로 70,경상남도 진주시 평거동 802,판문동,128.057844063012,35.1669129024461,MA010120220811209440,소상공인시장진흥공단_상가(상권)정보_API (data.go.kr 15012005),202606,2026-10-04
GN-JINJU,진주시,이마트24진주상평,센터점,편의점,경상남도 진주시 돗골로93번길 24,경상남도 진주시 상평동 217-23,상평동,128.109912456316,35.1764784663186,MA010120220808747069,소상공인시장진흥공단_상가(상권)정보_API (data.go.kr 15012005),202606,2026-10-04
GN-JINJU,진주시,씨유진주강남대경점,,편의점,경상남도 진주시 진주대로 899,경상남도 진주시 강남동 235-11,천전동,128.090076296748,35.1805702720478,MA010120220811182756,소상공인시장진흥공단_상가(상권)정보_API (data.go.kr 15012005),202606,2026-10-04
GN-JINJU,진주시,씨유진주,평거점,편의점,경상남도 진주시 평거로9번길 18,경상남도 진주시 평거동 200-1,평거동,128.061799234653,35.1731153318356,MA010120220811165896,소상공인시장진흥공단_상가(상권)정보_API (data.go.kr 15012005),202606,2026-10-04
GN-JINJU,진주시,세븐진주평거BYC점,코리아,편의점,경상남도 진주시 진양호로 206,경상남도 진주시 평거동 900,평거동,128.060068226334,35.172526619637,MA010120220803409870,소상공인시장진흥공단_상가(상권)정보_API (data.go.kr 15012005),202606,2026-10-04
GN-JINJU,진주시,씨유진주초장세화점,,편의점,경상남도 진주시 초북로20번길 18,경상남도 진주시 초전동 1706-1,초장동,128.112753613501,35.2133695166771,MA010120220814389070,소상공인시장진흥공단_상가(상권)정보_API (data.go.kr 15012005),202606,2026-10-04
GN-JINJU,진주시,GS25진주초장,센터점,편의점,경상남도 진주시 초전북로61번길 5,경상남도 진주시 초전동 1626-5,초장동,128.113496267144,35.2090454875591,MA010120220813938279,소상공인시장진흥공단_상가(상권)정보_API (data.go.kr 15012005),202606,2026-10-04
GN-JINJU,진주시,세븐일레븐평거경해점,,편의점,경상남도 진주시 남강로29번길 29,경상남도 진주시 평거동 1082-5,판문동,128.042716898295,35.1658813776212,MA010120220803032141,소상공인시장진흥공단_상가(상권)정보_API (data.go.kr 15012005),202606,2026-10-04
GN-JINJU,진주시,세븐일레븐진주봉곡,스타점,편의점,경상남도 진주시 진주대로 1132,경상남도 진주시 봉곡동 2-2,성북동,128.079012249237,35.1964691623938,MA010120220808278593,소상공인시장진흥공단_상가(상권)정보_API (data.go.kr 15012005),202606,2026-10-04
GN-JINJU,진주시,씨유진주평안,사랑점,편의점,경상남도 진주시 의곡길 18,경상남도 진주시 봉래동 246-2,중앙동,128.082370110904,35.1988005983426,MA010120220808911406,소상공인시장진흥공단_상가(상권)정보_API (data.go.kr 15012005),202606,2026-10-04
GN-JINJU,진주시,지에스25진주칠암점,,편의점,경상남도 진주시 동진로 29,경상남도 진주시 칠암동 448,천전동,128.094284971796,35.1792434571806,MA010120220804871245,소상공인시장진흥공단_상가(상권)정보_API (data.go.kr 15012005),202606,2026-10-04
GN-JINJU,진주시,지에스25진주극동점,,편의점,경상남도 진주시 도동천로184번길 19,경상남도 진주시 상대동 331-14,상대동,128.119599227,35.1856366270791,MA010120220811153057,소상공인시장진흥공단_상가(상권)정보_API (data.go.kr 15012005),202606,2026-10-04
GN-JINJU,진주시,씨유진주석갑로점,,편의점,경상남도 진주시 석갑로142번길 18,경상남도 진주시 신안동 426-2,평거동,128.065131663785,35.1828652224143,MA010120220811080386,소상공인시장진흥공단_상가(상권)정보_API (data.go.kr 15012005),202606,2026-10-04
GN-JINJU,진주시,지에스25진주,중안점,편의점,경상남도 진주시 촉석로 178,경상남도 진주시 중안동 4,성북동,128.080818350047,35.1943890773187,MA010120220806507575,소상공인시장진흥공단_상가(상권)정보_API (data.go.kr 15012005),202606,2026-10-04
GN-JINJU,진주시,이마트24진주,제일점,편의점,경상남도 진주시 하대로 37,경상남도 진주시 하대동 300-6,하대동,128.115849154734,35.19319707206,MA010120220814195694,소상공인시장진흥공단_상가(상권)정보_API (data.go.kr 15012005),202606,2026-10-04
GN-JINJU,진주시,지에스25하대럭키점,,편의점,경상남도 진주시 상대로143번길 23,경상남도 진주시 하대동 135-28,하대동,128.127454271083,35.1868255661016,MA010120220811161342,소상공인시장진흥공단_상가(상권)정보_API (data.go.kr 15012005),202606,2026-10-04
GN-JINJU,진주시,씨유진주칠암현대점,,편의점,경상남도 진주시 진주대로986번길 13,경상남도 진주시 칠암동 277-2,천전동,128.088281451632,35.1875714961033,MA010120220813869599,소상공인시장진흥공단_상가(상권)정보_API (data.go.kr 15012005),202606,2026-10-04
GN-JINJU,진주시,GS25경상대의대점,,편의점,경상남도 진주시 동진로20번길 14,경상남도 진주시 칠암동 488-15,천전동,128.09345256814,35.1777458023742,MA010120220811150942,소상공인시장진흥공단_상가(상권)정보_API (data.go.kr 15012005),202606,2026-10-04
GN-JINJU,진주시,지에스25진주대로점,,편의점,경상남도 진주시 진주대로 1207,경상남도 진주시 봉곡동 484-1,성북동,128.071151546394,35.1940333382284,MA010120220810126433,소상공인시장진흥공단_상가(상권)정보_API (data.go.kr 15012005),202606,2026-10-04
GN-JINJU,진주시,GS25진주인사점,,편의점,경상남도 진주시 북장대로 21,경상남도 진주시 인사동 144-17,성북동,128.074496629769,35.1920839303332,MA010120220811179097,소상공인시장진흥공단_상가(상권)정보_API (data.go.kr 15012005),202606,2026-10-04
GN-JINJU,진주시,이마트24진주금산진흥점,,편의점,경상남도 진주시 금산면 금산로 36,경상남도 진주시 금산면 중천리 331-7,금산면,128.140316065199,35.2139512311189,MA0101202601A0022902,소상공인시장진흥공단_상가(상권)정보_API (data.go.kr 15012005),202606,2026-10-04
GN-JINJU,진주시,씨유진주경,상대점,편의점,경상남도 진주시 진주대로516번길 6-3,경상남도 진주시 가좌동 492-4,가호동,128.105863390883,35.152270481663,MA010120220814328351,소상공인시장진흥공단_상가(상권)정보_API (data.go.kr 15012005),202606,2026-10-04
GN-JINJU,진주시,세븐일레븐진주,봉곡점,편의점,경상남도 진주시 북장대로 36,경상남도 진주시 봉곡동 467-13,성북동,128.074304656205,35.1933474551886,MA010120220806277222,소상공인시장진흥공단_상가(상권)정보_API (data.go.kr 15012005),202606,2026-10-04
GN-JINJU,진주시,세븐일레븐진주초전더원점,,편의점,경상남도 진주시 초장로114번길 16,경상남도 진주시 초전동 1683-5,초장동,128.110705017418,35.2097110472005,MA010120220812190873,소상공인시장진흥공단_상가(상권)정보_API (data.go.kr 15012005),202606,2026-10-04
GN-JINJU,진주시,세븐일레븐진주평거BYC점,,편의점,경상남도 진주시 진양호로 206,경상남도 진주시 평거동 900,평거동,128.060068226334,35.172526619637,MA010120220806921300,소상공인시장진흥공단_상가(상권)정보_API (data.go.kr 15012005),202606,2026-10-04
GN-JINJU,진주시,GS25진주윙스,타워점,편의점,경상남도 진주시 동부로169번길 12,경상남도 진주시 충무공동 69-3,충무공동,128.12731591772,35.1648802453147,MA010120220813768190,소상공인시장진흥공단_상가(상권)정보_API (data.go.kr 15012005),202606,2026-10-04
GN-JINJU,진주시,미니스톱호탄공원점,,편의점,경상남도 진주시 호탄길21번길 20-1,경상남도 진주시 호탄동 605-12,가호동,128.114080751767,35.1633803538088,MA010120220805075670,소상공인시장진흥공단_상가(상권)정보_API (data.go.kr 15012005),202606,2026-10-04
GN-JINJU,진주시,씨유진주문산고려점,,편의점,경상남도 진주시 문산읍 동부로 538,경상남도 진주시 문산읍 삼곡리 1348-3,문산읍,128.160651219336,35.1642679933964,MA010120220806989281,소상공인시장진흥공단_상가(상권)정보_API (data.go.kr 15012005),202606,2026-10-04
GN-JINJU,진주시,아이스앤스낵창고흥한점,,편의점,경상남도 진주시 금산면 금산로 123,경상남도 진주시 금산면 장사리 1000,금산면,128.150660507824,35.2154486320122,MA010120220808701062,소상공인시장진흥공단_상가(상권)정보_API (data.go.kr 15012005),202606,2026-10-04
GN-JINJU,진주시,GS25진주뉴본성,,편의점,경상남도 진주시 진양호로 528,경상남도 진주시 동성동 10-3,중앙동,128.083396894913,35.1926084989937,MA010120220805260742,소상공인시장진흥공단_상가(상권)정보_API (data.go.kr 15012005),202606,2026-10-04
GN-JINJU,진주시,GS25진주정촌삼일로점,,편의점,경상남도 진주시 정촌면 삼일로122번길 9-13,경상남도 진주시 정촌면 예하리 1282-4,정촌면,128.102983255208,35.1299443579828,MA010120220806355763,소상공인시장진흥공단_상가(상권)정보_API (data.go.kr 15012005),202606,2026-10-04
GN-JINJU,진주시,씨유진주봉곡,드림점,편의점,경상남도 진주시 창렬로 42,경상남도 진주시 봉곡동 482-16,성북동,128.070692544838,35.1925232113324,MA0101202604A0018109,소상공인시장진흥공단_상가(상권)정보_API (data.go.kr 15012005),202606,2026-10-04
GN-JINJU,진주시,세븐일레븐진주하대,스타점,편의점,경상남도 진주시 도동로240번길 14,경상남도 진주시 하대동 332,하대동,128.123393576764,35.1917122795914,MA010120220805207861,소상공인시장진흥공단_상가(상권)정보_API (data.go.kr 15012005),202606,2026-10-04
GN-JINJU,진주시,씨유진주,초전점,편의점,경상남도 진주시 대신로457번길 14,경상남도 진주시 초전동 803-3,초장동,128.114710308771,35.2014544227486,MA010120220811233068,소상공인시장진흥공단_상가(상권)정보_API (data.go.kr 15012005),202606,2026-10-04
GN-JINJU,진주시,씨유진주아슬란점,,편의점,경상남도 진주시 충의로 119,경상남도 진주시 충무공동 277-7,충무공동,128.152774052733,35.174608979292,MA010120220810248764,소상공인시장진흥공단_상가(상권)정보_API (data.go.kr 15012005),202606,2026-10-04
GN-JINJU,진주시,세븐일레븐진주르네상스점,,편의점,경상남도 진주시 내동면 삼계로 453,경상남도 진주시 내동면 삼계리 682-10,내동면,128.030409195581,35.1612367964557,MA010120220810231425,소상공인시장진흥공단_상가(상권)정보_API (data.go.kr 15012005),202606,2026-10-04
GN-JINJU,진주시,지에스25진주혁신,스타점,편의점,경상남도 진주시 범골로54번길 17,경상남도 진주시 충무공동 86-1,충무공동,128.132287720826,35.1688266269435,MA010120220814274234,소상공인시장진흥공단_상가(상권)정보_API (data.go.kr 15012005),202606,2026-10-04
GN-JINJU,진주시,씨유진주봉곡,서부점,편의점,경상남도 진주시 진주대로 1196,경상남도 진주시 봉곡동 475-37,성북동,128.072334878648,35.1946808145221,MA010120220811158006,소상공인시장진흥공단_상가(상권)정보_API (data.go.kr 15012005),202606,2026-10-04
GN-JINJU,진주시,아싸비어진주정촌점,,편의점,경상남도 진주시 정촌면 삼일로106번길 9-12,경상남도 진주시 정촌면 예하리 1285-14,정촌면,128.100775738786,35.128954965563,MA010120220809886370,소상공인시장진흥공단_상가(상권)정보_API (data.go.kr 15012005),202606,2026-10-04
GN-JINJU,진주시,씨유진주금산흥한점,,편의점,경상남도 진주시 금산면 금산순환로22번길 18,경상남도 진주시 금산면 장사리 1000-5,금산면,128.148416835215,35.2152175766223,MA010120220806679307,소상공인시장진흥공단_상가(상권)정보_API (data.go.kr 15012005),202606,2026-10-04
GN-JINJU,진주시,GS25진주삼현,정문점,편의점,경상남도 진주시 돗골로 117,경상남도 진주시 상대동 300-112,상대동,128.112128079853,35.17876546829,MA010120220811170367,소상공인시장진흥공단_상가(상권)정보_API (data.go.kr 15012005),202606,2026-10-04
GN-JINJU,진주시,세븐일레븐진주운동장점,,편의점,경상남도 진주시 신안로 138-1,경상남도 진주시 신안동 2-16,신안동,128.068275239719,35.1898676942885,MA010120220806691416,소상공인시장진흥공단_상가(상권)정보_API (data.go.kr 15012005),202606,2026-10-04
GN-JINJU,진주시,지에스25진주혁신9단지점,,편의점,경상남도 진주시 사들로 13,경상남도 진주시 충무공동 302,충무공동,128.144626409045,35.1720634806399,MA010120220804545076,소상공인시장진흥공단_상가(상권)정보_API (data.go.kr 15012005),202606,2026-10-04
GN-JINJU,진주시,CU진주하대,동남점,편의점,경상남도 진주시 도동로183번길 12,경상남도 진주시 하대동 125-20,하대동,128.121118434935,35.1867401807858,MA010120220807796850,소상공인시장진흥공단_상가(상권)정보_API (data.go.kr 15012005),202606,2026-10-04
GN-JINJU,진주시,씨유진주시청,사거리점,편의점,경상남도 진주시 솔밭로 111,경상남도 진주시 상대동 297-26,상대동,128.106775486177,35.1790939042452,MA010120220810536605,소상공인시장진흥공단_상가(상권)정보_API (data.go.kr 15012005),202606,2026-10-04
GN-JINJU,진주시,킹사이즈커피,초전점,편의점,경상남도 진주시 초장로114번길 8,경상남도 진주시 초전동 1683-1,초장동,128.110110238507,35.2095813082556,MA010120220803179371,소상공인시장진흥공단_상가(상권)정보_API (data.go.kr 15012005),202606,2026-10-04
GN-JINJU,진주시,지에스25진주성창점,,편의점,경상남도 진주시 모덕로 277,경상남도 진주시 하대동 103-106,하대동,128.124499138828,35.1890792457124,MA010120220806250549,소상공인시장진흥공단_상가(상권)정보_API (data.go.kr 15012005),202606,2026-10-04
GN-JINJU,진주시,GS25이현,오거리점,편의점,경상남도 진주시 숙호산로 85-1,경상남도 진주시 이현동 98-6,이현동,128.064239114536,35.1868207773202,MA010120220803109395,소상공인시장진흥공단_상가(상권)정보_API (data.go.kr 15012005),202606,2026-10-04
GN-JINJU,진주시,씨유진주상평공단점,,편의점,경상남도 진주시 대신로 195,경상남도 진주시 상평동 197-47,상평동,128.117394170724,35.1777345811104,MA010120220811186669,소상공인시장진흥공단_상가(상권)정보_API (data.go.kr 15012005),202606,2026-10-04
GN-JINJU,진주시,GS25진주상대로점,,편의점,경상남도 진주시 상대로 33-1,경상남도 진주시 상대동 203-42,상대동,128.115749993097,35.1843382317898,MA010120220811177506,소상공인시장진흥공단_상가(상권)정보_API (data.go.kr 15012005),202606,2026-10-04
GN-JINJU,진주시,석갑산자연농원편의점,,편의점,경상남도 진주시 진양호로145번길 63,경상남도 진주시 평거동 71-1,평거동,128.053318867146,35.1743340360723,MA010120220811186156,소상공인시장진흥공단_상가(상권)정보_API (data.go.kr 15012005),202606,2026-10-04
GN-JINJU,진주시,세븐진주보건대점,코리아,편의점,경상남도 진주시 창렬로 101,경상남도 진주시 상봉동 806-16,상봉동,128.068519319588,35.197607721057,MA010120220811209185,소상공인시장진흥공단_상가(상권)정보_API (data.go.kr 15012005),202606,2026-10-04
GN-JINJU,진주시,씨유진주상봉,사랑점,편의점,경상남도 진주시 창렬로149번길 1,경상남도 진주시 상봉동 845-9,상봉동,128.073457769386,35.1990782251333,MA010120220812828466,소상공인시장진흥공단_상가(상권)정보_API (data.go.kr 15012005),202606,2026-10-04
GN-JINJU,진주시,세븐일레븐진주동성효천점,,편의점,경상남도 진주시 진양호로548번길 13,경상남도 진주시 동성동 1-4,중앙동,128.086083837018,35.1932063261744,MA010120220811686133,소상공인시장진흥공단_상가(상권)정보_API (data.go.kr 15012005),202606,2026-10-04
GN-JINJU,진주시,GS25진주평안점,,편의점,경상남도 진주시 의곡길 10,경상남도 진주시 평안동 64,중앙동,128.082678813931,35.1980677858527,MA010120220813229983,소상공인시장진흥공단_상가(상권)정보_API (data.go.kr 15012005),202606,2026-10-04
GN-JINJU,진주시,씨유경대,후문점,편의점,경상남도 진주시 가좌길 18,경상남도 진주시 가좌동 1446-7,가호동,128.105874258856,35.1563172348455,MA010120220811180544,소상공인시장진흥공단_상가(상권)정보_API (data.go.kr 15012005),202606,2026-10-04
GN-JINJU,진주시,씨유진주평거웰가점,,편의점,경상남도 진주시 새평거로 25,경상남도 진주시 평거동 1130,판문동,128.049629352765,35.1665517363251,MA010120220809879075,소상공인시장진흥공단_상가(상권)정보_API (data.go.kr 15012005),202606,2026-10-04
GN-JINJU,진주시,이마트24진주상평공단점,,편의점,경상남도 진주시 도동로 23,경상남도 진주시 상평동 306-1,상평동,128.123092183158,35.1722019807566,MA010120220804998038,소상공인시장진흥공단_상가(상권)정보_API (data.go.kr 15012005),202606,2026-10-04
GN-JINJU,진주시,씨유진주평거,사랑점,편의점,경상남도 진주시 진양호로84번길 12,경상남도 진주시 평거동 1115-5,판문동,128.048986682321,35.1660796105831,MA010120220800112369,소상공인시장진흥공단_상가(상권)정보_API (data.go.kr 15012005),202606,2026-10-04
GN-JINJU,진주시,GS25진주동방점,,편의점,경상남도 진주시 남강로 728,경상남도 진주시 옥봉동 806-9,중앙동,128.091151693702,35.1912139585358,MA010120220811187361,소상공인시장진흥공단_상가(상권)정보_API (data.go.kr 15012005),202606,2026-10-04
GN-JINJU,진주시,지에스25진주한보점,,편의점,경상남도 진주시 순환로 555,경상남도 진주시 평거동 297-12,평거동,128.0595743438,35.1733781682225,MA010120220808223550,소상공인시장진흥공단_상가(상권)정보_API (data.go.kr 15012005),202606,2026-10-04
GN-JINJU,진주시,씨유진주파란하늘점,,편의점,경상남도 진주시 진양호로115번길 11,경상남도 진주시 평거동 723-4,판문동,128.051739042277,35.1684351947095,MA010120220811179358,소상공인시장진흥공단_상가(상권)정보_API (data.go.kr 15012005),202606,2026-10-04
GN-JINJU,진주시,씨유진주가좌우리점,,편의점,경상남도 진주시 동부로43번길 15,경상남도 진주시 가좌동 683,가호동,128.109045601488,35.1611462639295,MA010120220808527492,소상공인시장진흥공단_상가(상권)정보_API (data.go.kr 15012005),202606,2026-10-04
GN-JINJU,진주시,CU진주혁신우람점,,편의점,경상남도 진주시 에나로 103-7,경상남도 진주시 충무공동 38-3,충무공동,128.140310693913,35.1782149811995,MA010120220811774763,소상공인시장진흥공단_상가(상권)정보_API (data.go.kr 15012005),202606,2026-10-04
GN-JINJU,진주시,CU정촌강남,마을점,편의점,경상남도 진주시 정촌면 강주길 12,경상남도 진주시 정촌면 예하리 876-6,정촌면,128.092969143664,35.1145235555262,MA010120220808364645,소상공인시장진흥공단_상가(상권)정보_API (data.go.kr 15012005),202606,2026-10-04
GN-JINJU,진주시,씨유진주초전핫플점,,편의점,경상남도 진주시 초장로 55,경상남도 진주시 초전동 1345-1,초장동,128.111308381942,35.2048295027847,MA010120220804124701,소상공인시장진흥공단_상가(상권)정보_API (data.go.kr 15012005),202606,2026-10-04
GN-JINJU,진주시,씨유진주봉원점,,편의점,경상남도 진주시 상봉대룡길 8,경상남도 진주시 상봉동 615-9,상봉동,128.068832753956,35.2005792471512,MA010120220811182669,소상공인시장진흥공단_상가(상권)정보_API (data.go.kr 15012005),202606,2026-10-04
GN-JINJU,진주시,세븐진주,평거점,편의점,경상남도 진주시 석갑로 54,경상남도 진주시 신안동 705-4,평거동,128.065077898084,35.1770612983903,MA010120220811181826,소상공인시장진흥공단_상가(상권)정보_API (data.go.kr 15012005),202606,2026-10-04
GN-JINJU,진주시,지에스25상대한보점,,편의점,경상남도 진주시 대신로243번길 23,경상남도 진주시 상대동 308-10,상대동,128.114816777831,35.1819223335491,MA010120220806436705,소상공인시장진흥공단_상가(상권)정보_API (data.go.kr 15012005),202606,2026-10-04
GN-JINJU,진주시,씨유진주이현경남빌점,,편의점,경상남도 진주시 숙호산로 52,경상남도 진주시 이현동 239-6,이현동,128.06064843646,35.1867711619357,MA010120220803709064,소상공인시장진흥공단_상가(상권)정보_API (data.go.kr 15012005),202606,2026-10-04
GN-JINJU,진주시,이마트24진주칠암기숙사점,,편의점,경상남도 진주시 진주대로856번길 7-1,경상남도 진주시 주약동 168-16,천전동,128.092579666655,35.1773210553976,MA010120220807153777,소상공인시장진흥공단_상가(상권)정보_API (data.go.kr 15012005),202606,2026-10-04
GN-JINJU,진주시,블루25주약점,,편의점,경상남도 진주시 진주대로829번길 5-4,경상남도 진주시 주약동 111-5,천전동,128.092553260017,35.1745272583871,MA010120220812784698,소상공인시장진흥공단_상가(상권)정보_API (data.go.kr 15012005),202606,2026-10-04
GN-JINJU,진주시,지에스25진주순환로점,,편의점,경상남도 진주시 순환로553번길 17,경상남도 진주시 평거동 300-14,평거동,128.058518340002,35.1723599133329,MA010120220811176986,소상공인시장진흥공단_상가(상권)정보_API (data.go.kr 15012005),202606,2026-10-04
GN-JINJU,진주시,지에스25진주경대칠암점,,편의점,경상남도 진주시 동진로49번길 7,경상남도 진주시 칠암동 44-5,천전동,128.096266756901,35.1796761851466,MA0101202604A0036189,소상공인시장진흥공단_상가(상권)정보_API (data.go.kr 15012005),202606,2026-10-04
GN-JINJU,진주시,지에스25진주,장대점,편의점,경상남도 진주시 남강로 695,경상남도 진주시 장대동 106-15,중앙동,128.087589509154,35.1916696154315,MA0101202511A0035387,소상공인시장진흥공단_상가(상권)정보_API (data.go.kr 15012005),202606,2026-10-04
GN-JINJU,진주시,지에스25진주상봉우리점,,편의점,경상남도 진주시 비봉로 92-1,경상남도 진주시 상봉동 923-3,상봉동,128.07933012333,35.1989178650555,MA0101202511A0005447,소상공인시장진흥공단_상가(상권)정보_API (data.go.kr 15012005),202606,2026-10-04
GN-JINJU,진주시,씨유진주혁신엠에스점,,편의점,경상남도 진주시 충의로 20-4,경상남도 진주시 충무공동 284-1,충무공동,128.147101074336,35.17632122612,MA0101202508A0034050,소상공인시장진흥공단_상가(상권)정보_API (data.go.kr 15012005),202606,2026-10-04
GN-JINJU,진주시,지에스25진주중흥,4단지점,편의점,경상남도 진주시 에나로175번길 11,경상남도 진주시 충무공동 295,충무공동,128.145686420043,35.1748564906662,MA0101202509A0017627,소상공인시장진흥공단_상가(상권)정보_API (data.go.kr 15012005),202606,2026-10-04
GN-JINJU,진주시,씨유진주상대베스트점,,편의점,경상남도 진주시 대신로 297,경상남도 진주시 상대동 193-11,상대동,128.116720636046,35.187078243397,MA0101202603A0009717,소상공인시장진흥공단_상가(상권)정보_API (data.go.kr 15012005),202606,2026-10-04
GN-JINJU,진주시,지에스25진주,광장점,편의점,경상남도 진주시 창렬로 66,경상남도 진주시 봉곡동 487-13,성북동,128.069554018089,35.1944530449685,MA0101202509A0040187,소상공인시장진흥공단_상가(상권)정보_API (data.go.kr 15012005),202606,2026-10-04
GN-JINJU,진주시,이마트24진주,대곡점,편의점,경상남도 진주시 대곡면 남강로2438번길 53,경상남도 진주시 대곡면 광석리 315-4,대곡면,128.168310459754,35.2622545379759,MA0101202512A0024755,소상공인시장진흥공단_상가(상권)정보_API (data.go.kr 15012005),202606,2026-10-04
GN-JINJU,진주시,제로스토어,봉곡점,편의점,경상남도 진주시 진주대로 1217,경상남도 진주시 봉곡동 485-1,성북동,128.07015876416,35.1936815957233,MA0101202504A0002410,소상공인시장진흥공단_상가(상권)정보_API (data.go.kr 15012005),202606,2026-10-04
GN-JINJU,진주시,지에스25진주제일,병원점,편의점,경상남도 진주시 진주대로891번길 9,경상남도 진주시 강남동 239-11,천전동,128.089788169853,35.1795453815096,MA0101202505A0036749,소상공인시장진흥공단_상가(상권)정보_API (data.go.kr 15012005),202606,2026-10-04
GN-JINJU,진주시,씨유진주신안LH점,,편의점,경상남도 진주시 진양호로 294,경상남도 진주시 신안동 581-5,평거동,128.065108112743,35.1793773842479,MA0101202506A0009364,소상공인시장진흥공단_상가(상권)정보_API (data.go.kr 15012005),202606,2026-10-04
GN-JINJU,진주시,이마트24진주경상대원룸점,,편의점,경상남도 진주시 가좌길36번길 10-2,경상남도 진주시 가좌동 1445-12,가호동,128.105774161758,35.1570301779885,MA0101202508A0037816,소상공인시장진흥공단_상가(상권)정보_API (data.go.kr 15012005),202606,2026-10-04
GN-JINJU,진주시,문편의점,,편의점,경상남도 진주시 솔밭로 80,경상남도 진주시 상평동 221-15,상평동,128.107449946801,35.1762125920625,MA010120220809940611,소상공인시장진흥공단_상가(상권)정보_API (data.go.kr 15012005),202606,2026-10-04
GN-JINJU,진주시,한국,,편의점,경상남도 진주시 초장로 120,경상남도 진주시 초전동 1673,초장동,128.110906714927,35.2100066238951,MA010120220805210700,소상공인시장진흥공단_상가(상권)정보_API (data.go.kr 15012005),202606,2026-10-04
GN-JINJU,진주시,세븐진주상평공단점주,코리아,편의점,경상남도 진주시 큰들로 183,경상남도 진주시 상평동 306-5,상평동,128.12292098654,35.171725879524,MA010120220811209196,소상공인시장진흥공단_상가(상권)정보_API (data.go.kr 15012005),202606,2026-10-04
GN-JINJU,진주시,지에스25진주인사대로점,,편의점,경상남도 진주시 진양호로 435,경상남도 진주시 인사동 143-51,성북동,128.073777853439,35.1900263259622,MA010120220813660304,소상공인시장진흥공단_상가(상권)정보_API (data.go.kr 15012005),202606,2026-10-04
GN-JINJU,진주시,GS25진주천전점,,편의점,경상남도 진주시 진주대로966번길 6,경상남도 진주시 칠암동 293-6,천전동,128.08833966712,35.1861739570856,MA010120220811181796,소상공인시장진흥공단_상가(상권)정보_API (data.go.kr 15012005),202606,2026-10-04
GN-JINJU,진주시,씨유진주사봉산업단지점,,편의점,경상남도 진주시 사봉면 산업단지로 32,경상남도 진주시 사봉면 사곡리 1802-1,사봉면,128.274146899747,35.1901928129796,MA010120220812568951,소상공인시장진흥공단_상가(상권)정보_API (data.go.kr 15012005),202606,2026-10-04
GN-JINJU,진주시,씨유진성IC,,편의점,경상남도 진주시 진성면 동부로 1356,경상남도 진주시 진성면 상촌리 142-2,진성면,128.224764222725,35.187295505624,MA010120220811183766,소상공인시장진흥공단_상가(상권)정보_API (data.go.kr 15012005),202606,2026-10-04
GN-JINJU,진주시,GS25진주석갑로점,,편의점,경상남도 진주시 석갑로 83,경상남도 진주시 신안동 796,평거동,128.061952908898,35.1781793175077,MA010120220803172232,소상공인시장진흥공단_상가(상권)정보_API (data.go.kr 15012005),202606,2026-10-04
GN-JINJU,진주시,씨유진주주약현대점,,편의점,경상남도 진주시 진주대로815번길 10,경상남도 진주시 주약동 111-82,천전동,128.092791830972,35.1734886088789,MA010120220811183408,소상공인시장진흥공단_상가(상권)정보_API (data.go.kr 15012005),202606,2026-10-04
GN-JINJU,진주시,씨유진주장원점,,편의점,경상남도 진주시 진양호로97번길 19,경상남도 진주시 평거동 739-30,판문동,128.050153922918,35.168935653463,MA0101202511A0027479,소상공인시장진흥공단_상가(상권)정보_API (data.go.kr 15012005),202606,2026-10-04
GN-JINJU,진주시,씨유혁신중흥더,퍼스트점,편의점,경상남도 진주시 충의로 146,경상남도 진주시 충무공동 275,충무공동,128.149702253356,35.1755124344395,MA0101202510A0003604,소상공인시장진흥공단_상가(상권)정보_API (data.go.kr 15012005),202606,2026-10-04
GN-JINJU,진주시,지에스25신진주고려,병원점,편의점,경상남도 진주시 동진로 12,경상남도 진주시 칠암동 485-4,천전동,128.09245470387,35.178647095692,MA0101202506A0036953,소상공인시장진흥공단_상가(상권)정보_API (data.go.kr 15012005),202606,2026-10-04
GN-JINJU,진주시,월아편의점,,편의점,경상남도 진주시 금산면 월아산로 1539,경상남도 진주시 금산면 용아리 533,금산면,128.165091972887,35.1978075513975,MA0101202508A0005851,소상공인시장진흥공단_상가(상권)정보_API (data.go.kr 15012005),202606,2026-10-04
GN-JINJU,진주시,세븐일레븐,진주호탄점,편의점,경상남도 진주시 호탄길 21,경상남도 진주시 호탄동 610-4,가호동,128.116024521385,35.1634616043086,MA0101202505A0007397,소상공인시장진흥공단_상가(상권)정보_API (data.go.kr 15012005),202606,2026-10-04
GN-JINJU,진주시,지에스25진주호탄길점,,편의점,경상남도 진주시 호탄길34번길 4,경상남도 진주시 호탄동 637-9,가호동,128.116510819486,35.164511645089,MA0101202510A0024769,소상공인시장진흥공단_상가(상권)정보_API (data.go.kr 15012005),202606,2026-10-04
GN-JINJU,진주시,지에스25진주옥봉점,,편의점,경상남도 진주시 향교로 108,경상남도 진주시 옥봉동 369-24,중앙동,128.09206513824,35.1962980645049,MA0101202510A0001840,소상공인시장진흥공단_상가(상권)정보_API (data.go.kr 15012005),202606,2026-10-04
GN-JINJU,진주시,지에스25진주주약점,,편의점,경상남도 진주시 진주대로 857,경상남도 진주시 주약동 156-4,천전동,128.091665882487,35.1771219959232,MA0101202507A0014466,소상공인시장진흥공단_상가(상권)정보_API (data.go.kr 15012005),202606,2026-10-04
GN-JINJU,진주시,지에스25진주,신안점,편의점,경상남도 진주시 평거로6번길 11,경상남도 진주시 평거동 787-6,평거동,128.063394167278,35.1708390634464,MA0101202602A0031067,소상공인시장진흥공단_상가(상권)정보_API (data.go.kr 15012005),202606,2026-10-04
GN-JINJU,진주시,씨유진주초전흥한점,,편의점,경상남도 진주시 초전남로 36,경상남도 진주시 초전동 676-3,초장동,128.114004614254,35.1996312869715,MA0101202601A0047823,소상공인시장진흥공단_상가(상권)정보_API (data.go.kr 15012005),202606,2026-10-04
GN-JINJU,진주시,지에스25진주뉴우정점,,편의점,경상남도 진주시 진양호로 375,경상남도 진주시 신안동 12-38,신안동,128.069081102064,35.1860120215946,MA0101202512A0005053,소상공인시장진흥공단_상가(상권)정보_API (data.go.kr 15012005),202606,2026-10-04
GN-JINJU,진주시,씨유,진주호탄점,편의점,경상남도 진주시 가호로 78,경상남도 진주시 호탄동 606-1,가호동,128.114641138884,35.1642314346795,MA0101202602A0007879,소상공인시장진흥공단_상가(상권)정보_API (data.go.kr 15012005),202606,2026-10-04
GN-JINJU,진주시,씨유신진주줌,테라스점,편의점,경상남도 진주시 개양로 112,경상남도 진주시 가좌동 2068-1,가호동,128.1182287907,35.1545093783895,MA010120220804935710,소상공인시장진흥공단_상가(상권)정보_API (data.go.kr 15012005),202606,2026-10-04
GN-JINJU,진주시,씨유진주하대점,,편의점,경상남도 진주시 도동로247번길 11,경상남도 진주시 하대동 322-1,하대동,128.120711297821,35.1922688989309,MA010120220813953946,소상공인시장진흥공단_상가(상권)정보_API (data.go.kr 15012005),202606,2026-10-04
GN-JINJU,진주시,픽미픽미아이스,초전점,편의점,경상남도 진주시 초전북로62번길 26,경상남도 진주시 초전동 1639-7,초장동,128.114304682445,35.2063251518765,MA010120220810054239,소상공인시장진흥공단_상가(상권)정보_API (data.go.kr 15012005),202606,2026-10-04
GN-JINJU,진주시,이마트24진주인사원룸점,,편의점,경상남도 진주시 북장대로 4,경상남도 진주시 인사동 142-1,성북동,128.07536697344,35.1906431354126,MA010120220803078830,소상공인시장진흥공단_상가(상권)정보_API (data.go.kr 15012005),202606,2026-10-04
GN-JINJU,진주시,씨유진주초장,미소점,편의점,경상남도 진주시 초전북로61번길 29,경상남도 진주시 초전동 1713-8,초장동,128.113240429589,35.2112199604505,MA010120220807484635,소상공인시장진흥공단_상가(상권)정보_API (data.go.kr 15012005),202606,2026-10-04
GN-JINJU,진주시,씨유진주미라주점,,편의점,경상남도 진주시 진주대로941번길 11,경상남도 진주시 강남동 298,천전동,128.087329796228,35.1837134641339,MA0101202504A0018318,소상공인시장진흥공단_상가(상권)정보_API (data.go.kr 15012005),202606,2026-10-04
GN-JINJU,진주시,씨유진주가좌LH점,,편의점,경상남도 진주시 진주대로568번길 14,경상남도 진주시 가좌동 464,가호동,128.109204061996,35.1574584864102,MA0101202502A0085035,소상공인시장진흥공단_상가(상권)정보_API (data.go.kr 15012005),202606,2026-10-04
GN-JINJU,진주시,지에스25진주KBS점,,편의점,경상남도 진주시 신안로 100,경상남도 진주시 신안동 10-13,신안동,128.070906783109,35.1870954796055,MA0101202503A0042322,소상공인시장진흥공단_상가(상권)정보_API (data.go.kr 15012005),202606,2026-10-04
GN-JINJU,진주시,씨유진주혁신우리점,,편의점,경상남도 진주시 범골로60번길 16,경상남도 진주시 충무공동 83-3,충무공동,128.132399488852,35.1697629325259,MA0101202507A0023080,소상공인시장진흥공단_상가(상권)정보_API (data.go.kr 15012005),202606,2026-10-04
GN-JINJU,진주시,지에스25진주개양점,,편의점,경상남도 진주시 가좌길74번길 12,경상남도 진주시 가좌동 639-15,가호동,128.106555251298,35.1596007718066,MA0101202411A0052003,소상공인시장진흥공단_상가(상권)정보_API (data.go.kr 15012005),202606,2026-10-04
GN-JINJU,진주시,지에스25가좌,중앙점,편의점,경상남도 진주시 진주대로 554,경상남도 진주시 가좌동 448-7,가호동,128.107702992641,35.1560211234767,MA0101202411A0006454,소상공인시장진흥공단_상가(상권)정보_API (data.go.kr 15012005),202606,2026-10-04
GN-JINJU,진주시,지에스25진주,터미널점,편의점,경상남도 진주시 남강로 705-1,경상남도 진주시 장대동 95-9,중앙동,128.089018092295,35.1917649321884,MA0101202512A0034966,소상공인시장진흥공단_상가(상권)정보_API (data.go.kr 15012005),202606,2026-10-04
GN-JINJU,진주시,이마트24R경상대,센터점,편의점,경상남도 진주시 진주대로 536,경상남도 진주시 가좌동 478-8,가호동,128.107020186039,35.1542247584791,MA0101202508A0029294,소상공인시장진흥공단_상가(상권)정보_API (data.go.kr 15012005),202606,2026-10-04
GN-JINJU,진주시,씨유진주혁신,사랑점,편의점,경상남도 진주시 사들로 56,경상남도 진주시 충무공동 331-5,충무공동,128.149091700616,35.1726881590839,MA0101202508A0031048,소상공인시장진흥공단_상가(상권)정보_API (data.go.kr 15012005),202606,2026-10-04
GN-JINJU,진주시,이마트24진주월드점,,편의점,경상남도 진주시 도동천로 307,경상남도 진주시 하대동 308-28,하대동,128.126408666404,35.1937933024781,MA010120220812920826,소상공인시장진흥공단_상가(상권)정보_API (data.go.kr 15012005),202606,2026-10-04
GN-JINJU,진주시,세븐진주만덕화점,코리아,편의점,경상남도 진주시 충의로 20-12,경상남도 진주시 충무공동 284-3,충무공동,128.147276518325,35.1755264238539,MA010120220814137874,소상공인시장진흥공단_상가(상권)정보_API (data.go.kr 15012005),202606,2026-10-04
GN-JINJU,진주시,씨유진주해피데이점,,편의점,경상남도 진주시 동진로 215,경상남도 진주시 상대동 303-50,상대동,128.11470324636,35.1800396643352,MA010120220803320745,소상공인시장진흥공단_상가(상권)정보_API (data.go.kr 15012005),202606,2026-10-04
GN-JINJU,진주시,GS25진주산업대점,,편의점,경상남도 진주시 동진로 36,경상남도 진주시 칠암동 492-1,천전동,128.094926530677,35.1787870082411,MA010120220811176951,소상공인시장진흥공단_상가(상권)정보_API (data.go.kr 15012005),202606,2026-10-04
GN-JINJU,진주시,더존마트,,편의점,경상남도 진주시 순환로553번길 17,경상남도 진주시 평거동 300-14,평거동,128.058518340002,35.1723599133329,MA010120220814283947,소상공인시장진흥공단_상가(상권)정보_API (data.go.kr 15012005),202606,2026-10-04
GN-JINJU,진주시,씨유진주제일여고점,,편의점,경상남도 진주시 대신로343번길 20,경상남도 진주시 하대동 498,하대동,128.11507433775,35.1903290718413,MA010120220810124884,소상공인시장진흥공단_상가(상권)정보_API (data.go.kr 15012005),202606,2026-10-04
GN-JINJU,진주시,세븐일레븐진주평거,중앙점,편의점,경상남도 진주시 평거로14번길 2,경상남도 진주시 평거동 786-1,평거동,128.063065781817,35.1717522643807,MA010120220804579876,소상공인시장진흥공단_상가(상권)정보_API (data.go.kr 15012005),202606,2026-10-04
GN-JINJU,진주시,씨유진주상봉,서부점,편의점,경상남도 진주시 진주대로1144번길 12,경상남도 진주시 상봉동 1004-26,상봉동,128.07770230678,35.1970486475274,MA010120220814172941,소상공인시장진흥공단_상가(상권)정보_API (data.go.kr 15012005),202606,2026-10-04
GN-JINJU,진주시,씨유문산IC점,,편의점,경상남도 진주시 문산읍 월아산로 1121,경상남도 진주시 문산읍 소문리 287-5,문산읍,128.161403332608,35.1708492557558,MA010120220811154706,소상공인시장진흥공단_상가(상권)정보_API (data.go.kr 15012005),202606,2026-10-04
GN-JINJU,진주시,씨유진주혁신라온스테이점,,편의점,경상남도 진주시 영천강로 164,경상남도 진주시 충무공동 40-5,충무공동,128.13955184059,35.1781139681576,MA0101202411A0113360,소상공인시장진흥공단_상가(상권)정보_API (data.go.kr 15012005),202606,2026-10-04
GN-JINJU,진주시,지에스25진주명석점,,편의점,경상남도 진주시 명석면 광제산로 11,경상남도 진주시 명석면 우수리 95-5,명석면,128.04084506609,35.2170645369228,MA0101202411A0044302,소상공인시장진흥공단_상가(상권)정보_API (data.go.kr 15012005),202606,2026-10-04
GN-JINJU,진주시,지에스25진주,휴먼빌점,편의점,경상남도 진주시 내동면 순환로 425-61,경상남도 진주시 내동면 독산리 1104,내동면,128.066813674469,35.1620392901921,MA0101202501A0004864,소상공인시장진흥공단_상가(상권)정보_API (data.go.kr 15012005),202606,2026-10-04
GN-JINJU,진주시,지에스25초전청구점,,편의점,경상남도 진주시 초전남로65번길 1,경상남도 진주시 초전동 808-1,초장동,128.113125453926,35.2019917551232,MA0101202411A0113234,소상공인시장진흥공단_상가(상권)정보_API (data.go.kr 15012005),202606,2026-10-04
GN-JINJU,진주시,이마트24진주금산흥한점,,편의점,경상남도 진주시 금산면 금산순환로22번길 17,경상남도 진주시 금산면 장사리 1000,금산면,128.148913644473,35.2154021334663,MA0101202503A0039627,소상공인시장진흥공단_상가(상권)정보_API (data.go.kr 15012005),202606,2026-10-04
GN-JINJU,진주시,이마트24진주옥봉점,,편의점,경상남도 진주시 진산로 8,경상남도 진주시 옥봉동 785-28,중앙동,128.092405349741,35.1930052542876,MA0101202502A0069918,소상공인시장진흥공단_상가(상권)정보_API (data.go.kr 15012005),202606,2026-10-04
GN-JINJU,진주시,세븐일레븐진주골든튤립점,,편의점,경상남도 진주시 남강로673번길 16,경상남도 진주시 동성동 212-11,중앙동,128.086546238649,35.1916519420471,MA0101202502A0092532,소상공인시장진흥공단_상가(상권)정보_API (data.go.kr 15012005),202606,2026-10-04
GN-JINJU,진주시,세븐일레븐진주평거,휴먼시아점,편의점,경상남도 진주시 새평거로 70,경상남도 진주시 평거동 802,판문동,128.057844063012,35.1669129024461,MA0101202503A0069982,소상공인시장진흥공단_상가(상권)정보_API (data.go.kr 15012005),202606,2026-10-04
GN-JINJU,진주시,씨유진주더퍼스트웰가점,,편의점,경상남도 진주시 진주역로 116,경상남도 진주시 가좌동 2064-1,가호동,128.116360736673,35.1519218425299,MA0101202502A0072865,소상공인시장진흥공단_상가(상권)정보_API (data.go.kr 15012005),202606,2026-10-04
GN-JINJU,진주시,씨유진주금산루벤스점,,편의점,경상남도 진주시 금산면 금산로 50,경상남도 진주시 금산면 중천리 336-9,금산면,128.141940087751,35.2138548063816,MA0101202412A0090211,소상공인시장진흥공단_상가(상권)정보_API (data.go.kr 15012005),202606,2026-10-04
GN-JINJU,진주시,지에스진주퀸즈웰가점,,편의점,경상남도 진주시 새평거로 25,경상남도 진주시 평거동 1130,판문동,128.04960694001,35.166515878242,MA0101202505A0044233,소상공인시장진흥공단_상가(상권)정보_API (data.go.kr 15012005),202606,2026-10-04
GN-JINJU,진주시,지에스25진주선학산점,,편의점,경상남도 진주시 선학산길 30,경상남도 진주시 상대동 565,상대동,128.109496451263,35.1846390364491,MA0101202412A0080792,소상공인시장진흥공단_상가(상권)정보_API (data.go.kr 15012005),202606,2026-10-04
GN-JINJU,진주시,CU진주초장루비채,,편의점,경상남도 진주시 초북로 88,경상남도 진주시 초전동 1667,초장동,128.106822180414,35.2149110281805,MA010120220812696643,소상공인시장진흥공단_상가(상권)정보_API (data.go.kr 15012005),202606,2026-10-04
GN-JINJU,진주시,GS25진주뉴계동점,,편의점,경상남도 진주시 촉석로185번길 5,경상남도 진주시 계동 86,성북동,128.082053802586,35.1956488765598,MA010120220804852817,소상공인시장진흥공단_상가(상권)정보_API (data.go.kr 15012005),202606,2026-10-04
GN-JINJU,진주시,씨유진주들말흥한점,,편의점,경상남도 진주시 평거로 57,경상남도 진주시 평거동 191-1,평거동,128.065538148907,35.1753177326774,MA010120220800916728,소상공인시장진흥공단_상가(상권)정보_API (data.go.kr 15012005),202606,2026-10-04
GN-JINJU,진주시,씨유진주가좌원룸점,,편의점,경상남도 진주시 개양로6번길 8,경상남도 진주시 가좌동 479-12,가호동,128.108364652758,35.1554472508529,MA010120220811174208,소상공인시장진흥공단_상가(상권)정보_API (data.go.kr 15012005),202606,2026-10-04
GN-JINJU,진주시,씨유뉴진주,문산점,편의점,경상남도 진주시 문산읍 월아산로 1038,경상남도 진주시 문산읍 삼곡리 1214-1,문산읍,128.16499359469,35.1639919710941,MA010120220800894876,소상공인시장진흥공단_상가(상권)정보_API (data.go.kr 15012005),202606,2026-10-04
GN-JINJU,진주시,이마트24R진주주약원룸점,,편의점,경상남도 진주시 진주대로829번길 6,경상남도 진주시 주약동 110-8,천전동,128.09256761202,35.1747794934456,MA010120220807028963,소상공인시장진흥공단_상가(상권)정보_API (data.go.kr 15012005),202606,2026-10-04
GN-JINJU,진주시,지에스25진주신평공원점,,편의점,경상남도 진주시 신평공원길47번길 12,경상남도 진주시 평거동 758-9,평거동,128.066938989542,35.1733135176719,MA010120220811663161,소상공인시장진흥공단_상가(상권)정보_API (data.go.kr 15012005),202606,2026-10-04
GN-JINJU,진주시,세븐진주호탄점,코리아,편의점,경상남도 진주시 호탄길 21,경상남도 진주시 호탄동 610-4,가호동,128.116024521385,35.1634616043086,MA0101202412A0056429,소상공인시장진흥공단_상가(상권)정보_API (data.go.kr 15012005),202606,2026-10-04
GN-JINJU,진주시,씨유진주정촌파미르점,,편의점,경상남도 진주시 정촌면 삼일로106번길 8,경상남도 진주시 정촌면 예하리 1286,정촌면,128.099314610393,35.1288059932954,MA0101202411A0056470,소상공인시장진흥공단_상가(상권)정보_API (data.go.kr 15012005),202606,2026-10-04
GN-JINJU,진주시,지에스25진주칠암,강변점,편의점,경상남도 진주시 강남로177번길 7-2,경상남도 진주시 칠암동 527-1,천전동,128.094410028315,35.1836587006222,MA0101202412A0030918,소상공인시장진흥공단_상가(상권)정보_API (data.go.kr 15012005),202606,2026-10-04
GN-JINJU,진주시,씨유진주지수IC점,,편의점,경상남도 진주시 지수면 지수로 442,경상남도 진주시 지수면 승산리 119,지수면,128.269353597899,35.2313954764451,MA0101202411A0034619,소상공인시장진흥공단_상가(상권)정보_API (data.go.kr 15012005),202606,2026-10-04
GN-JINJU,진주시,제로스토어경,상대점,편의점,경상남도 진주시 진주대로 546,경상남도 진주시 가좌동 478-2,가호동,128.107561298485,35.1552833504802,MA0101202412A0021540,소상공인시장진흥공단_상가(상권)정보_API (data.go.kr 15012005),202606,2026-10-04
GN-JINJU,진주시,세븐일레븐진주상평,그린점,편의점,경상남도 진주시 큰들로 66,경상남도 진주시 상평동 226-1,상평동,128.110022233057,35.1708263078774,MA010120220806727075,소상공인시장진흥공단_상가(상권)정보_API (data.go.kr 15012005),202606,2026-10-04
GN-JINJU,진주시,GS25진주다인점,,편의점,경상남도 진주시 동진로119번길 8,경상남도 진주시 상대동 291-4,상대동,128.104361072793,35.1799541533515,MA010120220811188507,소상공인시장진흥공단_상가(상권)정보_API (data.go.kr 15012005),202606,2026-10-04
GN-JINJU,진주시,씨유진주혁신플라워,,편의점,경상남도 진주시 사들로 157,경상남도 진주시 충무공동 191,충무공동,128.147970268327,35.1819280612701,MA010120220811186868,소상공인시장진흥공단_상가(상권)정보_API (data.go.kr 15012005),202606,2026-10-04
GN-JINJU,진주시,씨유진주대교주유소점,,편의점,경상남도 진주시 대신로 113,경상남도 진주시 상평동 166-2,상평동,128.117511936772,35.1702977745563,MA010120220811156187,소상공인시장진흥공단_상가(상권)정보_API (data.go.kr 15012005),202606,2026-10-04
GN-JINJU,진주시,GS25진주중앙,,편의점,경상남도 진주시 도동로 223,경상남도 진주시 하대동 345-24,하대동,128.121879647082,35.1902031241119,MA010120220809842504,소상공인시장진흥공단_상가(상권)정보_API (data.go.kr 15012005),202606,2026-10-04
GN-JINJU,진주시,씨유진주뉴,봉곡점,편의점,경상남도 진주시 진주대로1143번길 6,경상남도 진주시 봉곡동 12-8,성북동,128.077990898873,35.1956220242495,MA010120220808405349,소상공인시장진흥공단_상가(상권)정보_API (data.go.kr 15012005),202606,2026-10-04
GN-JINJU,진주시,씨유진주금곡점,,편의점,경상남도 진주시 금곡면 월아산로 127-1,경상남도 진주시 금곡면 두문리 599-3,금곡면,128.186940244737,35.093387502249,MA010120220800687573,소상공인시장진흥공단_상가(상권)정보_API (data.go.kr 15012005),202606,2026-10-04
GN-JINJU,진주시,씨유진주,에이스점,편의점,경상남도 진주시 촉석로 183,경상남도 진주시 중안동 1-3,성북동,128.082070620469,35.1952611672975,MA010120220811175280,소상공인시장진흥공단_상가(상권)정보_API (data.go.kr 15012005),202606,2026-10-04
GN-JINJU,진주시,GS25진주가호점,,편의점,경상남도 진주시 강변길10번길 1,경상남도 진주시 호탄동 979-1,가호동,128.110916888732,35.1647793890909,MA010120220801316065,소상공인시장진흥공단_상가(상권)정보_API (data.go.kr 15012005),202606,2026-10-04
GN-JINJU,진주시,세븐일레븐진주,제일점,편의점,경상남도 진주시 하대로 37,경상남도 진주시 하대동 300-6,하대동,128.115849154734,35.19319707206,MA010120220811197452,소상공인시장진흥공단_상가(상권)정보_API (data.go.kr 15012005),202606,2026-10-04
GN-JINJU,진주시,세븐진주혁신롯데점,코리아,편의점,경상남도 진주시 영천강로 172,경상남도 진주시 충무공동 40-2,충무공동,128.139704844182,35.1788515914941,MA010120220809797898,소상공인시장진흥공단_상가(상권)정보_API (data.go.kr 15012005),202606,2026-10-04
GN-JINJU,진주시,지에스25초전,힐스테이트점,편의점,경상남도 진주시 초북로 95,경상남도 진주시 초전동 1665,초장동,128.106310889611,35.212842723709,MA010120220800607932,소상공인시장진흥공단_상가(상권)정보_API (data.go.kr 15012005),202606,2026-10-04
GN-JINJU,진주시,씨유진주집현점,,편의점,경상남도 진주시 집현면 진산로 679,경상남도 진주시 집현면 봉강리 369-2,집현면,128.088224430756,35.2392523633293,MA0101202406A0075207,소상공인시장진흥공단_상가(상권)정보_API (data.go.kr 15012005),202606,2026-10-04
GN-JINJU,진주시,씨유진주아슬란점,,편의점,경상남도 진주시 충의로 119,경상남도 진주시 충무공동 277-7,충무공동,128.152774052733,35.174608979292,MA0101202406A0038364,소상공인시장진흥공단_상가(상권)정보_API (data.go.kr 15012005),202606,2026-10-04
GN-JINJU,진주시,지에스25성북허니점,,편의점,경상남도 진주시 비봉로53번길 18,경상남도 진주시 봉곡동 122,성북동,128.078509412399,35.1949774837812,MA0101202406A0208544,소상공인시장진흥공단_상가(상권)정보_API (data.go.kr 15012005),202606,2026-10-04
GN-JINJU,진주시,지에스25신진주,우미린점,편의점,경상남도 진주시 진주역로 55,경상남도 진주시 가좌동 1986,가호동,128.109480405896,35.1511378214442,MA0101202409A0235687,소상공인시장진흥공단_상가(상권)정보_API (data.go.kr 15012005),202606,2026-10-04
GN-JINJU,진주시,씨유진주평거엘크루점,,편의점,경상남도 진주시 새들말로68번길 2,경상남도 진주시 평거동 952,평거동,128.060861948414,35.1685629385665,MA0101202409A0079396,소상공인시장진흥공단_상가(상권)정보_API (data.go.kr 15012005),202606,2026-10-04
GN-JINJU,진주시,세븐일레븐진주초전,그린점,편의점,경상남도 진주시 초전북로 25,경상남도 진주시 초전동 1349-12,초장동,128.109594910632,35.208026791744,MA0101202409A0114821,소상공인시장진흥공단_상가(상권)정보_API (data.go.kr 15012005),202606,2026-10-04
GN-JINJU,진주시,씨유진주칠암원룸점,,편의점,경상남도 진주시 진주대로930번길 10-1,경상남도 진주시 칠암동 513-16,천전동,128.090048223157,35.183400610085,MA0101202409A0004245,소상공인시장진흥공단_상가(상권)정보_API (data.go.kr 15012005),202606,2026-10-04
GN-JINJU,진주시,씨유진주하대,중앙점,편의점,경상남도 진주시 도동로 232,경상남도 진주시 하대동 338,하대동,128.122185958308,35.190921323112,MA0101202411A0131249,소상공인시장진흥공단_상가(상권)정보_API (data.go.kr 15012005),202606,2026-10-04
GN-TONGYEONG,통영시,호산나편의점,,편의점,경상남도 통영시 도남로 269-38,경상남도 통영시 도남동 634,봉평동,128.433554569278,34.8290231548216,MA010120220811103152,소상공인시장진흥공단_상가(상권)정보_API (data.go.kr 15012005),202606,2026-10-04
GN-TONGYEONG,통영시,씨유통영해모로점,,편의점,경상남도 통영시 북신로 22,경상남도 통영시 북신동 714,북신동,128.426996377848,34.8530931213742,MA010120220808714758,소상공인시장진흥공단_상가(상권)정보_API (data.go.kr 15012005),202606,2026-10-04
GN-TONGYEONG,통영시,GS25통영도천점,,편의점,경상남도 통영시 중앙로 37,경상남도 통영시 도천동 220-10,도천동,128.414595053253,34.8388891645421,MA010120220811114456,소상공인시장진흥공단_상가(상권)정보_API (data.go.kr 15012005),202606,2026-10-04
GN-TONGYEONG,통영시,씨유통영미수바다점,,편의점,경상남도 통영시 선금산2길 18,경상남도 통영시 미수동 381-1,미수동,128.403994944452,34.8262313691256,MA0101202409A0151665,소상공인시장진흥공단_상가(상권)정보_API (data.go.kr 15012005),202606,2026-10-04
GN-TONGYEONG,통영시,지에스25죽림주공점,,편의점,경상남도 통영시 광도면 죽림2로 24,경상남도 통영시 광도면 죽림리 1577-5,광도면,128.415360017337,34.8803584679607,MA010120220811109380,소상공인시장진흥공단_상가(상권)정보_API (data.go.kr 15012005),202606,2026-10-04
GN-TONGYEONG,통영시,세븐일레븐통영바다휴게소점,,편의점,경상남도 통영시 도산면 남해안대로 2125,경상남도 통영시 도산면 원산리 1186-1,도산면,128.347260849219,34.9364006626693,MA010120220811193857,소상공인시장진흥공단_상가(상권)정보_API (data.go.kr 15012005),202606,2026-10-04
GN-TONGYEONG,통영시,씨유통영도남점,,편의점,경상남도 통영시 도남로 257-79,경상남도 통영시 도남동 201-15,봉평동,128.432536997705,34.8289630385229,MA010120220800927841,소상공인시장진흥공단_상가(상권)정보_API (data.go.kr 15012005),202606,2026-10-04
GN-TONGYEONG,통영시,세븐일레븐통영정량바다점,,편의점,경상남도 통영시 동호로 46,경상남도 통영시 정량동 1375-1,정량동,128.432109778077,34.8434250683664,MA010120220800922204,소상공인시장진흥공단_상가(상권)정보_API (data.go.kr 15012005),202606,2026-10-04
GN-TONGYEONG,통영시,이마트24뉴통영,중앙점,편의점,경상남도 통영시 중앙시장1길 1,경상남도 통영시 중앙동 55,중앙동,128.424120966195,34.8448528194451,MA010120220812559868,소상공인시장진흥공단_상가(상권)정보_API (data.go.kr 15012005),202606,2026-10-04
GN-TONGYEONG,통영시,씨유통영뉴한바다점,,편의점,경상남도 통영시 서송정2길 6,경상남도 통영시 봉평동 5-7,봉평동,128.421498209378,34.8315621379596,MA0101202307A0058098,소상공인시장진흥공단_상가(상권)정보_API (data.go.kr 15012005),202606,2026-10-04
GN-TONGYEONG,통영시,이마트24통영산양점,,편의점,경상남도 통영시 산양읍 산양일주로 264,경상남도 통영시 산양읍 영운리 724-3,산양읍,128.432004093926,34.8038587629105,MA0101202308A0019890,소상공인시장진흥공단_상가(상권)정보_API (data.go.kr 15012005),202606,2026-10-04
GN-TONGYEONG,통영시,씨유통영디피랑점,,편의점,경상남도 통영시 남망길 25,경상남도 통영시 동호동 249-1,정량동,128.426868803119,34.8431712148405,MA0101202305A0105785,소상공인시장진흥공단_상가(상권)정보_API (data.go.kr 15012005),202606,2026-10-04
GN-TONGYEONG,통영시,씨유통영바다풍차점,,편의점,경상남도 통영시 산양읍 산양일주로 1468,경상남도 통영시 산양읍 연화리 699-3,산양읍,128.389048210862,34.7907558066706,MA010120220812820869,소상공인시장진흥공단_상가(상권)정보_API (data.go.kr 15012005),202606,2026-10-04
GN-TONGYEONG,통영시,GS25통영용남점,,편의점,경상남도 통영시 용남면 견내량로 73,경상남도 통영시 용남면 장평리 353-6,용남면,128.465956481213,34.8877983836405,MA010120220812522066,소상공인시장진흥공단_상가(상권)정보_API (data.go.kr 15012005),202606,2026-10-04
GN-TONGYEONG,통영시,씨유무전로즈힐점,,편의점,경상남도 통영시 무전1길 50,경상남도 통영시 무전동 1056-12,무전동,128.423583091368,34.8612268702022,MA010120220811508437,소상공인시장진흥공단_상가(상권)정보_API (data.go.kr 15012005),202606,2026-10-04
GN-TONGYEONG,통영시,씨유통영,터미널점,편의점,경상남도 통영시 안개로 9,경상남도 통영시 무전동 990-9,무전동,128.429403180209,34.8575984264722,MA0101202309A0067508,소상공인시장진흥공단_상가(상권)정보_API (data.go.kr 15012005),202606,2026-10-04
GN-TONGYEONG,통영시,코리아세븐통영무전,행복점,편의점,경상남도 통영시 안개2길 26,경상남도 통영시 무전동 991-1,무전동,128.429867767895,34.858539335725,MA0101202309A0072198,소상공인시장진흥공단_상가(상권)정보_API (data.go.kr 15012005),202606,2026-10-04
GN-TONGYEONG,통영시,드림편의점,,편의점,경상남도 통영시 통영해안로 234,경상남도 통영시 서호동 316,명정동,128.420229574015,34.8397969128964,MA0101202310A0043447,소상공인시장진흥공단_상가(상권)정보_API (data.go.kr 15012005),202606,2026-10-04
GN-TONGYEONG,통영시,씨유통영한진점,,편의점,경상남도 통영시 무전7길 135,경상남도 통영시 무전동 1054-5,무전동,128.422022551151,34.8639490523858,MA0101202406A0297782,소상공인시장진흥공단_상가(상권)정보_API (data.go.kr 15012005),202606,2026-10-04
GN-TONGYEONG,통영시,세븐일레븐통영무전,행복점,편의점,경상남도 통영시 안개2길 26,경상남도 통영시 무전동 991-1,무전동,128.429867767895,34.858539335725,MA0101202311A0102045,소상공인시장진흥공단_상가(상권)정보_API (data.go.kr 15012005),202606,2026-10-04
GN-TONGYEONG,통영시,씨유통영산양일주로점,,편의점,경상남도 통영시 산양읍 산양일주로 1697,경상남도 통영시 산양읍 삼덕리 548,산양읍,128.386954213326,34.8053270043879,MA0101202406A0502775,소상공인시장진흥공단_상가(상권)정보_API (data.go.kr 15012005),202606,2026-10-04
GN-TONGYEONG,통영시,세븐일레븐,통영항남점,편의점,경상남도 통영시 새터길 78,경상남도 통영시 항남동 249-66,중앙동,128.420975318534,34.8418431889582,MA0101202409A0000146,소상공인시장진흥공단_상가(상권)정보_API (data.go.kr 15012005),202606,2026-10-04
GN-TONGYEONG,통영시,지에스25통영통큰낚시점,,편의점,경상남도 통영시 산양읍 산양일주로 1771,경상남도 통영시 산양읍 남평리 1315-4,산양읍,128.387233528947,34.8115609485636,MA0101202409A0231140,소상공인시장진흥공단_상가(상권)정보_API (data.go.kr 15012005),202606,2026-10-04
GN-TONGYEONG,통영시,대평편의점,,편의점,경상남도 통영시 평인일주로 856,경상남도 통영시 평림동 440,명정동,128.398339764953,34.8557063568514,MA010120220804899710,소상공인시장진흥공단_상가(상권)정보_API (data.go.kr 15012005),202606,2026-10-04
GN-TONGYEONG,통영시,미니스톱거제대교점,,편의점,경상남도 통영시 용남면 남해안대로 18,경상남도 통영시 용남면 장평리 49,용남면,128.473907489775,34.8908026826376,MA010120220806418935,소상공인시장진흥공단_상가(상권)정보_API (data.go.kr 15012005),202606,2026-10-04
GN-TONGYEONG,통영시,씨유에이치에스지성동조선점,,편의점,경상남도 통영시 광도면 공단로 940,경상남도 통영시 광도면 황리 1609-2,광도면,128.426600571603,34.9585859438909,MA010120220809896780,소상공인시장진흥공단_상가(상권)정보_API (data.go.kr 15012005),202606,2026-10-04
GN-TONGYEONG,통영시,세븐일레븐통영무전블루점,,편의점,경상남도 통영시 무전7길 174,경상남도 통영시 무전동 767-9,무전동,128.421018425789,34.8653307787729,MA0101202406A0264386,소상공인시장진흥공단_상가(상권)정보_API (data.go.kr 15012005),202606,2026-10-04
GN-TONGYEONG,통영시,씨유통영,동백점,편의점,경상남도 통영시 도리2길 5-4,경상남도 통영시 도천동 181-11,도천동,128.411982106311,34.8395143937942,MA0101202406A0119118,소상공인시장진흥공단_상가(상권)정보_API (data.go.kr 15012005),202606,2026-10-04
GN-TONGYEONG,통영시,이마트24통영,힐스테이트점,편의점,경상남도 통영시 광도면 홀리1길 69,경상남도 통영시 광도면 죽림리 318-1,광도면,128.410005029089,34.8831696845141,MA0101202406A0112016,소상공인시장진흥공단_상가(상권)정보_API (data.go.kr 15012005),202606,2026-10-04
GN-TONGYEONG,통영시,세븐일레븐통영죽림원룸점,,편의점,경상남도 통영시 광도면 신죽3길 5-3,경상남도 통영시 광도면 죽림리 1585-4,광도면,128.418827432817,34.8746488350969,MA0101202406A0121405,소상공인시장진흥공단_상가(상권)정보_API (data.go.kr 15012005),202606,2026-10-04
GN-TONGYEONG,통영시,세븐일레븐통영정량동원점,,편의점,경상남도 통영시 정량안길 14,경상남도 통영시 정량동 275-10,정량동,128.430973428396,34.8491437238182,MA0101202406A0245170,소상공인시장진흥공단_상가(상권)정보_API (data.go.kr 15012005),202606,2026-10-04
GN-TONGYEONG,통영시,"행복플러스25편의점척포은진점,은진낚시",,편의점,경상남도 통영시 산양읍 척포길 202,경상남도 통영시 산양읍 미남리 352,산양읍,128.421348383647,34.7655515130891,MA010120220800896380,소상공인시장진흥공단_상가(상권)정보_API (data.go.kr 15012005),202606,2026-10-04
GN-TONGYEONG,통영시,세븐일레븐통영남해안대로점,,편의점,경상남도 통영시 도산면 남해안대로 1576,경상남도 통영시 도산면 관덕리 945,도산면,128.3732670176,34.9016705559694,MA010120220800925335,소상공인시장진흥공단_상가(상권)정보_API (data.go.kr 15012005),202606,2026-10-04
GN-TONGYEONG,통영시,씨유푸르지오,2호점,편의점,경상남도 통영시 광도면 죽림2로 76-55,경상남도 통영시 광도면 죽림리 1580-42,광도면,128.420733403622,34.8773665426368,MA010120220810773068,소상공인시장진흥공단_상가(상권)정보_API (data.go.kr 15012005),202606,2026-10-04
GN-TONGYEONG,통영시,세븐일레븐통영북신화목점,,편의점,경상남도 통영시 원문로 52,경상남도 통영시 북신동 691,북신동,128.422721474898,34.858181524025,MA0101202311A0082841,소상공인시장진흥공단_상가(상권)정보_API (data.go.kr 15012005),202606,2026-10-04
GN-TONGYEONG,통영시,세븐일레븐통영죽림,센터점,편의점,경상남도 통영시 광도면 죽림3로 43-11,경상남도 통영시 광도면 죽림리 1569-14,광도면,128.418043048896,34.8831032166323,MA0101202311A0031478,소상공인시장진흥공단_상가(상권)정보_API (data.go.kr 15012005),202606,2026-10-04
GN-TONGYEONG,통영시,세븐일레븐통영조은점,,편의점,경상남도 통영시 광도면 죽림4로 19-48,경상남도 통영시 광도면 죽림리 1570-6,광도면,128.419240144918,34.8865682792575,MA010120220811125694,소상공인시장진흥공단_상가(상권)정보_API (data.go.kr 15012005),202606,2026-10-04
GN-TONGYEONG,통영시,GS25통영용화사점,,편의점,경상남도 통영시 봉수로 79,경상남도 통영시 봉평동 292-3,봉평동,128.415493383297,34.8243135092283,MA010120220811115174,소상공인시장진흥공단_상가(상권)정보_API (data.go.kr 15012005),202606,2026-10-04
GN-TONGYEONG,통영시,지에스25죽림,행복점,편의점,경상남도 통영시 광도면 죽림1로 17-18,경상남도 통영시 광도면 죽림리 1578,광도면,128.415859012217,34.8801183174351,MA0101202311A0102170,소상공인시장진흥공단_상가(상권)정보_API (data.go.kr 15012005),202606,2026-10-04
GN-TONGYEONG,통영시,씨유통영인평,행복점,편의점,경상남도 통영시 한실7길 1-6,경상남도 통영시 인평동 434-13,도천동,128.397544118474,34.8403391176638,MA0101202303A0090193,소상공인시장진흥공단_상가(상권)정보_API (data.go.kr 15012005),202606,2026-10-04
GN-TONGYEONG,통영시,씨유통영북신,에이스점,편의점,경상남도 통영시 무전8길 14-12,경상남도 통영시 무전동 1030-7,무전동,128.426878241472,34.8595478664336,MA0101202305A0199702,소상공인시장진흥공단_상가(상권)정보_API (data.go.kr 15012005),202606,2026-10-04
GN-TONGYEONG,통영시,씨유통영,죽림점,편의점,경상남도 통영시 광도면 향교길 5,경상남도 통영시 광도면 죽림리 349-4,광도면,128.412222551502,34.8791691831952,MA0101202303A0092219,소상공인시장진흥공단_상가(상권)정보_API (data.go.kr 15012005),202606,2026-10-04
GN-TONGYEONG,통영시,세븐일레븐통영인평점,,편의점,경상남도 통영시 한실1길 5,경상남도 통영시 인평동 113-8,도천동,128.401946958643,34.836953586282,MA0101202309A0045931,소상공인시장진흥공단_상가(상권)정보_API (data.go.kr 15012005),202606,2026-10-04
GN-TONGYEONG,통영시,세븐일레븐통영동호점,,편의점,경상남도 통영시 정동2길 27,경상남도 통영시 정량동 1372,정량동,128.431736272616,34.8445831405934,MA0101202308A0067225,소상공인시장진흥공단_상가(상권)정보_API (data.go.kr 15012005),202606,2026-10-04
GN-TONGYEONG,통영시,씨유통영인평점,,편의점,경상남도 통영시 평인일주로 58,경상남도 통영시 인평동 430-23,도천동,128.398510214754,34.8405803799315,MA010120220805729281,소상공인시장진흥공단_상가(상권)정보_API (data.go.kr 15012005),202606,2026-10-04
GN-TONGYEONG,통영시,삼거리횟집,,편의점,경상남도 통영시 사량면 상도일주로 1579,경상남도 통영시 사량면 금평리 118-1,사량면,128.219275121,34.8456099283369,MA010120220800827850,소상공인시장진흥공단_상가(상권)정보_API (data.go.kr 15012005),202606,2026-10-04
GN-TONGYEONG,통영시,씨유죽림e조은점,,편의점,경상남도 통영시 광도면 죽림5로 49,경상남도 통영시 광도면 죽림리 1572-76,광도면,128.421006010754,34.8849433264908,MA010120220811113631,소상공인시장진흥공단_상가(상권)정보_API (data.go.kr 15012005),202606,2026-10-04
GN-TONGYEONG,통영시,씨유무전동원룸점,,편의점,경상남도 통영시 안개4길 58,경상남도 통영시 무전동 977-33,무전동,128.433086321589,34.857500993916,MA010120220809793288,소상공인시장진흥공단_상가(상권)정보_API (data.go.kr 15012005),202606,2026-10-04
GN-TONGYEONG,통영시,지에스25통영미동점,,편의점,경상남도 통영시 미수로 97,경상남도 통영시 미수동 585-3,미수동,128.400388083059,34.8242990666715,MA0101202305A0148516,소상공인시장진흥공단_상가(상권)정보_API (data.go.kr 15012005),202606,2026-10-04
GN-TONGYEONG,통영시,세븐일레븐통영이지비아점,,편의점,경상남도 통영시 용남면 동달안길 34-80,경상남도 통영시 용남면 화삼리 978,용남면,128.442763551002,34.8606582871455,MA010120220811884104,소상공인시장진흥공단_상가(상권)정보_API (data.go.kr 15012005),202606,2026-10-04
GN-TONGYEONG,통영시,씨유통영사량도점,,편의점,경상남도 통영시 사량면 진촌1길 6,경상남도 통영시 사량면 금평리 44,사량면,128.224548661139,34.84439422232,MA010120220811102788,소상공인시장진흥공단_상가(상권)정보_API (data.go.kr 15012005),202606,2026-10-04
GN-TONGYEONG,통영시,이마트24통영,죽림점,편의점,경상남도 통영시 광도면 죽림4로 41-23,경상남도 통영시 광도면 죽림리 1570-52,광도면,128.419336351607,34.8845302087225,MA010120220806718365,소상공인시장진흥공단_상가(상권)정보_API (data.go.kr 15012005),202606,2026-10-04
GN-TONGYEONG,통영시,세븐일레븐통영죽림타운점,,편의점,경상남도 통영시 광도면 신죽2길 7-6,경상남도 통영시 광도면 죽림리 1583-11,광도면,128.418691754171,34.8762998077045,MA0101202303A0018484,소상공인시장진흥공단_상가(상권)정보_API (data.go.kr 15012005),202606,2026-10-04
GN-TONGYEONG,통영시,이마트24통영무전원룸점,,편의점,경상남도 통영시 안개4길 34,경상남도 통영시 무전동 379-4,무전동,128.432252676803,34.8567176670069,MA0101202305A0104912,소상공인시장진흥공단_상가(상권)정보_API (data.go.kr 15012005),202606,2026-10-04
GN-TONGYEONG,통영시,삼덕항편의점,,편의점,경상남도 통영시 산양읍 원항1길 12,경상남도 통영시 산양읍 삼덕리 381,산양읍,128.383989891162,34.7959960368251,MA0101202303A0111300,소상공인시장진흥공단_상가(상권)정보_API (data.go.kr 15012005),202606,2026-10-04
GN-TONGYEONG,통영시,이마트24R통영,터미널점,편의점,경상남도 통영시 광도면 죽림4로 19-10,경상남도 통영시 광도면 죽림리 1570,광도면,128.417483385307,34.8855432665264,MA010120220811112197,소상공인시장진흥공단_상가(상권)정보_API (data.go.kr 15012005),202606,2026-10-04
GN-TONGYEONG,통영시,이마트24통영죽림일성점,,편의점,경상남도 통영시 광도면 죽림2로 11,경상남도 통영시 광도면 죽림리 280-44,광도면,128.414124069888,34.8809947533933,MA010120220808445519,소상공인시장진흥공단_상가(상권)정보_API (data.go.kr 15012005),202606,2026-10-04
GN-TONGYEONG,통영시,지에스25통영인평LH점,,편의점,경상남도 통영시 평인일주로 84,경상남도 통영시 인평동 402-1,도천동,128.396473812645,34.8416943689007,MA010120220810372921,소상공인시장진흥공단_상가(상권)정보_API (data.go.kr 15012005),202606,2026-10-04
GN-TONGYEONG,통영시,세븐통영인평점,코리아,편의점,경상남도 통영시 한실1길 5,경상남도 통영시 인평동 113-8,도천동,128.401946958643,34.836953586282,MA010120220809647935,소상공인시장진흥공단_상가(상권)정보_API (data.go.kr 15012005),202606,2026-10-04
GN-TONGYEONG,통영시,세븐통영죽림원룸점주,코리아,편의점,경상남도 통영시 광도면 신죽3길 5-3,경상남도 통영시 광도면 죽림리 1585-4,광도면,128.418827432817,34.8746488350969,MA010120220811142613,소상공인시장진흥공단_상가(상권)정보_API (data.go.kr 15012005),202606,2026-10-04
GN-TONGYEONG,통영시,씨유통영미수,휴먼시아점,편의점,경상남도 통영시 미우지해안로 107,경상남도 통영시 미수동 695,미수동,128.396403665707,34.8232993445158,MA010120220811109561,소상공인시장진흥공단_상가(상권)정보_API (data.go.kr 15012005),202606,2026-10-04
GN-TONGYEONG,통영시,지에스25통영21세기점,,편의점,경상남도 통영시 서송정2길 50-23,경상남도 통영시 봉평동 12-2,봉평동,128.41930888204,34.8326512522545,MA010120220803932420,소상공인시장진흥공단_상가(상권)정보_API (data.go.kr 15012005),202606,2026-10-04
GN-TONGYEONG,통영시,세븐일레븐통영이지비아점,,편의점,경상남도 통영시 용남면 동달안길 34-80,경상남도 통영시 용남면 화삼리 978,용남면,128.442763551002,34.8606582871455,MA010120220810085405,소상공인시장진흥공단_상가(상권)정보_API (data.go.kr 15012005),202606,2026-10-04
GN-TONGYEONG,통영시,이마트24통영더,팰리스점,편의점,경상남도 통영시 광도면 죽림3로 13,경상남도 통영시 광도면 죽림리 251-1,광도면,128.414551614338,34.8842434901735,MA010120220811118445,소상공인시장진흥공단_상가(상권)정보_API (data.go.kr 15012005),202606,2026-10-04
GN-TONGYEONG,통영시,세븐일레븐통영동호바다점,,편의점,경상남도 통영시 장좌로 91,경상남도 통영시 동호동 347-12,정량동,128.432226422875,34.8406927304381,MA010120220810446788,소상공인시장진흥공단_상가(상권)정보_API (data.go.kr 15012005),202606,2026-10-04
GN-TONGYEONG,통영시,이마트24통영용남점,,편의점,경상남도 통영시 용남면 남해안대로 436,경상남도 통영시 용남면 동달리 750-6,용남면,128.444509854991,34.8692269745422,MA010120220810585805,소상공인시장진흥공단_상가(상권)정보_API (data.go.kr 15012005),202606,2026-10-04
GN-TONGYEONG,통영시,씨유죽림희가로점,,편의점,경상남도 통영시 광도면 죽림해안로 18,경상남도 통영시 광도면 죽림리 1565-29,광도면,128.419515454361,34.8885839846535,MA0101202210A0042262,소상공인시장진흥공단_상가(상권)정보_API (data.go.kr 15012005),202606,2026-10-04
GN-TONGYEONG,통영시,씨유통영삼덕항점,,편의점,경상남도 통영시 산양읍 산양일주로 1566,경상남도 통영시 산양읍 삼덕리 371,산양읍,128.383892339022,34.7947352962971,MA010120220810340093,소상공인시장진흥공단_상가(상권)정보_API (data.go.kr 15012005),202606,2026-10-04
GN-TONGYEONG,통영시,지에스25죽림원룸점,,편의점,경상남도 통영시 광도면 신죽3길 78,경상남도 통영시 광도면 죽림리 1585-12,광도면,128.420430744127,34.8743957722819,MA010120220804790577,소상공인시장진흥공단_상가(상권)정보_API (data.go.kr 15012005),202606,2026-10-04
GN-TONGYEONG,통영시,씨유뉴죽림스마일점,,편의점,경상남도 통영시 광도면 죽림해안로 34-7,경상남도 통영시 광도면 죽림리 1571-18,광도면,128.420288668395,34.8871148399282,MA010120220809599963,소상공인시장진흥공단_상가(상권)정보_API (data.go.kr 15012005),202606,2026-10-04
GN-TONGYEONG,통영시,씨유통영견내량점,,편의점,경상남도 통영시 용남면 견내량로 100,경상남도 통영시 용남면 장평리 337,용남면,128.466942597781,34.8860469821057,MA010120220811112996,소상공인시장진흥공단_상가(상권)정보_API (data.go.kr 15012005),202606,2026-10-04
GN-TONGYEONG,통영시,GS25통영서호점,,편의점,경상남도 통영시 중앙로 93,경상남도 통영시 서호동 177-21,명정동,128.419471780991,34.8421401533266,MA010120220805487771,소상공인시장진흥공단_상가(상권)정보_API (data.go.kr 15012005),202606,2026-10-04
GN-TONGYEONG,통영시,세븐일레븐통영바다점,,편의점,경상남도 통영시 통영해안로 229-2,경상남도 통영시 서호동 177-358,명정동,128.421218581944,34.8407317351466,MA010120220811092399,소상공인시장진흥공단_상가(상권)정보_API (data.go.kr 15012005),202606,2026-10-04
GN-TONGYEONG,통영시,씨유통영죽림,센터점,편의점,경상남도 통영시 광도면 죽림2로 77,경상남도 통영시 광도면 죽림리 1574-57,광도면,128.421247963062,34.8799382592276,MA010120220804944073,소상공인시장진흥공단_상가(상권)정보_API (data.go.kr 15012005),202606,2026-10-04
GN-TONGYEONG,통영시,씨유통영로얄듀크점,,편의점,경상남도 통영시 비석1길 29,경상남도 통영시 정량동 170-2,정량동,128.429202937937,34.8491825712931,MA010120220802959425,소상공인시장진흥공단_상가(상권)정보_API (data.go.kr 15012005),202606,2026-10-04
GN-TONGYEONG,통영시,이마트24통영휴엔하임점,,편의점,경상남도 통영시 무전4길 29,경상남도 통영시 무전동 1025-2,무전동,128.424814945386,34.8584724678969,MA010120220808139031,소상공인시장진흥공단_상가(상권)정보_API (data.go.kr 15012005),202606,2026-10-04
GN-TONGYEONG,통영시,GS25통영봉평점,,편의점,경상남도 통영시 도남로 139,경상남도 통영시 봉평동 87-7,봉평동,128.419651012393,34.8302948363232,MA010120220811104989,소상공인시장진흥공단_상가(상권)정보_API (data.go.kr 15012005),202606,2026-10-04
GN-TONGYEONG,통영시,지에스25통영무전점,,편의점,경상남도 통영시 무전8길 22-5,경상남도 통영시 무전동 1033-12,무전동,128.427247793446,34.8587864314715,MA010120220809739548,소상공인시장진흥공단_상가(상권)정보_API (data.go.kr 15012005),202606,2026-10-04
GN-TONGYEONG,통영시,세븐일레븐통영만남의장소점,,편의점,경상남도 통영시 무전5길 12-5,경상남도 통영시 무전동 1065-9,무전동,128.42650553095,34.8607599906007,MA010120220808618841,소상공인시장진흥공단_상가(상권)정보_API (data.go.kr 15012005),202606,2026-10-04
GN-TONGYEONG,통영시,씨유통영안정,골드점,편의점,경상남도 통영시 광도면 공단로 835-1,경상남도 통영시 광도면 황리 840-4,광도면,128.418093254578,34.9578924498107,MA010120220800146092,소상공인시장진흥공단_상가(상권)정보_API (data.go.kr 15012005),202606,2026-10-04
GN-TONGYEONG,통영시,씨유통영항구점,,편의점,경상남도 통영시 통영해안로 235,경상남도 통영시 항남동 239-5,중앙동,128.421836466273,34.8404270807092,MA010120220814192662,소상공인시장진흥공단_상가(상권)정보_API (data.go.kr 15012005),202606,2026-10-04
GN-TONGYEONG,통영시,세븐일레븐통영봉평점,,편의점,경상남도 통영시 서송정3길 24,경상남도 통영시 봉평동 3-12,봉평동,128.420774881788,34.8327242677133,MA010120220806677106,소상공인시장진흥공단_상가(상권)정보_API (data.go.kr 15012005),202606,2026-10-04
GN-TONGYEONG,통영시,이마트24SMART통영풍화점,,편의점,경상남도 통영시 산양읍 풍화일주로 1609-12,경상남도 통영시 산양읍 남평리 1312-21,산양읍,128.38660402762,34.8137763552334,MA0101202209A0090744,소상공인시장진흥공단_상가(상권)정보_API (data.go.kr 15012005),202606,2026-10-04
GN-TONGYEONG,통영시,씨유통영더,팰리스점,편의점,경상남도 통영시 광도면 죽림5로 56,경상남도 통영시 광도면 죽림리 1573-2,광도면,128.420538730281,34.8825783586307,MA010120220811217735,소상공인시장진흥공단_상가(상권)정보_API (data.go.kr 15012005),202606,2026-10-04
GN-TONGYEONG,통영시,씨유도남관광단지점,,편의점,경상남도 통영시 도남로 270,경상남도 통영시 도남동 198-12,봉평동,128.43256728958,34.8275566378311,MA010120220806265001,소상공인시장진흥공단_상가(상권)정보_API (data.go.kr 15012005),202606,2026-10-04
GN-TONGYEONG,통영시,세븐일레븐통영죽림스마일점,,편의점,경상남도 통영시 광도면 죽림5로 46,경상남도 통영시 광도면 죽림리 1570-41,광도면,128.420322491847,34.8852667718591,MA010120220804799992,소상공인시장진흥공단_상가(상권)정보_API (data.go.kr 15012005),202606,2026-10-04
GN-TONGYEONG,통영시,씨유통영도경점,,편의점,경상남도 통영시 데메1길 17-1,경상남도 통영시 도남동 494-13,봉평동,128.418298005728,34.8297968726363,MA010120220808076982,소상공인시장진흥공단_상가(상권)정보_API (data.go.kr 15012005),202606,2026-10-04
GN-TONGYEONG,통영시,씨유통영,행복점,편의점,경상남도 통영시 안개로 35-5,경상남도 통영시 무전동 992-15,무전동,128.430533690855,34.8584774244049,MA010120220811105653,소상공인시장진흥공단_상가(상권)정보_API (data.go.kr 15012005),202606,2026-10-04
GN-TONGYEONG,통영시,GS25통영OK점,,편의점,경상남도 통영시 원문로 16,경상남도 통영시 북신동 694,북신동,128.426691420243,34.8575942229485,MA010120220811100244,소상공인시장진흥공단_상가(상권)정보_API (data.go.kr 15012005),202606,2026-10-04
GN-TONGYEONG,통영시,코리아세븐주,통영항남점,편의점,경상남도 통영시 새터길 78,경상남도 통영시 항남동 249-66,중앙동,128.420975318534,34.8418431889582,MA010120220811142752,소상공인시장진흥공단_상가(상권)정보_API (data.go.kr 15012005),202606,2026-10-04
GN-TONGYEONG,통영시,씨유통영무전,희망점,편의점,경상남도 통영시 무전2길 12-99,경상남도 통영시 무전동 1019-13,무전동,128.422245746358,34.8597643774317,MA010120220811120602,소상공인시장진흥공단_상가(상권)정보_API (data.go.kr 15012005),202606,2026-10-04
GN-TONGYEONG,통영시,대평편의점,,편의점,경상남도 통영시 평인일주로 856,경상남도 통영시 평림동 440,명정동,128.398339764953,34.8557063568514,MA0101202602A0025587,소상공인시장진흥공단_상가(상권)정보_API (data.go.kr 15012005),202606,2026-10-04
GN-TONGYEONG,통영시,씨유죽림희가로점,,편의점,경상남도 통영시 광도면 죽림해안로 18,경상남도 통영시 광도면 죽림리 1565-29,광도면,128.419515454361,34.8885839846535,MA010120220809694836,소상공인시장진흥공단_상가(상권)정보_API (data.go.kr 15012005),202606,2026-10-04
GN-TONGYEONG,통영시,씨유통영안정공단점,,편의점,경상남도 통영시 광도면 공단로 790,경상남도 통영시 광도면 황리 1582-2,광도면,128.413088745979,34.9578065805025,MA010120220811103084,소상공인시장진흥공단_상가(상권)정보_API (data.go.kr 15012005),202606,2026-10-04
GN-TONGYEONG,통영시,씨유통영정량점,,편의점,경상남도 통영시 정동2길 39,경상남도 통영시 정량동 1372-2,정량동,128.431502835508,34.8443605616147,MA010120220811100069,소상공인시장진흥공단_상가(상권)정보_API (data.go.kr 15012005),202606,2026-10-04
GN-TONGYEONG,통영시,세븐일레븐통영해모로점,,편의점,경상남도 통영시 북신로 25-1,경상남도 통영시 북신동 666-28,북신동,128.428163829112,34.8535841474176,MA0101202512A0003866,소상공인시장진흥공단_상가(상권)정보_API (data.go.kr 15012005),202606,2026-10-04
GN-TONGYEONG,통영시,지에스무전원룸점,,편의점,경상남도 통영시 미나리길 34,경상남도 통영시 무전동 236-13,무전동,128.4354445952,34.8560400998377,MA010120220803366520,소상공인시장진흥공단_상가(상권)정보_API (data.go.kr 15012005),202606,2026-10-04
GN-TONGYEONG,통영시,씨유통영창용점,,편의점,경상남도 통영시 동호로 8,경상남도 통영시 정량동 1077-1,정량동,128.432048407132,34.845561891071,MA0101202512A0040910,소상공인시장진흥공단_상가(상권)정보_API (data.go.kr 15012005),202606,2026-10-04
GN-TONGYEONG,통영시,씨유통영죽림원룸점,,편의점,경상남도 통영시 광도면 죽림3로 27-90,경상남도 통영시 광도면 죽림리 1569-25,광도면,128.417475542031,34.8838128535139,MA010120220813177213,소상공인시장진흥공단_상가(상권)정보_API (data.go.kr 15012005),202606,2026-10-04
GN-TONGYEONG,통영시,세븐일레븐통영경,상대점,편의점,경상남도 통영시 평인일주로 44,경상남도 통영시 인평동 180-5,도천동,128.399900084926,34.8400236018691,MA010120220810596446,소상공인시장진흥공단_상가(상권)정보_API (data.go.kr 15012005),202606,2026-10-04
GN-TONGYEONG,통영시,씨유통영,사랑점,편의점,경상남도 통영시 판데2길 3,경상남도 통영시 당동 210,도천동,128.408537002833,34.8349306101721,MA010120220809805313,소상공인시장진흥공단_상가(상권)정보_API (data.go.kr 15012005),202606,2026-10-04
GN-TONGYEONG,통영시,씨유통영안정,스타점,편의점,경상남도 통영시 광도면 안정1길 53,경상남도 통영시 광도면 안정리 1075,광도면,128.410210312279,34.9463485172336,MA010120220802859823,소상공인시장진흥공단_상가(상권)정보_API (data.go.kr 15012005),202606,2026-10-04
GN-TONGYEONG,통영시,씨유스탠포드호텔,통영점,편의점,경상남도 통영시 도남로 347,경상남도 통영시 도남동 660,봉평동,128.440131119972,34.8250518115487,MA010120220806975270,소상공인시장진흥공단_상가(상권)정보_API (data.go.kr 15012005),202606,2026-10-04
GN-TONGYEONG,통영시,이마트24,통영항남점,편의점,경상남도 통영시 동충2길 21,경상남도 통영시 항남동 151-70,중앙동,128.422712708037,34.8405249905878,MA010120220811500028,소상공인시장진흥공단_상가(상권)정보_API (data.go.kr 15012005),202606,2026-10-04
GN-TONGYEONG,통영시,GS25,통영항남점,편의점,경상남도 통영시 동충4길 12-1,경상남도 통영시 항남동 151-11,중앙동,128.422370707487,34.8409796458438,MA010120220811100044,소상공인시장진흥공단_상가(상권)정보_API (data.go.kr 15012005),202606,2026-10-04
GN-TONGYEONG,통영시,씨유통영바다,사랑점,편의점,경상남도 통영시 산양읍 산양일주로 313,경상남도 통영시 산양읍 영운리 529-1,산양읍,128.43080438621,34.799564594862,MA010120220803448112,소상공인시장진흥공단_상가(상권)정보_API (data.go.kr 15012005),202606,2026-10-04
GN-TONGYEONG,통영시,GS25통영,해안점,편의점,경상남도 통영시 통영해안로 307-1,경상남도 통영시 항남동 106-2,중앙동,128.423771456422,34.8423332458651,MA010120220807327755,소상공인시장진흥공단_상가(상권)정보_API (data.go.kr 15012005),202606,2026-10-04
GN-TONGYEONG,통영시,서원탑훼밀리마트안정점,,편의점,경상남도 통영시 광도면 공단로 798,경상남도 통영시 광도면 황리 1583-1,광도면,128.413784915375,34.9575461150566,MA010120220811105639,소상공인시장진흥공단_상가(상권)정보_API (data.go.kr 15012005),202606,2026-10-04
GN-TONGYEONG,통영시,세븐일레븐통영,터미널점,편의점,경상남도 통영시 광도면 죽림3로 23-28,경상남도 통영시 광도면 죽림리 1569,광도면,128.416314873087,34.8843761790686,MA010120220811105427,소상공인시장진흥공단_상가(상권)정보_API (data.go.kr 15012005),202606,2026-10-04
GN-TONGYEONG,통영시,GS25통영청구점,,편의점,경상남도 통영시 용남면 대곡길 17,경상남도 통영시 용남면 동달리 952-6,용남면,128.440734882771,34.8640892732426,MA010120220800149603,소상공인시장진흥공단_상가(상권)정보_API (data.go.kr 15012005),202606,2026-10-04
GN-TONGYEONG,통영시,씨유신,통영점,편의점,경상남도 통영시 광도면 죽림1로 17-31,경상남도 통영시 광도면 죽림리 1577-9,광도면,128.415007250456,34.878920486226,MA010120220811102295,소상공인시장진흥공단_상가(상권)정보_API (data.go.kr 15012005),202606,2026-10-04
GN-TONGYEONG,통영시,씨유,통영항남점,편의점,경상남도 통영시 항남2길 15-11,경상남도 통영시 항남동 197-25,중앙동,128.422569620609,34.8423743493573,MA010120220811106915,소상공인시장진흥공단_상가(상권)정보_API (data.go.kr 15012005),202606,2026-10-04
GN-TONGYEONG,통영시,씨유통영,코아루점,편의점,경상남도 통영시 광도면 향교옆길 33-31,경상남도 통영시 광도면 죽림리 1606,광도면,128.413218108901,34.8740742465454,MA010120220810054120,소상공인시장진흥공단_상가(상권)정보_API (data.go.kr 15012005),202606,2026-10-04
GN-TONGYEONG,통영시,GS25통영르네상스점,,편의점,경상남도 통영시 무전3길 34,경상남도 통영시 무전동 1060-1,무전동,128.425134990059,34.8618125653283,MA010120220804606798,소상공인시장진흥공단_상가(상권)정보_API (data.go.kr 15012005),202606,2026-10-04
GN-TONGYEONG,통영시,이마트24통영정량바다점,,편의점,경상남도 통영시 멘데해안길 11,경상남도 통영시 정량동 1406-1,정량동,128.434226964034,34.8444726743079,MA0101202603A0049442,소상공인시장진흥공단_상가(상권)정보_API (data.go.kr 15012005),202606,2026-10-04
GN-TONGYEONG,통영시,세븐일레븐통영죽림,중앙점,편의점,경상남도 통영시 광도면 죽림2로 55-70,경상남도 통영시 광도면 죽림리 1574-59,광도면,128.421857683956,34.8797779070339,MA0101202603A0002296,소상공인시장진흥공단_상가(상권)정보_API (data.go.kr 15012005),202606,2026-10-04
GN-TONGYEONG,통영시,씨유통영동피랑점,,편의점,경상남도 통영시 동문로 3-1,경상남도 통영시 태평동 403,중앙동,128.42431054276,34.8463377590075,MA0101202604A0010518,소상공인시장진흥공단_상가(상권)정보_API (data.go.kr 15012005),202606,2026-10-04
GN-TONGYEONG,통영시,이마트24통영죽림일성점,,편의점,경상남도 통영시 광도면 죽림2로 11,경상남도 통영시 광도면 죽림리 280-44,광도면,128.414124069888,34.8809947533933,MA0101202604A0030868,소상공인시장진흥공단_상가(상권)정보_API (data.go.kr 15012005),202606,2026-10-04
GN-TONGYEONG,통영시,씨유북신,2호점,편의점,경상남도 통영시 중앙로 303-18,경상남도 통영시 무전동 1034-6,무전동,128.427537233128,34.8578186354117,MA010120220811116058,소상공인시장진흥공단_상가(상권)정보_API (data.go.kr 15012005),202606,2026-10-04
GN-TONGYEONG,통영시,GS25통영로즈힐점,,편의점,경상남도 통영시 무전1길 23,경상남도 통영시 무전동 1054-2,무전동,128.42199578682,34.8617591897884,MA010120220814224663,소상공인시장진흥공단_상가(상권)정보_API (data.go.kr 15012005),202606,2026-10-04
GN-TONGYEONG,통영시,씨유통영동호대로점,,편의점,경상남도 통영시 장좌로 140,경상남도 통영시 동호동 317-1,정량동,128.434211557788,34.8398040802795,MA0101202506A0019896,소상공인시장진흥공단_상가(상권)정보_API (data.go.kr 15012005),202606,2026-10-04
GN-TONGYEONG,통영시,지에스25통영동호점,,편의점,경상남도 통영시 남망길 3,경상남도 통영시 동호동 171-6,정량동,128.427257541704,34.8441580928996,MA0101202507A0007210,소상공인시장진흥공단_상가(상권)정보_API (data.go.kr 15012005),202606,2026-10-04
GN-TONGYEONG,통영시,씨유도산장생점,,편의점,경상남도 통영시 도산면 도산일주로 28,경상남도 통영시 도산면 법송리 1053-4,도산면,128.362128279548,34.9028955141033,MA0101202509A0038783,소상공인시장진흥공단_상가(상권)정보_API (data.go.kr 15012005),202606,2026-10-04
GN-TONGYEONG,통영시,씨유,통영항남점,편의점,경상남도 통영시 항남2길 15-11,경상남도 통영시 항남동 197-25,중앙동,128.422569620609,34.8423743493573,MA010120220810062025,소상공인시장진흥공단_상가(상권)정보_API (data.go.kr 15012005),202606,2026-10-04
GN-TONGYEONG,통영시,씨유통영삼부점,,편의점,경상남도 통영시 정동1길 22-8,경상남도 통영시 정량동 1158-58,정량동,128.430963801754,34.8454304490261,MA010120220811098229,소상공인시장진흥공단_상가(상권)정보_API (data.go.kr 15012005),202606,2026-10-04
GN-TONGYEONG,통영시,미니스톱통영안정공단점,,편의점,경상남도 통영시 광도면 춘원2로 63-6,경상남도 통영시 광도면 황리 1583-2,광도면,128.414344985038,34.9576477487228,MA010120220812938890,소상공인시장진흥공단_상가(상권)정보_API (data.go.kr 15012005),202606,2026-10-04
GN-TONGYEONG,통영시,씨유통영안정로점,,편의점,경상남도 통영시 광도면 안정로 936,경상남도 통영시 광도면 황리 1075-1,광도면,128.411715221479,34.9587869412164,MA0101202507A0032020,소상공인시장진흥공단_상가(상권)정보_API (data.go.kr 15012005),202606,2026-10-04
GN-TONGYEONG,통영시,씨유죽림해안로점,,편의점,경상남도 통영시 광도면 죽림해안로 118-5,경상남도 통영시 광도면 죽림리 1574-64,광도면,128.422404521813,34.8804114355194,MA0101202601A0005838,소상공인시장진흥공단_상가(상권)정보_API (data.go.kr 15012005),202606,2026-10-04
GN-TONGYEONG,통영시,GS25통영도남점,,편의점,경상남도 통영시 데메4길 68,경상남도 통영시 도남동 484-4,봉평동,128.422135200418,34.8266515571314,MA010120220811115458,소상공인시장진흥공단_상가(상권)정보_API (data.go.kr 15012005),202606,2026-10-04
GN-TONGYEONG,통영시,세븐일레븐통영정량,스타점,편의점,경상남도 통영시 동호로 18,경상남도 통영시 정량동 1368-16,정량동,128.432972491034,34.8452625872609,MA0101202501A0023374,소상공인시장진흥공단_상가(상권)정보_API (data.go.kr 15012005),202606,2026-10-04
GN-TONGYEONG,통영시,씨유통영도남,사랑점,편의점,경상남도 통영시 데메3길 33,경상남도 통영시 도남동 516-27,봉평동,128.421124140958,34.8282406694456,MA0101202503A0058233,소상공인시장진흥공단_상가(상권)정보_API (data.go.kr 15012005),202606,2026-10-04
GN-TONGYEONG,통영시,씨유통영,코아루점,편의점,경상남도 통영시 광도면 향교옆길 33-31,경상남도 통영시 광도면 죽림리 1606,광도면,128.413218108901,34.8740742465454,MA0101202412A0027137,소상공인시장진흥공단_상가(상권)정보_API (data.go.kr 15012005),202606,2026-10-04
GN-TONGYEONG,통영시,세븐통영정량스타점,코리아,편의점,경상남도 통영시 동호로 18,경상남도 통영시 정량동 1368-16,정량동,128.432972491034,34.8452625872609,MA0101202412A0021570,소상공인시장진흥공단_상가(상권)정보_API (data.go.kr 15012005),202606,2026-10-04
GN-TONGYEONG,통영시,지에스25시통영,시청점,편의점,경상남도 통영시 북신3길 26-22,경상남도 통영시 무전동 356-138,무전동,128.432456147023,34.8539482593003,MA0101202503A0064710,소상공인시장진흥공단_상가(상권)정보_API (data.go.kr 15012005),202606,2026-10-04
GN-TONGYEONG,통영시,리틀뮤지엄통영,,편의점,경상남도 통영시 산양읍 담안길 160-21,경상남도 통영시 산양읍 영운리 169-23,산양읍,128.422606147514,34.8171732561771,MA010120220808521999,소상공인시장진흥공단_상가(상권)정보_API (data.go.kr 15012005),202606,2026-10-04
GN-TONGYEONG,통영시,씨유통영청솔점,,편의점,경상남도 통영시 도남로 190,경상남도 통영시 도남동 410-1,봉평동,128.424943031257,34.8284844117647,MA010120220813633727,소상공인시장진흥공단_상가(상권)정보_API (data.go.kr 15012005),202606,2026-10-04
GN-TONGYEONG,통영시,지에스25통영바다점,,편의점,경상남도 통영시 미수해안로 142,경상남도 통영시 봉평동 446-1,봉평동,128.412822736581,34.8330512388585,MA0101202411A0015739,소상공인시장진흥공단_상가(상권)정보_API (data.go.kr 15012005),202606,2026-10-04
GN-TONGYEONG,통영시,지에스25통영죽림,센터점,편의점,경상남도 통영시 광도면 죽림2로 76-7,경상남도 통영시 광도면 죽림리 1580,광도면,128.421183979735,34.8793982245417,MA0101202411A0115741,소상공인시장진흥공단_상가(상권)정보_API (data.go.kr 15012005),202606,2026-10-04
GN-TONGYEONG,통영시,세븐일레븐통영안정벽방점,,편의점,경상남도 통영시 광도면 안정로 811,경상남도 통영시 광도면 안정리 1033-3,광도면,128.411463054663,34.9479112340384,MA010120220803252415,소상공인시장진흥공단_상가(상권)정보_API (data.go.kr 15012005),202606,2026-10-04
GN-TONGYEONG,통영시,지에스25통영죽림,사랑점,편의점,경상남도 통영시 광도면 죽림해안로 10,경상남도 통영시 광도면 죽림리 1565-2,광도면,128.418827871366,34.8886731303907,MA010120220808297562,소상공인시장진흥공단_상가(상권)정보_API (data.go.kr 15012005),202606,2026-10-04
GN-TONGYEONG,통영시,씨유통영죽림바다점,,편의점,경상남도 통영시 광도면 죽림해안로 146,경상남도 통영시 광도면 죽림리 1580-9,광도면,128.421926917838,34.8780826445085,MA0101202409A0009810,소상공인시장진흥공단_상가(상권)정보_API (data.go.kr 15012005),202606,2026-10-04
GN-TONGYEONG,통영시,씨유동피랑벽화,마을점,편의점,경상남도 통영시 통영해안로 359-1,경상남도 통영시 동호동 99,정량동,128.426861056387,34.8446224129315,MA0101202409A0005548,소상공인시장진흥공단_상가(상권)정보_API (data.go.kr 15012005),202606,2026-10-04
GN-TONGYEONG,통영시,세븐일레븐통영죽림,스타점,편의점,경상남도 통영시 광도면 신죽2길 28-7,경상남도 통영시 광도면 죽림리 1583-34,광도면,128.417604026445,34.8766459802055,MA0101202409A0129043,소상공인시장진흥공단_상가(상권)정보_API (data.go.kr 15012005),202606,2026-10-04
GN-SACHEON,사천시,이마트24사천향촌예미지점,,편의점,경상남도 사천시 숲뫼1길 107,경상남도 사천시 향촌동 925-7,향촌동,128.086360634342,34.9344173005224,MA010120220802837941,소상공인시장진흥공단_상가(상권)정보_API (data.go.kr 15012005),202606,2026-10-04
GN-SACHEON,사천시,지에스25사천뉴,스타점,편의점,경상남도 사천시 사천읍 읍내로 9,경상남도 사천시 사천읍 수석리 237-3,사천읍,128.086841806699,35.0842765010054,MA010120220811154164,소상공인시장진흥공단_상가(상권)정보_API (data.go.kr 15012005),202606,2026-10-04
GN-SACHEON,사천시,씨유사천카이,중앙점,편의점,경상남도 사천시 사남면 공단1로 78,경상남도 사천시 사남면 유천리 802,사남면,128.064645523181,35.0772718901895,MA010120220807275762,소상공인시장진흥공단_상가(상권)정보_API (data.go.kr 15012005),202606,2026-10-04
GN-SACHEON,사천시,세븐일레븐사천향촌점,,편의점,경상남도 사천시 향촌4길 71,경상남도 사천시 향촌동 827-1,향촌동,128.094984595664,34.9335466987388,MA010120220814004397,소상공인시장진흥공단_상가(상권)정보_API (data.go.kr 15012005),202606,2026-10-04
GN-SACHEON,사천시,씨유삼천포,해변점,편의점,경상남도 사천시 목섬길 119,경상남도 사천시 서금동 145-1,동서금동,128.076102292303,34.9258106847304,MA0101202409A0243946,소상공인시장진흥공단_상가(상권)정보_API (data.go.kr 15012005),202606,2026-10-04
GN-SACHEON,사천시,지에스25사천평화점,,편의점,경상남도 사천시 사천읍 수양로 15,경상남도 사천시 사천읍 평화리 176-8,사천읍,128.089581856051,35.0808900035869,MA010120220812383115,소상공인시장진흥공단_상가(상권)정보_API (data.go.kr 15012005),202606,2026-10-04
GN-SACHEON,사천시,세븐일레븐사천송포점,,편의점,경상남도 사천시 삼천포대교로 842,경상남도 사천시 송포동 276,남양동,128.062569365087,34.9685810869106,MA0101202306A0079660,소상공인시장진흥공단_상가(상권)정보_API (data.go.kr 15012005),202606,2026-10-04
GN-SACHEON,사천시,씨유사천은하수점,,편의점,경상남도 사천시 사천읍 진삼로 1475,경상남도 사천시 사천읍 수석리 267-6,사천읍,128.085859929843,35.082996416599,MA010120220811165530,소상공인시장진흥공단_상가(상권)정보_API (data.go.kr 15012005),202606,2026-10-04
GN-SACHEON,사천시,씨유사천,kcc점,편의점,경상남도 사천시 정동면 반룡1로 52,경상남도 사천시 정동면 예수리 847,정동면,128.085053074236,35.0634630825258,MA010120220812768939,소상공인시장진흥공단_상가(상권)정보_API (data.go.kr 15012005),202606,2026-10-04
GN-SACHEON,사천시,그린마트,,편의점,경상남도 사천시 사남면 유천길 244,경상남도 사천시 사남면 유천리 167-11,사남면,128.069337507278,35.0755451409062,MA0101202310A0081155,소상공인시장진흥공단_상가(상권)정보_API (data.go.kr 15012005),202606,2026-10-04
GN-SACHEON,사천시,지에스25사천엘크루점,,편의점,경상남도 사천시 사남면 조동길 38,경상남도 사천시 사남면 월성리 548-6,사남면,128.068647559629,35.0621486020805,MA0101202309A0059133,소상공인시장진흥공단_상가(상권)정보_API (data.go.kr 15012005),202606,2026-10-04
GN-SACHEON,사천시,세븐일레븐사천사주리점,,편의점,경상남도 사천시 사천읍 사주길 39,경상남도 사천시 사천읍 사주리 10-41,사천읍,128.083661510107,35.0767789743836,MA0101202308A0044107,소상공인시장진흥공단_상가(상권)정보_API (data.go.kr 15012005),202606,2026-10-04
GN-SACHEON,사천시,씨유사천정의점,,편의점,경상남도 사천시 사천읍 수양로 97,경상남도 사천시 사천읍 정의리 52-15,사천읍,128.093778927772,35.0872876051468,MA0101202309A0029590,소상공인시장진흥공단_상가(상권)정보_API (data.go.kr 15012005),202606,2026-10-04
GN-SACHEON,사천시,씨유사천향촌우리점,,편의점,경상남도 사천시 안숲뫼길 12,경상남도 사천시 향촌동 992-1,향촌동,128.088486760849,34.9321449267139,MA0101202406A0397133,소상공인시장진흥공단_상가(상권)정보_API (data.go.kr 15012005),202606,2026-10-04
GN-SACHEON,사천시,비토노을숲글램핑편의점,,편의점,경상남도 사천시 서포면 거북길 254,경상남도 사천시 서포면 비토리 73-6,서포면,127.964143528994,34.9722867588341,MA0101202409A0079224,소상공인시장진흥공단_상가(상권)정보_API (data.go.kr 15012005),202606,2026-10-04
GN-SACHEON,사천시,씨유사천용궁점,,편의점,경상남도 사천시 동동길 100,경상남도 사천시 동동 378-4,동서동,128.07000249347,34.9339225313714,MA0101202409A0040843,소상공인시장진흥공단_상가(상권)정보_API (data.go.kr 15012005),202606,2026-10-04
GN-SACHEON,사천시,씨유사천완사점,,편의점,경상남도 사천시 곤명면 경서대로 3407,경상남도 사천시 곤명면 정곡리 843-5,곤명면,127.976828562285,35.131008879587,MA0101202406A0200042,소상공인시장진흥공단_상가(상권)정보_API (data.go.kr 15012005),202606,2026-10-04
GN-SACHEON,사천시,세븐일레븐삼천포용궁점,,편의점,경상남도 사천시 서부시장길 21,경상남도 사천시 선구동 81-6,선구동,128.072496466608,34.9279246624962,MA010120220808526148,소상공인시장진흥공단_상가(상권)정보_API (data.go.kr 15012005),202606,2026-10-04
GN-SACHEON,사천시,CU사천선인점,,편의점,경상남도 사천시 사천읍 사천향교로 1,경상남도 사천시 사천읍 선인리 639-11,사천읍,128.097504336823,35.0854423000797,MA010120220812583281,소상공인시장진흥공단_상가(상권)정보_API (data.go.kr 15012005),202606,2026-10-04
GN-SACHEON,사천시,지에스25사천휴게소점,,편의점,경상남도 사천시 사천대로 726,경상남도 사천시 노룡동 368-6,남양동,128.057134425325,34.9853122127458,MA0101202406A0376394,소상공인시장진흥공단_상가(상권)정보_API (data.go.kr 15012005),202606,2026-10-04
GN-SACHEON,사천시,블루25사천휴게소,,편의점,경상남도 사천시 사천읍 사천대로 1861,경상남도 사천시 사천읍 수석리 351-2,사천읍,128.0830720003,35.082777995439,MA0101202406A0221125,소상공인시장진흥공단_상가(상권)정보_API (data.go.kr 15012005),202606,2026-10-04
GN-SACHEON,사천시,지에스25사천,벌리점,편의점,경상남도 사천시 벌리9길 23,경상남도 사천시 벌리동 252-11,벌용동,128.085561997254,34.9394268583964,MA010120220811184330,소상공인시장진흥공단_상가(상권)정보_API (data.go.kr 15012005),202606,2026-10-04
GN-SACHEON,사천시,GS25사천공단점,,편의점,경상남도 사천시 사남면 방지로 67,경상남도 사천시 사남면 방지리 701,사남면,128.048782633229,35.062862795054,MA010120220810882074,소상공인시장진흥공단_상가(상권)정보_API (data.go.kr 15012005),202606,2026-10-04
GN-SACHEON,사천시,씨유사천곤양IC점,,편의점,경상남도 사천시 곤양면 곤양로 67,경상남도 사천시 곤양면 남문외리 145-3,곤양면,127.959919630962,35.0531612270915,MA0101202306A0062543,소상공인시장진흥공단_상가(상권)정보_API (data.go.kr 15012005),202606,2026-10-04
GN-SACHEON,사천시,씨유사천에덴점,,편의점,경상남도 사천시 숲뫼길 114-5,경상남도 사천시 향촌동 919-6,향촌동,128.087776537584,34.9372077874668,MA0101202310A0037259,소상공인시장진흥공단_상가(상권)정보_API (data.go.kr 15012005),202606,2026-10-04
GN-SACHEON,사천시,블루25씨스페이스사천투데이점,,편의점,경상남도 사천시 사천읍 읍내로 104,경상남도 사천시 사천읍 선인리 447-4,사천읍,128.095759150486,35.0803926952996,MA0101202311A0024866,소상공인시장진흥공단_상가(상권)정보_API (data.go.kr 15012005),202606,2026-10-04
GN-SACHEON,사천시,GS25사천정동고읍점,,편의점,경상남도 사천시 정동면 진삼로 1382-14,경상남도 사천시 정동면 고읍리 601-25,정동면,128.084743553105,35.0740383098501,MA010120220811182950,소상공인시장진흥공단_상가(상권)정보_API (data.go.kr 15012005),202606,2026-10-04
GN-SACHEON,사천시,씨유사천서포점,,편의점,경상남도 사천시 서포면 서포로 309,경상남도 사천시 서포면 구평리 865-2,서포면,127.974440442728,35.0095741126621,MA010120220813917099,소상공인시장진흥공단_상가(상권)정보_API (data.go.kr 15012005),202606,2026-10-04
GN-SACHEON,사천시,세븐일레븐삼천포제일,병원점,편의점,경상남도 사천시 중앙로 136,경상남도 사천시 벌리동 461-7,벌용동,128.079506292448,34.9375429494776,MA010120220806740806,소상공인시장진흥공단_상가(상권)정보_API (data.go.kr 15012005),202606,2026-10-04
GN-SACHEON,사천시,세븐일레븐,사천점,편의점,경상남도 사천시 사천읍 역사동길 63,경상남도 사천시 사천읍 수석리 268-49,사천읍,128.084696612833,35.0829166970666,MA010120220807121288,소상공인시장진흥공단_상가(상권)정보_API (data.go.kr 15012005),202606,2026-10-04
GN-SACHEON,사천시,씨유사천,제일점,편의점,경상남도 사천시 사천읍 읍내1길 36,경상남도 사천시 사천읍 평화리 166-8,사천읍,128.087320139661,35.0814871474448,MA0101202309A0064804,소상공인시장진흥공단_상가(상권)정보_API (data.go.kr 15012005),202606,2026-10-04
GN-SACHEON,사천시,인원레저아라마루편의점,,편의점,경상남도 사천시 초양길 12,경상남도 사천시 늑도동 512,동서동,128.043805236479,34.926525093397,MA0101202308A0091574,소상공인시장진흥공단_상가(상권)정보_API (data.go.kr 15012005),202606,2026-10-04
GN-SACHEON,사천시,씨유사천사남두인점,,편의점,경상남도 사천시 사남면 조동길 49-15,경상남도 사천시 사남면 월성리 474-20,사남면,128.067175006951,35.0610259034949,MA010120220811963233,소상공인시장진흥공단_상가(상권)정보_API (data.go.kr 15012005),202606,2026-10-04
GN-SACHEON,사천시,GS25사천정동,,편의점,경상남도 사천시 정동면 동계길 28,경상남도 사천시 정동면 고읍리 548-20,정동면,128.085875096617,35.075866869438,MA010120220800228397,소상공인시장진흥공단_상가(상권)정보_API (data.go.kr 15012005),202606,2026-10-04
GN-SACHEON,사천시,씨유사천송보점,,편의점,경상남도 사천시 정동면 여옥길 36,경상남도 사천시 정동면 풍정리 520,정동면,128.111268870411,35.0687147268796,MA010120220810074000,소상공인시장진흥공단_상가(상권)정보_API (data.go.kr 15012005),202606,2026-10-04
GN-SACHEON,사천시,블루25목화점,,편의점,경상남도 사천시 용현면 사천대로 912,경상남도 사천시 용현면 주문리 4,용현면,128.054213133554,35.0017598793351,MA010120220808375491,소상공인시장진흥공단_상가(상권)정보_API (data.go.kr 15012005),202606,2026-10-04
GN-SACHEON,사천시,씨유사천대로점,,편의점,경상남도 사천시 삼천포대교로 500-7,경상남도 사천시 동림동 103-4,선구동,128.0773924293,34.9424559762143,MA0101202305A0164356,소상공인시장진흥공단_상가(상권)정보_API (data.go.kr 15012005),202606,2026-10-04
GN-SACHEON,사천시,씨유사남공단점,,편의점,경상남도 사천시 사남면 사남로 1094,경상남도 사천시 사남면 죽천리 119-9,사남면,128.072325177772,35.054175508452,MA010120220813457783,소상공인시장진흥공단_상가(상권)정보_API (data.go.kr 15012005),202606,2026-10-04
GN-SACHEON,사천시,아싸비어,사천점,편의점,경상남도 사천시 용현면 대밭담로 5-9,경상남도 사천시 용현면 송지리 1270,용현면,128.061271115004,35.0079806401938,MA010120220809678156,소상공인시장진흥공단_상가(상권)정보_API (data.go.kr 15012005),202606,2026-10-04
GN-SACHEON,사천시,진양호캐리비안온천편의점,,편의점,경상남도 사천시 곤명면 경서대로 3642,경상남도 사천시 곤명면 신흥리 1-11,곤명면,127.99743231886,35.139079086287,MA010120220811175027,소상공인시장진흥공단_상가(상권)정보_API (data.go.kr 15012005),202606,2026-10-04
GN-SACHEON,사천시,지에스25사천흥한에르가점,,편의점,경상남도 사천시 사남면 유천길 281,경상남도 사천시 사남면 유천리 928,사남면,128.067710992125,35.0744057846636,MA0101202302A0085647,소상공인시장진흥공단_상가(상권)정보_API (data.go.kr 15012005),202606,2026-10-04
GN-SACHEON,사천시,세븐일레븐사천옥성,그린점,편의점,경상남도 사천시 사천읍 두량로 30-1,경상남도 사천시 사천읍 구암리 1440-1,사천읍,128.099503467077,35.0922381184723,MA0101202212A0054962,소상공인시장진흥공단_상가(상권)정보_API (data.go.kr 15012005),202606,2026-10-04
GN-SACHEON,사천시,지에스25사천더,퍼스트점,편의점,경상남도 사천시 사천읍 선인길 27,경상남도 사천시 사천읍 선인리 301-6,사천읍,128.09521569759,35.0799289210961,MA0101202302A0053873,소상공인시장진흥공단_상가(상권)정보_API (data.go.kr 15012005),202606,2026-10-04
GN-SACHEON,사천시,씨유,사천점,편의점,경상남도 사천시 사천읍 사천대로 1891-46,경상남도 사천시 사천읍 사주리 263-1,사천읍,128.076388311724,35.0848113937739,MA0106202206A1935530,소상공인시장진흥공단_상가(상권)정보_API (data.go.kr 15012005),202606,2026-10-04
GN-SACHEON,사천시,세븐사천송포점,코리아,편의점,경상남도 사천시 삼천포대교로 842,경상남도 사천시 송포동 276,남양동,128.062569365087,34.9685810869106,MA0101202303A0003798,소상공인시장진흥공단_상가(상권)정보_API (data.go.kr 15012005),202606,2026-10-04
GN-SACHEON,사천시,지에스25사천사주점,,편의점,경상남도 사천시 사천읍 사주길 70,경상남도 사천시 사천읍 사주리 34-24,사천읍,128.08417294969,35.0781444042928,MA0101202301A0089703,소상공인시장진흥공단_상가(상권)정보_API (data.go.kr 15012005),202606,2026-10-04
GN-SACHEON,사천시,씨유사천바다점,,편의점,경상남도 사천시 중앙로 16-1,경상남도 사천시 선구동 41-43,선구동,128.07399680569,34.9280015427137,MA0101202303A0121235,소상공인시장진흥공단_상가(상권)정보_API (data.go.kr 15012005),202606,2026-10-04
GN-SACHEON,사천시,씨유사천서포,중앙점,편의점,경상남도 사천시 서포면 자구로 486,경상남도 사천시 서포면 구평리 657-1,서포면,127.976708509158,35.0077622212506,MA010120220805482029,소상공인시장진흥공단_상가(상권)정보_API (data.go.kr 15012005),202606,2026-10-04
GN-SACHEON,사천시,씨유사천동금점,,편의점,경상남도 사천시 남일로 64,경상남도 사천시 동금동 43-1,동서금동,128.083376464923,34.9322086329669,MA010120220808743947,소상공인시장진흥공단_상가(상권)정보_API (data.go.kr 15012005),202606,2026-10-04
GN-SACHEON,사천시,씨유사천,벌리점,편의점,경상남도 사천시 주공로 13,경상남도 사천시 벌리동 254-8,벌용동,128.086210087146,34.9396013322652,MA010120220803447732,소상공인시장진흥공단_상가(상권)정보_API (data.go.kr 15012005),202606,2026-10-04
GN-SACHEON,사천시,세븐사천사주리점,코리아,편의점,경상남도 사천시 사천읍 사주길 39,경상남도 사천시 사천읍 사주리 10-41,사천읍,128.083661510107,35.0767789743836,MA010120220811696461,소상공인시장진흥공단_상가(상권)정보_API (data.go.kr 15012005),202606,2026-10-04
GN-SACHEON,사천시,씨유사천원광이안애점,,편의점,경상남도 사천시 사천읍 구암두문로 254-9,경상남도 사천시 사천읍 구암리 524,사천읍,128.114370650427,35.0872082576099,MA010120220807142131,소상공인시장진흥공단_상가(상권)정보_API (data.go.kr 15012005),202606,2026-10-04
GN-SACHEON,사천시,데이앤데이사천만남의광장,,편의점,경상남도 사천시 축동면 서삼로 1742,경상남도 사천시 축동면 사다리 30,축동면,128.085729323632,35.1087120711635,MA010120220803574346,소상공인시장진흥공단_상가(상권)정보_API (data.go.kr 15012005),202606,2026-10-04
GN-SACHEON,사천시,응응스크르사천KCC,,편의점,경상남도 사천시 정동면 반룡1로 52,경상남도 사천시 정동면 예수리 847,정동면,128.085053074236,35.0634630825258,MA010120220803986030,소상공인시장진흥공단_상가(상권)정보_API (data.go.kr 15012005),202606,2026-10-04
GN-SACHEON,사천시,블루25,사천점,편의점,경상남도 사천시 사천대로 726-1,경상남도 사천시 노룡동 368-5,남양동,128.057206385054,34.9857983057456,MA010120220806477745,소상공인시장진흥공단_상가(상권)정보_API (data.go.kr 15012005),202606,2026-10-04
GN-SACHEON,사천시,세븐일레븐사천서울아동,병원점,편의점,경상남도 사천시 사천읍 선평길 17,경상남도 사천시 사천읍 평화리 1-15,사천읍,128.091414059009,35.0801524739405,MA010120220806844949,소상공인시장진흥공단_상가(상권)정보_API (data.go.kr 15012005),202606,2026-10-04
GN-SACHEON,사천시,세븐사천선인대로점,코리아,편의점,경상남도 사천시 사천읍 동문로 55,경상남도 사천시 사천읍 선인리 146-30,사천읍,128.097164043077,35.0829577520554,MA010120220801246719,소상공인시장진흥공단_상가(상권)정보_API (data.go.kr 15012005),202606,2026-10-04
GN-SACHEON,사천시,이마트24뉴사천대로점,,편의점,경상남도 사천시 사천읍 사천대로 1791,경상남도 사천시 사천읍 사주리 79-5,사천읍,128.081727094426,35.0764176922749,MA010120220808050189,소상공인시장진흥공단_상가(상권)정보_API (data.go.kr 15012005),202606,2026-10-04
GN-SACHEON,사천시,세븐일레븐삼천포대방점,,편의점,경상남도 사천시 각산로 140,경상남도 사천시 대방동 180,동서동,128.059550653414,34.9314092665764,MA010120220802782274,소상공인시장진흥공단_상가(상권)정보_API (data.go.kr 15012005),202606,2026-10-04
GN-SACHEON,사천시,예지,,편의점,경상남도 사천시 동금6길 17,경상남도 사천시 동금동 53-5,동서금동,128.082001091087,34.9316530475304,MA010120220812634059,소상공인시장진흥공단_상가(상권)정보_API (data.go.kr 15012005),202606,2026-10-04
GN-SACHEON,사천시,GS25사천희망,,편의점,경상남도 사천시 사천읍 진삼로 1379,경상남도 사천시 사천읍 사주리 90-15,사천읍,128.083199182965,35.0749804709729,MA010120220812707525,소상공인시장진흥공단_상가(상권)정보_API (data.go.kr 15012005),202606,2026-10-04
GN-SACHEON,사천시,GS25사천해피점,,편의점,경상남도 사천시 남일로 35,경상남도 사천시 동금동 69-13,동서금동,128.080343667864,34.9329567109271,MA010120220811181625,소상공인시장진흥공단_상가(상권)정보_API (data.go.kr 15012005),202606,2026-10-04
GN-SACHEON,사천시,공우이엔씨씨유,사천점,편의점,경상남도 사천시 사천읍 사천대로 1891-46,경상남도 사천시 사천읍 사주리 263-1,사천읍,128.076388311724,35.0848113937739,MA010120220811726686,소상공인시장진흥공단_상가(상권)정보_API (data.go.kr 15012005),202606,2026-10-04
GN-SACHEON,사천시,세븐일레븐사천대로점,,편의점,경상남도 사천시 사남면 사천대로 1681,경상남도 사천시 사남면 유천리 9-4,사남면,128.074940516678,35.068897953626,MA0101202210A0096561,소상공인시장진흥공단_상가(상권)정보_API (data.go.kr 15012005),202606,2026-10-04
GN-SACHEON,사천시,비지에프리테일사천,공항점,편의점,경상남도 사천시 사천읍 사천대로 1971,경상남도 사천시 사천읍 구암리 1720-1,사천읍,128.086480538738,35.0917606525592,MA010120220807732851,소상공인시장진흥공단_상가(상권)정보_API (data.go.kr 15012005),202606,2026-10-04
GN-SACHEON,사천시,GS25삼천포공고점,,편의점,경상남도 사천시 문선6길 38,경상남도 사천시 벌리동 431-6,벌용동,128.083720218834,34.9350447796839,MA010120220811153229,소상공인시장진흥공단_상가(상권)정보_API (data.go.kr 15012005),202606,2026-10-04
GN-SACHEON,사천시,세븐일레븐사천사남점,,편의점,경상남도 사천시 사남면 삼상로 831,경상남도 사천시 사남면 계양리 379-1,사남면,128.132510013038,34.9786026133586,MA010120220803471107,소상공인시장진흥공단_상가(상권)정보_API (data.go.kr 15012005),202606,2026-10-04
GN-SACHEON,사천시,씨유사천동서공원점,,편의점,경상남도 사천시 유람선길 137,경상남도 사천시 서동 346-40,동서동,128.065414350581,34.9269774734072,MA010120220809692789,소상공인시장진흥공단_상가(상권)정보_API (data.go.kr 15012005),202606,2026-10-04
GN-SACHEON,사천시,GS25사천정의,드림점,편의점,경상남도 사천시 사천읍 구암두문로 40,경상남도 사천시 사천읍 정의리 48-3,사천읍,128.091154094659,35.0869777687415,MA010120220811181766,소상공인시장진흥공단_상가(상권)정보_API (data.go.kr 15012005),202606,2026-10-04
GN-SACHEON,사천시,씨유사천남양점,,편의점,경상남도 사천시 진삼로 133,경상남도 사천시 송포동 277-3,남양동,128.063425075493,34.9687087962447,MA010120220813181335,소상공인시장진흥공단_상가(상권)정보_API (data.go.kr 15012005),202606,2026-10-04
GN-SACHEON,사천시,GS25사천바다점,,편의점,경상남도 사천시 목섬길 60,경상남도 사천시 서금동 143-14,동서금동,128.074854633174,34.9241272106468,MA010120220811079937,소상공인시장진흥공단_상가(상권)정보_API (data.go.kr 15012005),202606,2026-10-04
GN-SACHEON,사천시,이마트24사천,케이블카점,편의점,경상남도 사천시 사천대로 13,경상남도 사천시 대방동 683-4,동서동,128.052571907637,34.9325695665072,MA010120220808028640,소상공인시장진흥공단_상가(상권)정보_API (data.go.kr 15012005),202606,2026-10-04
GN-SACHEON,사천시,씨유사천한보점,,편의점,경상남도 사천시 정동면 진삼로 1388,경상남도 사천시 정동면 고읍리 570-1,정동면,128.084095240746,35.0755853593956,MA010120220811495562,소상공인시장진흥공단_상가(상권)정보_API (data.go.kr 15012005),202606,2026-10-04
GN-SACHEON,사천시,세븐일레븐사천카이점,,편의점,경상남도 사천시 사남면 유천길 204,경상남도 사천시 사남면 유천리 162-3,사남면,128.071783674118,35.0756407173061,MA010120220803139817,소상공인시장진흥공단_상가(상권)정보_API (data.go.kr 15012005),202606,2026-10-04
GN-SACHEON,사천시,미니스톱삼천포해태점,,편의점,경상남도 사천시 각산로 49,경상남도 사천시 서동 257-2,동서동,128.068936518692,34.9293711393876,MA010120220811494995,소상공인시장진흥공단_상가(상권)정보_API (data.go.kr 15012005),202606,2026-10-04
GN-SACHEON,사천시,초록마을경남삼천포점,,편의점,경상남도 사천시 숲뫼길 42,경상남도 사천시 향촌동 976-7,향촌동,128.087196276492,34.9338780361243,MA010120220805897606,소상공인시장진흥공단_상가(상권)정보_API (data.go.kr 15012005),202606,2026-10-04
GN-SACHEON,사천시,씨유사천,미소점,편의점,경상남도 사천시 문선5길 1,경상남도 사천시 벌리동 450-1,벌용동,128.08245090473,34.9384000568491,MA010120220804761861,소상공인시장진흥공단_상가(상권)정보_API (data.go.kr 15012005),202606,2026-10-04
GN-SACHEON,사천시,씨유사천사남,화전점,편의점,경상남도 사천시 사남면 진삼로 1126,경상남도 사천시 사남면 화전리 1233-8,사남면,128.075919104772,35.0540805914321,MA010120220807368218,소상공인시장진흥공단_상가(상권)정보_API (data.go.kr 15012005),202606,2026-10-04
GN-SACHEON,사천시,지에스25사천남일대점,,편의점,경상남도 사천시 남일로 185,경상남도 사천시 향촌동 815-30,향촌동,128.096762196372,34.9314215368381,MA010120220805482624,소상공인시장진흥공단_상가(상권)정보_API (data.go.kr 15012005),202606,2026-10-04
GN-SACHEON,사천시,씨유사천곤양점,,편의점,경상남도 사천시 곤양면 곤양로 108-1,경상남도 사천시 곤양면 남문외리 68-1,곤양면,127.961222579667,35.0567832764283,MA010120220811163917,소상공인시장진흥공단_상가(상권)정보_API (data.go.kr 15012005),202606,2026-10-04
GN-SACHEON,사천시,웰빙팜,,편의점,경상남도 사천시 해안관광로 109-10,경상남도 사천시 실안동 1265,동서동,128.037799011466,34.9492723221326,MA010120220811204858,소상공인시장진흥공단_상가(상권)정보_API (data.go.kr 15012005),202606,2026-10-04
GN-SACHEON,사천시,지에스25사천축동점,,편의점,경상남도 사천시 축동면 길평길 25,경상남도 사천시 축동면 배춘리 766,축동면,128.0879380432,35.1081965462339,MA0101202512A0027432,소상공인시장진흥공단_상가(상권)정보_API (data.go.kr 15012005),202606,2026-10-04
GN-SACHEON,사천시,지에스25사천한주점,,편의점,경상남도 사천시 사남면 진삼로 1279-3,경상남도 사천시 사남면 월성리 12-7,사남면,128.078394471215,35.0672809696281,MA010120220806974432,소상공인시장진흥공단_상가(상권)정보_API (data.go.kr 15012005),202606,2026-10-04
GN-SACHEON,사천시,세븐일레븐사천동금점,,편의점,경상남도 사천시 동금2길 26,경상남도 사천시 동금동 89-16,동서금동,128.077757219793,34.9318530114703,MA010120220811163185,소상공인시장진흥공단_상가(상권)정보_API (data.go.kr 15012005),202606,2026-10-04
GN-SACHEON,사천시,지에스25사천구암리점,,편의점,경상남도 사천시 사천읍 두량로 6,경상남도 사천시 사천읍 구암리 1340-9,사천읍,128.098205108677,35.0902760099011,MA010120220810591362,소상공인시장진흥공단_상가(상권)정보_API (data.go.kr 15012005),202606,2026-10-04
GN-SACHEON,사천시,지에스25사천리가점,,편의점,경상남도 사천시 사남면 월성1길 15-31,경상남도 사천시 사남면 월성리 85-25,사남면,128.078973537018,35.0629675145822,MA010120220805092185,소상공인시장진흥공단_상가(상권)정보_API (data.go.kr 15012005),202606,2026-10-04
GN-SACHEON,사천시,세븐일레븐사천공단점,,편의점,경상남도 사천시 사남면 방지로 79,경상남도 사천시 사남면 방지리 697,사남면,128.048091390056,35.0636709472071,MA010120220805947027,소상공인시장진흥공단_상가(상권)정보_API (data.go.kr 15012005),202606,2026-10-04
GN-SACHEON,사천시,위드미사천호텔점,,편의점,경상남도 사천시 사천읍 역사동길 44-1,경상남도 사천시 사천읍 수석리 348-26,사천읍,128.085234757168,35.0821547765894,MA010120220813135071,소상공인시장진흥공단_상가(상권)정보_API (data.go.kr 15012005),202606,2026-10-04
GN-SACHEON,사천시,씨유사천팔포점,,편의점,경상남도 사천시 팔포3길 61,경상남도 사천시 동금동 577,동서금동,128.077607106917,34.9279064803272,MA010120220811497523,소상공인시장진흥공단_상가(상권)정보_API (data.go.kr 15012005),202606,2026-10-04
GN-SACHEON,사천시,GS,사천점,편의점,경상남도 사천시 사천읍 진삼로 1455-1,경상남도 사천시 사천읍 수석리 281-5,사천읍,128.086143371187,35.0812182858662,MA010120220811149660,소상공인시장진흥공단_상가(상권)정보_API (data.go.kr 15012005),202606,2026-10-04
GN-SACHEON,사천시,씨유사천들샘점,,편의점,경상남도 사천시 사남면 방지로 117,경상남도 사천시 사남면 방지리 681,사남면,128.044771600678,35.0655292742651,MA010120220811181286,소상공인시장진흥공단_상가(상권)정보_API (data.go.kr 15012005),202606,2026-10-04
GN-SACHEON,사천시,GS25사천벌리주공점,,편의점,경상남도 사천시 삼상로 127,경상남도 사천시 벌리동 369,벌용동,128.088924735022,34.9387838522362,MA010120220811160270,소상공인시장진흥공단_상가(상권)정보_API (data.go.kr 15012005),202606,2026-10-04
GN-SACHEON,사천시,지에스25삼천포,미소점,편의점,경상남도 사천시 벌리4길 55,경상남도 사천시 벌리동 212-22,벌용동,128.08369878654,34.9409036596969,MA0101202601A0046857,소상공인시장진흥공단_상가(상권)정보_API (data.go.kr 15012005),202606,2026-10-04
GN-SACHEON,사천시,세븐일레븐사천,용강점,편의점,경상남도 사천시 주공로 60,경상남도 사천시 용강동 838,벌용동,128.087139872881,34.9437031062157,MA0101202512A0040961,소상공인시장진흥공단_상가(상권)정보_API (data.go.kr 15012005),202606,2026-10-04
GN-SACHEON,사천시,씨유사천용현마루점,,편의점,경상남도 사천시 용현면 진삼로 959,경상남도 사천시 용현면 선진리 91-6,용현면,128.066636765646,35.0415530649683,MA0101202510A0002902,소상공인시장진흥공단_상가(상권)정보_API (data.go.kr 15012005),202606,2026-10-04
GN-SACHEON,사천시,지에스25사천뉴,스타점,편의점,경상남도 사천시 사천읍 읍내로 9,경상남도 사천시 사천읍 수석리 237-3,사천읍,128.086841806699,35.0842765010054,MA0101202603A0029510,소상공인시장진흥공단_상가(상권)정보_API (data.go.kr 15012005),202606,2026-10-04
GN-SACHEON,사천시,지에스25사천OK점,,편의점,경상남도 사천시 벌리2길 11,경상남도 사천시 벌리동 59-29,벌용동,128.0810479145,34.9399177829935,MA0101202603A0008164,소상공인시장진흥공단_상가(상권)정보_API (data.go.kr 15012005),202606,2026-10-04
GN-SACHEON,사천시,지에스25사천위드필점,,편의점,경상남도 사천시 사남면 공단1로 82,경상남도 사천시 사남면 유천리 888,사남면,128.066376513672,35.069586455416,MA0101202602A0038417,소상공인시장진흥공단_상가(상권)정보_API (data.go.kr 15012005),202606,2026-10-04
GN-SACHEON,사천시,씨유신사천,중앙점,편의점,경상남도 사천시 사천읍 읍내로 118,경상남도 사천시 사천읍 선인리 195-5,사천읍,128.096901222123,35.0797063833631,MA0101202601A0005803,소상공인시장진흥공단_상가(상권)정보_API (data.go.kr 15012005),202606,2026-10-04
GN-SACHEON,사천시,씨유사천주공점,,편의점,경상남도 사천시 벌리4길 100,경상남도 사천시 벌리동 254-1,벌용동,128.08598155054,34.9405317518833,MA010120220811178908,소상공인시장진흥공단_상가(상권)정보_API (data.go.kr 15012005),202606,2026-10-04
GN-SACHEON,사천시,씨유사천향촌,사랑점,편의점,경상남도 사천시 남일로 129,경상남도 사천시 향촌동 993-6,향촌동,128.090701094352,34.9315842645113,MA010120220806572284,소상공인시장진흥공단_상가(상권)정보_API (data.go.kr 15012005),202606,2026-10-04
GN-SACHEON,사천시,응응스크르사천,중앙점,편의점,경상남도 사천시 정동면 정동중앙로 16-15,경상남도 사천시 정동면 고읍리 465-14,정동면,128.086920031528,35.0769481011592,MA010120220810340621,소상공인시장진흥공단_상가(상권)정보_API (data.go.kr 15012005),202606,2026-10-04
GN-SACHEON,사천시,이마트24사천카이점,,편의점,경상남도 사천시 사남면 공단1로 78-13,경상남도 사천시 사남면 유천리 886,사남면,128.066592994334,35.0702154754076,MA0101202603A0026848,소상공인시장진흥공단_상가(상권)정보_API (data.go.kr 15012005),202606,2026-10-04
GN-SACHEON,사천시,지에스25축동뉴타운점,,편의점,경상남도 사천시 축동면 서삼로 1129,경상남도 사천시 축동면 가산리 402-2,축동면,128.043149621754,35.0957104269886,MA0101202603A0030124,소상공인시장진흥공단_상가(상권)정보_API (data.go.kr 15012005),202606,2026-10-04
GN-SACHEON,사천시,씨유삼천포다,사랑점,편의점,경상남도 사천시 벌리6길 50,경상남도 사천시 벌리동 192-3,벌용동,128.083492107457,34.9418338797367,MA010120220802503234,소상공인시장진흥공단_상가(상권)정보_API (data.go.kr 15012005),202606,2026-10-04
GN-SACHEON,사천시,GS25사천향촌점,,편의점,경상남도 사천시 남일로 117,경상남도 사천시 향촌동 1010-5,향촌동,128.089181533515,34.9317150713256,MA010120220804144045,소상공인시장진흥공단_상가(상권)정보_API (data.go.kr 15012005),202606,2026-10-04
GN-SACHEON,사천시,지에스25사천동강점,,편의점,경상남도 사천시 용현면 죽천강길 56,경상남도 사천시 용현면 신복리 7-1,용현면,128.074525880985,35.0464587475268,MA0101202504A0039279,소상공인시장진흥공단_상가(상권)정보_API (data.go.kr 15012005),202606,2026-10-04
GN-SACHEON,사천시,지에스25사천,드림점,편의점,경상남도 사천시 벌용길 82,경상남도 사천시 벌리동 22-12,벌용동,128.07904105755,34.9446406032737,MA0101202502A0076452,소상공인시장진흥공단_상가(상권)정보_API (data.go.kr 15012005),202606,2026-10-04
GN-SACHEON,사천시,씨유사천남양점,,편의점,경상남도 사천시 진삼로 133,경상남도 사천시 송포동 277-3,남양동,128.063425075493,34.9687087962447,MA0101202509A0031679,소상공인시장진흥공단_상가(상권)정보_API (data.go.kr 15012005),202606,2026-10-04
GN-SACHEON,사천시,씨유사천정동스카이점,,편의점,경상남도 사천시 정동면 정동중앙로 16-13,경상남도 사천시 정동면 고읍리 465-1,정동면,128.087031689866,35.0771003240911,MA0101202508A0037404,소상공인시장진흥공단_상가(상권)정보_API (data.go.kr 15012005),202606,2026-10-04
GN-SACHEON,사천시,씨유사천용남중고점,,편의점,경상남도 사천시 용현면 사천대로 1395,경상남도 사천시 용현면 선진리 22-3,용현면,128.065969641456,35.0441907930746,MA0101202509A0030755,소상공인시장진흥공단_상가(상권)정보_API (data.go.kr 15012005),202606,2026-10-04
GN-SACHEON,사천시,GS25사천선구점,,편의점,경상남도 사천시 중앙로 7-10,경상남도 사천시 선구동 58-16,선구동,128.073106329984,34.9276939424963,MA010120220811180541,소상공인시장진흥공단_상가(상권)정보_API (data.go.kr 15012005),202606,2026-10-04
GN-SACHEON,사천시,GS25사천유진점,,편의점,경상남도 사천시 정동면 정동중앙로 5,경상남도 사천시 정동면 고읍리 439-7,정동면,128.086476806654,35.0782499687068,MA010120220809777321,소상공인시장진흥공단_상가(상권)정보_API (data.go.kr 15012005),202606,2026-10-04
GN-SACHEON,사천시,이마트24사천남일대해수욕장,,편의점,경상남도 사천시 남일대길 53,경상남도 사천시 향촌동 709-1,향촌동,128.097694877478,34.9266720828541,MA010120220811156738,소상공인시장진흥공단_상가(상권)정보_API (data.go.kr 15012005),202606,2026-10-04
GN-SACHEON,사천시,세븐일레븐사천수석점,,편의점,경상남도 사천시 사천읍 역사동길 27,경상남도 사천시 사천읍 수석리 348-12,사천읍,128.084392718646,35.0814953359282,MA010120220812198230,소상공인시장진흥공단_상가(상권)정보_API (data.go.kr 15012005),202606,2026-10-04
GN-SACHEON,사천시,씨유사천대경점,,편의점,경상남도 사천시 사천읍 서당길 1-5,경상남도 사천시 사천읍 선인리 213,사천읍,128.098845116668,35.0815815445751,MA010120220808740086,소상공인시장진흥공단_상가(상권)정보_API (data.go.kr 15012005),202606,2026-10-04
GN-SACHEON,사천시,씨유사천꿈에,그린점,편의점,경상남도 사천시 사남면 하동안길 26-23,경상남도 사천시 사남면 유천리 7-41,사남면,128.077631197486,35.069261641968,MA010120220808511724,소상공인시장진흥공단_상가(상권)정보_API (data.go.kr 15012005),202606,2026-10-04
GN-SACHEON,사천시,세븐삼천포핫플레이스점,코리아,편의점,경상남도 사천시 주공로 30,경상남도 사천시 벌리동 257-1,벌용동,128.086895884629,34.9409742422297,MA0101202406A0532022,소상공인시장진흥공단_상가(상권)정보_API (data.go.kr 15012005),202606,2026-10-04
GN-SACHEON,사천시,지에스사천,용현점,편의점,경상남도 사천시 용현면 진삼로 622,경상남도 사천시 용현면 송지리 329-1,용현면,128.062165100673,35.0118845860045,MA0101202501A0026617,소상공인시장진흥공단_상가(상권)정보_API (data.go.kr 15012005),202606,2026-10-04
GN-SACHEON,사천시,씨유삼천포서울,병원점,편의점,경상남도 사천시 동금3길 20,경상남도 사천시 동금동 61-2,동서금동,128.080802871058,34.933754817012,MA010120220803252961,소상공인시장진흥공단_상가(상권)정보_API (data.go.kr 15012005),202606,2026-10-04
GN-SACHEON,사천시,씨유사천송포점,,편의점,경상남도 사천시 삼천포대교로 839,경상남도 사천시 송포동 274-2,남양동,128.061787852651,34.9682634424865,MA010120220806678367,소상공인시장진흥공단_상가(상권)정보_API (data.go.kr 15012005),202606,2026-10-04
GN-SACHEON,사천시,삼성점,,편의점,경상남도 사천시 정동면 옥산로 328,경상남도 사천시 정동면 풍정리 388-1,정동면,128.109743573546,35.0653667867443,MA010120220811172249,소상공인시장진흥공단_상가(상권)정보_API (data.go.kr 15012005),202606,2026-10-04
GN-SACHEON,사천시,씨유사천리가점,,편의점,경상남도 사천시 사남면 진삼로 1211-28,경상남도 사천시 사남면 월성리 94-2,사남면,128.078376733532,35.0617650542768,MA010120220813593588,소상공인시장진흥공단_상가(상권)정보_API (data.go.kr 15012005),202606,2026-10-04
GN-SACHEON,사천시,세븐일레븐삼천포점,,편의점,경상남도 사천시 목섬길 9,경상남도 사천시 서금동 141-1,동서금동,128.07547291858,34.9262218601973,MA0101202409A0094156,소상공인시장진흥공단_상가(상권)정보_API (data.go.kr 15012005),202606,2026-10-04
GN-SACHEON,사천시,이마트24사천대,포항점,편의점,경상남도 사천시 대례길 134,경상남도 사천시 대포동 418-5,남양동,128.041121917657,34.9904169347998,MA0101202406A0353007,소상공인시장진흥공단_상가(상권)정보_API (data.go.kr 15012005),202606,2026-10-04
GN-SACHEON,사천시,세븐일레븐삼천포핫플레이스점,,편의점,경상남도 사천시 주공로 30,경상남도 사천시 벌리동 257-1,벌용동,128.086895884629,34.9409742422297,MA0101202409A0033950,소상공인시장진흥공단_상가(상권)정보_API (data.go.kr 15012005),202606,2026-10-04
GN-GIMHAE,김해시,아맛마트로,본점,편의점,경상남도 김해시 김해대로2505번길 25,경상남도 김해시 삼정동 657-15,활천동,128.900463272126,35.2303128473623,MA010120220804692256,소상공인시장진흥공단_상가(상권)정보_API (data.go.kr 15012005),202606,2026-10-04
GN-GIMHAE,김해시,세븐김해부원원룸점,코리아,편의점,경상남도 김해시 김해대로2325번길 28,경상남도 김해시 부원동 602-34,부원동,128.880911196518,35.2287979513136,MA010120220811736631,소상공인시장진흥공단_상가(상권)정보_API (data.go.kr 15012005),202606,2026-10-04
GN-GIMHAE,김해시,씨유진영중흥,에코점,편의점,경상남도 김해시 진영읍 진산대로 59-1,경상남도 김해시 진영읍 진영리 1690,진영읍,128.721498457716,35.3106932308861,MA010120220812222048,소상공인시장진흥공단_상가(상권)정보_API (data.go.kr 15012005),202606,2026-10-04
GN-GIMHAE,김해시,이마트24김해삼방성심점,,편의점,경상남도 김해시 삼안로132번길 9,경상남도 김해시 삼방동 27-5,삼안동,128.91605849119,35.2410162271242,MA010120220811271748,소상공인시장진흥공단_상가(상권)정보_API (data.go.kr 15012005),202606,2026-10-04
GN-GIMHAE,김해시,씨유김해흥동점김해지역자활센터,,편의점,경상남도 김해시 흥동로 129,경상남도 김해시 흥동 391-5,칠산서부동,128.862956664949,35.222190613941,MA010120220801006426,소상공인시장진흥공단_상가(상권)정보_API (data.go.kr 15012005),202606,2026-10-04
GN-GIMHAE,김해시,세븐김해삼계아이파크점,코리아,편의점,경상남도 김해시 해반천로144번길 35-26,경상남도 김해시 삼계동 1461-6,북부동,128.871241360231,35.2625260223591,MA010120220808351958,소상공인시장진흥공단_상가(상권)정보_API (data.go.kr 15012005),202606,2026-10-04
GN-GIMHAE,김해시,지에스25김해건영점,,편의점,경상남도 김해시 경원로55번길 24,경상남도 김해시 내동 1127-4,내외동,128.866806386712,35.2392268219889,MA0101202406A0394986,소상공인시장진흥공단_상가(상권)정보_API (data.go.kr 15012005),202606,2026-10-04
GN-GIMHAE,김해시,지에스25김해,안동공단점,편의점,경상남도 김해시 김해대로2596번길 14,경상남도 김해시 안동 659-8,삼안동,128.910286146663,35.2272023017369,MA0101202409A0232054,소상공인시장진흥공단_상가(상권)정보_API (data.go.kr 15012005),202606,2026-10-04
GN-GIMHAE,김해시,지에스무계,대동점,편의점,경상남도 김해시 금관대로599번길 17,경상남도 김해시 무계동 156-5,장유1동,128.813953639612,35.2034150675311,MA0101202409A0130248,소상공인시장진흥공단_상가(상권)정보_API (data.go.kr 15012005),202606,2026-10-04
GN-GIMHAE,김해시,씨유뉴김해진례점,,편의점,경상남도 김해시 진례면 고모로 355,경상남도 김해시 진례면 담안리 599-1,진례면,128.768589076178,35.2582307154521,MA0101202409A0167628,소상공인시장진흥공단_상가(상권)정보_API (data.go.kr 15012005),202606,2026-10-04
GN-GIMHAE,김해시,이마트24장유월산점,,편의점,경상남도 김해시 월산로 140,경상남도 김해시 부곡동 801-6,장유1동,128.800530811166,35.2071391696905,MA010120220810902450,소상공인시장진흥공단_상가(상권)정보_API (data.go.kr 15012005),202606,2026-10-04
GN-GIMHAE,김해시,지에스25김해,힐스테이트점,편의점,경상남도 김해시 관동로27번길 40,경상남도 김해시 관동동 1073-5,장유3동,128.810023864715,35.177726528577,MA010120220812640176,소상공인시장진흥공단_상가(상권)정보_API (data.go.kr 15012005),202606,2026-10-04
GN-GIMHAE,김해시,지에스25김해어방점,,편의점,경상남도 김해시 인제로169번길 2,경상남도 김해시 어방동 459-7,활천동,128.903516864181,35.2439537818859,MA010120220804881895,소상공인시장진흥공단_상가(상권)정보_API (data.go.kr 15012005),202606,2026-10-04
GN-GIMHAE,김해시,씨유장유명진파크뷰점,,편의점,경상남도 김해시 번화2로 53,경상남도 김해시 대청동 318-8,장유2동,128.804007038497,35.1935333250781,MA010120220800046039,소상공인시장진흥공단_상가(상권)정보_API (data.go.kr 15012005),202606,2026-10-04
GN-GIMHAE,김해시,씨유진영,휴먼빌점,편의점,경상남도 김해시 진영읍 장등1로31번길 4-6,경상남도 김해시 진영읍 진영리 1732-1,진영읍,128.738376009403,35.3143448963941,MA010120220806782621,소상공인시장진흥공단_상가(상권)정보_API (data.go.kr 15012005),202606,2026-10-04
GN-GIMHAE,김해시,GS25율하대로점,,편의점,경상남도 김해시 율하2로 86,경상남도 김해시 율하동 1306-10,장유3동,128.810864114565,35.1710720858989,MA010120220811282996,소상공인시장진흥공단_상가(상권)정보_API (data.go.kr 15012005),202606,2026-10-04
GN-GIMHAE,김해시,씨유김해평전,사거리점,편의점,경상남도 김해시 금관대로 1290,경상남도 김해시 내동 1097-1,내외동,128.861031019476,35.2393338161544,MA010120220809687561,소상공인시장진흥공단_상가(상권)정보_API (data.go.kr 15012005),202606,2026-10-04
GN-GIMHAE,김해시,세븐일레븐김해지내공단점,,편의점,경상남도 김해시 분성로 708,경상남도 김해시 지내동 276-12,불암동,128.920792039348,35.2330648794928,MA010120220813181108,소상공인시장진흥공단_상가(상권)정보_API (data.go.kr 15012005),202606,2026-10-04
GN-GIMHAE,김해시,세븐일레븐김해장유역점,,편의점,경상남도 김해시 내덕로 122,경상남도 김해시 내덕동 246-1,장유1동,128.821326537389,35.2066117579964,MA010120220811869433,소상공인시장진흥공단_상가(상권)정보_API (data.go.kr 15012005),202606,2026-10-04
GN-GIMHAE,김해시,세븐일레븐김해상동매리점,,편의점,경상남도 김해시 상동면 동북로473번길 8,경상남도 김해시 상동면 매리 96,상동면,128.967570596484,35.3148328637286,MA010120220811679290,소상공인시장진흥공단_상가(상권)정보_API (data.go.kr 15012005),202606,2026-10-04
GN-GIMHAE,김해시,지에스25어방빌라점,,편의점,경상남도 김해시 활천로202번길 56,경상남도 김해시 어방동 719-19,활천동,128.898699287548,35.2380366311194,MA010120220807795507,소상공인시장진흥공단_상가(상권)정보_API (data.go.kr 15012005),202606,2026-10-04
GN-GIMHAE,김해시,세븐일레븐장유,대청점,편의점,경상남도 김해시 삼문로 19,경상남도 김해시 대청동 317-1,장유2동,128.802772512662,35.1928127277715,MA010120220811260347,소상공인시장진흥공단_상가(상권)정보_API (data.go.kr 15012005),202606,2026-10-04
GN-GIMHAE,김해시,이마트24김해지내공단점,,편의점,경상남도 김해시 삼안로 42,경상남도 김해시 지내동 277-1,불암동,128.917900643697,35.2329485318239,MA0106202308A1870977,소상공인시장진흥공단_상가(상권)정보_API (data.go.kr 15012005),202606,2026-10-04
GN-GIMHAE,김해시,지에스25가야,아이파크점,편의점,경상남도 김해시 해반천로168번길 19,경상남도 김해시 삼계동 1439-5,북부동,128.869404161872,35.2633835184507,MA0101202406A0400055,소상공인시장진흥공단_상가(상권)정보_API (data.go.kr 15012005),202606,2026-10-04
GN-GIMHAE,김해시,씨유장유율하푸른점,,편의점,경상남도 김해시 율하로 479-1,경상남도 김해시 장유동 849,장유3동,128.825921611788,35.1680973136573,MA0101202406A0304582,소상공인시장진흥공단_상가(상권)정보_API (data.go.kr 15012005),202606,2026-10-04
GN-GIMHAE,김해시,이마트24김해삼방,센터점,편의점,경상남도 김해시 삼안로 186,경상남도 김해시 삼방동 226-16,삼안동,128.912587141283,35.2447479589626,MA0101202406A0190886,소상공인시장진흥공단_상가(상권)정보_API (data.go.kr 15012005),202606,2026-10-04
GN-GIMHAE,김해시,세븐김해쌍용예가점,코리아,편의점,경상남도 김해시 장유로 362-1,경상남도 김해시 신문동 527-2,장유1동,128.816140332715,35.1936312878206,MA0101202406A0552194,소상공인시장진흥공단_상가(상권)정보_API (data.go.kr 15012005),202606,2026-10-04
GN-GIMHAE,김해시,지에스25주촌선천점,,편의점,경상남도 김해시 주촌면 선지로64번길 2,경상남도 김해시 주촌면 선지리 1506-9,주촌면,128.844710189229,35.2302113639843,MA010120220804985202,소상공인시장진흥공단_상가(상권)정보_API (data.go.kr 15012005),202606,2026-10-04
GN-GIMHAE,김해시,지에스25장유E편한세상,,편의점,경상남도 김해시 율하1로 130,경상남도 김해시 율하동 1370,장유3동,128.8181185315,35.1720448322356,MA010120220811281153,소상공인시장진흥공단_상가(상권)정보_API (data.go.kr 15012005),202606,2026-10-04
GN-GIMHAE,김해시,미니스톱장유관동점,,편의점,경상남도 김해시 관동로 71,경상남도 김해시 관동동 1087-1,장유3동,128.811170392057,35.1774570475394,MA010120220808080305,소상공인시장진흥공단_상가(상권)정보_API (data.go.kr 15012005),202606,2026-10-04
GN-GIMHAE,김해시,지에스25삼계비발디점,,편의점,경상남도 김해시 가야로 51,경상남도 김해시 삼계동 522-2,북부동,128.866275403462,35.2702087295826,MA010120220810443416,소상공인시장진흥공단_상가(상권)정보_API (data.go.kr 15012005),202606,2026-10-04
GN-GIMHAE,김해시,씨유김해지내동원점,,편의점,경상남도 김해시 김해대로2715번길 36,경상남도 김해시 지내동 67,불암동,128.923071733941,35.2305324069828,MA0101202310A0079538,소상공인시장진흥공단_상가(상권)정보_API (data.go.kr 15012005),202606,2026-10-04
GN-GIMHAE,김해시,씨유김해어방쉼터점,,편의점,경상남도 김해시 활천로178번길 29,경상남도 김해시 어방동 362-22,활천동,128.903113212607,35.2393731260567,MA0101202308A0028539,소상공인시장진흥공단_상가(상권)정보_API (data.go.kr 15012005),202606,2026-10-04
GN-GIMHAE,김해시,세븐일레븐김해문화,센터점,편의점,경상남도 김해시 율하2로 210,경상남도 김해시 율하동 1377,장유3동,128.820940572183,35.1725972236836,MA0101202309A0060214,소상공인시장진흥공단_상가(상권)정보_API (data.go.kr 15012005),202606,2026-10-04
GN-GIMHAE,김해시,씨유김해부원시티점,,편의점,경상남도 김해시 김해대로2385번길 6,경상남도 김해시 부원동 624-1,부원동,128.887824680044,35.2275998594724,MA0101202311A0067472,소상공인시장진흥공단_상가(상권)정보_API (data.go.kr 15012005),202606,2026-10-04
GN-GIMHAE,김해시,씨유명동,삼거리점,편의점,경상남도 김해시 한림면 한림로 52,경상남도 김해시 한림면 명동리 409-5,한림면,128.810208839903,35.2982407588353,MA0101202308A0036310,소상공인시장진흥공단_상가(상권)정보_API (data.go.kr 15012005),202606,2026-10-04
GN-GIMHAE,김해시,세븐일레븐김해덕산금메달점,,편의점,경상남도 김해시 함박로119번길 18,경상남도 김해시 외동 1260-1,내외동,128.867710679464,35.23363451973,MA0101202309A0088588,소상공인시장진흥공단_상가(상권)정보_API (data.go.kr 15012005),202606,2026-10-04
GN-GIMHAE,김해시,이마트24김해남진례점,,편의점,경상남도 김해시 진례면 서부로 913,경상남도 김해시 진례면 산본리 142,진례면,128.76961948049,35.2277910517581,MA0101202309A0031741,소상공인시장진흥공단_상가(상권)정보_API (data.go.kr 15012005),202606,2026-10-04
GN-GIMHAE,김해시,세븐율하자이점,코리아,편의점,경상남도 김해시 율하6로 17-1,경상남도 김해시 장유동 847,장유3동,128.82731865196,35.1702030799812,MA0101202309A0073923,소상공인시장진흥공단_상가(상권)정보_API (data.go.kr 15012005),202606,2026-10-04
GN-GIMHAE,김해시,지에스25삼정성도점,,편의점,경상남도 김해시 활천로68번길 33,경상남도 김해시 삼정동 76-6,활천동,128.896904621578,35.2340815571893,MA0101202310A0014064,소상공인시장진흥공단_상가(상권)정보_API (data.go.kr 15012005),202606,2026-10-04
GN-GIMHAE,김해시,이마트24김해상동,센터점,편의점,경상남도 김해시 상동면 상동로 355,경상남도 김해시 상동면 우계리 247-1,상동면,128.909581569899,35.3053092968039,MA0101202406A0350855,소상공인시장진흥공단_상가(상권)정보_API (data.go.kr 15012005),202606,2026-10-04
GN-GIMHAE,김해시,씨유김해외동,스타점,편의점,경상남도 김해시 금관대로1180번길 37-4,경상남도 김해시 외동 1239-4,내외동,128.856210472175,35.2316936890097,MA0101202406A0132496,소상공인시장진흥공단_상가(상권)정보_API (data.go.kr 15012005),202606,2026-10-04
GN-GIMHAE,김해시,지에스25장유,터미널점,편의점,경상남도 김해시 무계로 56,경상남도 김해시 무계동 93,장유1동,128.81930927352,35.2003517220937,MA0101202406A0207469,소상공인시장진흥공단_상가(상권)정보_API (data.go.kr 15012005),202606,2026-10-04
GN-GIMHAE,김해시,씨유김해삼계삼정점,,편의점,경상남도 김해시 생림대로 31,경상남도 김해시 삼계동 1561,북부동,128.861502461594,35.2734003779961,MA0101202310A0053853,소상공인시장진흥공단_상가(상권)정보_API (data.go.kr 15012005),202606,2026-10-04
GN-GIMHAE,김해시,씨유율하카페,거리점,편의점,경상남도 김해시 율하카페길 93,경상남도 김해시 관동동 1104-14,장유3동,128.814474811073,35.1760016984458,MA0101202406A0107925,소상공인시장진흥공단_상가(상권)정보_API (data.go.kr 15012005),202606,2026-10-04
GN-GIMHAE,김해시,지에스25김해주중점,,편의점,경상남도 김해시 대동면 대동로 267,경상남도 김해시 대동면 주중리 54-7,대동면,128.947907817773,35.234803221758,MA0101202406A0275454,소상공인시장진흥공단_상가(상권)정보_API (data.go.kr 15012005),202606,2026-10-04
GN-GIMHAE,김해시,지에스25진영하계공단,,편의점,경상남도 김해시 진영읍 하계로138번길 114,경상남도 김해시 진영읍 하계리 478-3,진영읍,128.725813830286,35.2793780025339,MA0101202406A0257228,소상공인시장진흥공단_상가(상권)정보_API (data.go.kr 15012005),202606,2026-10-04
GN-GIMHAE,김해시,지에스25주촌제니스점,,편의점,경상남도 김해시 주촌면 주선로 40,경상남도 김해시 주촌면 선지리 1374,주촌면,128.844360859654,35.2356418605664,MA0101202406A0050095,소상공인시장진흥공단_상가(상권)정보_API (data.go.kr 15012005),202606,2026-10-04
GN-GIMHAE,김해시,세븐일레븐김해골든루트,산단점,편의점,경상남도 김해시 골든루트로66번길 154,경상남도 김해시 풍유동 204-8,칠산서부동,128.844358069732,35.2185372771507,MA0101202406A0082366,소상공인시장진흥공단_상가(상권)정보_API (data.go.kr 15012005),202606,2026-10-04
GN-GIMHAE,김해시,씨유김해구산수로점,,편의점,경상남도 김해시 가락로176번길 2,경상남도 김해시 구산동 94-8,북부동,128.878243682032,35.2417173209471,MA0101202406A0301576,소상공인시장진흥공단_상가(상권)정보_API (data.go.kr 15012005),202606,2026-10-04
GN-GIMHAE,김해시,지에스25장유월산,마을점,편의점,경상남도 김해시 월산로 81-10,경상남도 김해시 부곡동 805-4,장유1동,128.803963421506,35.202978580258,MA0101202406A0466854,소상공인시장진흥공단_상가(상권)정보_API (data.go.kr 15012005),202606,2026-10-04
GN-GIMHAE,김해시,세븐일레븐율하,자이점,편의점,경상남도 김해시 율하6로 17-1,경상남도 김해시 장유동 847,장유3동,128.82731865196,35.1702030799812,MA0101202406A0159393,소상공인시장진흥공단_상가(상권)정보_API (data.go.kr 15012005),202606,2026-10-04
GN-GIMHAE,김해시,지에스25율하원메이저점,,편의점,경상남도 김해시 율하5로 99-1,경상남도 김해시 장유동 873,장유3동,128.830696639976,35.1671600688866,MA0101202406A0109821,소상공인시장진흥공단_상가(상권)정보_API (data.go.kr 15012005),202606,2026-10-04
GN-GIMHAE,김해시,씨유서김해,산단점,편의점,경상남도 김해시 서김해산단안길 66,경상남도 김해시 풍유동 1005-1,칠산서부동,128.843651767929,35.2096442425216,MA0101202409A0074398,소상공인시장진흥공단_상가(상권)정보_API (data.go.kr 15012005),202606,2026-10-04
GN-GIMHAE,김해시,씨유김해삼방신어점,,편의점,경상남도 김해시 삼안로196번길 12-4,경상남도 김해시 삼방동 226-6,삼안동,128.913095493475,35.2458123229772,MA0101202406A0110023,소상공인시장진흥공단_상가(상권)정보_API (data.go.kr 15012005),202606,2026-10-04
GN-GIMHAE,김해시,지에스25김해이편한점,,편의점,경상남도 김해시 김해대로2324번길 54-27,경상남도 김해시 봉황동 886,회현동,128.876678936764,35.2252949635869,MA0101202409A0064799,소상공인시장진흥공단_상가(상권)정보_API (data.go.kr 15012005),202606,2026-10-04
GN-GIMHAE,김해시,지에스25김해안동푸르지오,2차점,편의점,경상남도 김해시 안동길 11,경상남도 김해시 안동 360-32,삼안동,128.912134096225,35.2376177869384,MA0101202409A0037107,소상공인시장진흥공단_상가(상권)정보_API (data.go.kr 15012005),202606,2026-10-04
GN-GIMHAE,김해시,씨유김해명동대로점,,편의점,경상남도 김해시 한림면 김해대로 1230,경상남도 김해시 한림면 명동리 958-3,한림면,128.813400833838,35.2895595424753,MA0101202409A0067510,소상공인시장진흥공단_상가(상권)정보_API (data.go.kr 15012005),202606,2026-10-04
GN-GIMHAE,김해시,지에스25김해,행운점,편의점,경상남도 김해시 평전로 6,경상남도 김해시 외동 703-11,내외동,128.851060027534,35.2331784437967,MA010120220812170230,소상공인시장진흥공단_상가(상권)정보_API (data.go.kr 15012005),202606,2026-10-04
GN-GIMHAE,김해시,이마트24장유대청,,편의점,경상남도 김해시 번화1로67번길 12,경상남도 김해시 대청동 56-11,장유2동,128.798753535628,35.1932690372702,MA010120220805177111,소상공인시장진흥공단_상가(상권)정보_API (data.go.kr 15012005),202606,2026-10-04
GN-GIMHAE,김해시,씨유김해내동,문화점,편의점,경상남도 김해시 금관대로1313번길 6,경상남도 김해시 내동 160-7,내외동,128.862396693045,35.2414125688764,MA010120220808315655,소상공인시장진흥공단_상가(상권)정보_API (data.go.kr 15012005),202606,2026-10-04
GN-GIMHAE,김해시,GS25김해활천점,,편의점,경상남도 김해시 김해대로2529번길 74,경상남도 김해시 어방동 1098-15,활천동,128.902801454778,35.2349622443662,MA010120220811244220,소상공인시장진흥공단_상가(상권)정보_API (data.go.kr 15012005),202606,2026-10-04
GN-GIMHAE,김해시,세븐일레븐김해삼정원룸점,,편의점,경상남도 김해시 인제로25번길 27,경상남도 김해시 삼정동 654-1,활천동,128.902334350904,35.2304817062684,MA010120220808738733,소상공인시장진흥공단_상가(상권)정보_API (data.go.kr 15012005),202606,2026-10-04
GN-GIMHAE,김해시,씨유,구산동점,편의점,경상남도 김해시 해반천로16번길 15,경상남도 김해시 구산동 1062-5,북부동,128.871480195807,35.2504554801059,MA010120220811272731,소상공인시장진흥공단_상가(상권)정보_API (data.go.kr 15012005),202606,2026-10-04
GN-GIMHAE,김해시,지에스25외동원룸점,,편의점,경상남도 김해시 우암로31번길 11,경상남도 김해시 외동 1188-1,내외동,128.859286073024,35.2336290856222,MA010120220809771300,소상공인시장진흥공단_상가(상권)정보_API (data.go.kr 15012005),202606,2026-10-04
GN-GIMHAE,김해시,지에스25김해,두산위브점,편의점,경상남도 김해시 주촌면 천곡로 18,경상남도 김해시 주촌면 천곡리,주촌면,128.837720888236,35.2339314932181,MA010120220813373230,소상공인시장진흥공단_상가(상권)정보_API (data.go.kr 15012005),202606,2026-10-04
GN-GIMHAE,김해시,세븐김해반야점주,코리아,편의점,경상남도 김해시 우암로31번길 2,경상남도 김해시 외동 1186-10,내외동,128.86030802043,35.2336494258323,MA010120220811299299,소상공인시장진흥공단_상가(상권)정보_API (data.go.kr 15012005),202606,2026-10-04
GN-GIMHAE,김해시,세븐일레븐김해뉴,안동공단점,편의점,경상남도 김해시 김해대로2596번길 21,경상남도 김해시 안동 539-35,삼안동,128.91071663075,35.2268260211767,MA0101202311A0080201,소상공인시장진흥공단_상가(상권)정보_API (data.go.kr 15012005),202606,2026-10-04
GN-GIMHAE,김해시,씨유장유코아점,,편의점,경상남도 김해시 능동로149번길 12,경상남도 김해시 부곡동 1161-1,장유1동,128.807225500541,35.2030290548715,MA0101202406A0337748,소상공인시장진흥공단_상가(상권)정보_API (data.go.kr 15012005),202606,2026-10-04
GN-GIMHAE,김해시,지에스25김해안동대아점,,편의점,경상남도 김해시 삼안로111번길 17,경상남도 김해시 안동 333-2,삼안동,128.915116250418,35.2378499866269,MA0101202406A0481234,소상공인시장진흥공단_상가(상권)정보_API (data.go.kr 15012005),202606,2026-10-04
GN-GIMHAE,김해시,이마트24장유삼문동행점,,편의점,경상남도 김해시 번화2로28번길 7,경상남도 김해시 삼문동 577-9,장유2동,128.806047365001,35.1919708590176,MA0101202406A0173438,소상공인시장진흥공단_상가(상권)정보_API (data.go.kr 15012005),202606,2026-10-04
GN-GIMHAE,김해시,노브랜드김해,율하점,편의점,경상남도 김해시 율하2로115번길 5,경상남도 김해시 율하동 1356,장유3동,128.813889067017,35.1703869581508,MA0101202406A0577558,소상공인시장진흥공단_상가(상권)정보_API (data.go.kr 15012005),202606,2026-10-04
GN-GIMHAE,김해시,세븐일레븐김해진례,테크노점,편의점,경상남도 김해시 진례면 테크노밸리1로 64-5,경상남도 김해시 진례면 고모리 1584-10,진례면,128.77345972896,35.2659457692636,MA0101202406A0253184,소상공인시장진흥공단_상가(상권)정보_API (data.go.kr 15012005),202606,2026-10-04
GN-GIMHAE,김해시,씨유장유갑오,대청점,편의점,경상남도 김해시 계동로102번길 28,경상남도 김해시 대청동 333-3,장유2동,128.797030815993,35.185832642452,MA0101202406A0491075,소상공인시장진흥공단_상가(상권)정보_API (data.go.kr 15012005),202606,2026-10-04
GN-GIMHAE,김해시,지에스25김해임호점,,편의점,경상남도 김해시 분성로172번길 4,경상남도 김해시 외동 241,내외동,128.86525142312,35.2293647762154,MA0101202406A0406869,소상공인시장진흥공단_상가(상권)정보_API (data.go.kr 15012005),202606,2026-10-04
GN-GIMHAE,김해시,씨유장유덕산아내점,,편의점,경상남도 김해시 대청로 235,경상남도 김해시 삼문동 1267,장유2동,128.79309682324,35.1951373375376,MA0101202406A0456430,소상공인시장진흥공단_상가(상권)정보_API (data.go.kr 15012005),202606,2026-10-04
GN-GIMHAE,김해시,씨유김해어방코스마점,,편의점,경상남도 김해시 인제로65번길 22,경상남도 김해시 어방동 1099-8,활천동,128.902360831206,35.2344374759702,MA010120220801522670,소상공인시장진흥공단_상가(상권)정보_API (data.go.kr 15012005),202606,2026-10-04
GN-GIMHAE,김해시,세계과자&아이스크림할인점한국점,,편의점,경상남도 김해시 함박로 102,경상남도 김해시 외동 1249-4,내외동,128.864534371358,35.2321064270159,MA010120220810153005,소상공인시장진흥공단_상가(상권)정보_API (data.go.kr 15012005),202606,2026-10-04
GN-GIMHAE,김해시,씨유김해삼계,화정점,편의점,경상남도 김해시 삼계로 241,경상남도 김해시 삼계동 1439-2,북부동,128.867713963355,35.2663384736855,MA0106202301A1853987,소상공인시장진흥공단_상가(상권)정보_API (data.go.kr 15012005),202606,2026-10-04
GN-GIMHAE,김해시,지에스25흥동대로점,,편의점,경상남도 김해시 흥동로 38,경상남도 김해시 흥동 30-1,칠산서부동,128.852776694196,35.2222117170657,MA0101202212A0098231,소상공인시장진흥공단_상가(상권)정보_API (data.go.kr 15012005),202606,2026-10-04
GN-GIMHAE,김해시,씨유김해센텀큐시티점,,편의점,경상남도 김해시 주촌면 선지로87번길 5,경상남도 김해시 주촌면 선지리 1476,주촌면,128.847337137468,35.2283598942123,MA0101202306A0021348,소상공인시장진흥공단_상가(상권)정보_API (data.go.kr 15012005),202606,2026-10-04
GN-GIMHAE,김해시,세븐일레븐김해내덕점,,편의점,경상남도 김해시 내덕로 58,경상남도 김해시 내덕동 195-1,장유1동,128.814752538081,35.2057642374918,MA0101202307A0084003,소상공인시장진흥공단_상가(상권)정보_API (data.go.kr 15012005),202606,2026-10-04
GN-GIMHAE,김해시,씨유구산주공,드림점,편의점,경상남도 김해시 가락로294번길 16,경상남도 김해시 구산동 419,북부동,128.874017051506,35.2508938362539,MA0101202306A0105729,소상공인시장진흥공단_상가(상권)정보_API (data.go.kr 15012005),202606,2026-10-04
GN-GIMHAE,김해시,세븐일레븐김해내삼공단점,,편의점,경상남도 김해시 주촌면 서부로1499번길 50,경상남도 김해시 주촌면 내삼리 1170,주촌면,128.815033804534,35.232696832005,MA0101202406A0194496,소상공인시장진흥공단_상가(상권)정보_API (data.go.kr 15012005),202606,2026-10-04
GN-GIMHAE,김해시,크림에이스,,편의점,경상남도 김해시 활천로178번길 17,경상남도 김해시 어방동 359-14,활천동,128.902018505492,35.2400031428209,MA0101202311A0053047,소상공인시장진흥공단_상가(상권)정보_API (data.go.kr 15012005),202606,2026-10-04
GN-GIMHAE,김해시,세븐일레븐장유대청로점,,편의점,경상남도 김해시 번화1로44번길 6,경상남도 김해시 대청동 303-2,장유2동,128.801248959439,35.1909338646561,MA0101202406A0325926,소상공인시장진흥공단_상가(상권)정보_API (data.go.kr 15012005),202606,2026-10-04
GN-GIMHAE,김해시,씨스페이스진영대로점,,편의점,경상남도 김해시 진영읍 진영로415번길 18,경상남도 김해시 진영읍 신용리 217-3,진영읍,128.75899017277,35.2990598225932,MA0101202311A0089092,소상공인시장진흥공단_상가(상권)정보_API (data.go.kr 15012005),202606,2026-10-04
GN-GIMHAE,김해시,씨유인제대늘빛관점,,편의점,경상남도 김해시 인제로 197,경상남도 김해시 어방동 607,활천동,128.900515876304,35.2528054849189,MA0101202406A0510786,소상공인시장진흥공단_상가(상권)정보_API (data.go.kr 15012005),202606,2026-10-04
GN-GIMHAE,김해시,씨유김해연지,동부점,편의점,경상남도 김해시 구지로 59,경상남도 김해시 내동 1132-5,내외동,128.870178634675,35.2397064442149,MA0101202406A0455004,소상공인시장진흥공단_상가(상권)정보_API (data.go.kr 15012005),202606,2026-10-04
GN-GIMHAE,김해시,이마트24김해구산일동점,,편의점,경상남도 김해시 김해대로1902번길 30,경상남도 김해시 구산동 1074,북부동,128.865858564708,35.2539487944996,MA0101202310A0030980,소상공인시장진흥공단_상가(상권)정보_API (data.go.kr 15012005),202606,2026-10-04
GN-GIMHAE,김해시,씨유내동화인점,,편의점,경상남도 김해시 금관대로1320번길 11,경상남도 김해시 내동 1084-7,내외동,128.864234928412,35.2406182502057,MA0101202310A0062407,소상공인시장진흥공단_상가(상권)정보_API (data.go.kr 15012005),202606,2026-10-04
GN-GIMHAE,김해시,세븐김해삼정원룸점,코리아,편의점,경상남도 김해시 인제로25번길 27,경상남도 김해시 삼정동 654-1,활천동,128.902334350904,35.2304817062684,MA010120220803095975,소상공인시장진흥공단_상가(상권)정보_API (data.go.kr 15012005),202606,2026-10-04
GN-GIMHAE,김해시,CU김해삼정마루점,,편의점,경상남도 김해시 인제로51번길 54-14,경상남도 김해시 삼정동 634-15,활천동,128.898855909062,35.2334471593707,MA010120220803095185,소상공인시장진흥공단_상가(상권)정보_API (data.go.kr 15012005),202606,2026-10-04
GN-GIMHAE,김해시,이마트24,,편의점,경상남도 김해시 식만로 377,경상남도 김해시 불암동 450-24,불암동,128.925688294002,35.2218124500565,MA010120220814186357,소상공인시장진흥공단_상가(상권)정보_API (data.go.kr 15012005),202606,2026-10-04
GN-GIMHAE,김해시,CU율하율곡,마을점,편의점,경상남도 김해시 율하1로 7,경상남도 김해시 율하동 1291,장유3동,128.805138774939,35.173726003363,MA010120220806806796,소상공인시장진흥공단_상가(상권)정보_API (data.go.kr 15012005),202606,2026-10-04
GN-GIMHAE,김해시,씨유김해반도,보라점,편의점,경상남도 김해시 전하로176번길 97-23,경상남도 김해시 전하동 41-1,칠산서부동,128.873597052164,35.2245226377998,MA010120220803448475,소상공인시장진흥공단_상가(상권)정보_API (data.go.kr 15012005),202606,2026-10-04
GN-GIMHAE,김해시,세븐일레븐김해진영원룸점,,편의점,경상남도 김해시 진영읍 김해대로321번길 6,경상남도 김해시 진영읍 진영리 1595-7,진영읍,128.725280268136,35.3075752375784,MA0101202306A0081678,소상공인시장진흥공단_상가(상권)정보_API (data.go.kr 15012005),202606,2026-10-04
GN-GIMHAE,김해시,구.ASIANMART,,편의점,경상남도 김해시 함박로11번길 32,경상남도 김해시 외동 1196-4,내외동,128.858064490756,35.2354502275081,MA0101202308A0080664,소상공인시장진흥공단_상가(상권)정보_API (data.go.kr 15012005),202606,2026-10-04
GN-GIMHAE,김해시,지에스25진영장등로점,,편의점,경상남도 김해시 진영읍 장등1로 52,경상남도 김해시 진영읍 진영리 1726-2,진영읍,128.740522225976,35.3139355116401,MA0101202308A0011520,소상공인시장진흥공단_상가(상권)정보_API (data.go.kr 15012005),202606,2026-10-04
GN-GIMHAE,김해시,한국지체장애인협회씨유엘부경경마공원점,,편의점,경상남도 김해시 가락대로 929-1,경상남도 김해시 수가동 1333,장유3동,128.872240252418,35.1563324005532,MA0101202306A0050666,소상공인시장진흥공단_상가(상권)정보_API (data.go.kr 15012005),202606,2026-10-04
GN-GIMHAE,김해시,세븐일레븐장유삼문,푸르지오점,편의점,경상남도 김해시 능동로 8,경상남도 김해시 삼문동 62-2,장유2동,128.794719273791,35.1955278501029,MA0101202308A0073925,소상공인시장진흥공단_상가(상권)정보_API (data.go.kr 15012005),202606,2026-10-04
GN-GIMHAE,김해시,세븐일레븐갑을장유,병원점,편의점,경상남도 김해시 장유로 171,경상남도 김해시 부곡동 752-2,장유1동,128.805705974724,35.2082877119973,MA0101202311A0052635,소상공인시장진흥공단_상가(상권)정보_API (data.go.kr 15012005),202606,2026-10-04
GN-GIMHAE,김해시,씨유김해매리공단점,,편의점,경상남도 김해시 상동면 동북로437번길 54,경상남도 김해시 상동면 매리 132-29,상동면,128.964321410702,35.3100464810849,MA0101202310A0066912,소상공인시장진흥공단_상가(상권)정보_API (data.go.kr 15012005),202606,2026-10-04
GN-GIMHAE,김해시,지에스25김해생림,행운점,편의점,경상남도 김해시 생림면 봉림로 14,경상남도 김해시 생림면 봉림리 537-1,생림면,128.849981531744,35.3258366652903,MA0101202309A0020741,소상공인시장진흥공단_상가(상권)정보_API (data.go.kr 15012005),202606,2026-10-04
GN-GIMHAE,김해시,씨유김해율하리슈빌점,,편의점,경상남도 김해시 율하5로 46,경상남도 김해시 장유동 869,장유3동,128.828070156529,35.1630812463776,MA0101202305A0070774,소상공인시장진흥공단_상가(상권)정보_API (data.go.kr 15012005),202606,2026-10-04
GN-GIMHAE,김해시,지에스25장유갑오,마을점,편의점,경상남도 김해시 대청로 125,경상남도 김해시 대청동 332-1,장유2동,128.797770624404,35.1860289370709,MA0101202303A0015493,소상공인시장진흥공단_상가(상권)정보_API (data.go.kr 15012005),202606,2026-10-04
GN-GIMHAE,김해시,세븐일레븐김해삼계,아이파크점,편의점,경상남도 김해시 해반천로144번길 35-26,경상남도 김해시 삼계동 1461-6,북부동,128.871241360231,35.2625260223591,MA0101202305A0057054,소상공인시장진흥공단_상가(상권)정보_API (data.go.kr 15012005),202606,2026-10-04
GN-GIMHAE,김해시,씨유김해장유파로스,,편의점,경상남도 김해시 번화1로 40,경상남도 김해시 대청동 303-1,장유2동,128.800836106316,35.1911292592778,MA0101202303A0041110,소상공인시장진흥공단_상가(상권)정보_API (data.go.kr 15012005),202606,2026-10-04
GN-GIMHAE,김해시,이마트24김해쌍용플래티넘점,,편의점,경상남도 김해시 금관대로1134번길 16,경상남도 김해시 외동 1428,내외동,128.851544160544,35.2293499898238,MA0101202309A0067671,소상공인시장진흥공단_상가(상권)정보_API (data.go.kr 15012005),202606,2026-10-04
GN-GIMHAE,김해시,이마트24진영BK점,,편의점,경상남도 김해시 진영읍 장등로 15,경상남도 김해시 진영읍 진영리 1621-11,진영읍,128.734848237123,35.3077267029983,MA0101202308A0032203,소상공인시장진흥공단_상가(상권)정보_API (data.go.kr 15012005),202606,2026-10-04
GN-GIMHAE,김해시,이마트24진영진남로점,,편의점,경상남도 김해시 진영읍 진남로 18,경상남도 김해시 진영읍 진영리 638-117,진영읍,128.711017691981,35.3048039592372,MA0101202309A0063889,소상공인시장진흥공단_상가(상권)정보_API (data.go.kr 15012005),202606,2026-10-04
GN-GIMHAE,김해시,세븐일레븐김해어방,삼거리점,편의점,경상남도 김해시 인제로188번길 13,경상남도 김해시 어방동 521-5,활천동,128.905664210139,35.2455871587511,MA0101202309A0086075,소상공인시장진흥공단_상가(상권)정보_API (data.go.kr 15012005),202606,2026-10-04
GN-GIMHAE,김해시,씨유진영클래스점,,편의점,경상남도 김해시 진영읍 장등로 36,경상남도 김해시 진영읍 진영리 1630-1,진영읍,128.735490251504,35.3094748267861,MA0101202310A0014455,소상공인시장진흥공단_상가(상권)정보_API (data.go.kr 15012005),202606,2026-10-04
GN-GIMHAE,김해시,지에스25김해청호점,,편의점,경상남도 김해시 흥동로53번길 4,경상남도 김해시 흥동 555,칠산서부동,128.854548921091,35.2223918455859,MA0101202309A0022481,소상공인시장진흥공단_상가(상권)정보_API (data.go.kr 15012005),202606,2026-10-04
GN-GIMHAE,김해시,GS25김해뉴지내공단점,,편의점,경상남도 김해시 삼안로 42,경상남도 김해시 지내동 277-1,불암동,128.917900643697,35.2329485318239,MA010120220811277787,소상공인시장진흥공단_상가(상권)정보_API (data.go.kr 15012005),202606,2026-10-04
GN-GIMHAE,김해시,emart24편의점이마트24,,편의점,경상남도 김해시 인제로230번길 52,경상남도 김해시 삼방동 171-7,삼안동,128.907268919777,35.2465621795848,MA010120220810258638,소상공인시장진흥공단_상가(상권)정보_API (data.go.kr 15012005),202606,2026-10-04
GN-GIMHAE,김해시,씨유진영,에코시티점,편의점,경상남도 김해시 진영읍 진산대로 59-2,경상남도 김해시 진영읍 진영리 1690,진영읍,128.720812048859,35.3104686909191,MA010120220803917047,소상공인시장진흥공단_상가(상권)정보_API (data.go.kr 15012005),202606,2026-10-04
GN-GIMHAE,김해시,세븐일레븐김해부원,삼성점,편의점,경상남도 김해시 가락로7번길 6,경상남도 김해시 부원동 604-29,부원동,128.881974765335,35.2272944588039,MA010120220811272244,소상공인시장진흥공단_상가(상권)정보_API (data.go.kr 15012005),202606,2026-10-04
GN-GIMHAE,김해시,행복25편의점,,편의점,경상남도 김해시 진영읍 서부로 223,경상남도 김해시 진영읍 죽곡리 203,진영읍,128.766742881859,35.2779489026692,MA010120220813676396,소상공인시장진흥공단_상가(상권)정보_API (data.go.kr 15012005),202606,2026-10-04
GN-GIMHAE,김해시,씨유김해골든루트점,,편의점,경상남도 김해시 주촌면 골든루트로 187,경상남도 김해시 주촌면 망덕리 904-3,주촌면,128.824538578981,35.2220819995438,MA010120220807824453,소상공인시장진흥공단_상가(상권)정보_API (data.go.kr 15012005),202606,2026-10-04
GN-GIMHAE,김해시,CU김해장유반딧불점,,편의점,경상남도 김해시 계동로147번길 11,경상남도 김해시 대청동 275-7,장유2동,128.794248744974,35.1891092315605,MA010120220812099598,소상공인시장진흥공단_상가(상권)정보_API (data.go.kr 15012005),202606,2026-10-04
GN-GIMHAE,김해시,세븐김해위더스점주,코리아,편의점,경상남도 김해시 활천로267번길 8,경상남도 김해시 삼방동 182-4,삼안동,128.908670720301,35.243566182737,MA010120220811299257,소상공인시장진흥공단_상가(상권)정보_API (data.go.kr 15012005),202606,2026-10-04
GN-GIMHAE,김해시,씨유삼정화인점,,편의점,경상남도 김해시 활천로16번길 10,경상남도 김해시 삼정동 608-5,활천동,128.894993596836,35.2288936531018,MA0101202309A0085303,소상공인시장진흥공단_상가(상권)정보_API (data.go.kr 15012005),202606,2026-10-04
GN-GIMHAE,김해시,이마트24뉴진영,자이점,편의점,경상남도 김해시 진영읍 장등로19번길 93,경상남도 김해시 진영읍 진영리 1586-22,진영읍,128.727568772548,35.3107598427808,MA0101202307A0033012,소상공인시장진흥공단_상가(상권)정보_API (data.go.kr 15012005),202606,2026-10-04
GN-GIMHAE,김해시,씨유김해나비공원점,,편의점,경상남도 김해시 함박로 141,경상남도 김해시 외동 1260-3,내외동,128.869633444158,35.2322260096458,MA0101202308A0031648,소상공인시장진흥공단_상가(상권)정보_API (data.go.kr 15012005),202606,2026-10-04
GN-GIMHAE,김해시,세븐일레븐장유삼문점,,편의점,경상남도 김해시 월산로 11,경상남도 김해시 부곡동 1163-4,장유1동,128.810542162102,35.2010869704554,MA0101202307A0058066,소상공인시장진흥공단_상가(상권)정보_API (data.go.kr 15012005),202606,2026-10-04
GN-GIMHAE,김해시,지에스25진영IC점,,편의점,경상남도 김해시 진영읍 김해대로 689,경상남도 김해시 진영읍 신용리 221-1,진영읍,128.760791104179,35.2984658555453,MA0101202307A0034771,소상공인시장진흥공단_상가(상권)정보_API (data.go.kr 15012005),202606,2026-10-04
GN-GIMHAE,김해시,이마트24김해한림용덕점,,편의점,경상남도 김해시 한림면 용덕로143번길 13,경상남도 김해시 한림면 용덕리 714-12,한림면,128.830331099366,35.2892323661929,MA010120220814084203,소상공인시장진흥공단_상가(상권)정보_API (data.go.kr 15012005),202606,2026-10-04
GN-GIMHAE,김해시,씨스페이스어방,가야점,편의점,경상남도 김해시 인제로170번길 15-6,경상남도 김해시 어방동 531-4,활천동,128.905804062371,35.2440529513377,MA010120220811273352,소상공인시장진흥공단_상가(상권)정보_API (data.go.kr 15012005),202606,2026-10-04
GN-GIMHAE,김해시,씨유김해화목대로점,,편의점,경상남도 김해시 칠산로 249,경상남도 김해시 화목동 696-9,칠산서부동,128.84538252357,35.1958746409003,MA010120220808394510,소상공인시장진흥공단_상가(상권)정보_API (data.go.kr 15012005),202606,2026-10-04
GN-GIMHAE,김해시,씨유삼계대우,그린점,편의점,경상남도 김해시 해반천로 299,경상남도 김해시 삼계동 1410-2,북부동,128.862379938065,35.2723685323807,MA010120220813535148,소상공인시장진흥공단_상가(상권)정보_API (data.go.kr 15012005),202606,2026-10-04
GN-GIMHAE,김해시,씨유김해진영,로드점,편의점,경상남도 김해시 진영읍 진산대로 236,경상남도 김해시 진영읍 진영리 674-117,진영읍,128.718832947102,35.3239697935251,MA010120220813035891,소상공인시장진흥공단_상가(상권)정보_API (data.go.kr 15012005),202606,2026-10-04
GN-GIMHAE,김해시,세븐일레븐김해외동,중앙점,편의점,경상남도 김해시 금관대로1180번길 47-4,경상남도 김해시 외동 1242-4,내외동,128.857327514874,35.2315503819494,MA010120220806764013,소상공인시장진흥공단_상가(상권)정보_API (data.go.kr 15012005),202606,2026-10-04
GN-GIMHAE,김해시,GS25김해동상점,,편의점,경상남도 김해시 가야로487번길 6,경상남도 김해시 동상동 1108-1,동상동,128.887903722689,35.2385930683585,MA010120220809649557,소상공인시장진흥공단_상가(상권)정보_API (data.go.kr 15012005),202606,2026-10-04
GN-GIMHAE,김해시,세븐일레븐김해주촌일등점,,편의점,경상남도 김해시 주촌면 서부로 1329,경상남도 김해시 주촌면 양동리 257-1,주촌면,128.80984201748,35.220986926188,MA010120220811261243,소상공인시장진흥공단_상가(상권)정보_API (data.go.kr 15012005),202606,2026-10-04
GN-GIMHAE,김해시,씨유진영본산점,,편의점,경상남도 김해시 진영읍 본산로110번길 6,경상남도 김해시 진영읍 본산리 1013-7,진영읍,128.742842375582,35.3139471442753,MA010120220803142498,소상공인시장진흥공단_상가(상권)정보_API (data.go.kr 15012005),202606,2026-10-04
GN-GIMHAE,김해시,씨유김해부원,가락점,편의점,경상남도 김해시 가락로63번길 7,경상남도 김해시 부원동 835-5,부원동,128.880952305468,35.2320055321437,MA010120220813607888,소상공인시장진흥공단_상가(상권)정보_API (data.go.kr 15012005),202606,2026-10-04
GN-GIMHAE,김해시,씨유구산한일점,,편의점,경상남도 김해시 구산로5번길 91,경상남도 김해시 구산동 1052-1,북부동,128.868052236455,35.2566635514719,MA010120220804994631,소상공인시장진흥공단_상가(상권)정보_API (data.go.kr 15012005),202606,2026-10-04
GN-GIMHAE,김해시,씨유삼계,아이파크점,편의점,경상남도 김해시 김해대로 1870,경상남도 김해시 삼계동 1543,북부동,128.864696619037,35.2593377712956,MA0101202305A0120449,소상공인시장진흥공단_상가(상권)정보_API (data.go.kr 15012005),202606,2026-10-04
GN-GIMHAE,김해시,이마트24장유스마일점,,편의점,경상남도 김해시 월산로 28,경상남도 김해시 부곡동 1162,장유1동,128.808773652363,35.2005546635465,MA0101202305A0024154,소상공인시장진흥공단_상가(상권)정보_API (data.go.kr 15012005),202606,2026-10-04
GN-GIMHAE,김해시,씨유김해부원,가락점,편의점,경상남도 김해시 가락로63번길 7,경상남도 김해시 부원동 835-5,부원동,128.880952305468,35.2320055321437,MA0101202305A0137676,소상공인시장진흥공단_상가(상권)정보_API (data.go.kr 15012005),202606,2026-10-04
GN-GIMHAE,김해시,이마트24진영죽곡공단점,,편의점,경상남도 김해시 진영읍 서부로179번길 28,경상남도 김해시 진영읍 죽곡리 63-2,진영읍,128.770611438878,35.2835067859344,MA0101202310A0039844,소상공인시장진흥공단_상가(상권)정보_API (data.go.kr 15012005),202606,2026-10-04
GN-GIMHAE,김해시,지에스25김해여고점,,편의점,경상남도 김해시 가락로 156-6,경상남도 김해시 대성동 183-3,북부동,128.879522496702,35.2400122472872,MA0101202305A0125787,소상공인시장진흥공단_상가(상권)정보_API (data.go.kr 15012005),202606,2026-10-04
GN-GIMHAE,김해시,씨스페이스&B,김해점,편의점,경상남도 김해시 율하3로 31,경상남도 김해시 율하동 1339-4,장유3동,128.8133918094,35.1712235138854,MA0101202306A0038746,소상공인시장진흥공단_상가(상권)정보_API (data.go.kr 15012005),202606,2026-10-04
GN-GIMHAE,김해시,씨유김해진영,신도시점,편의점,경상남도 김해시 진영읍 장등로19번길 18-1,경상남도 김해시 진영읍 진영리 1611-4,진영읍,128.732964160725,35.3085648038516,MA0101202305A0153483,소상공인시장진흥공단_상가(상권)정보_API (data.go.kr 15012005),202606,2026-10-04
GN-GIMHAE,김해시,공원편의점,,편의점,경상남도 김해시 주촌면 선천북로28번길 45-10,경상남도 김해시 주촌면 선지리 1429-1,주촌면,128.836502003847,35.238329793056,MA0101202305A0044703,소상공인시장진흥공단_상가(상권)정보_API (data.go.kr 15012005),202606,2026-10-04
GN-GIMHAE,김해시,씨유김해지내,퍼스트점,편의점,경상남도 김해시 삼안로52번길 3,경상남도 김해시 지내동 267-16,불암동,128.918046871446,35.2340276280629,MA0101202305A0199361,소상공인시장진흥공단_상가(상권)정보_API (data.go.kr 15012005),202606,2026-10-04
GN-GIMHAE,김해시,이마트24김해율하모아점,,편의점,경상남도 김해시 율하1로 90,경상남도 김해시 율하동 1317,장유3동,128.813015758387,35.1740589273383,MA0101202308A0065192,소상공인시장진흥공단_상가(상권)정보_API (data.go.kr 15012005),202606,2026-10-04
GN-GIMHAE,김해시,씨유삼계,중앙점,편의점,경상남도 김해시 삼계중앙로 49,경상남도 김해시 삼계동 1488-7,북부동,128.870467766063,35.2608978344438,MA0101202307A0002581,소상공인시장진흥공단_상가(상권)정보_API (data.go.kr 15012005),202606,2026-10-04
GN-GIMHAE,김해시,이마트24뉴어방,행복점,편의점,경상남도 김해시 활천로237번길 8-6,경상남도 김해시 어방동 457-5,활천동,128.905714351789,35.2430360319067,MA0101202308A0010859,소상공인시장진흥공단_상가(상권)정보_API (data.go.kr 15012005),202606,2026-10-04
GN-GIMHAE,김해시,씨유장유이안,센트럴점,편의점,경상남도 김해시 대청로261번길 9,경상남도 김해시 삼문동 1276,장유2동,128.791343241117,35.2002731299795,MA0101202308A0088479,소상공인시장진흥공단_상가(상권)정보_API (data.go.kr 15012005),202606,2026-10-04
GN-GIMHAE,김해시,씨유김해율하,자이점,편의점,경상남도 김해시 율하6로 18-1,경상남도 김해시 장유동 846,장유3동,128.828261192136,35.1701437936267,MA010120220813876218,소상공인시장진흥공단_상가(상권)정보_API (data.go.kr 15012005),202606,2026-10-04
GN-GIMHAE,김해시,씨유김해율하,그린점,편의점,경상남도 김해시 율하2로115번길 29,경상남도 김해시 율하동 1354,장유3동,128.815374175223,35.1720229203832,MA010120220805297773,소상공인시장진흥공단_상가(상권)정보_API (data.go.kr 15012005),202606,2026-10-04
GN-GIMHAE,김해시,세븐김해외동오렌지점,코리아,편의점,경상남도 김해시 함박로 102,경상남도 김해시 외동 1249-4,내외동,128.864534371358,35.2321064270159,MA010120220807989798,소상공인시장진흥공단_상가(상권)정보_API (data.go.kr 15012005),202606,2026-10-04
GN-GIMHAE,김해시,지에스25장유삼문,그린점,편의점,경상남도 김해시 삼문로 89,경상남도 김해시 삼문동 521,장유2동,128.808789603244,35.1918668354665,MA010120220805209054,소상공인시장진흥공단_상가(상권)정보_API (data.go.kr 15012005),202606,2026-10-04
GN-GIMHAE,김해시,세븐일레븐김해서상,중앙점,편의점,경상남도 김해시 분성로 321,경상남도 김해시 서상동 154,회현동,128.881121297316,35.2336160262447,MA010120220806839303,소상공인시장진흥공단_상가(상권)정보_API (data.go.kr 15012005),202606,2026-10-04
GN-GIMHAE,김해시,세븐일레븐김해외동,드림점,편의점,경상남도 김해시 금관대로1190번길 2,경상남도 김해시 외동 1230-14,내외동,128.853197198086,35.2329745051534,MA010120220813025399,소상공인시장진흥공단_상가(상권)정보_API (data.go.kr 15012005),202606,2026-10-04
GN-GIMHAE,김해시,미니스톱진영장등로점,,편의점,경상남도 김해시 진영읍 장등로 48,경상남도 김해시 진영읍 진영리 1633-1,진영읍,128.735634442908,35.3105632074148,MA010120220802972488,소상공인시장진흥공단_상가(상권)정보_API (data.go.kr 15012005),202606,2026-10-04
GN-GIMHAE,김해시,씨유L부경관람대4층점,,편의점,경상남도 김해시 가락대로 929-1,경상남도 김해시 수가동 1333,장유3동,128.872240252418,35.1563324005532,MA0101202211A0001198,소상공인시장진흥공단_상가(상권)정보_API (data.go.kr 15012005),202606,2026-10-04
GN-GIMHAE,김해시,세븐일레븐김해구산스마일점,,편의점,경상남도 김해시 구산로42번길 16,경상남도 김해시 구산동 275-18,북부동,128.872787873171,35.2471278970876,MA010120220809236792,소상공인시장진흥공단_상가(상권)정보_API (data.go.kr 15012005),202606,2026-10-04
GN-GIMHAE,김해시,세븐일레븐김해주촌양동점,,편의점,경상남도 김해시 주촌면 서부로1295번길 92,경상남도 김해시 주촌면 양동리 127,주촌면,128.803076297373,35.2274053234233,MA010120220807999051,소상공인시장진흥공단_상가(상권)정보_API (data.go.kr 15012005),202606,2026-10-04
GN-GIMHAE,김해시,GS25김해삼정햇살점,,편의점,경상남도 김해시 활천로36번길 31,경상남도 김해시 삼정동 197-16,활천동,128.896230472341,35.2324880194593,MA010120220806281589,소상공인시장진흥공단_상가(상권)정보_API (data.go.kr 15012005),202606,2026-10-04
GN-GIMHAE,김해시,세븐일레븐삼정원룸점,,편의점,경상남도 김해시 인제로25번길 27,경상남도 김해시 삼정동 654-1,활천동,128.902334350904,35.2304817062684,MA010120220811257677,소상공인시장진흥공단_상가(상권)정보_API (data.go.kr 15012005),202606,2026-10-04
GN-GIMHAE,김해시,에스제이할인점,두산위브점,편의점,경상남도 김해시 김해대로 1784-7,경상남도 김해시 삼계동 404-2,북부동,128.861729006363,35.2664938261021,MA010120220807272688,소상공인시장진흥공단_상가(상권)정보_API (data.go.kr 15012005),202606,2026-10-04
GN-GIMHAE,김해시,씨유,김해부원점,편의점,경상남도 김해시 김해대로2355번길 37,경상남도 김해시 부원동 610-7,부원동,128.883364012855,35.229904305643,MA010120220814278645,소상공인시장진흥공단_상가(상권)정보_API (data.go.kr 15012005),202606,2026-10-04
GN-GIMHAE,김해시,GS25진례,송정점,편의점,경상남도 김해시 진례면 송현로 33,경상남도 김해시 진례면 송정리 330-3,진례면,128.752083206016,35.2489001221225,MA010120220811256828,소상공인시장진흥공단_상가(상권)정보_API (data.go.kr 15012005),202606,2026-10-04
GN-GIMHAE,김해시,세븐일레븐김해수안점,,편의점,경상남도 김해시 대동면 대동로 57,경상남도 김해시 대동면 수안리 362-3,대동면,128.932084850486,35.224341932521,MA0101202212A0048591,소상공인시장진흥공단_상가(상권)정보_API (data.go.kr 15012005),202606,2026-10-04
GN-GIMHAE,김해시,세븐일레븐김해서상,가락점,편의점,경상남도 김해시 가락로 104,경상남도 김해시 서상동 25-31,회현동,128.881302989958,35.2357760447558,MA0101202303A0055472,소상공인시장진흥공단_상가(상권)정보_API (data.go.kr 15012005),202606,2026-10-04
GN-GIMHAE,김해시,대한민국전몰군경미망인회CUL부경관람대2층점,,편의점,경상남도 김해시 가락대로 929-1,경상남도 김해시 수가동 1333,장유3동,128.872240252418,35.1563324005532,MA0101202210A0014894,소상공인시장진흥공단_상가(상권)정보_API (data.go.kr 15012005),202606,2026-10-04
GN-GIMHAE,김해시,지에스25진영라이프점,,편의점,경상남도 김해시 진영읍 진영로 100,경상남도 김해시 진영읍 진영리 359-13,진영읍,128.724107687355,35.3036086554566,MA0101202211A0052797,소상공인시장진흥공단_상가(상권)정보_API (data.go.kr 15012005),202606,2026-10-04
GN-GIMHAE,김해시,씨유장유,신도시점,편의점,경상남도 김해시 번화1로76번길 15,경상남도 김해시 대청동 64-6,장유2동,128.801222555642,35.1947103021609,MA0101202301A0026525,소상공인시장진흥공단_상가(상권)정보_API (data.go.kr 15012005),202606,2026-10-04
GN-GIMHAE,김해시,씨유L부경관람대3층점,,편의점,경상남도 김해시 가락대로 929-1,경상남도 김해시 수가동 1333,장유3동,128.872240252418,35.1563324005532,MA0101202211A0080901,소상공인시장진흥공단_상가(상권)정보_API (data.go.kr 15012005),202606,2026-10-04
GN-GIMHAE,김해시,세븐일레븐김해삼계,센터점,편의점,경상남도 김해시 가야로169번길 8,경상남도 김해시 삼계동 1481-1,북부동,128.872699905361,35.2624043196137,MA0101202301A0049852,소상공인시장진흥공단_상가(상권)정보_API (data.go.kr 15012005),202606,2026-10-04
GN-GIMHAE,김해시,지에스25가야대학교점,,편의점,경상남도 김해시 삼계로 208,경상남도 김해시 삼계동 60,북부동,128.872321131433,35.2698178999729,MA0101202305A0169229,소상공인시장진흥공단_상가(상권)정보_API (data.go.kr 15012005),202606,2026-10-04
GN-GIMHAE,김해시,씨유김해센텀큐시티점,,편의점,경상남도 김해시 주촌면 선지로87번길 5,경상남도 김해시 주촌면 선지리 1476,주촌면,128.847337137468,35.2283598942123,MA0105202301E0437008,소상공인시장진흥공단_상가(상권)정보_API (data.go.kr 15012005),202606,2026-10-04
GN-GIMHAE,김해시,지에스25김해,율하점,편의점,경상남도 김해시 관동로27번길 98,경상남도 김해시 관동동 1113-9,장유3동,128.816134448172,35.1780766225262,MA0101202301A0019235,소상공인시장진흥공단_상가(상권)정보_API (data.go.kr 15012005),202606,2026-10-04
GN-GIMHAE,김해시,씨유김해동상,캐슬점,편의점,경상남도 김해시 가야로463번길 9,경상남도 김해시 동상동 1101-6,동상동,128.886446995024,35.2406704870878,MA0101202301A0067706,소상공인시장진흥공단_상가(상권)정보_API (data.go.kr 15012005),202606,2026-10-04
GN-GIMHAE,김해시,세븐일레븐장유율하시티점,,편의점,경상남도 김해시 율하5로 17,경상남도 김해시 장유동 870,장유3동,128.825879510579,35.1662144336165,MA0105202301E0383484,소상공인시장진흥공단_상가(상권)정보_API (data.go.kr 15012005),202606,2026-10-04
GN-GIMHAE,김해시,이마트24진례돈이요점,,편의점,경상남도 김해시 진례면 고모로 239,경상남도 김해시 진례면 송현리 486-7,진례면,128.767280032433,35.2485439073955,MA0101202301A0097922,소상공인시장진흥공단_상가(상권)정보_API (data.go.kr 15012005),202606,2026-10-04
GN-GIMHAE,김해시,씨유김해대동한마음점,,편의점,경상남도 김해시 함박로101번길 23,경상남도 김해시 외동 1251,내외동,128.865343536464,35.2343469251555,MA0106202304A1929965,소상공인시장진흥공단_상가(상권)정보_API (data.go.kr 15012005),202606,2026-10-04
GN-GIMHAE,김해시,세븐일레븐김해삼계,화정점,편의점,경상남도 김해시 삼계로 251,경상남도 김해시 삼계동 1439-1,북부동,128.866667363983,35.2662194529328,MA0101202302A0041589,소상공인시장진흥공단_상가(상권)정보_API (data.go.kr 15012005),202606,2026-10-04
GN-GIMHAE,김해시,세븐일레븐김해진례,테크노밸리점,편의점,경상남도 김해시 진례면 테크노밸리로 159-1,경상남도 김해시 진례면 고모리 1566-7,진례면,128.771840743202,35.2773786650853,MA0101202303A0026202,소상공인시장진흥공단_상가(상권)정보_API (data.go.kr 15012005),202606,2026-10-04
GN-GIMHAE,김해시,씨유장유갑오,마을점,편의점,경상남도 김해시 계동로102번길 11,경상남도 김해시 대청동 321-1,장유2동,128.795357249671,35.1856051326253,MA0101202301A0028922,소상공인시장진흥공단_상가(상권)정보_API (data.go.kr 15012005),202606,2026-10-04
GN-GIMHAE,김해시,세븐일레븐김해삼계,푸르지오점,편의점,경상남도 김해시 가야로 17,경상남도 김해시 삼계동 1410-2,북부동,128.862398407992,35.2702955268516,MA0106202205A1121990,소상공인시장진흥공단_상가(상권)정보_API (data.go.kr 15012005),202606,2026-10-04
GN-GIMHAE,김해시,GS25삼계,사거리점,편의점,경상남도 김해시 삼계로 13,경상남도 김해시 삼계동 1500-7,북부동,128.867428664706,35.2572589491471,MA010120220811276975,소상공인시장진흥공단_상가(상권)정보_API (data.go.kr 15012005),202606,2026-10-04
GN-GIMHAE,김해시,세븐일레븐김해상동공단점,,편의점,경상남도 김해시 상동면 소락로 236,경상남도 김해시 상동면 우계리 739,상동면,128.902251670786,35.3026041866151,MA010120220806527438,소상공인시장진흥공단_상가(상권)정보_API (data.go.kr 15012005),202606,2026-10-04
GN-GIMHAE,김해시,씨유율하샹그릴라,,편의점,경상남도 김해시 율하2로97번길 18,경상남도 김해시 율하동 1336-1,장유3동,128.81347244731,35.1718891978631,MA0101202301A0068426,소상공인시장진흥공단_상가(상권)정보_API (data.go.kr 15012005),202606,2026-10-04
GN-GIMHAE,김해시,씨유삼계솔파크점,,편의점,경상남도 김해시 삼계로 218-1,경상남도 김해시 삼계동 1428-5,북부동,128.870758016375,35.2677873926322,MA0101202303A0097165,소상공인시장진흥공단_상가(상권)정보_API (data.go.kr 15012005),202606,2026-10-04
GN-GIMHAE,김해시,씨유인제대,중문점,편의점,경상남도 김해시 인제로 262,경상남도 김해시 삼방동 571-1,삼안동,128.903533283634,35.2517036636016,MA0101202302A0016124,소상공인시장진흥공단_상가(상권)정보_API (data.go.kr 15012005),202606,2026-10-04
GN-GIMHAE,김해시,지에스25한림,행복점,편의점,경상남도 김해시 한림면 한림로 391,경상남도 김해시 한림면 장방리 459-25,한림면,128.802754488851,35.3224498982671,MA0101202303A0091602,소상공인시장진흥공단_상가(상권)정보_API (data.go.kr 15012005),202606,2026-10-04
GN-GIMHAE,김해시,씨유김해삼계러블리점,,편의점,경상남도 김해시 삼계로51번길 16,경상남도 김해시 삼계동 1507-7,북부동,128.871080995504,35.2588967355605,MA010120220813544678,소상공인시장진흥공단_상가(상권)정보_API (data.go.kr 15012005),202606,2026-10-04
GN-GIMHAE,김해시,씨유한림병동점,,편의점,경상남도 김해시 한림면 김해대로974번길 45,경상남도 김해시 한림면 병동리 794-1,한림면,128.791230400855,35.2880245207253,MA010120220806163257,소상공인시장진흥공단_상가(상권)정보_API (data.go.kr 15012005),202606,2026-10-04
GN-GIMHAE,김해시,이마트24김해삼안점,,편의점,경상남도 김해시 삼안로310번길 14,경상남도 김해시 삼방동 555-3,삼안동,128.905018957791,35.2532212918155,MA010120220804950487,소상공인시장진흥공단_상가(상권)정보_API (data.go.kr 15012005),202606,2026-10-04
GN-GIMHAE,김해시,씨유김해율하,행복점,편의점,경상남도 김해시 율하5로 14-1,경상남도 김해시 장유동 899,장유3동,128.824562796202,35.164260642325,MA010120220810484101,소상공인시장진흥공단_상가(상권)정보_API (data.go.kr 15012005),202606,2026-10-04
GN-GIMHAE,김해시,씨유장유석봉,부영점,편의점,경상남도 김해시 금관대로599번길 27,경상남도 김해시 무계동 156-1,장유1동,128.81079750886,35.2031919616731,MA010120220810099001,소상공인시장진흥공단_상가(상권)정보_API (data.go.kr 15012005),202606,2026-10-04
GN-GIMHAE,김해시,지에스25김해도서관점,,편의점,경상남도 김해시 분성로 259,경상남도 김해시 봉황동 461-3,회현동,128.87444560925,35.2327643673799,MA010120220812715703,소상공인시장진흥공단_상가(상권)정보_API (data.go.kr 15012005),202606,2026-10-04
GN-GIMHAE,김해시,씨유김해가야대,정문점,편의점,경상남도 김해시 삼계로 207,경상남도 김해시 삼계동 1440-1,북부동,128.871532312269,35.2665768418643,MA010120220814185643,소상공인시장진흥공단_상가(상권)정보_API (data.go.kr 15012005),202606,2026-10-04
GN-GIMHAE,김해시,이마트24김해원점,삼계동,편의점,경상남도 김해시 가야로 58,경상남도 김해시 삼계동 1428-1,북부동,128.86678279589,35.2698133907227,MA010120220806892665,소상공인시장진흥공단_상가(상권)정보_API (data.go.kr 15012005),202606,2026-10-04
GN-GIMHAE,김해시,이마트24김해엘리시안점,,편의점,경상남도 김해시 분성로 4-1,경상남도 김해시 외동 1427,내외동,128.847548317057,35.2333132209316,MA010120220809719450,소상공인시장진흥공단_상가(상권)정보_API (data.go.kr 15012005),202606,2026-10-04
GN-GIMHAE,김해시,씨유김해삼방삼안점,,편의점,경상남도 김해시 삼안로292번길 25,경상남도 김해시 삼방동 641-8,삼안동,128.908188371247,35.2534507040721,MA010120220800092943,소상공인시장진흥공단_상가(상권)정보_API (data.go.kr 15012005),202606,2026-10-04
GN-GIMHAE,김해시,세븐일레븐김해삼계,아이파크점,편의점,경상남도 김해시 해반천로144번길 35-26,경상남도 김해시 삼계동 1461-6,북부동,128.871241360231,35.2625260223591,MA010120220809914189,소상공인시장진흥공단_상가(상권)정보_API (data.go.kr 15012005),202606,2026-10-04
GN-GIMHAE,김해시,GS25장유,부영점,편의점,경상남도 김해시 부곡로 76,경상남도 김해시 부곡동 801-2,장유1동,128.800240426038,35.2099011670493,MA010120220812511040,소상공인시장진흥공단_상가(상권)정보_API (data.go.kr 15012005),202606,2026-10-04
GN-GIMHAE,김해시,세븐일레븐김해덕산금메달점,,편의점,경상남도 김해시 함박로119번길 18,경상남도 김해시 외동 1260-1,내외동,128.867710679464,35.23363451973,MA010120220814021874,소상공인시장진흥공단_상가(상권)정보_API (data.go.kr 15012005),202606,2026-10-04
GN-GIMHAE,김해시,GS25덕암공단점,,편의점,경상남도 김해시 주촌면 서부로1637번길 305,경상남도 김해시 주촌면 덕암리 881-2,주촌면,128.821523864485,35.2562105828827,MA010120220811269842,소상공인시장진흥공단_상가(상권)정보_API (data.go.kr 15012005),202606,2026-10-04
GN-GIMHAE,김해시,세븐일레븐김해,전하점,편의점,경상남도 김해시 전하로208번길 56-30,경상남도 김해시 전하동 20-6,칠산서부동,128.873206593477,35.2237806967638,MA010120220808619204,소상공인시장진흥공단_상가(상권)정보_API (data.go.kr 15012005),202606,2026-10-04
GN-GIMHAE,김해시,달크림아이스크림할인점,,편의점,경상남도 김해시 가야로 24,경상남도 김해시 삼계동 1413-2,북부동,128.863228965143,35.2696158592051,MA010120220800087513,소상공인시장진흥공단_상가(상권)정보_API (data.go.kr 15012005),202606,2026-10-04
GN-GIMHAE,김해시,씨유진영새,마을점,편의점,경상남도 김해시 진영읍 여래로 22,경상남도 김해시 진영읍 여래리 700-166,진영읍,128.734424217734,35.3043442763125,MA010120220809834327,소상공인시장진흥공단_상가(상권)정보_API (data.go.kr 15012005),202606,2026-10-04
GN-GIMHAE,김해시,세븐일레븐김해어방,본점,편의점,경상남도 김해시 인제로170번길 9-19,경상남도 김해시 어방동 529-10,활천동,128.904863472048,35.2446985898486,MA010120220811255255,소상공인시장진흥공단_상가(상권)정보_API (data.go.kr 15012005),202606,2026-10-04
GN-GIMHAE,김해시,씨유김해어방패밀리점,,편의점,경상남도 김해시 인제로39번길 6,경상남도 김해시 어방동 1105-6,활천동,128.904548235287,35.2321591251786,MA010120220807939424,소상공인시장진흥공단_상가(상권)정보_API (data.go.kr 15012005),202606,2026-10-04
GN-GIMHAE,김해시,씨유김해진영,스타점,편의점,경상남도 김해시 진영읍 진산대로26번길 13-3,경상남도 김해시 진영읍 진영리 1588-8,진영읍,128.725909252546,35.3087197968787,MA010120220814321761,소상공인시장진흥공단_상가(상권)정보_API (data.go.kr 15012005),202606,2026-10-04
GN-GIMHAE,김해시,지에스25외동상류점,,편의점,경상남도 김해시 금관대로1180번길 3-37,경상남도 김해시 외동 1234-6,내외동,128.854520939103,35.2322603084219,MA010120220800302317,소상공인시장진흥공단_상가(상권)정보_API (data.go.kr 15012005),202606,2026-10-04
GN-GIMHAE,김해시,씨스페이스김해,구산점,편의점,경상남도 김해시 구산로 38,경상남도 김해시 구산동 275-6,북부동,128.872679925072,35.2486435579512,MA010120220810185262,소상공인시장진흥공단_상가(상권)정보_API (data.go.kr 15012005),202606,2026-10-04
GN-GIMHAE,김해시,세븐일레븐김해부원원룸점,,편의점,경상남도 김해시 김해대로2325번길 28,경상남도 김해시 부원동 602-34,부원동,128.880911196518,35.2287979513136,MA010120220805462330,소상공인시장진흥공단_상가(상권)정보_API (data.go.kr 15012005),202606,2026-10-04
GN-GIMHAE,김해시,지에스25장유내덕점,,편의점,경상남도 김해시 내덕로 106,경상남도 김해시 내덕동 240-14,장유1동,128.819542001366,35.2068458722596,MA010120220812281033,소상공인시장진흥공단_상가(상권)정보_API (data.go.kr 15012005),202606,2026-10-04
GN-GIMHAE,김해시,세븐일레븐김해2층점,롯데아울렛,편의점,경상남도 김해시 장유로 469,경상남도 김해시 신문동 1414,장유1동,128.829605334294,35.1850654095607,MA010120220813155780,소상공인시장진흥공단_상가(상권)정보_API (data.go.kr 15012005),202606,2026-10-04
GN-GIMHAE,김해시,세븐장유중앙점주,코리아,편의점,경상남도 김해시 번화1로 77,경상남도 김해시 대청동 59-5,장유2동,128.799386801742,35.1941067585946,MA010120220811299232,소상공인시장진흥공단_상가(상권)정보_API (data.go.kr 15012005),202606,2026-10-04
GN-GIMHAE,김해시,GS25김해,하나점,편의점,경상남도 김해시 가락로16번길 12,경상남도 김해시 부원동 607-6,부원동,128.883833998265,35.2279053708454,MA010120220811241299,소상공인시장진흥공단_상가(상권)정보_API (data.go.kr 15012005),202606,2026-10-04
GN-GIMHAE,김해시,이마트24김해동상점,,편의점,경상남도 김해시 구지로211번길 20,경상남도 김해시 동상동 1120-16,동상동,128.885150303684,35.2396993961841,MA010120220803038245,소상공인시장진흥공단_상가(상권)정보_API (data.go.kr 15012005),202606,2026-10-04
GN-GIMHAE,김해시,GS25시장유내덕,중앙점,편의점,경상남도 김해시 내덕로86번길 19,경상남도 김해시 내덕동 237-5,장유1동,128.818624575336,35.2055889687072,MA010120220813533115,소상공인시장진흥공단_상가(상권)정보_API (data.go.kr 15012005),202606,2026-10-04
GN-GIMHAE,김해시,씨유진영한림풀에버점,,편의점,경상남도 김해시 진영읍 김해대로 256-1,경상남도 김해시 진영읍 진영리 1885,진영읍,128.719209032749,35.305895368864,MA010120220808259831,소상공인시장진흥공단_상가(상권)정보_API (data.go.kr 15012005),202606,2026-10-04
GN-GIMHAE,김해시,이마트24김해어방,분성점,편의점,경상남도 김해시 분성로517번길 23,경상남도 김해시 어방동 1129-12,활천동,128.90300480928,35.2375544466895,MA010120220808374675,소상공인시장진흥공단_상가(상권)정보_API (data.go.kr 15012005),202606,2026-10-04
GN-GIMHAE,김해시,세븐일레븐김해내동공원점,,편의점,경상남도 김해시 평전로 118,경상남도 김해시 내동 175-6,내외동,128.858360094737,35.2402219856247,MA010120220802948957,소상공인시장진흥공단_상가(상권)정보_API (data.go.kr 15012005),202606,2026-10-04
GN-GIMHAE,김해시,씨유동상사라점,,편의점,경상남도 김해시 호계로555번길 16,경상남도 김해시 동상동 1123-15,동상동,128.882491468582,35.2406239539389,MA010120220801523984,소상공인시장진흥공단_상가(상권)정보_API (data.go.kr 15012005),202606,2026-10-04
GN-GIMHAE,김해시,세븐일레븐장유삼문동행점,,편의점,경상남도 김해시 삼문로 44,경상남도 김해시 삼문동 579-3,장유2동,128.805204894123,35.1930919040562,MA010120220814034158,소상공인시장진흥공단_상가(상권)정보_API (data.go.kr 15012005),202606,2026-10-04
GN-GIMHAE,김해시,씨유장유,대청점,편의점,경상남도 김해시 번화1로67번길 2,경상남도 김해시 대청동 56-8,장유2동,128.799627299636,35.1935624613252,MA010120220811152843,소상공인시장진흥공단_상가(상권)정보_API (data.go.kr 15012005),202606,2026-10-04
GN-GIMHAE,김해시,이마트24R김해내동경보점,,편의점,경상남도 김해시 경원로73번길 15,경상남도 김해시 내동 1138-1,내외동,128.868148341896,35.2383499823556,MA010120220803258902,소상공인시장진흥공단_상가(상권)정보_API (data.go.kr 15012005),202606,2026-10-04
GN-GIMHAE,김해시,이마트24진영,대흥점,편의점,경상남도 김해시 진영읍 진영로 78,경상남도 김해시 진영읍 진영리 343-21,진영읍,128.721743370381,35.3040929486825,MA0101202209A0042104,소상공인시장진흥공단_상가(상권)정보_API (data.go.kr 15012005),202606,2026-10-04
GN-GIMHAE,김해시,씨유장유팔판,부영점,편의점,경상남도 김해시 덕정로 110,경상남도 김해시 관동동 452-1,장유3동,128.797231130781,35.1794761667805,MA010120220812937501,소상공인시장진흥공단_상가(상권)정보_API (data.go.kr 15012005),202606,2026-10-04
GN-GIMHAE,김해시,씨유명동,삼거리점,편의점,경상남도 김해시 한림면 한림로 52,경상남도 김해시 한림면 명동리 409-5,한림면,128.810208839903,35.2982407588353,MA010120220811273567,소상공인시장진흥공단_상가(상권)정보_API (data.go.kr 15012005),202606,2026-10-04
GN-GIMHAE,김해시,지에스25상동매리공단,,편의점,경상남도 김해시 상동면 상동로 885,경상남도 김해시 상동면 매리 238-11,상동면,128.962791126812,35.3181457294357,MA010120220811749504,소상공인시장진흥공단_상가(상권)정보_API (data.go.kr 15012005),202606,2026-10-04
GN-GIMHAE,김해시,세븐일레븐김해삼계신화점,,편의점,경상남도 김해시 해반천로130번길 19,경상남도 김해시 삼계동 1502-6,북부동,128.869482182143,35.2600839822656,MA010120220809705677,소상공인시장진흥공단_상가(상권)정보_API (data.go.kr 15012005),202606,2026-10-04
GN-GIMHAE,김해시,이마트24김해신세계점,,편의점,경상남도 김해시 분성로 216,경상남도 김해시 외동 1263-2,내외동,128.870376176916,35.2306104184016,MA010120220811931135,소상공인시장진흥공단_상가(상권)정보_API (data.go.kr 15012005),202606,2026-10-04
GN-GIMHAE,김해시,세븐김해장유부곡점,코리아,편의점,경상남도 김해시 장유로 226,경상남도 김해시 부곡동 1158-1,장유1동,128.808849582418,35.2039780944212,MA010120220813940512,소상공인시장진흥공단_상가(상권)정보_API (data.go.kr 15012005),202606,2026-10-04
GN-GIMHAE,김해시,지에스25내외함박점,,편의점,경상남도 김해시 내외로11번길 3-3,경상남도 김해시 내동 1102-8,내외동,128.859090615227,35.2366150227463,MA010120220805065047,소상공인시장진흥공단_상가(상권)정보_API (data.go.kr 15012005),202606,2026-10-04
GN-GIMHAE,김해시,지에스25삼방타운점,,편의점,경상남도 김해시 삼안로 223-1,경상남도 김해시 삼방동 688-11,삼안동,128.910852233949,35.2480556610654,MA010120220810448804,소상공인시장진흥공단_상가(상권)정보_API (data.go.kr 15012005),202606,2026-10-04
GN-GIMHAE,김해시,CU어방원룸점,,편의점,경상남도 김해시 활천로202번길 35,경상남도 김해시 어방동 506-1,활천동,128.900114947292,35.2393932142338,MA010120220805520080,소상공인시장진흥공단_상가(상권)정보_API (data.go.kr 15012005),202606,2026-10-04
GN-GIMHAE,김해시,지에스25진영비전점,,편의점,경상남도 김해시 진영읍 김해대로365번길 18,경상남도 김해시 진영읍 진영리 1613-1,진영읍,128.730312186167,35.3079359008887,MA010120220810466042,소상공인시장진흥공단_상가(상권)정보_API (data.go.kr 15012005),202606,2026-10-04
GN-GIMHAE,김해시,씨유장유횃불점,,편의점,경상남도 김해시 능동로21번길 4-4,경상남도 김해시 삼문동 79-1,장유2동,128.796037146574,35.1965446907194,MA010120220809397316,소상공인시장진흥공단_상가(상권)정보_API (data.go.kr 15012005),202606,2026-10-04
GN-GIMHAE,김해시,지에스25장유율현,마을점,편의점,경상남도 김해시 율하2로 162,경상남도 김해시 율하동 1403,장유3동,128.818523236003,35.1685330714355,MA010120220808564800,소상공인시장진흥공단_상가(상권)정보_API (data.go.kr 15012005),202606,2026-10-04
GN-GIMHAE,김해시,씨유진영죽곡점,,편의점,경상남도 김해시 진영읍 서부로 179,경상남도 김해시 진영읍 죽곡리 175,진영읍,128.769174910962,35.2816352960914,MA010120220805074927,소상공인시장진흥공단_상가(상권)정보_API (data.go.kr 15012005),202606,2026-10-04
GN-GIMHAE,김해시,이마트24김해주촌점,,편의점,경상남도 김해시 주촌면 주선로 154,경상남도 김해시 주촌면 선지리 312-6,주촌면,128.836856373824,35.2418660969402,MA010120220808015648,소상공인시장진흥공단_상가(상권)정보_API (data.go.kr 15012005),202606,2026-10-04
GN-GIMHAE,김해시,씨스페이스어방,가야점,편의점,경상남도 김해시 인제로170번길 15-6,경상남도 김해시 어방동 531-4,활천동,128.905804062371,35.2440529513377,MA010120220800755571,소상공인시장진흥공단_상가(상권)정보_API (data.go.kr 15012005),202606,2026-10-04
GN-GIMHAE,김해시,씨유진영,제일점,편의점,경상남도 김해시 진영읍 진영로 263-1,경상남도 김해시 진영읍 여래리 136-6,진영읍,128.741864250288,35.3021735702795,MA010120220811272276,소상공인시장진흥공단_상가(상권)정보_API (data.go.kr 15012005),202606,2026-10-04
GN-GIMHAE,김해시,세븐일레븐김해일동한신점,,편의점,경상남도 김해시 분성로 14-1,경상남도 김해시 외동 883,내외동,128.849031904577,35.2323803570357,MA010120220811250021,소상공인시장진흥공단_상가(상권)정보_API (data.go.kr 15012005),202606,2026-10-04
GN-GIMHAE,김해시,지에스25진례클레이아크점,,편의점,경상남도 김해시 진례면 진례로 277,경상남도 김해시 진례면 송정리 336-6,진례면,128.74744439739,35.2523557430159,MA010120220812379151,소상공인시장진흥공단_상가(상권)정보_API (data.go.kr 15012005),202606,2026-10-04
GN-GIMHAE,김해시,이마트24김해,전하점,편의점,경상남도 김해시 전하로161번길 10,경상남도 김해시 흥동 418-1,칠산서부동,128.865876263567,35.222118598833,MA010120220813522005,소상공인시장진흥공단_상가(상권)정보_API (data.go.kr 15012005),202606,2026-10-04
GN-GIMHAE,김해시,세븐일레븐김해위더스점,,편의점,경상남도 김해시 활천로267번길 8,경상남도 김해시 삼방동 182-4,삼안동,128.908670720301,35.243566182737,MA010120220811277666,소상공인시장진흥공단_상가(상권)정보_API (data.go.kr 15012005),202606,2026-10-04
GN-GIMHAE,김해시,지에스25,장유점,편의점,경상남도 김해시 장유로222번길 13,경상남도 김해시 부곡동 1159,장유1동,128.807673728006,35.2034369148669,MA010120220808796911,소상공인시장진흥공단_상가(상권)정보_API (data.go.kr 15012005),202606,2026-10-04
GN-GIMHAE,김해시,씨유장유갑오,부영점,편의점,경상남도 김해시 계동로 76-56,경상남도 김해시 대청동 334-4,장유2동,128.798042245282,35.18191540565,MA010120220804151416,소상공인시장진흥공단_상가(상권)정보_API (data.go.kr 15012005),202606,2026-10-04
GN-GIMHAE,김해시,세븐일레븐김해장유,부곡점,편의점,경상남도 김해시 장유로 226,경상남도 김해시 부곡동 1158-1,장유1동,128.808849582418,35.2039780944212,MA010120220805949641,소상공인시장진흥공단_상가(상권)정보_API (data.go.kr 15012005),202606,2026-10-04
GN-GIMHAE,김해시,지에스25율하,센터점,편의점,경상남도 김해시 율하6로 56,경상남도 김해시 장유동 826-4,장유3동,128.82410610463,35.1718196067361,MA010120220806547037,소상공인시장진흥공단_상가(상권)정보_API (data.go.kr 15012005),202606,2026-10-04
GN-GIMHAE,김해시,탑훼미리마트,,편의점,경상남도 김해시 생림면 나전로 174,경상남도 김해시 생림면 나전리 596-6,생림면,128.877059265133,35.2998979003792,MA010120220811270284,소상공인시장진흥공단_상가(상권)정보_API (data.go.kr 15012005),202606,2026-10-04
GN-GIMHAE,김해시,협성엘리시안부동산공인중개사사무소,,편의점,경상남도 김해시 분성로 4-1,경상남도 김해시 외동 1427,내외동,128.847548317057,35.2333132209316,MA010120220810646602,소상공인시장진흥공단_상가(상권)정보_API (data.go.kr 15012005),202606,2026-10-04
GN-GIMHAE,김해시,씨유진영그랜드점,,편의점,경상남도 김해시 진영읍 김해대로361번길 2,경상남도 김해시 진영읍 진영리 1614-9,진영읍,128.729830627661,35.3070055439505,MA010120220812543293,소상공인시장진흥공단_상가(상권)정보_API (data.go.kr 15012005),202606,2026-10-04
GN-GIMHAE,김해시,씨유내삼공단점,,편의점,경상남도 김해시 주촌면 서부로1499번길 5,경상남도 김해시 주촌면 내삼리 751,주촌면,128.81957188989,35.2313039196562,MA010120220814218426,소상공인시장진흥공단_상가(상권)정보_API (data.go.kr 15012005),202606,2026-10-04
GN-GIMHAE,김해시,이마트24김해지내동원점,,편의점,경상남도 김해시 김해대로2715번길 25,경상남도 김해시 지내동 327-15,불암동,128.922941821237,35.2301469650544,MA0101202210A0067074,소상공인시장진흥공단_상가(상권)정보_API (data.go.kr 15012005),202606,2026-10-04
GN-GIMHAE,김해시,이마트24김해외동,중앙점,편의점,경상남도 김해시 금관대로1180번길 39,경상남도 김해시 외동 1239-5,내외동,128.856398151754,35.2317358693351,MA010120220813316485,소상공인시장진흥공단_상가(상권)정보_API (data.go.kr 15012005),202606,2026-10-04
GN-GIMHAE,김해시,지에스25김해삼정점,,편의점,경상남도 김해시 인제로51번길 49,경상남도 김해시 삼정동 643-12,활천동,128.899574313096,35.2326969143052,MA010120220806859440,소상공인시장진흥공단_상가(상권)정보_API (data.go.kr 15012005),202606,2026-10-04
GN-GIMHAE,김해시,세븐일레븐김해율하네오점,,편의점,경상남도 김해시 율하3로 41,경상남도 김해시 율하동 1335-2,장유3동,128.814066526425,35.1719523961412,MA010120220805261691,소상공인시장진흥공단_상가(상권)정보_API (data.go.kr 15012005),202606,2026-10-04
GN-GIMHAE,김해시,GS25외동한신점,,편의점,경상남도 김해시 분성로 14-4,경상남도 김해시 외동 883,내외동,128.848765346678,35.2307983342425,MA010120220806908368,소상공인시장진흥공단_상가(상권)정보_API (data.go.kr 15012005),202606,2026-10-04
GN-GIMHAE,김해시,지에스25삼방,행운점,편의점,경상남도 김해시 활천로255번길 67,경상남도 김해시 삼방동 153-7,삼안동,128.906231986004,35.2482547148164,MA010120220809740684,소상공인시장진흥공단_상가(상권)정보_API (data.go.kr 15012005),202606,2026-10-04
GN-GIMHAE,김해시,지에스25장유한림점,,편의점,경상남도 김해시 율하3로 91,경상남도 김해시 관동동 1112-1,장유3동,128.816030279715,35.1758612239676,MA010120220805296829,소상공인시장진흥공단_상가(상권)정보_API (data.go.kr 15012005),202606,2026-10-04
GN-GIMHAE,김해시,씨유김해삼정인제로점,,편의점,경상남도 김해시 인제로39번길 35,경상남도 김해시 삼정동 650-15,활천동,128.90123041011,35.2316525690793,MA010120220802682259,소상공인시장진흥공단_상가(상권)정보_API (data.go.kr 15012005),202606,2026-10-04
GN-GIMHAE,김해시,GS25삼계,부영점,편의점,경상남도 김해시 삼계로 248,경상남도 김해시 삼계동 1428-2,북부동,128.866364880358,35.2678822974666,MA010120220811247471,소상공인시장진흥공단_상가(상권)정보_API (data.go.kr 15012005),202606,2026-10-04
GN-GIMHAE,김해시,이마트24진영하늬점,,편의점,경상남도 김해시 진영읍 김해대로244번길 7,경상남도 김해시 진영읍 진영리 597-1,진영읍,128.717311304792,35.306093568011,MA010120220803149586,소상공인시장진흥공단_상가(상권)정보_API (data.go.kr 15012005),202606,2026-10-04
GN-GIMHAE,김해시,이마트24김해센텀두산위브,,편의점,경상남도 김해시 주촌면 천곡로 26,경상남도 김해시 주촌면 천곡리 1531,주촌면,128.8373552573,35.2367127176086,MA010120220812543119,소상공인시장진흥공단_상가(상권)정보_API (data.go.kr 15012005),202606,2026-10-04
GN-GIMHAE,김해시,GS25진영타운점,,편의점,경상남도 김해시 진영읍 김해대로349번길 6,경상남도 김해시 진영읍 진영리 1607-7,진영읍,128.728397577193,35.3073414597609,MA010120220811252188,소상공인시장진흥공단_상가(상권)정보_API (data.go.kr 15012005),202606,2026-10-04
GN-GIMHAE,김해시,세븐김해활천점주,코리아,편의점,경상남도 김해시 분성로517번길 6-4,경상남도 김해시 어방동 1093-1,활천동,128.902714385134,35.2359368889176,MA010120220811299081,소상공인시장진흥공단_상가(상권)정보_API (data.go.kr 15012005),202606,2026-10-04
GN-GIMHAE,김해시,미니스톱장유대청,,편의점,경상남도 김해시 번화1로68번길 15,경상남도 김해시 대청동 68-7,장유2동,128.801526305628,35.19404790373,MA010120220813413773,소상공인시장진흥공단_상가(상권)정보_API (data.go.kr 15012005),202606,2026-10-04
GN-GIMHAE,김해시,지에스25김해구산로점,,편의점,경상남도 김해시 구산로27번길 4-2,경상남도 김해시 구산동 1070-1,북부동,128.871755587107,35.2490543837813,MA0101202210A0007109,소상공인시장진흥공단_상가(상권)정보_API (data.go.kr 15012005),202606,2026-10-04
GN-GIMHAE,김해시,지에스25김해새롬점,,편의점,경상남도 김해시 분성로727번길 7,경상남도 김해시 지내동 313-9,불암동,128.921931123856,35.2315328130615,MA010120220812528713,소상공인시장진흥공단_상가(상권)정보_API (data.go.kr 15012005),202606,2026-10-04
GN-GIMHAE,김해시,지에스25서김해,산단점,편의점,경상남도 김해시 서김해산단로 6,경상남도 김해시 풍유동 1004-4,칠산서부동,128.844111593718,35.2100698109199,MA010120220810963023,소상공인시장진흥공단_상가(상권)정보_API (data.go.kr 15012005),202606,2026-10-04
GN-GIMHAE,김해시,이마트24진영하계공단점,,편의점,경상남도 김해시 진영읍 하계로138번길 103,경상남도 김해시 진영읍 하계리 480-1,진영읍,128.725554835712,35.2801206858647,MA010120220811275596,소상공인시장진흥공단_상가(상권)정보_API (data.go.kr 15012005),202606,2026-10-04
GN-GIMHAE,김해시,세븐일레븐장유무계점,,편의점,경상남도 김해시 장유로301번길 5,경상남도 김해시 무계동 191-72,장유1동,128.815132522857,35.2001440622646,MA010120220813489874,소상공인시장진흥공단_상가(상권)정보_API (data.go.kr 15012005),202606,2026-10-04
GN-GIMHAE,김해시,이마트24장유무계점,,편의점,경상남도 김해시 장유로 303,경상남도 김해시 무계동 221,장유1동,128.815524983307,35.1995253604675,MA010120220803191984,소상공인시장진흥공단_상가(상권)정보_API (data.go.kr 15012005),202606,2026-10-04
GN-GIMHAE,김해시,GS25진영래온빌점,,편의점,경상남도 김해시 진영읍 김해대로332번길 37-4,경상남도 김해시 진영읍 진영리 1555,진영읍,128.723851861454,35.3055408744521,MA010120220811271538,소상공인시장진흥공단_상가(상권)정보_API (data.go.kr 15012005),202606,2026-10-04
GN-GIMHAE,김해시,씨유동,김해점,편의점,경상남도 김해시 인제로170번길 9-26,경상남도 김해시 어방동 522-8,활천동,128.90529932146,35.2450161511751,MA010120220811243998,소상공인시장진흥공단_상가(상권)정보_API (data.go.kr 15012005),202606,2026-10-04
GN-GIMHAE,김해시,씨유진영,중흥점,편의점,경상남도 김해시 진영읍 장등로 91,경상남도 김해시 진영읍 진영리 1611-3,진영읍,128.73331351795,35.3120564484564,MA0101202210A0022636,소상공인시장진흥공단_상가(상권)정보_API (data.go.kr 15012005),202606,2026-10-04
GN-GIMHAE,김해시,세븐일레븐김해삼정로또점,,편의점,경상남도 김해시 활천로10번길 19,경상남도 김해시 삼정동 607-13,활천동,128.896046948946,35.2288501173474,MA010120220800144232,소상공인시장진흥공단_상가(상권)정보_API (data.go.kr 15012005),202606,2026-10-04
GN-GIMHAE,김해시,씨유김해외동함박점,,편의점,경상남도 김해시 함박로45번길 27,경상남도 김해시 외동 1197-10,내외동,128.857815736998,35.2351386310763,MA010120220806571700,소상공인시장진흥공단_상가(상권)정보_API (data.go.kr 15012005),202606,2026-10-04
GN-GIMHAE,김해시,씨유빙그레휴게소점,,편의점,경상남도 김해시 한림면 김해대로 910,경상남도 김해시 한림면 병동리 980-7,한림면,128.782936310946,35.2932298282404,MA010120220810330523,소상공인시장진흥공단_상가(상권)정보_API (data.go.kr 15012005),202606,2026-10-04
GN-GIMHAE,김해시,세븐일레븐김해주촌,강변점,편의점,경상남도 김해시 주촌면 서부로1637번길 35,경상남도 김해시 주촌면 천곡리 9-2,주촌면,128.830834445155,35.2398125325535,MA010120220812490349,소상공인시장진흥공단_상가(상권)정보_API (data.go.kr 15012005),202606,2026-10-04
GN-GIMHAE,김해시,지에스25삼계,화정점,편의점,경상남도 김해시 삼계중앙로5번길 13,경상남도 김해시 삼계동 1436-19,북부동,128.865296167041,35.261527416636,MA010120220813888909,소상공인시장진흥공단_상가(상권)정보_API (data.go.kr 15012005),202606,2026-10-04
GN-GIMHAE,김해시,세븐김해덕산금메달점,코리아,편의점,경상남도 김해시 함박로119번길 18,경상남도 김해시 외동 1260-1,내외동,128.867710679464,35.23363451973,MA010120220802975237,소상공인시장진흥공단_상가(상권)정보_API (data.go.kr 15012005),202606,2026-10-04
GN-GIMHAE,김해시,씨유내동한진점,,편의점,경상남도 김해시 평전로 214,경상남도 김해시 내동 129-1,내외동,128.865215649684,35.2460282770699,MA010120220811239436,소상공인시장진흥공단_상가(상권)정보_API (data.go.kr 15012005),202606,2026-10-04
GN-GIMHAE,김해시,지에스25김해해반천로점,,편의점,경상남도 김해시 해반천로144번길 12,경상남도 김해시 삼계동 1489-1,북부동,128.868645133743,35.2609530403294,MA010120220804918631,소상공인시장진흥공단_상가(상권)정보_API (data.go.kr 15012005),202606,2026-10-04
GN-GIMHAE,김해시,지에스25삼계부전점,,편의점,경상남도 김해시 해반천로144번길 36,경상남도 김해시 삼계동 1487-4,북부동,128.871364882942,35.2612083844772,MA010120220806439531,소상공인시장진흥공단_상가(상권)정보_API (data.go.kr 15012005),202606,2026-10-04
GN-GIMHAE,김해시,지에스25유나,행복점,편의점,경상남도 김해시 삼안로310번길 12-24,경상남도 김해시 삼방동 563-11,삼안동,128.906080643495,35.2530513677092,MA010120220805302975,소상공인시장진흥공단_상가(상권)정보_API (data.go.kr 15012005),202606,2026-10-04
GN-GIMHAE,김해시,블루25,,편의점,경상남도 김해시 율하3로 14,경상남도 김해시 율하동 1346-1,장유3동,128.812554474178,35.1695958565931,MA010120220810966361,소상공인시장진흥공단_상가(상권)정보_API (data.go.kr 15012005),202606,2026-10-04
GN-GIMHAE,김해시,GS25김해삼방쉼터점,,편의점,경상남도 김해시 삼안로172번길 12-4,경상남도 김해시 삼방동 239-7,삼안동,128.913958645796,35.243743985701,MA010120220811238627,소상공인시장진흥공단_상가(상권)정보_API (data.go.kr 15012005),202606,2026-10-04
GN-GIMHAE,김해시,세븐김해서상점주,코리아,편의점,경상남도 김해시 분성로 330-17,경상남도 김해시 서상동 114-4,회현동,128.882689102841,35.2334925121146,MA010120220811298505,소상공인시장진흥공단_상가(상권)정보_API (data.go.kr 15012005),202606,2026-10-04
GN-GIMHAE,김해시,씨유김해삼방교점,,편의점,경상남도 김해시 인제로 282,경상남도 김해시 삼방동 553-1,삼안동,128.902662628209,35.253465646884,MA010120220808610124,소상공인시장진흥공단_상가(상권)정보_API (data.go.kr 15012005),202606,2026-10-04
GN-GIMHAE,김해시,이마트24,,편의점,경상남도 김해시 진영읍 진영로 78,경상남도 김해시 진영읍 진영리 343-21,진영읍,128.721743370381,35.3040929486825,MA010120220812095070,소상공인시장진흥공단_상가(상권)정보_API (data.go.kr 15012005),202606,2026-10-04
GN-GIMHAE,김해시,씨유김해외동한신점,,편의점,경상남도 김해시 분성로48번길 1,경상남도 김해시 외동 1029-12,내외동,128.852557744679,35.2319028689097,MA010120220804948964,소상공인시장진흥공단_상가(상권)정보_API (data.go.kr 15012005),202606,2026-10-04
GN-GIMHAE,김해시,세븐김해부원스타점,코리아,편의점,경상남도 김해시 가락로 49-1,경상남도 김해시 부원동 838-2,부원동,128.88185996378,35.2308829618993,MA010120220811298497,소상공인시장진흥공단_상가(상권)정보_API (data.go.kr 15012005),202606,2026-10-04
GN-GIMHAE,김해시,GS24시,,편의점,경상남도 김해시 전하로 222,경상남도 김해시 전하동 10-1,칠산서부동,128.871504729896,35.2237980161074,MA010120220811268544,소상공인시장진흥공단_상가(상권)정보_API (data.go.kr 15012005),202606,2026-10-04
GN-GIMHAE,김해시,CU내동수인점,,편의점,경상남도 김해시 평전로 172,경상남도 김해시 내동 150-1,내외동,128.8623570577,35.2435219564473,MA010120220807749771,소상공인시장진흥공단_상가(상권)정보_API (data.go.kr 15012005),202606,2026-10-04
GN-GIMHAE,김해시,세븐일레븐김해부원,스타점,편의점,경상남도 김해시 가락로 49-1,경상남도 김해시 부원동 838-2,부원동,128.88185996378,35.2308829618993,MA010120220804662496,소상공인시장진흥공단_상가(상권)정보_API (data.go.kr 15012005),202606,2026-10-04
GN-GIMHAE,김해시,세븐김해서상점,,편의점,경상남도 김해시 분성로 330-17,경상남도 김해시 서상동 114-4,회현동,128.882689102841,35.2334925121146,MA010120220811271031,소상공인시장진흥공단_상가(상권)정보_API (data.go.kr 15012005),202606,2026-10-04
GN-GIMHAE,김해시,세븐일레븐김해동상,골드점,편의점,경상남도 김해시 호계로555번길 1,경상남도 김해시 동상동 1125-8,동상동,128.883663623721,35.240010929524,MA010120220807142091,소상공인시장진흥공단_상가(상권)정보_API (data.go.kr 15012005),202606,2026-10-04
GN-GIMHAE,김해시,지에스25장유내덕,중앙점,편의점,경상남도 김해시 내덕로86번길 19,경상남도 김해시 내덕동 237-5,장유1동,128.818634948872,35.2055617768712,MA0101202209A0061396,소상공인시장진흥공단_상가(상권)정보_API (data.go.kr 15012005),202606,2026-10-04
GN-GIMHAE,김해시,세븐일레븐죽곡OB점,,편의점,경상남도 김해시 진영읍 서부로 165,경상남도 김해시 진영읍 죽곡리 169,진영읍,128.769470951758,35.2826132698361,MA0106202210A1140141,소상공인시장진흥공단_상가(상권)정보_API (data.go.kr 15012005),202606,2026-10-04
GN-GIMHAE,김해시,이마트24R진영자이,오천점,편의점,경상남도 김해시 진영읍 김해대로361번길 35,경상남도 김해시 진영읍 진영리 1610,진영읍,128.72955091732,35.3098753618947,MA0101202209A0085046,소상공인시장진흥공단_상가(상권)정보_API (data.go.kr 15012005),202606,2026-10-04
GN-GIMHAE,김해시,혜현편의점,,편의점,경상남도 김해시 반룡로 87-12,경상남도 김해시 삼문동 583-7,장유2동,128.808633743198,35.1907787084373,MA010120220805476388,소상공인시장진흥공단_상가(상권)정보_API (data.go.kr 15012005),202606,2026-10-04
GN-GIMHAE,김해시,세븐김해서상중앙점주,코리아,편의점,경상남도 김해시 분성로 321,경상남도 김해시 서상동 154,회현동,128.881121297316,35.2336160262447,MA010120220811298870,소상공인시장진흥공단_상가(상권)정보_API (data.go.kr 15012005),202606,2026-10-04
GN-GIMHAE,김해시,케이마트,,편의점,경상남도 김해시 분성로376번길 29,경상남도 김해시 부원동 18-5,부원동,128.887303357538,35.2316452971541,MA010120220806540402,소상공인시장진흥공단_상가(상권)정보_API (data.go.kr 15012005),202606,2026-10-04
GN-GIMHAE,김해시,씨유김해내외로점,,편의점,경상남도 김해시 내외로11번길 11-4,경상남도 김해시 내동 1105-5,내외동,128.859795741266,35.2371899589166,MA010120220802836459,소상공인시장진흥공단_상가(상권)정보_API (data.go.kr 15012005),202606,2026-10-04
GN-GIMHAE,김해시,씨유진영봉하점,,편의점,경상남도 김해시 한림면 장방로 53,경상남도 김해시 한림면 가산리 634-3,한림면,128.762661401659,35.3193102731446,MA010120220811165058,소상공인시장진흥공단_상가(상권)정보_API (data.go.kr 15012005),202606,2026-10-04
GN-GIMHAE,김해시,GS25인제대유어스점,,편의점,경상남도 김해시 인제로 197,경상남도 김해시 삼방동 248,삼안동,128.900515876304,35.2528054849189,MA010120220800636843,소상공인시장진흥공단_상가(상권)정보_API (data.go.kr 15012005),202606,2026-10-04
GN-GIMHAE,김해시,씨유두원켐테크점,,편의점,경상남도 김해시 진영읍 본산로 200,경상남도 김해시 진영읍 본산리 303-1,진영읍,128.747436416089,35.315908516556,MA010120220810696084,소상공인시장진흥공단_상가(상권)정보_API (data.go.kr 15012005),202606,2026-10-04
GN-GIMHAE,김해시,더조은할인마트,,편의점,경상남도 김해시 인제로220번길 5,경상남도 김해시 삼방동 143-6,삼안동,128.905044928184,35.2482283543585,MA010120220810069815,소상공인시장진흥공단_상가(상권)정보_API (data.go.kr 15012005),202606,2026-10-04
GN-GIMHAE,김해시,씨유율하센트럴,스타점,편의점,경상남도 김해시 율하6로 55,경상남도 김해시 장유동 842-1,장유3동,128.823908314788,35.1713179122705,MA010120220800142135,소상공인시장진흥공단_상가(상권)정보_API (data.go.kr 15012005),202606,2026-10-04
GN-GIMHAE,김해시,씨유생림봉림점,,편의점,경상남도 김해시 생림면 봉림로 30,경상남도 김해시 생림면 봉림리 633-3,생림면,128.849162413656,35.3270477666917,MA010120220811257839,소상공인시장진흥공단_상가(상권)정보_API (data.go.kr 15012005),202606,2026-10-04
GN-GIMHAE,김해시,세븐장유삼문동행점,코리아,편의점,경상남도 김해시 삼문로 44,경상남도 김해시 삼문동 579-3,장유2동,128.805204894123,35.1930919040562,MA010120220808412110,소상공인시장진흥공단_상가(상권)정보_API (data.go.kr 15012005),202606,2026-10-04
GN-GIMHAE,김해시,세븐일레븐김해부원SK점,,편의점,경상남도 김해시 호계로 282,경상남도 김해시 부원동 461,부원동,128.888293468682,35.2160753982727,MA010120220800682487,소상공인시장진흥공단_상가(상권)정보_API (data.go.kr 15012005),202606,2026-10-04
GN-GIMHAE,김해시,GS25아이,스퀘어점,편의점,경상남도 김해시 김해대로 2342,경상남도 김해시 부원동 1043,부원동,128.882972007576,35.2257739655791,MA010120220810689823,소상공인시장진흥공단_상가(상권)정보_API (data.go.kr 15012005),202606,2026-10-04
GN-GIMHAE,김해시,씨유장유월산점,,편의점,경상남도 김해시 월산로 117,경상남도 김해시 부곡동 803-2,장유1동,128.801710598352,35.2053732825113,MA010120220809785350,소상공인시장진흥공단_상가(상권)정보_API (data.go.kr 15012005),202606,2026-10-04
GN-GIMHAE,김해시,씨유김해삼계예스점,,편의점,경상남도 김해시 해반천로168번길 7,경상남도 김해시 삼계동 1439-4,북부동,128.868530197764,35.2640819216022,MA010120220813658646,소상공인시장진흥공단_상가(상권)정보_API (data.go.kr 15012005),202606,2026-10-04
GN-GIMHAE,김해시,씨유봉하대통점,,편의점,경상남도 김해시 진영읍 봉하로 24,경상남도 김해시 진영읍 본산리 121-210,진영읍,128.760348697379,35.3145766587279,MA010120220811627504,소상공인시장진흥공단_상가(상권)정보_API (data.go.kr 15012005),202606,2026-10-04
GN-GIMHAE,김해시,GS25진영좌곤점,,편의점,경상남도 김해시 진영읍 김해대로 54,경상남도 김해시 진영읍 좌곤리 368-6,진영읍,128.707962537846,35.2928250855273,MA010120220812213901,소상공인시장진흥공단_상가(상권)정보_API (data.go.kr 15012005),202606,2026-10-04
GN-GIMHAE,김해시,지에스25내동한진점,,편의점,경상남도 김해시 평전로 213,경상남도 김해시 내동 121-5,내외동,128.865393787714,35.2466113014028,MA0101202603A0010831,소상공인시장진흥공단_상가(상권)정보_API (data.go.kr 15012005),202606,2026-10-04
GN-GIMHAE,김해시,세븐일레븐김해명동대로점,,편의점,경상남도 김해시 한림면 한림로 138,경상남도 김해시 한림면 명동리 59-1,한림면,128.807671689778,35.3052539148526,MA010120220808549349,소상공인시장진흥공단_상가(상권)정보_API (data.go.kr 15012005),202606,2026-10-04
GN-GIMHAE,김해시,세븐김해장유점,코리아,편의점,경상남도 김해시 계동로 15,경상남도 김해시 관동동 451-3,장유3동,128.795700361294,35.1777505366203,MA010120220813485984,소상공인시장진흥공단_상가(상권)정보_API (data.go.kr 15012005),202606,2026-10-04
GN-GIMHAE,김해시,지에스25율하,스타점,편의점,경상남도 김해시 율하숲길 16,경상남도 김해시 장유동 843-2,장유3동,128.823692513051,35.1705010675546,MA010120220805086538,소상공인시장진흥공단_상가(상권)정보_API (data.go.kr 15012005),202606,2026-10-04
GN-GIMHAE,김해시,GS25어방,플러스점,편의점,경상남도 김해시 활천로214번길 39,경상남도 김해시 어방동 365-5,활천동,128.90145732736,35.2390206648741,MA010120220811245419,소상공인시장진흥공단_상가(상권)정보_API (data.go.kr 15012005),202606,2026-10-04
GN-GIMHAE,김해시,씨유장유엔트로점,,편의점,경상남도 김해시 대청로210번길 24,경상남도 김해시 대청동 61-1,장유2동,128.797405167788,35.1938568223787,MA010120220811268684,소상공인시장진흥공단_상가(상권)정보_API (data.go.kr 15012005),202606,2026-10-04
GN-GIMHAE,김해시,지에스25김해캐스빌점,,편의점,경상남도 김해시 김해대로1902번길 88,경상남도 김해시 구산동 1077,북부동,128.866926842462,35.2497508146869,MA010120220805515458,소상공인시장진흥공단_상가(상권)정보_API (data.go.kr 15012005),202606,2026-10-04
GN-GIMHAE,김해시,세븐일레븐장유,중앙점,편의점,경상남도 김해시 번화1로 77,경상남도 김해시 대청동 59-5,장유2동,128.799386801742,35.1941067585946,MA010120220811279425,소상공인시장진흥공단_상가(상권)정보_API (data.go.kr 15012005),202606,2026-10-04
GN-GIMHAE,김해시,블루25부원점,,편의점,경상남도 김해시 호계로 424,경상남도 김해시 부원동 616-7,부원동,128.885336093383,35.2282694868576,MA010120220811256995,소상공인시장진흥공단_상가(상권)정보_API (data.go.kr 15012005),202606,2026-10-04
GN-GIMHAE,김해시,미니스톱장유부곡,,편의점,경상남도 김해시 월산로 111-43,경상남도 김해시 부곡동 804-1,장유1동,128.800728233049,35.2036485796934,MA010120220800517957,소상공인시장진흥공단_상가(상권)정보_API (data.go.kr 15012005),202606,2026-10-04
GN-GIMHAE,김해시,세븐일레븐김해거북공원점,,편의점,경상남도 김해시 내외로77번길 12,경상남도 김해시 내동 1117-1,내외동,128.866097310365,35.2356059767302,MA010120220811270520,소상공인시장진흥공단_상가(상권)정보_API (data.go.kr 15012005),202606,2026-10-04
GN-GIMHAE,김해시,지에스25장유,CGV점,편의점,경상남도 김해시 삼문로 12,경상남도 김해시 대청동 302-5,장유2동,128.802127452611,35.1919391517883,MA010120220809401767,소상공인시장진흥공단_상가(상권)정보_API (data.go.kr 15012005),202606,2026-10-04
GN-GIMHAE,김해시,이마트24김해대청계곡점,,편의점,경상남도 김해시 대청계곡길 167,경상남도 김해시 대청동 800-53,장유2동,128.776974648732,35.1837945268304,MA010120220803855997,소상공인시장진흥공단_상가(상권)정보_API (data.go.kr 15012005),202606,2026-10-04
GN-GIMHAE,김해시,씨유장유세영점,,편의점,경상남도 김해시 덕정로138번안길 44,경상남도 김해시 관동동 469-7,장유3동,128.802945399555,35.1762910691801,MA010120220813523113,소상공인시장진흥공단_상가(상권)정보_API (data.go.kr 15012005),202606,2026-10-04
GN-GIMHAE,김해시,장유온천편의점,,편의점,경상남도 김해시 대청로104번길 84,경상남도 김해시 삼문동 562-12,장유2동,128.807251563477,35.1878524136891,MA010120220811274419,소상공인시장진흥공단_상가(상권)정보_API (data.go.kr 15012005),202606,2026-10-04
GN-GIMHAE,김해시,세븐김해진영원룸점,코리아,편의점,경상남도 김해시 진영읍 김해대로321번길 6,경상남도 김해시 진영읍 진영리 1595-7,진영읍,128.725280268136,35.3075752375784,MA010120220812662948,소상공인시장진흥공단_상가(상권)정보_API (data.go.kr 15012005),202606,2026-10-04
GN-GIMHAE,김해시,GS25삼방타운점,,편의점,경상남도 김해시 삼안로 223-1,경상남도 김해시 삼방동 688-11,삼안동,128.910852233949,35.2480556610654,MA0106202201A1692118,소상공인시장진흥공단_상가(상권)정보_API (data.go.kr 15012005),202606,2026-10-04
GN-GIMHAE,김해시,씨유김해동상,제일점,편의점,경상남도 김해시 호계로 501,경상남도 김해시 동상동 928-4,동상동,128.884278914569,35.2352701337847,MA010120220812726185,소상공인시장진흥공단_상가(상권)정보_API (data.go.kr 15012005),202606,2026-10-04
GN-GIMHAE,김해시,씨유진영진산대로점,,편의점,경상남도 김해시 진영읍 진산대로 199,경상남도 김해시 진영읍 진영리 319-106,진영읍,128.721482369777,35.3213456475011,MA010120220812485582,소상공인시장진흥공단_상가(상권)정보_API (data.go.kr 15012005),202606,2026-10-04
GN-GIMHAE,김해시,씨유김해덕암,산단점,편의점,경상남도 김해시 주촌면 서부로1637번안길 4,경상남도 김해시 주촌면 덕암리 493-1,주촌면,128.823409964922,35.2570292881309,MA010120220812479507,소상공인시장진흥공단_상가(상권)정보_API (data.go.kr 15012005),202606,2026-10-04
GN-GIMHAE,김해시,씨유진영,삼성점,편의점,경상남도 김해시 진영읍 김해대로332번길 3,경상남도 김해시 진영읍 진영리 1523,진영읍,128.726148302857,35.306517454273,MA010120220810303093,소상공인시장진흥공단_상가(상권)정보_API (data.go.kr 15012005),202606,2026-10-04
GN-GIMHAE,김해시,씨유율하,신도시점,편의점,경상남도 김해시 율하2로 198,경상남도 김해시 율하동 1405,장유3동,128.821572871573,35.1709294997093,MA010120220800161628,소상공인시장진흥공단_상가(상권)정보_API (data.go.kr 15012005),202606,2026-10-04
GN-GIMHAE,김해시,씨유지내다온점,,편의점,경상남도 김해시 분성로691번길 4-3,경상남도 김해시 지내동 391-1,불암동,128.921510373916,35.2346485588865,MA010120220811270224,소상공인시장진흥공단_상가(상권)정보_API (data.go.kr 15012005),202606,2026-10-04
GN-GIMHAE,김해시,이마트24김해한라비발디점,,편의점,경상남도 김해시 가락로332번길 13,경상남도 김해시 구산동 576,북부동,128.872097457185,35.2548437071227,MA010120220810322624,소상공인시장진흥공단_상가(상권)정보_API (data.go.kr 15012005),202606,2026-10-04
GN-GIMHAE,김해시,씨유장유무계서희점,,편의점,경상남도 김해시 장유로307번길 15,경상남도 김해시 무계동 194-1,장유1동,128.816765879606,35.2000294399178,MA010120220806538269,소상공인시장진흥공단_상가(상권)정보_API (data.go.kr 15012005),202606,2026-10-04
GN-GIMHAE,김해시,이마트24김해,대동점,편의점,경상남도 김해시 대동면 대동로 534,경상남도 김해시 대동면 초정리 348-1,대동면,128.973301223022,35.2433854028067,MA010120220811752700,소상공인시장진흥공단_상가(상권)정보_API (data.go.kr 15012005),202606,2026-10-04
GN-GIMHAE,김해시,지에스25삼문예가점,,편의점,경상남도 김해시 삼문로59번길 3,경상남도 김해시 삼문동 572-12,장유2동,128.806803807947,35.1939061706974,MA010120220807365228,소상공인시장진흥공단_상가(상권)정보_API (data.go.kr 15012005),202606,2026-10-04
GN-GIMHAE,김해시,GS25뉴장유,대청점,편의점,경상남도 김해시 번화1로 72,경상남도 김해시 대청동 68-1,장유2동,128.800085417106,35.1939251441676,MA010120220812366640,소상공인시장진흥공단_상가(상권)정보_API (data.go.kr 15012005),202606,2026-10-04
GN-GIMHAE,김해시,지에스25렛츠런부경2층,,편의점,경상남도 김해시 가락대로 929-1,경상남도 김해시 수가동 1333,장유3동,128.872240252418,35.1563324005532,MA010120220811266325,소상공인시장진흥공단_상가(상권)정보_API (data.go.kr 15012005),202606,2026-10-04
GN-GIMHAE,김해시,지에스25,김해내외점,편의점,경상남도 김해시 내외로95번길 23,경상남도 김해시 내동 1142-1,내외동,128.867835196251,35.2366695978334,MA010120220802740153,소상공인시장진흥공단_상가(상권)정보_API (data.go.kr 15012005),202606,2026-10-04
GN-GIMHAE,김해시,세븐일레븐김해중부포돌이점,,편의점,경상남도 김해시 김해대로2301번길 9,경상남도 김해시 봉황동 17-14,회현동,128.878286672097,35.2269101793088,MA010120220808246859,소상공인시장진흥공단_상가(상권)정보_API (data.go.kr 15012005),202606,2026-10-04
GN-GIMHAE,김해시,씨유김해활천점로또,,편의점,경상남도 김해시 인제로91번길 8,경상남도 김해시 어방동 1131-8,활천동,128.90362354631,35.2367696983374,MA010120220813035334,소상공인시장진흥공단_상가(상권)정보_API (data.go.kr 15012005),202606,2026-10-04
GN-GIMHAE,김해시,지에스25김해병동공단점,,편의점,경상남도 김해시 한림면 김해대로916번길 131,경상남도 김해시 한림면 병동리 788-10,한림면,128.791707838307,35.2852507852728,MA0101202512A0006589,소상공인시장진흥공단_상가(상권)정보_API (data.go.kr 15012005),202606,2026-10-04
GN-GIMHAE,김해시,이마트24진영,중앙점,편의점,경상남도 김해시 진영읍 김해대로335번길 5,경상남도 김해시 진영읍 진영리 1598-8,진영읍,128.726554031314,35.3075029815983,MA0101202511A0020580,소상공인시장진흥공단_상가(상권)정보_API (data.go.kr 15012005),202606,2026-10-04
GN-GIMHAE,김해시,GS25삼계부영6차점,,편의점,경상남도 김해시 김해대로 1864,경상남도 김해시 삼계동 1435,북부동,128.863709326972,35.26180420805,MA010120220811264414,소상공인시장진흥공단_상가(상권)정보_API (data.go.kr 15012005),202606,2026-10-04
GN-GIMHAE,김해시,이마트24,,편의점,경상남도 김해시 경원로73번길 15,경상남도 김해시 내동 1138-1,내외동,128.868148341896,35.2383499823556,MA010120220812456430,소상공인시장진흥공단_상가(상권)정보_API (data.go.kr 15012005),202606,2026-10-04
GN-GIMHAE,김해시,씨유김해진례,테크노점,편의점,경상남도 김해시 진례면 테크노밸리로 45,경상남도 김해시 진례면 고모리 1573-2,진례면,128.766644118185,35.268848237233,MA010120220805115582,소상공인시장진흥공단_상가(상권)정보_API (data.go.kr 15012005),202606,2026-10-04
GN-GIMHAE,김해시,GS25김해삼안로점,,편의점,경상남도 김해시 삼안로 314,경상남도 김해시 삼방동 566-4,삼안동,128.90465342542,35.2521546454905,MA010120220811276807,소상공인시장진흥공단_상가(상권)정보_API (data.go.kr 15012005),202606,2026-10-04
GN-GIMHAE,김해시,E마트24시김해,내동점,편의점,경상남도 김해시 우암로 123,경상남도 김해시 내동 1085-14,내외동,128.864827888668,35.2406091124072,MA010120220811259464,소상공인시장진흥공단_상가(상권)정보_API (data.go.kr 15012005),202606,2026-10-04
GN-GIMHAE,김해시,이마트24김해,터미널점,편의점,경상남도 김해시 김해대로 2232,경상남도 김해시 외동 1264,내외동,128.872247034182,35.2293378483044,MA010120220806968711,소상공인시장진흥공단_상가(상권)정보_API (data.go.kr 15012005),202606,2026-10-04
GN-GIMHAE,김해시,씨유김해테크노,프라자점,편의점,경상남도 김해시 진례면 테크노밸리1로 196-43,경상남도 김해시 진례면 고모리 1565-1,진례면,128.770283821041,35.2785549976428,MA010120220808320712,소상공인시장진흥공단_상가(상권)정보_API (data.go.kr 15012005),202606,2026-10-04
GN-GIMHAE,김해시,지에스25뉴내동생명점,,편의점,경상남도 김해시 평전로93번길 1,경상남도 김해시 외동 672-3,내외동,128.856456609379,35.2386380797735,MA010120220804153453,소상공인시장진흥공단_상가(상권)정보_API (data.go.kr 15012005),202606,2026-10-04
GN-GIMHAE,김해시,씨유인제대원룸점,,편의점,경상남도 김해시 활천로255번길 46,경상남도 김해시 삼방동 172-1,삼안동,128.906130887816,35.2462827264264,MA010120220812794168,소상공인시장진흥공단_상가(상권)정보_API (data.go.kr 15012005),202606,2026-10-04
GN-GIMHAE,김해시,씨유김해삼계,삼성점,편의점,경상남도 김해시 삼계중앙로 36,경상남도 김해시 삼계동 1502-2,북부동,128.868980879553,35.2602629537673,MA010120220809335221,소상공인시장진흥공단_상가(상권)정보_API (data.go.kr 15012005),202606,2026-10-04
GN-GIMHAE,김해시,이마트24장유,부곡점,편의점,경상남도 김해시 장유로 194,경상남도 김해시 부곡동 809-7,장유1동,128.806515254904,35.2061578137086,MA010120220814261645,소상공인시장진흥공단_상가(상권)정보_API (data.go.kr 15012005),202606,2026-10-04
GN-GIMHAE,김해시,지에스25장유,쌍용점,편의점,경상남도 김해시 장유로 360,경상남도 김해시 신문동 530-2,장유1동,128.815474936697,35.1943171690526,MA010120220808716426,소상공인시장진흥공단_상가(상권)정보_API (data.go.kr 15012005),202606,2026-10-04
GN-GIMHAE,김해시,씨유김해삼계,희망점,편의점,경상남도 김해시 가야로157번길 6,경상남도 김해시 삼계동 1459-1,북부동,128.872536817646,35.263434192471,MA010120220803829640,소상공인시장진흥공단_상가(상권)정보_API (data.go.kr 15012005),202606,2026-10-04
GN-GIMHAE,김해시,씨유진영하계,산단점,편의점,경상남도 김해시 진영읍 하계로 91,경상남도 김해시 진영읍 방동리 341-19,진영읍,128.713228806378,35.2850542935862,MA010120220814340518,소상공인시장진흥공단_상가(상권)정보_API (data.go.kr 15012005),202606,2026-10-04
GN-GIMHAE,김해시,씨유김해어방,제일점,편의점,경상남도 김해시 활천로214번길 67,경상남도 김해시 어방동 724-1,활천동,128.899742931263,35.2371010444219,MA010120220811793555,소상공인시장진흥공단_상가(상권)정보_API (data.go.kr 15012005),202606,2026-10-04
GN-GIMHAE,김해시,씨유김해율하원룸점,,편의점,경상남도 김해시 율하2로 102,경상남도 김해시 율하동 1315-10,장유3동,128.812261268825,35.1702310884278,MA010120220804685286,소상공인시장진흥공단_상가(상권)정보_API (data.go.kr 15012005),202606,2026-10-04
GN-GIMHAE,김해시,세븐일레븐김해롯데워터파크점,,편의점,경상남도 김해시 장유로 555,경상남도 김해시 신문동 1417,장유1동,128.82855646761,35.178917041118,MA0101202604A0043015,소상공인시장진흥공단_상가(상권)정보_API (data.go.kr 15012005),202606,2026-10-04
GN-GIMHAE,김해시,지에스25진영원룸점,,편의점,경상남도 김해시 진영읍 김해대로407번길 8-4,경상남도 김해시 진영읍 진영리 1624-6,진영읍,128.734335580698,35.3068869309063,MA0101202512A0014936,소상공인시장진흥공단_상가(상권)정보_API (data.go.kr 15012005),202606,2026-10-04
GN-GIMHAE,김해시,씨유김해구산,드림점,편의점,경상남도 김해시 가락로 231,경상남도 김해시 구산동 256,북부동,128.874694699379,35.2459718840357,MA010120220803591222,소상공인시장진흥공단_상가(상권)정보_API (data.go.kr 15012005),202606,2026-10-04
GN-GIMHAE,김해시,씨유김해한림,신천점,편의점,경상남도 김해시 한림면 김해대로 1535,경상남도 김해시 한림면 신천리 265-2,한림면,128.839396494927,35.2760095932411,MA010120220810102314,소상공인시장진흥공단_상가(상권)정보_API (data.go.kr 15012005),202606,2026-10-04
GN-GIMHAE,김해시,이마트24김해,가야점,편의점,경상남도 김해시 가야로157번길 26,경상남도 김해시 삼계동 1455-12,북부동,128.874540221229,35.2635924093871,MA010120220807102282,소상공인시장진흥공단_상가(상권)정보_API (data.go.kr 15012005),202606,2026-10-04
GN-GIMHAE,김해시,GS25장유번화점,,편의점,경상남도 김해시 계동로212번길 16,경상남도 김해시 대청동 309-1,장유2동,128.802936260898,35.1902869184796,MA010120220813785720,소상공인시장진흥공단_상가(상권)정보_API (data.go.kr 15012005),202606,2026-10-04
GN-GIMHAE,김해시,씨유장유한림점,,편의점,경상남도 김해시 번화1로 171,경상남도 김해시 삼문동 67-1,장유2동,128.793683254034,35.1978412765491,MA010120220804405918,소상공인시장진흥공단_상가(상권)정보_API (data.go.kr 15012005),202606,2026-10-04
GN-GIMHAE,김해시,씨유김해생림,나전점,편의점,경상남도 김해시 생림면 인제로 718,경상남도 김해시 생림면 나전리 388-3,생림면,128.884683990366,35.2883433572083,MA010120220805330520,소상공인시장진흥공단_상가(상권)정보_API (data.go.kr 15012005),202606,2026-10-04
GN-GIMHAE,김해시,씨유진영여래점,,편의점,경상남도 김해시 진영읍 진영로 210,경상남도 김해시 진영읍 여래리 710-21,진영읍,128.735925108345,35.3025563843653,MA010120220811279044,소상공인시장진흥공단_상가(상권)정보_API (data.go.kr 15012005),202606,2026-10-04
GN-GIMHAE,김해시,블루25진례점,,편의점,경상남도 김해시 진례면 송현로 73,경상남도 김해시 진례면 초전리 523-5,진례면,128.756380098168,35.2479456265804,MA010120220800061099,소상공인시장진흥공단_상가(상권)정보_API (data.go.kr 15012005),202606,2026-10-04
GN-GIMHAE,김해시,GS25김해,상동점,편의점,경상남도 김해시 상동면 상동로 582,경상남도 김해시 상동면 대감리 568-3,상동면,128.932985897007,35.3089925928443,MA010120220810276128,소상공인시장진흥공단_상가(상권)정보_API (data.go.kr 15012005),202606,2026-10-04
GN-GIMHAE,김해시,세븐일레븐김해FC,1호점,편의점,경상남도 김해시 가야로 243,경상남도 김해시 구산동 1049-2,북부동,128.875459703613,35.2577204713649,MA0101202602A0009588,소상공인시장진흥공단_상가(상권)정보_API (data.go.kr 15012005),202606,2026-10-04
GN-GIMHAE,김해시,이마트24김해어방점,,편의점,경상남도 김해시 인제로 67,경상남도 김해시 어방동 1096-9,활천동,128.904450337624,35.2345487952463,MA010120220811899634,소상공인시장진흥공단_상가(상권)정보_API (data.go.kr 15012005),202606,2026-10-04
GN-GIMHAE,김해시,씨유김해삼계,분성점,편의점,경상남도 김해시 가야로157번길 25-20,경상남도 김해시 삼계동 1451-1,북부동,128.874739209464,35.2645986491448,MA010120220806733977,소상공인시장진흥공단_상가(상권)정보_API (data.go.kr 15012005),202606,2026-10-04
GN-GIMHAE,김해시,세븐일레븐김해율하동원점,,편의점,경상남도 김해시 율하2로 123,경상남도 김해시 율하동 1369,장유3동,128.814221742333,35.1695528661866,MA010120220806923250,소상공인시장진흥공단_상가(상권)정보_API (data.go.kr 15012005),202606,2026-10-04
GN-GIMHAE,김해시,지에스25김해전하원룸점,,편의점,경상남도 김해시 전하로208번길 30,경상남도 김해시 전하동 507-3,칠산서부동,128.871979098794,35.2229345506348,MA010120220809232589,소상공인시장진흥공단_상가(상권)정보_API (data.go.kr 15012005),202606,2026-10-04
GN-GIMHAE,김해시,씨유진영서부로점,,편의점,경상남도 김해시 진영읍 서부로38번길 10,경상남도 김해시 진영읍 내룡리 56-1,진영읍,128.761860305974,35.2935297470791,MA010120220804727494,소상공인시장진흥공단_상가(상권)정보_API (data.go.kr 15012005),202606,2026-10-04
GN-GIMHAE,김해시,지에스25장유주공점,,편의점,경상남도 김해시 번화1로84번길 27,경상남도 김해시 삼문동 61-5,장유2동,128.802259519494,35.1959295180395,MA010120220811266675,소상공인시장진흥공단_상가(상권)정보_API (data.go.kr 15012005),202606,2026-10-04
GN-GIMHAE,김해시,GS25신어,행복점,편의점,경상남도 김해시 인제로 226-1,경상남도 김해시 삼방동 141-3,삼안동,128.904872786465,35.2488528782925,MA010120220811647296,소상공인시장진흥공단_상가(상권)정보_API (data.go.kr 15012005),202606,2026-10-04
GN-GIMHAE,김해시,씨유그랜드점로또,,편의점,경상남도 김해시 진영읍 김해대로361번길 2,경상남도 김해시 진영읍 진영리 1614-9,진영읍,128.729830627661,35.3070055439505,MA010120220812808559,소상공인시장진흥공단_상가(상권)정보_API (data.go.kr 15012005),202606,2026-10-04
GN-GIMHAE,김해시,세븐일레븐김해동상점,,편의점,경상남도 김해시 분성로376번길 9,경상남도 김해시 동상동 717-5,동상동,128.887320846215,35.2333482620537,MA010120220811282025,소상공인시장진흥공단_상가(상권)정보_API (data.go.kr 15012005),202606,2026-10-04
GN-GIMHAE,김해시,블루25생림점,,편의점,경상남도 김해시 생림면 마사로 83,경상남도 김해시 생림면 생철리 264-5,생림면,128.850958228707,35.3517845933013,MA010120220809793004,소상공인시장진흥공단_상가(상권)정보_API (data.go.kr 15012005),202606,2026-10-04
GN-GIMHAE,김해시,GS25삼정스마트점,,편의점,경상남도 김해시 김해대로2529번길 23,경상남도 김해시 삼정동 653-16,활천동,128.90303764707,35.2304976830133,MA010120220810652382,소상공인시장진흥공단_상가(상권)정보_API (data.go.kr 15012005),202606,2026-10-04
GN-GIMHAE,김해시,세븐삼계가야점,코리아,편의점,경상남도 김해시 해반천로144번길 31,경상남도 김해시 삼계동 1478-4,북부동,128.870756228269,35.261497166104,MA010120220804966409,소상공인시장진흥공단_상가(상권)정보_API (data.go.kr 15012005),202606,2026-10-04
GN-GIMHAE,김해시,씨유김해,가야점,편의점,경상남도 김해시 삼계로55번길 22,경상남도 김해시 삼계동 1506-3,북부동,128.871569224697,35.2595830936012,MA010120220811280467,소상공인시장진흥공단_상가(상권)정보_API (data.go.kr 15012005),202606,2026-10-04
GN-GIMHAE,김해시,씨유진영대로점,,편의점,경상남도 김해시 진영읍 김해대로 665,경상남도 김해시 진영읍 신용리 383,진영읍,128.758724339846,35.2999829101494,MA010120220812460045,소상공인시장진흥공단_상가(상권)정보_API (data.go.kr 15012005),202606,2026-10-04
GN-GIMHAE,김해시,세븐일레븐김해,대성점,편의점,경상남도 김해시 구지로124번길 18,경상남도 김해시 대성동 403-2,북부동,128.87667364204,35.2374610561186,MA010120220814300193,소상공인시장진흥공단_상가(상권)정보_API (data.go.kr 15012005),202606,2026-10-04
GN-GIMHAE,김해시,씨유김해진영,굿모닝점,편의점,경상남도 김해시 진영읍 진영산복로 20,경상남도 김해시 진영읍 진영리 1881,진영읍,128.71909524154,35.3036349693821,MA010120220803707949,소상공인시장진흥공단_상가(상권)정보_API (data.go.kr 15012005),202606,2026-10-04
GN-GIMHAE,김해시,씨유김해진례,강변점,편의점,경상남도 김해시 진례면 고모로 248,경상남도 김해시 진례면 송현리 266-1,진례면,128.767668076696,35.2497188129287,MA010120220808214085,소상공인시장진흥공단_상가(상권)정보_API (data.go.kr 15012005),202606,2026-10-04
GN-GIMHAE,김해시,세븐일레븐김해,율하점,편의점,경상남도 김해시 율하3로 38,경상남도 김해시 율하동 1349-1,장유3동,128.814402208609,35.1712534394618,MA010120220814279354,소상공인시장진흥공단_상가(상권)정보_API (data.go.kr 15012005),202606,2026-10-04
GN-GIMHAE,김해시,세븐일레븐장유대청,푸르지오점,편의점,경상남도 김해시 반룡로 11,경상남도 김해시 대청동 320-2,장유2동,128.799262868555,35.1879894217116,MA010120220807005137,소상공인시장진흥공단_상가(상권)정보_API (data.go.kr 15012005),202606,2026-10-04
GN-GIMHAE,김해시,미니스톱죽곡OB점,,편의점,경상남도 김해시 진영읍 서부로 165,경상남도 김해시 진영읍 죽곡리 169,진영읍,128.769470951758,35.2826132698361,MA010120220807165183,소상공인시장진흥공단_상가(상권)정보_API (data.go.kr 15012005),202606,2026-10-04
GN-GIMHAE,김해시,지에스25진례서부로점,,편의점,경상남도 김해시 진례면 고모로 25,경상남도 김해시 진례면 산본리 111-2,진례면,128.76740748247,35.2306261245539,MA010120220803828252,소상공인시장진흥공단_상가(상권)정보_API (data.go.kr 15012005),202606,2026-10-04
GN-GIMHAE,김해시,씨스페이스한림,신천점,편의점,경상남도 김해시 한림면 김해대로 1432,경상남도 김해시 한림면 신천리 789-7,한림면,128.82860862378,35.2771554816046,MA010120220811260987,소상공인시장진흥공단_상가(상권)정보_API (data.go.kr 15012005),202606,2026-10-04
GN-GIMHAE,김해시,미니스톱장유덕정점,,편의점,경상남도 김해시 대청로26번길 13-1,경상남도 김해시 관동동 458-10,장유3동,128.801261325912,35.1775688086725,MA010120220811217764,소상공인시장진흥공단_상가(상권)정보_API (data.go.kr 15012005),202606,2026-10-04
GN-GIMHAE,김해시,세븐일레븐김해한림,사랑점,편의점,경상남도 김해시 한림면 김해대로1031번길 3,경상남도 김해시 한림면 퇴래리 1098-6,한림면,128.79573759331,35.2940317044369,MA010120220811648185,소상공인시장진흥공단_상가(상권)정보_API (data.go.kr 15012005),202606,2026-10-04
GN-GIMHAE,김해시,이마트24율하스마일점,,편의점,경상남도 김해시 율하2로236번길 3,경상남도 김해시 율하동 1384-1,장유3동,128.821301245058,35.1749889999673,MA010120220806371432,소상공인시장진흥공단_상가(상권)정보_API (data.go.kr 15012005),202606,2026-10-04
GN-GIMHAE,김해시,지에스25외동초교점,,편의점,경상남도 김해시 금관대로1180번길 61-13,경상남도 김해시 외동 1245-8,내외동,128.858674626807,35.2318631373186,MA010120220810005271,소상공인시장진흥공단_상가(상권)정보_API (data.go.kr 15012005),202606,2026-10-04
GN-GIMHAE,김해시,지에스25장유,율하점,편의점,경상남도 김해시 율하2로 50,경상남도 김해시 율하동 1299-1,장유3동,128.807677919567,35.1729040769588,MA010120220811661486,소상공인시장진흥공단_상가(상권)정보_API (data.go.kr 15012005),202606,2026-10-04
GN-GIMHAE,김해시,지에스25삼방스마일점,,편의점,경상남도 김해시 활천로267번길 40,경상남도 김해시 삼방동 186-1,삼안동,128.908496921677,35.2464617077082,MA0101202603A0037659,소상공인시장진흥공단_상가(상권)정보_API (data.go.kr 15012005),202606,2026-10-04
GN-GIMHAE,김해시,세븐일레븐김해고점,,편의점,경상남도 김해시 김해대로2491번길 23,경상남도 김해시 삼정동 603-4,활천동,128.898589260522,35.2300178398585,MA0101202603A0046570,소상공인시장진흥공단_상가(상권)정보_API (data.go.kr 15012005),202606,2026-10-04
GN-GIMHAE,김해시,지에스25장유경동점,,편의점,경상남도 김해시 장유로334번길 9,경상남도 김해시 신문동 1521,장유1동,128.816044848211,35.1962462036952,MA0101202512A0019382,소상공인시장진흥공단_상가(상권)정보_API (data.go.kr 15012005),202606,2026-10-04
GN-GIMHAE,김해시,세븐일레븐김해호계로점,,편의점,경상남도 김해시 호계로 517,경상남도 김해시 동상동 807-1,동상동,128.884237900656,35.2368208089927,MA0101202512A0003264,소상공인시장진흥공단_상가(상권)정보_API (data.go.kr 15012005),202606,2026-10-04
GN-GIMHAE,김해시,씨유김해장유삼문점,,편의점,경상남도 김해시 번화1로124번길 1,경상남도 김해시 삼문동 94-8,장유2동,128.797853853794,35.1982750721767,MA0101202602A0017747,소상공인시장진흥공단_상가(상권)정보_API (data.go.kr 15012005),202606,2026-10-04
GN-GIMHAE,김해시,씨유김해외동스카이점,,편의점,경상남도 김해시 함박로119번길 11,경상남도 김해시 외동 1258-1,내외동,128.867137081653,35.2330485884604,MA0101202512A0013053,소상공인시장진흥공단_상가(상권)정보_API (data.go.kr 15012005),202606,2026-10-04
GN-GIMHAE,김해시,지에스25김해덕산점,,편의점,경상남도 김해시 함박로119번길 25,경상남도 김해시 외동 1259-1,내외동,128.867362390059,35.2342527025461,MA0101202601A0035748,소상공인시장진흥공단_상가(상권)정보_API (data.go.kr 15012005),202606,2026-10-04
GN-GIMHAE,김해시,이마트24장유팔판,센터점,편의점,경상남도 김해시 계동로 17,경상남도 김해시 관동동 451-2,장유3동,128.79573783785,35.1779572584365,MA0101202601A0039389,소상공인시장진흥공단_상가(상권)정보_API (data.go.kr 15012005),202606,2026-10-04
GN-GIMHAE,김해시,씨유인제대인덕재점,,편의점,경상남도 김해시 인제로 197,경상남도 김해시 어방동 607,활천동,128.900515876304,35.2528054849189,MA0101202602A0033134,소상공인시장진흥공단_상가(상권)정보_API (data.go.kr 15012005),202606,2026-10-04
GN-GIMHAE,김해시,씨유김해봉황,사랑점,편의점,경상남도 김해시 가락로7번길 14,경상남도 김해시 봉황동 26-5,회현동,128.880929695293,35.2272205888577,MA0101202604A0042629,소상공인시장진흥공단_상가(상권)정보_API (data.go.kr 15012005),202606,2026-10-04
GN-GIMHAE,김해시,씨유신문프레시점,,편의점,경상남도 김해시 신문중앙로 112,경상남도 김해시 신문동,장유1동,128.823576951321,35.197259477806,MA0101202603A0026443,소상공인시장진흥공단_상가(상권)정보_API (data.go.kr 15012005),202606,2026-10-04
GN-GIMHAE,김해시,세븐일레븐김해FC,2호점,편의점,경상남도 김해시 가야로 243,경상남도 김해시 구산동 1049-2,북부동,128.875459703613,35.2577204713649,MA0101202602A0037995,소상공인시장진흥공단_상가(상권)정보_API (data.go.kr 15012005),202606,2026-10-04
GN-GIMHAE,김해시,지에스25뉴김해,안동점,편의점,경상남도 김해시 김해대로 2634,경상남도 김해시 안동 538-19,삼안동,128.914909725657,35.2285981470093,MA0101202510A0004372,소상공인시장진흥공단_상가(상권)정보_API (data.go.kr 15012005),202606,2026-10-04
GN-GIMHAE,김해시,지에스25김해아이,스퀘어점,편의점,경상남도 김해시 김해대로 2342,경상남도 김해시 부원동 1043,부원동,128.883234245377,35.2257158136981,MA0101202510A0010713,소상공인시장진흥공단_상가(상권)정보_API (data.go.kr 15012005),202606,2026-10-04
GN-GIMHAE,김해시,이마트24구산,푸르지오점,편의점,경상남도 김해시 삼계로 30,경상남도 김해시 구산동 1051-2,북부동,128.869545272438,35.2570910777479,MA0101202507A0029221,소상공인시장진흥공단_상가(상권)정보_API (data.go.kr 15012005),202606,2026-10-04
GN-GIMHAE,김해시,씨유김해산업단지점,,편의점,경상남도 김해시 주촌면 골든루트로 78,경상남도 김해시 주촌면 농소리 637-1,주촌면,128.830359743634,35.2133065711042,MA0101202507A0003072,소상공인시장진흥공단_상가(상권)정보_API (data.go.kr 15012005),202606,2026-10-04
GN-GIMHAE,김해시,세븐일레븐김해,내동점,편의점,경상남도 김해시 우암로 100,경상남도 김해시 내동 1125-2,내외동,128.863118212818,35.2388601126737,MA0101202502A0112213,소상공인시장진흥공단_상가(상권)정보_API (data.go.kr 15012005),202606,2026-10-04
GN-GIMHAE,김해시,이마트24김해안동체육공원점,,편의점,경상남도 김해시 삼안로112번길 16,경상남도 김해시 안동 304-5,삼안동,128.917817969051,35.2396996660354,MA0106202505A1862388,소상공인시장진흥공단_상가(상권)정보_API (data.go.kr 15012005),202606,2026-10-04
GN-GIMHAE,김해시,지에스25김해시청,정문점,편의점,경상남도 김해시 김해대로2415번길 7-1,경상남도 김해시 부원동 628-5,부원동,128.890725492882,35.2281313278933,MA0101202506A0023650,소상공인시장진흥공단_상가(상권)정보_API (data.go.kr 15012005),202606,2026-10-04
GN-GIMHAE,김해시,씨유김해불암해피점,,편의점,경상남도 김해시 식만로 385,경상남도 김해시 불암동 220-72,불암동,128.926347271788,35.2222795867627,MA0101202604A0030403,소상공인시장진흥공단_상가(상권)정보_API (data.go.kr 15012005),202606,2026-10-04
GN-GIMHAE,김해시,이마트24진영수홍점,,편의점,경상남도 김해시 진영읍 김해대로332번길 46-17,경상남도 김해시 진영읍 진영리 1568,진영읍,128.722708774041,35.305034470645,MA010120220811583351,소상공인시장진흥공단_상가(상권)정보_API (data.go.kr 15012005),202606,2026-10-04
GN-GIMHAE,김해시,더세일마트,,편의점,경상남도 김해시 삼안로 170,경상남도 김해시 삼방동 239-1,삼안동,128.913096847495,35.24353232171,MA010120220812456743,소상공인시장진흥공단_상가(상권)정보_API (data.go.kr 15012005),202606,2026-10-04
GN-GIMHAE,김해시,지에스25연지공원점,,편의점,경상남도 김해시 금관대로1368번길 14,경상남도 김해시 내동 1070-3,내외동,128.868166640566,35.2444146822556,MA010120220804803911,소상공인시장진흥공단_상가(상권)정보_API (data.go.kr 15012005),202606,2026-10-04
GN-GIMHAE,김해시,지에스25안동한일점,,편의점,경상남도 김해시 삼안로131번길 14,경상남도 김해시 삼방동 34-4,삼안동,128.913858102861,35.2399335930889,MA010120220812910547,소상공인시장진흥공단_상가(상권)정보_API (data.go.kr 15012005),202606,2026-10-04
GN-GIMHAE,김해시,블루25강일점,,편의점,경상남도 김해시 가락로 355-1,경상남도 김해시 구산동 706-8,북부동,128.870104792846,35.2565777661569,MA010120220813844220,소상공인시장진흥공단_상가(상권)정보_API (data.go.kr 15012005),202606,2026-10-04
GN-GIMHAE,김해시,씨유장유무계점,,편의점,경상남도 김해시 내덕로 7,경상남도 김해시 무계동 149-17,장유1동,128.809366696816,35.205015759177,MA010120220813708884,소상공인시장진흥공단_상가(상권)정보_API (data.go.kr 15012005),202606,2026-10-04
GN-GIMHAE,김해시,씨유뉴장유일동미라주,,편의점,경상남도 김해시 장유로334번길 75,경상남도 김해시 삼문동 1266,장유2동,128.810433603075,35.1922387912515,MA010120220811197310,소상공인시장진흥공단_상가(상권)정보_API (data.go.kr 15012005),202606,2026-10-04
GN-GIMHAE,김해시,세븐일레븐율하,힐스테이트점,편의점,경상남도 김해시 율하5로 117,경상남도 김해시 장유동 873,장유3동,128.829299865512,35.1684969315859,MA010120220802677992,소상공인시장진흥공단_상가(상권)정보_API (data.go.kr 15012005),202606,2026-10-04
GN-GIMHAE,김해시,GS25장유,능동점,편의점,경상남도 김해시 능동로 34,경상남도 김해시 삼문동 62-4,장유2동,128.797187759069,35.1964465064538,MA010120220803553164,소상공인시장진흥공단_상가(상권)정보_API (data.go.kr 15012005),202606,2026-10-04
GN-GIMHAE,김해시,지에스25김해,가야점,편의점,경상남도 김해시 김해대로2355번길 31,경상남도 김해시 부원동 610-33,부원동,128.883396266818,35.229399140022,MA010120220811237241,소상공인시장진흥공단_상가(상권)정보_API (data.go.kr 15012005),202606,2026-10-04
GN-GIMHAE,김해시,지에스25진영,휴먼시아점,편의점,경상남도 김해시 진영읍 김해대로 438,경상남도 김해시 진영읍 여래리 515-1,진영읍,128.737777348904,35.3053775661653,MA010120220805491512,소상공인시장진흥공단_상가(상권)정보_API (data.go.kr 15012005),202606,2026-10-04
GN-GIMHAE,김해시,GS김해삼방대로점,,편의점,경상남도 김해시 삼안로280번길 1,경상남도 김해시 삼방동 655-9,삼안동,128.908236735783,35.2522333514212,MA010120220811271604,소상공인시장진흥공단_상가(상권)정보_API (data.go.kr 15012005),202606,2026-10-04
GN-GIMHAE,김해시,이마트24장유번화점,,편의점,경상남도 김해시 번화1로20번길 1,경상남도 김해시 대청동 306-16,장유2동,128.801296343464,35.1895993772885,MA0101202509A0039376,소상공인시장진흥공단_상가(상권)정보_API (data.go.kr 15012005),202606,2026-10-04
GN-GIMHAE,김해시,이마트24김해활천,사거리점,편의점,경상남도 김해시 활천로 6,경상남도 김해시 삼정동 618-1,활천동,128.894205799019,35.2280768989702,MA0101202508A0031839,소상공인시장진흥공단_상가(상권)정보_API (data.go.kr 15012005),202606,2026-10-04
GN-GIMHAE,김해시,씨유김해안동은하점,,편의점,경상남도 김해시 분성로627번길 14,경상남도 김해시 안동 279-46,삼안동,128.914694739877,35.2372078092021,MA0101202508A0003694,소상공인시장진흥공단_상가(상권)정보_API (data.go.kr 15012005),202606,2026-10-04
GN-GIMHAE,김해시,지에스25장유메가점,,편의점,경상남도 김해시 번화1로44번길 26,경상남도 김해시 대청동 314-1,장유2동,128.803338859442,35.1916147041218,MA0101202509A0012647,소상공인시장진흥공단_상가(상권)정보_API (data.go.kr 15012005),202606,2026-10-04
GN-GIMHAE,김해시,씨유김해내동삼오점,,편의점,경상남도 김해시 금관대로1277번길 12-4,경상남도 김해시 내동 465-4,내외동,128.859200343803,35.2394971386221,MA0101202505A0013743,소상공인시장진흥공단_상가(상권)정보_API (data.go.kr 15012005),202606,2026-10-04
GN-GIMHAE,김해시,씨유김해구산,한강점,편의점,경상남도 김해시 가락로 222,경상남도 김해시 구산동 321,북부동,128.876840457257,35.2466054914153,MA0101202506A0019228,소상공인시장진흥공단_상가(상권)정보_API (data.go.kr 15012005),202606,2026-10-04
GN-GIMHAE,김해시,이마트24삼방타운점,,편의점,경상남도 김해시 삼안로 223-1,경상남도 김해시 삼방동 688-11,삼안동,128.910852233949,35.2480556610654,MA0106202507A1733401,소상공인시장진흥공단_상가(상권)정보_API (data.go.kr 15012005),202606,2026-10-04
GN-GIMHAE,김해시,지에스김해,진영점,편의점,경상남도 김해시 진영읍 본산로 64-21,경상남도 김해시 진영읍 진영리 11-2,진영읍,128.742033855691,35.3100836484042,MA0101202506A0004662,소상공인시장진흥공단_상가(상권)정보_API (data.go.kr 15012005),202606,2026-10-04
GN-GIMHAE,김해시,지에스25내외대우점,,편의점,경상남도 김해시 내외중앙로 123,경상남도 김해시 내동 1130,내외동,128.868065109222,35.2409466841115,MA0101202508A0024877,소상공인시장진흥공단_상가(상권)정보_API (data.go.kr 15012005),202606,2026-10-04
GN-GIMHAE,김해시,씨유주촌서부로점,,편의점,경상남도 김해시 주촌면 서부로 1442,경상남도 김해시 주촌면 내삼리 820-4,주촌면,128.81920529348,35.2261996494874,MA0106202505A1095939,소상공인시장진흥공단_상가(상권)정보_API (data.go.kr 15012005),202606,2026-10-04
GN-GIMHAE,김해시,씨유L부경관람대1층점,,편의점,경상남도 김해시 가락대로 929-1,경상남도 김해시 수가동 1333,장유3동,128.872240252418,35.1563324005532,MA0101202510A0009374,소상공인시장진흥공단_상가(상권)정보_API (data.go.kr 15012005),202606,2026-10-04
GN-GIMHAE,김해시,지에스25김해삼방,대동점,편의점,경상남도 김해시 활천로285번길 2,경상남도 김해시 삼방동 193,삼안동,128.910380986339,35.2434220360691,MA0101202511A0033474,소상공인시장진흥공단_상가(상권)정보_API (data.go.kr 15012005),202606,2026-10-04
GN-GIMHAE,김해시,세븐일레븐김해진영대로점,,편의점,경상남도 김해시 진영읍 진산대로 229-2,경상남도 김해시 진영읍 진영리 787,진영읍,128.718676117331,35.3233141477527,MA0101202603A0038374,소상공인시장진흥공단_상가(상권)정보_API (data.go.kr 15012005),202606,2026-10-04
GN-GIMHAE,김해시,지에스25김해,삼방점,편의점,경상남도 김해시 활천로267번길 19,경상남도 김해시 삼방동 177-4,삼안동,128.908281527119,35.244770889777,MA0101202512A0017670,소상공인시장진흥공단_상가(상권)정보_API (data.go.kr 15012005),202606,2026-10-04
GN-GIMHAE,김해시,세븐일레븐김해화목대로점,,편의점,경상남도 김해시 칠산로 333,경상남도 김해시 화목동 391-3,칠산서부동,128.850058365997,35.2021206494766,MA0101202511A0030471,소상공인시장진흥공단_상가(상권)정보_API (data.go.kr 15012005),202606,2026-10-04
GN-GIMHAE,김해시,씨유뉴김해대학점,,편의점,경상남도 김해시 삼안로112번길 198,경상남도 김해시 삼방동 산 77-9,삼안동,128.91304950923,35.2541399266552,MA0101202602A0001840,소상공인시장진흥공단_상가(상권)정보_API (data.go.kr 15012005),202606,2026-10-04
GN-GIMHAE,김해시,씨유내동원룸점,,편의점,경상남도 김해시 우암로141번길 23,경상남도 김해시 내동 1074-18,내외동,128.866183486378,35.2432016515596,MA0101202507A0022940,소상공인시장진흥공단_상가(상권)정보_API (data.go.kr 15012005),202606,2026-10-04
GN-GIMHAE,김해시,씨유김해삼정,퍼스트점,편의점,경상남도 김해시 활천로57번길 6,경상남도 김해시 삼정동 88-6,활천동,128.892678149024,35.2327599200215,MA0101202510A0012279,소상공인시장진흥공단_상가(상권)정보_API (data.go.kr 15012005),202606,2026-10-04
GN-GIMHAE,김해시,지에스25김해삼정,중앙점,편의점,경상남도 김해시 인제로25번길 44,경상남도 김해시 삼정동 648-8,활천동,128.900371184603,35.2306026718452,MA0101202506A0011415,소상공인시장진흥공단_상가(상권)정보_API (data.go.kr 15012005),202606,2026-10-04
GN-GIMHAE,김해시,씨유부원아이,스퀘어점,편의점,경상남도 김해시 김해대로 2342,경상남도 김해시 부원동 1043,부원동,128.883234245377,35.2257158136981,MA0101202510A0020820,소상공인시장진흥공단_상가(상권)정보_API (data.go.kr 15012005),202606,2026-10-04
GN-GIMHAE,김해시,씨유장유대청휴게소점,,편의점,경상남도 김해시 금관대로 328,경상남도 김해시 대청동 513-1,장유2동,128.791103381006,35.1878490552992,MA0101202603A0049327,소상공인시장진흥공단_상가(상권)정보_API (data.go.kr 15012005),202606,2026-10-04
GN-GIMHAE,김해시,지에스25장유월산SK점,,편의점,경상남도 김해시 월산로 112-30,경상남도 김해시 부곡동 806-9,장유1동,128.803574971572,35.2057690828456,MA0101202512A0038456,소상공인시장진흥공단_상가(상권)정보_API (data.go.kr 15012005),202606,2026-10-04
GN-GIMHAE,김해시,지에스25팔판,푸르지오점,편의점,경상남도 김해시 팔판로 29,경상남도 김해시 관동동 448-9,장유3동,128.79107946331,35.1767555498868,MA0101202601A0015102,소상공인시장진흥공단_상가(상권)정보_API (data.go.kr 15012005),202606,2026-10-04
GN-GIMHAE,김해시,세븐일레븐김해안곡공단점,,편의점,경상남도 김해시 한림면 안곡로 533,경상남도 김해시 한림면 안하리 544,한림면,128.834944703401,35.3032299329405,MA0101202603A0041715,소상공인시장진흥공단_상가(상권)정보_API (data.go.kr 15012005),202606,2026-10-04
GN-GIMHAE,김해시,외동ASIANMART,,편의점,경상남도 김해시 금관대로1180번길 7,경상남도 김해시 외동 1232-12,내외동,128.852910818195,35.2324562006772,MA0101202603A0044417,소상공인시장진흥공단_상가(상권)정보_API (data.go.kr 15012005),202606,2026-10-04
GN-GIMHAE,김해시,이마트24삼계탑클라우드점,,편의점,경상남도 김해시 해반천로130번길 33,경상남도 김해시 삼계동 1505-8,북부동,128.871034767662,35.260231201711,MA0101202601A0004923,소상공인시장진흥공단_상가(상권)정보_API (data.go.kr 15012005),202606,2026-10-04
GN-GIMHAE,김해시,씨유김해내동삐에로점,,편의점,경상남도 김해시 내외로95번길 11,경상남도 김해시 내동 1145-1,내외동,128.86759971877,35.2355016897112,MA0101202604A0019362,소상공인시장진흥공단_상가(상권)정보_API (data.go.kr 15012005),202606,2026-10-04
GN-GIMHAE,김해시,지에스25김해율하주공점,,편의점,경상남도 김해시 율하5로 48,경상남도 김해시 장유동 898,장유3동,128.829123656434,35.1635700135571,MA0101202511A0004825,소상공인시장진흥공단_상가(상권)정보_API (data.go.kr 15012005),202606,2026-10-04
GN-GIMHAE,김해시,지에스25김해한국,2차점,편의점,경상남도 김해시 분성로 153,경상남도 김해시 외동 1249-4,내외동,128.863755455754,35.2302259314707,MA0101202603A0042904,소상공인시장진흥공단_상가(상권)정보_API (data.go.kr 15012005),202606,2026-10-04
GN-GIMHAE,김해시,세븐일레븐김해외동한국점,,편의점,경상남도 김해시 함박로 120,경상남도 김해시 외동 1261-9,내외동,128.86705183069,35.2317251582944,MA010120220811647243,소상공인시장진흥공단_상가(상권)정보_API (data.go.kr 15012005),202606,2026-10-04
GN-GIMHAE,김해시,씨유더큰,외동점,편의점,경상남도 김해시 분성로 208,경상남도 김해시 외동 1263-5,내외동,128.869619656332,35.2301895396044,MA010120220809109523,소상공인시장진흥공단_상가(상권)정보_API (data.go.kr 15012005),202606,2026-10-04
GN-GIMHAE,김해시,세븐김해외동중앙점,코리아,편의점,경상남도 김해시 금관대로1180번길 47-4,경상남도 김해시 외동 1242-4,내외동,128.857327514874,35.2315503819494,MA010120220813020215,소상공인시장진흥공단_상가(상권)정보_API (data.go.kr 15012005),202606,2026-10-04
GN-GIMHAE,김해시,씨유인제대인,정관점,편의점,경상남도 김해시 인제로 197,경상남도 김해시 어방동 607,활천동,128.900515876304,35.2528054849189,MA010120220813140631,소상공인시장진흥공단_상가(상권)정보_API (data.go.kr 15012005),202606,2026-10-04
GN-GIMHAE,김해시,지에스25김해진영LH점,,편의점,경상남도 김해시 진영읍 김해대로 462,경상남도 김해시 진영읍 여래리 981,진영읍,128.738441776358,35.3056023259127,MA010120220811263497,소상공인시장진흥공단_상가(상권)정보_API (data.go.kr 15012005),202606,2026-10-04
GN-GIMHAE,김해시,씨유김해진영하계로점,,편의점,경상남도 김해시 진영읍 하계로 444,경상남도 김해시 진영읍 여래리 409-1,진영읍,128.737979660765,35.3004450970262,MA010120220806891425,소상공인시장진흥공단_상가(상권)정보_API (data.go.kr 15012005),202606,2026-10-04
GN-GIMHAE,김해시,씨유김해원점,삼계동,편의점,경상남도 김해시 해반천로 240,경상남도 김해시 삼계동 1428-1,북부동,128.865329756474,35.2692230047659,MA010120220810153079,소상공인시장진흥공단_상가(상권)정보_API (data.go.kr 15012005),202606,2026-10-04
GN-GIMHAE,김해시,세븐김해롯데아울렛2층점,코리아,편의점,경상남도 김해시 장유로 469,경상남도 김해시 신문동 1414,장유1동,128.829605334294,35.1850654095607,MA010120220813575471,소상공인시장진흥공단_상가(상권)정보_API (data.go.kr 15012005),202606,2026-10-04
GN-GIMHAE,김해시,GS25김해흥동점,,편의점,경상남도 김해시 칠산로459번길 27,경상남도 김해시 흥동 914-12,칠산서부동,128.851201132783,35.2113494253502,MA010120220811274466,소상공인시장진흥공단_상가(상권)정보_API (data.go.kr 15012005),202606,2026-10-04
GN-GIMHAE,김해시,지에스25김해한림점,,편의점,경상남도 김해시 한림면 용덕로 232,경상남도 김해시 한림면 용덕리 792,한림면,128.830247127786,35.2972181418878,MA010120220814386744,소상공인시장진흥공단_상가(상권)정보_API (data.go.kr 15012005),202606,2026-10-04
GN-GIMHAE,김해시,씨유김해분성로점,,편의점,경상남도 김해시 분성로 136,경상남도 김해시 외동 540-3,내외동,128.861582846727,35.2298358159752,MA0101202501A0038916,소상공인시장진흥공단_상가(상권)정보_API (data.go.kr 15012005),202606,2026-10-04
GN-GIMHAE,김해시,세븐일레븐김해쌍용예가점,,편의점,경상남도 김해시 장유로 362-1,경상남도 김해시 신문동 527-2,장유1동,128.816140332715,35.1936312878206,MA0101202501A0029976,소상공인시장진흥공단_상가(상권)정보_API (data.go.kr 15012005),202606,2026-10-04
GN-GIMHAE,김해시,씨유김해율현,마을점,편의점,경상남도 김해시 율하2로 180,경상남도 김해시 율하동 1404,장유3동,128.819655231028,35.1695885002442,MA0101202501A0047381,소상공인시장진흥공단_상가(상권)정보_API (data.go.kr 15012005),202606,2026-10-04
GN-GIMHAE,김해시,씨유김해부원중파점,,편의점,경상남도 김해시 가락로 27,경상남도 김해시 부원동 602-4,부원동,128.88195899214,35.2289889327922,MA0101202506A0003225,소상공인시장진흥공단_상가(상권)정보_API (data.go.kr 15012005),202606,2026-10-04
GN-GIMHAE,김해시,세븐일레븐,김해금관대로점,편의점,경상남도 김해시 금관대로1204번길 23,경상남도 김해시 외동 1212-8,내외동,128.856242495954,35.233099053147,MA0101202502A0024021,소상공인시장진흥공단_상가(상권)정보_API (data.go.kr 15012005),202606,2026-10-04
GN-GIMHAE,김해시,한스아이스김해한국점,,편의점,경상남도 김해시 함박로 102,경상남도 김해시 외동 1249-4,내외동,128.864534371358,35.2321064270159,MA0101202505A0002860,소상공인시장진흥공단_상가(상권)정보_API (data.go.kr 15012005),202606,2026-10-04
GN-GIMHAE,김해시,세븐일레븐김해조은금강점,,편의점,경상남도 김해시 김해대로 1814-37,경상남도 김해시 삼계동 392-1,북부동,128.861541990066,35.2621620086599,MA0101202504A0111865,소상공인시장진흥공단_상가(상권)정보_API (data.go.kr 15012005),202606,2026-10-04
GN-GIMHAE,김해시,세븐일레븐김해삼계,가야점,편의점,경상남도 김해시 해반천로144번길 31,경상남도 김해시 삼계동 1478-4,북부동,128.870756228269,35.261497166104,MA0101202411A0061505,소상공인시장진흥공단_상가(상권)정보_API (data.go.kr 15012005),202606,2026-10-04
GN-GIMHAE,김해시,지에스25김해센텀제니스점,,편의점,경상남도 김해시 주촌면 천곡로 18,경상남도 김해시 주촌면 천곡리,주촌면,128.837720888236,35.2339314932181,MA0101202411A0114057,소상공인시장진흥공단_상가(상권)정보_API (data.go.kr 15012005),202606,2026-10-04
GN-GIMHAE,김해시,세븐일레븐김해진영,부곡점,편의점,경상남도 김해시 진영읍 진영로50번길 6,경상남도 김해시 진영읍 진영리 553-18,진영읍,128.718520768053,35.3040216412553,MA0106202410A1865172,소상공인시장진흥공단_상가(상권)정보_API (data.go.kr 15012005),202606,2026-10-04
GN-GIMHAE,김해시,지에스25테크노조은,,편의점,경상남도 김해시 진례면 고모로 442,경상남도 김해시 진례면 담안리 117-1,진례면,128.775637327036,35.2635166340278,MA0101202411A0051538,소상공인시장진흥공단_상가(상권)정보_API (data.go.kr 15012005),202606,2026-10-04
GN-GIMHAE,김해시,씨유김해활천점,,편의점,경상남도 김해시 인제로91번길 8,경상남도 김해시 어방동 1131-8,활천동,128.90362354631,35.2367696983374,MA0101202509A0024309,소상공인시장진흥공단_상가(상권)정보_API (data.go.kr 15012005),202606,2026-10-04
GN-GIMHAE,김해시,지에스25김해수리공원,,편의점,경상남도 김해시 해반천로144번길 29-17,경상남도 김해시 삼계동 1477-7,북부동,128.87036226191,35.2620439683115,MA0101202507A0025034,소상공인시장진흥공단_상가(상권)정보_API (data.go.kr 15012005),202606,2026-10-04
GN-GIMHAE,김해시,씨유김해상동IC점,,편의점,경상남도 김해시 상동면 상동로685번길 3,경상남도 김해시 상동면 대감리 18-8,상동면,128.941846814443,35.3145098904886,MA0101202506A0017043,소상공인시장진흥공단_상가(상권)정보_API (data.go.kr 15012005),202606,2026-10-04
GN-GIMHAE,김해시,씨유진영굿프라임점,,편의점,경상남도 김해시 진영읍 본산로 15-17,경상남도 김해시 진영읍 여래리 969-1,진영읍,128.736595766131,35.3066742468596,MA0101202506A0002089,소상공인시장진흥공단_상가(상권)정보_API (data.go.kr 15012005),202606,2026-10-04
GN-GIMHAE,김해시,씨유김해대동쉼터점,,편의점,경상남도 김해시 대동면 동남로 207,경상남도 김해시 대동면 조눌리 203-61,대동면,128.998160864138,35.2510427701936,MA0101202509A0021379,소상공인시장진흥공단_상가(상권)정보_API (data.go.kr 15012005),202606,2026-10-04
GN-GIMHAE,김해시,세븐일레븐김해센텀큐시티점,,편의점,경상남도 김해시 주촌면 선지로 86,경상남도 김해시 주촌면 선지리 1515-3,주촌면,128.84639966325,35.2286715952422,MA0101202509A0038238,소상공인시장진흥공단_상가(상권)정보_API (data.go.kr 15012005),202606,2026-10-04
GN-GIMHAE,김해시,세븐일레븐김해부원메디컬점,,편의점,경상남도 김해시 가락로 24,경상남도 김해시 부원동 609-10,부원동,128.882578137611,35.2286909227241,MA0101202505A0054235,소상공인시장진흥공단_상가(상권)정보_API (data.go.kr 15012005),202606,2026-10-04
GN-GIMHAE,김해시,이마트24대청새싹공원점,,편의점,경상남도 김해시 계동로159번길 4-3,경상남도 김해시 대청동 282-6,장유2동,128.795912268147,35.1888772898066,MA0101202508A0035734,소상공인시장진흥공단_상가(상권)정보_API (data.go.kr 15012005),202606,2026-10-04
GN-GIMHAE,김해시,이마트24율하제니스프라우점,,편의점,경상남도 김해시 장유로 500,경상남도 김해시 신문동 1540,장유1동,128.821711038944,35.1854818415112,MA0101202509A0037945,소상공인시장진흥공단_상가(상권)정보_API (data.go.kr 15012005),202606,2026-10-04
GN-GIMHAE,김해시,씨유장유,부곡점,편의점,경상남도 김해시 장유로 180,경상남도 김해시 부곡동 809-1,장유1동,128.805525567896,35.2070827934855,MA0101202512A0043683,소상공인시장진흥공단_상가(상권)정보_API (data.go.kr 15012005),202606,2026-10-04
GN-GIMHAE,김해시,세븐일레븐김해풍유점,,편의점,경상남도 김해시 금관대로 1062,경상남도 김해시 풍유동 44-1,칠산서부동,128.848892050432,35.2228298667813,MA010120220812261169,소상공인시장진흥공단_상가(상권)정보_API (data.go.kr 15012005),202606,2026-10-04
GN-GIMHAE,김해시,지에스25김해,대동점,편의점,경상남도 김해시 대동면 동남로49번길 83,경상남도 김해시 대동면 초정리 136-5,대동면,128.986004555832,35.2363827486519,MA010120220800678948,소상공인시장진흥공단_상가(상권)정보_API (data.go.kr 15012005),202606,2026-10-04
GN-GIMHAE,김해시,스토리웨이,,편의점,경상남도 김해시 진영읍 김해대로 809,경상남도 김해시 진영읍 설창리 131-1,진영읍,128.773929609571,35.2985712023257,MA010120220808184524,소상공인시장진흥공단_상가(상권)정보_API (data.go.kr 15012005),202606,2026-10-04
GN-GIMHAE,김해시,지에스25,김해내외점,편의점,경상남도 김해시 내외로95번길 23,경상남도 김해시 내동 1142-1,내외동,128.867835196251,35.2366695978334,MA010120220811049557,소상공인시장진흥공단_상가(상권)정보_API (data.go.kr 15012005),202606,2026-10-04
GN-GIMHAE,김해시,세븐김해서상가락점,코리아,편의점,경상남도 김해시 가락로 104,경상남도 김해시 서상동 25-31,회현동,128.881302989958,35.2357760447558,MA010120220810047431,소상공인시장진흥공단_상가(상권)정보_API (data.go.kr 15012005),202606,2026-10-04
GN-GIMHAE,김해시,씨유김해,테라스파크점,편의점,경상남도 김해시 내외중앙로 69,경상남도 김해시 내동 1119-3,내외동,128.866614367442,35.2361206898425,MA010120220804757371,소상공인시장진흥공단_상가(상권)정보_API (data.go.kr 15012005),202606,2026-10-04
GN-GIMHAE,김해시,씨유김해진례,송정점,편의점,경상남도 김해시 진례면 진례로 230,경상남도 김해시 진례면 송정리 233-3,진례면,128.748712433098,35.2479665769435,MA010120220806687716,소상공인시장진흥공단_상가(상권)정보_API (data.go.kr 15012005),202606,2026-10-04
GN-GIMHAE,김해시,씨유김해삼방,동성점,편의점,경상남도 김해시 삼안로195번길 18-39,경상남도 김해시 삼방동 188-10,삼안동,128.909406891486,35.2468528794718,MA010120220810437286,소상공인시장진흥공단_상가(상권)정보_API (data.go.kr 15012005),202606,2026-10-04
GN-GIMHAE,김해시,세븐김해워터파크점,코리아,편의점,경상남도 김해시 장유로 555,경상남도 김해시 신문동 1417,장유1동,128.82855646761,35.178917041118,MA010120220814302625,소상공인시장진흥공단_상가(상권)정보_API (data.go.kr 15012005),202606,2026-10-04
GN-GIMHAE,김해시,씨유장유팔판,마을점,편의점,경상남도 김해시 계동로23번길 28,경상남도 김해시 관동동 448-8,장유3동,128.794998580731,35.1772833020451,MA010120220805842361,소상공인시장진흥공단_상가(상권)정보_API (data.go.kr 15012005),202606,2026-10-04
GN-GIMHAE,김해시,세븐김해시청점,코리아,편의점,경상남도 김해시 활천로15번길 25,경상남도 김해시 부원동 627-1,부원동,128.891054754051,35.2285947984299,MA010120220812772831,소상공인시장진흥공단_상가(상권)정보_API (data.go.kr 15012005),202606,2026-10-04
GN-GIMHAE,김해시,지에스25김해인덕점,,편의점,경상남도 김해시 인제로 200,경상남도 김해시 삼방동 160-7,삼안동,128.90408266009,35.2465402750208,MA010120220805272414,소상공인시장진흥공단_상가(상권)정보_API (data.go.kr 15012005),202606,2026-10-04
GN-GIMHAE,김해시,지에스25주촌서부로점,,편의점,경상남도 김해시 주촌면 서부로 1442,경상남도 김해시 주촌면 내삼리 820-4,주촌면,128.81920529348,35.2261996494874,MA0101202411A0053885,소상공인시장진흥공단_상가(상권)정보_API (data.go.kr 15012005),202606,2026-10-04
GN-GIMHAE,김해시,세븐일레븐김해메가점,,편의점,경상남도 김해시 계동로 237,경상남도 김해시 대청동 313-2,장유2동,128.803914533275,35.1913357667519,MA0106202412A1871341,소상공인시장진흥공단_상가(상권)정보_API (data.go.kr 15012005),202606,2026-10-04
GN-GIMHAE,김해시,지에스25장유관동점,,편의점,경상남도 김해시 관동로 48,경상남도 김해시 관동동 1076-1,장유3동,128.808573676178,35.1771714263538,MA0101202501A0044455,소상공인시장진흥공단_상가(상권)정보_API (data.go.kr 15012005),202606,2026-10-04
GN-GIMHAE,김해시,세븐장유율현마을점,코리아,편의점,경상남도 김해시 율하로 383,경상남도 김해시 율하동 1403,장유3동,128.817395681522,35.1676758298027,MA0101202412A0005532,소상공인시장진흥공단_상가(상권)정보_API (data.go.kr 15012005),202606,2026-10-04
GN-GIMHAE,김해시,세븐일레븐김해골든루트점,,편의점,경상남도 김해시 주촌면 골든루트로129번길 12-2,경상남도 김해시 주촌면 망덕리 874-5,주촌면,128.826274477954,35.2177030388835,MA0101202502A0068356,소상공인시장진흥공단_상가(상권)정보_API (data.go.kr 15012005),202606,2026-10-04
GN-GIMHAE,김해시,씨유흥동다,사랑점,편의점,경상남도 김해시 흥동로 168,경상남도 김해시 흥동 904-7,칠산서부동,128.866999759183,35.2222634854473,MA0101202502A0101445,소상공인시장진흥공단_상가(상권)정보_API (data.go.kr 15012005),202606,2026-10-04
GN-GIMHAE,김해시,지에스25장유부영,그린점,편의점,경상남도 김해시 덕정로 70,경상남도 김해시 관동동 448-1,장유3동,128.792825635821,35.1792981500525,MA0101202504A0049898,소상공인시장진흥공단_상가(상권)정보_API (data.go.kr 15012005),202606,2026-10-04
GN-GIMHAE,김해시,씨유불모산휴게소점,,편의점,경상남도 김해시 금관대로 181,경상남도 김해시 대청동 800-11,장유2동,128.777886945137,35.1813298453297,MA0101202501A0020193,소상공인시장진흥공단_상가(상권)정보_API (data.go.kr 15012005),202606,2026-10-04
GN-GIMHAE,김해시,씨유김해동상점,,편의점,경상남도 김해시 분성로390번길 19,경상남도 김해시 동상동 639-14,동상동,128.888973453137,35.2326195508913,MA0101202503A0002145,소상공인시장진흥공단_상가(상권)정보_API (data.go.kr 15012005),202606,2026-10-04
GN-GIMHAE,김해시,이마트24율하프라디움점,,편의점,경상남도 김해시 율하5로 7,경상남도 김해시 장유동 870,장유3동,128.825465931813,35.1658782111026,MA0101202503A0043541,소상공인시장진흥공단_상가(상권)정보_API (data.go.kr 15012005),202606,2026-10-04
GN-GIMHAE,김해시,지에스25뉴김해내외,중앙점,편의점,경상남도 김해시 내외로77번길 26,경상남도 김해시 내동 1120-1,내외동,128.866346224213,35.2368818232831,MA0101202503A0027653,소상공인시장진흥공단_상가(상권)정보_API (data.go.kr 15012005),202606,2026-10-04
GN-GIMHAE,김해시,세븐일레븐김해활천점,,편의점,경상남도 김해시 분성로517번길 6-4,경상남도 김해시 어방동 1093-1,활천동,128.902714385134,35.2359368889176,MA0101202503A0061348,소상공인시장진흥공단_상가(상권)정보_API (data.go.kr 15012005),202606,2026-10-04
GN-GIMHAE,김해시,세븐일레븐롯데호텔앤리조트,김해점,편의점,경상남도 김해시 장유로 505,경상남도 김해시 신문동 1411,장유1동,128.825422545263,35.1811181992213,MA0101202504A0049148,소상공인시장진흥공단_상가(상권)정보_API (data.go.kr 15012005),202606,2026-10-04
GN-GIMHAE,김해시,지에스25명동휴게소점,,편의점,경상남도 김해시 한림면 김해대로 1131,경상남도 김해시 한림면 명동리 1159-6,한림면,128.806579202317,35.2961682401372,MA0101202507A0026912,소상공인시장진흥공단_상가(상권)정보_API (data.go.kr 15012005),202606,2026-10-04
GN-GIMHAE,김해시,알씨24,,편의점,경상남도 김해시 김해대로2301번길 9,경상남도 김해시 봉황동 17-14,회현동,128.878286672097,35.2269101793088,MA0101202505A0086500,소상공인시장진흥공단_상가(상권)정보_API (data.go.kr 15012005),202606,2026-10-04
GN-GIMHAE,김해시,이마트24장유,자이점,편의점,경상남도 김해시 장유로334번길 67,경상남도 김해시 신문동 1528,장유1동,128.811924972924,35.1926580689908,MA0101202504A0035583,소상공인시장진흥공단_상가(상권)정보_API (data.go.kr 15012005),202606,2026-10-04
GN-GIMHAE,김해시,지에스25김해우가주치과점,,편의점,경상남도 김해시 전하로 287,경상남도 김해시 외동 1394,내외동,128.870860775724,35.2287554932843,MA0101202507A0038753,소상공인시장진흥공단_상가(상권)정보_API (data.go.kr 15012005),202606,2026-10-04
GN-GIMHAE,김해시,지에스25김해외동,시장점,편의점,경상남도 김해시 함박로101번길 22,경상남도 김해시 외동 1252-2,내외동,128.86583474268,35.2342131854777,MA0101202507A0034189,소상공인시장진흥공단_상가(상권)정보_API (data.go.kr 15012005),202606,2026-10-04
GN-GIMHAE,김해시,씨유김해점,삼계동,편의점,경상남도 김해시 해반천로144번길 22,경상남도 김해시 삼계동 1488-1,북부동,128.869680062668,35.261045189946,MA0101202502A0059093,소상공인시장진흥공단_상가(상권)정보_API (data.go.kr 15012005),202606,2026-10-04
GN-GIMHAE,김해시,씨유김해대성원룸점,,편의점,경상남도 김해시 구지로136번길 12-1,경상남도 김해시 대성동 359-5,북부동,128.878060683565,35.2375927361643,MA010120220804880460,소상공인시장진흥공단_상가(상권)정보_API (data.go.kr 15012005),202606,2026-10-04
GN-GIMHAE,김해시,GS25진영센텀,큐브점,편의점,경상남도 김해시 진영읍 본산로 28-8,경상남도 김해시 진영읍 여래리 971,진영읍,128.739584980892,35.3076496272961,MA010120220802779651,소상공인시장진흥공단_상가(상권)정보_API (data.go.kr 15012005),202606,2026-10-04
GN-GIMHAE,김해시,GS25김해,중앙로점,편의점,경상남도 김해시 내외로 79,경상남도 김해시 내동 1117-6,내외동,128.865947594758,35.2348242526701,MA010120220812887207,소상공인시장진흥공단_상가(상권)정보_API (data.go.kr 15012005),202606,2026-10-04
GN-GIMHAE,김해시,GS25삼계타운점,,편의점,경상남도 김해시 가야로181번길 17,경상남도 김해시 삼계동 1483-7,북부동,128.873770481276,35.2616577823139,MA010120220811236957,소상공인시장진흥공단_상가(상권)정보_API (data.go.kr 15012005),202606,2026-10-04
GN-GIMHAE,김해시,씨유진영,사거리점,편의점,경상남도 김해시 진영읍 여래로20번길 50,경상남도 김해시 진영읍 진영리 275-57,진영읍,128.729348815724,35.3050297958797,MA010120220813971739,소상공인시장진흥공단_상가(상권)정보_API (data.go.kr 15012005),202606,2026-10-04
GN-GIMHAE,김해시,씨유김해생림점,,편의점,경상남도 김해시 생림면 나전로249번길 25,경상남도 김해시 생림면 나전리 697-1,생림면,128.874097182231,35.3058735952165,MA010120220814298141,소상공인시장진흥공단_상가(상권)정보_API (data.go.kr 15012005),202606,2026-10-04
GN-GIMHAE,김해시,씨유뉴김해봉황원룸점,,편의점,경상남도 김해시 봉황대길 15,경상남도 김해시 봉황동 99-21,회현동,128.876078699499,35.2273679882116,MA010120220808059018,소상공인시장진흥공단_상가(상권)정보_API (data.go.kr 15012005),202606,2026-10-04
GN-GIMHAE,김해시,씨유김해삼방동원타운점,,편의점,경상남도 김해시 삼안로 226,경상남도 김해시 삼방동 690-1,삼안동,128.912298443479,35.2488258456343,MA010120220809672024,소상공인시장진흥공단_상가(상권)정보_API (data.go.kr 15012005),202606,2026-10-04
GN-GIMHAE,김해시,이마트24김해백조아파트점,,편의점,경상남도 김해시 가락로 223,경상남도 김해시 구산동 257,북부동,128.873462081909,35.2453961960024,MA010120220805535771,소상공인시장진흥공단_상가(상권)정보_API (data.go.kr 15012005),202606,2026-10-04
GN-GIMHAE,김해시,씨유외동,대박점,편의점,경상남도 김해시 우암로43번길 2,경상남도 김해시 외동 1185-14,내외동,128.860594994832,35.234672368219,MA010120220812167792,소상공인시장진흥공단_상가(상권)정보_API (data.go.kr 15012005),202606,2026-10-04
GN-GIMHAE,김해시,지에스25뉴장유계동점,,편의점,경상남도 김해시 계동로137번길 2,경상남도 김해시 대청동 286-1,장유2동,128.793849872285,35.1879435745936,MA010120220808083896,소상공인시장진흥공단_상가(상권)정보_API (data.go.kr 15012005),202606,2026-10-04
GN-GIMHAE,김해시,지에스25김해시청상류점,,편의점,경상남도 김해시 호계로422번길 19,경상남도 김해시 부원동 619-7,부원동,128.887372206383,35.2284540309729,MA010120220813781552,소상공인시장진흥공단_상가(상권)정보_API (data.go.kr 15012005),202606,2026-10-04
GN-GIMHAE,김해시,세븐일레븐장유율현,마을점,편의점,경상남도 김해시 율하로 383,경상남도 김해시 율하동 1403,장유3동,128.817395681522,35.1676758298027,MA0101202412A0045192,소상공인시장진흥공단_상가(상권)정보_API (data.go.kr 15012005),202606,2026-10-04
GN-GIMHAE,김해시,세븐김해롯데리조트점,코리아,편의점,경상남도 김해시 장유로 505,경상남도 김해시 신문동 1411,장유1동,128.825422545263,35.1811181992213,MA0101202411A0184281,소상공인시장진흥공단_상가(상권)정보_API (data.go.kr 15012005),202606,2026-10-04
GN-GIMHAE,김해시,다모아,,편의점,경상남도 김해시 주촌면 선지로97번길 2,경상남도 김해시 주촌면 선지리 1520-1,주촌면,128.845884165732,35.2277332084772,MA0101202412A0054815,소상공인시장진흥공단_상가(상권)정보_API (data.go.kr 15012005),202606,2026-10-04
GN-GIMHAE,김해시,씨유김해진영대진점,,편의점,경상남도 김해시 진영읍 테크노밸리길 3,경상남도 김해시 진영읍 죽곡리 232-5,진영읍,128.762938868071,35.2738228495434,MA0101202412A0019224,소상공인시장진흥공단_상가(상권)정보_API (data.go.kr 15012005),202606,2026-10-04
GN-GIMHAE,김해시,씨유김해,두산위브점,편의점,경상남도 김해시 주촌면 천곡로 18,경상남도 김해시 주촌면 천곡리,주촌면,128.837720888236,35.2339314932181,MA0101202411A0087151,소상공인시장진흥공단_상가(상권)정보_API (data.go.kr 15012005),202606,2026-10-04
GN-GIMHAE,김해시,씨유뉴진영원룸점,,편의점,경상남도 김해시 진영읍 김해대로407번길 21-1,경상남도 김해시 진영읍 진영리 1615-5,진영읍,128.732585211174,35.3067768478738,MA0101202412A0067749,소상공인시장진흥공단_상가(상권)정보_API (data.go.kr 15012005),202606,2026-10-04
GN-GIMHAE,김해시,씨유김해구산,연지점,편의점,경상남도 김해시 구산로 12,경상남도 김해시 구산동 274-1,북부동,128.86987812056,35.2486238127923,MA0101202411A0003061,소상공인시장진흥공단_상가(상권)정보_API (data.go.kr 15012005),202606,2026-10-04
GN-GIMHAE,김해시,세븐일레븐김해분성로점,,편의점,경상남도 김해시 인제로91번길 23,경상남도 김해시 어방동 1092-1,활천동,128.901956943087,35.2364264234926,MA0101202411A0071024,소상공인시장진흥공단_상가(상권)정보_API (data.go.kr 15012005),202606,2026-10-04
GN-GIMHAE,김해시,이마트24김해,율하점,편의점,경상남도 김해시 율하1로 97,경상남도 김해시 율하동 1323-3,장유3동,128.814789233194,35.1738521208015,MA0101202406A0197894,소상공인시장진흥공단_상가(상권)정보_API (data.go.kr 15012005),202606,2026-10-04
GN-GIMHAE,김해시,지에스25김해함박로점,,편의점,경상남도 김해시 함박로11번길 31,경상남도 김해시 외동 1183-10,내외동,128.858061319953,35.2357927278695,MA0101202406A0375944,소상공인시장진흥공단_상가(상권)정보_API (data.go.kr 15012005),202606,2026-10-04
GN-GIMHAE,김해시,지에스25함박공원점,,편의점,경상남도 김해시 함박로11번길 1,경상남도 김해시 외동 1210-8,내외동,128.855612337439,35.2338837412612,MA0101202406A0036300,소상공인시장진흥공단_상가(상권)정보_API (data.go.kr 15012005),202606,2026-10-04
GN-GIMHAE,김해시,지에스25뉴김해구산이진점,,편의점,경상남도 김해시 김해대로1902번길 57,경상남도 김해시 구산동 1083-6,북부동,128.867160823074,35.2522885453269,MA0101202501A0064572,소상공인시장진흥공단_상가(상권)정보_API (data.go.kr 15012005),202606,2026-10-04
GN-GIMHAE,김해시,지에스25삼문주공점,,편의점,경상남도 김해시 번화2로 101,경상남도 김해시 삼문동 61-3,장유2동,128.802108370448,35.1975359100239,MA0101202412A0075470,소상공인시장진흥공단_상가(상권)정보_API (data.go.kr 15012005),202606,2026-10-04
GN-GIMHAE,김해시,세븐일레븐김해,장유점,편의점,경상남도 김해시 계동로 15,경상남도 김해시 관동동 451-3,장유3동,128.795700361294,35.1777505366203,MA0101202412A0014578,소상공인시장진흥공단_상가(상권)정보_API (data.go.kr 15012005),202606,2026-10-04
GN-GIMHAE,김해시,이마트24김해고모점,,편의점,경상남도 김해시 진례면 고모로 160,경상남도 김해시 진례면 송현리 711,진례면,128.769427144648,35.2416904236046,MA010120220803374434,소상공인시장진흥공단_상가(상권)정보_API (data.go.kr 15012005),202606,2026-10-04
GN-GIMHAE,김해시,7-11김해활천스마트점,,편의점,경상남도 김해시 활천로52번길 1,경상남도 김해시 삼정동 216-7,활천동,128.893492607692,35.2323596690706,MA010120220809323627,소상공인시장진흥공단_상가(상권)정보_API (data.go.kr 15012005),202606,2026-10-04
GN-GIMHAE,김해시,CU진영일심프라자,,편의점,경상남도 김해시 진영읍 김해대로361번길 11,경상남도 김해시 진영읍 진영리 1608-10,진영읍,128.729321493447,35.3078779798108,MA010120220806947306,소상공인시장진흥공단_상가(상권)정보_API (data.go.kr 15012005),202606,2026-10-04
GN-GIMHAE,김해시,씨유김해,나전점,편의점,경상남도 김해시 생림면 상동로 1-1,경상남도 김해시 생림면 나전리 574-4,생림면,128.87793775939,35.2979557400455,MA010120220811258315,소상공인시장진흥공단_상가(상권)정보_API (data.go.kr 15012005),202606,2026-10-04
GN-GIMHAE,김해시,세븐일레븐김해동상,골드점,편의점,경상남도 김해시 호계로555번길 1,경상남도 김해시 동상동 1125-8,동상동,128.883663623721,35.240010929524,MA010120220814262327,소상공인시장진흥공단_상가(상권)정보_API (data.go.kr 15012005),202606,2026-10-04
GN-GIMHAE,김해시,세븐일레븐김해생림점,,편의점,경상남도 김해시 생림면 나전로 442,경상남도 김해시 생림면 사촌리 428-1,생림면,128.865803837697,35.3190869637984,MA010120220812213895,소상공인시장진흥공단_상가(상권)정보_API (data.go.kr 15012005),202606,2026-10-04
GN-GIMHAE,김해시,CU삼방해피점,,편의점,경상남도 김해시 삼안로255번길 31,경상남도 김해시 삼방동 579-1,삼안동,128.906473955659,35.2501433764834,MA010120220805951095,소상공인시장진흥공단_상가(상권)정보_API (data.go.kr 15012005),202606,2026-10-04
GN-GIMHAE,김해시,굿25시편의점,,편의점,경상남도 김해시 장유로 262,경상남도 김해시 부곡동 1163-9,장유1동,128.811648542554,35.2014669461048,MA010120220810677014,소상공인시장진흥공단_상가(상권)정보_API (data.go.kr 15012005),202606,2026-10-04
GN-GIMHAE,김해시,씨유김해,인제대점,편의점,경상남도 김해시 인제로200번길 6,경상남도 김해시 어방동 520-1,활천동,128.904548955158,35.2462806050755,MA010120220811257647,소상공인시장진흥공단_상가(상권)정보_API (data.go.kr 15012005),202606,2026-10-04
GN-GIMHAE,김해시,그린편의점씨스페이스,율하점,편의점,경상남도 김해시 율하6로 52,경상남도 김해시 장유동 826-3,장유3동,128.824642310341,35.1717484442874,MA010120220811646255,소상공인시장진흥공단_상가(상권)정보_API (data.go.kr 15012005),202606,2026-10-04
GN-GIMHAE,김해시,씨유장유,하이스트점,편의점,경상남도 김해시 장유로 358,경상남도 김해시 신문동 530-8,장유1동,128.816866791803,35.194701829014,MA0101202406A0009261,소상공인시장진흥공단_상가(상권)정보_API (data.go.kr 15012005),202606,2026-10-04
GN-GIMHAE,김해시,씨유김해외동,동성점,편의점,경상남도 김해시 평전로 34,경상남도 김해시 외동 697-1,내외동,128.852153419929,35.2348919969919,MA0101202406A0363766,소상공인시장진흥공단_상가(상권)정보_API (data.go.kr 15012005),202606,2026-10-04
GN-GIMHAE,김해시,지에스25김해유하,산단점,편의점,경상남도 김해시 유하로 149,경상남도 김해시 유하동 446-1,장유1동,128.815827191753,35.2155621796987,MA0101202409A0059525,소상공인시장진흥공단_상가(상권)정보_API (data.go.kr 15012005),202606,2026-10-04
GN-GIMHAE,김해시,씨유진영,코아루점,편의점,경상남도 김해시 진영읍 김해대로361번길 36,경상남도 김해시 진영읍 진영리 1611-2,진영읍,128.730255295041,35.3099103428325,MA0101202409A0027555,소상공인시장진흥공단_상가(상권)정보_API (data.go.kr 15012005),202606,2026-10-04
GN-GIMHAE,김해시,이마트24김해복음,병원점,편의점,경상남도 김해시 활천로 42,경상남도 김해시 삼정동 250-3,활천동,128.893736637959,35.2315177500309,MA0101202409A0056637,소상공인시장진흥공단_상가(상권)정보_API (data.go.kr 15012005),202606,2026-10-04
GN-GIMHAE,김해시,씨유김해왕릉점,,편의점,경상남도 김해시 분성로 295,경상남도 김해시 서상동 330-10,회현동,128.878344439205,35.2332265954029,MA0101202409A0022807,소상공인시장진흥공단_상가(상권)정보_API (data.go.kr 15012005),202606,2026-10-04
GN-MIRYANG,밀양시,지에스25밀양점,코리아,편의점,경상남도 밀양시 중앙로 142,경상남도 밀양시 가곡동 651-24,가곡동,128.764263587806,35.4782644619057,MA010120220811263157,소상공인시장진흥공단_상가(상권)정보_API (data.go.kr 15012005),202606,2026-10-04
GN-MIRYANG,밀양시,훼미리마트,,편의점,경상남도 밀양시 중앙로 57-5,경상남도 밀양시 가곡동 457-1,가곡동,128.770989169231,35.4729751811019,MA010120220811238460,소상공인시장진흥공단_상가(상권)정보_API (data.go.kr 15012005),202606,2026-10-04
GN-MIRYANG,밀양시,재형상회떡,,편의점,경상남도 밀양시 삼문중앙로3길 34-15,경상남도 밀양시 삼문동 184-200,삼문동,128.754126000981,35.4857838716082,MA010120220811234879,소상공인시장진흥공단_상가(상권)정보_API (data.go.kr 15012005),202606,2026-10-04
GN-MIRYANG,밀양시,지에스25밀양무안명당점,,편의점,경상남도 밀양시 무안면 사명로 479,경상남도 밀양시 무안면 무안리 767-15,무안면,128.650857585503,35.4677394930561,MA0101202307A0085706,소상공인시장진흥공단_상가(상권)정보_API (data.go.kr 15012005),202606,2026-10-04
GN-MIRYANG,밀양시,씨유밀양북성로타리점,,편의점,경상남도 밀양시 중앙로 383,경상남도 밀양시 내이동 727-4,내이동,128.750826946766,35.495726663961,MA0101202406A0146477,소상공인시장진흥공단_상가(상권)정보_API (data.go.kr 15012005),202606,2026-10-04
GN-MIRYANG,밀양시,이마트24밀양가곡점,,편의점,경상남도 밀양시 중앙로 107,경상남도 밀양시 가곡동 580-5,가곡동,128.766298412173,35.4755942570179,MA010120220811269517,소상공인시장진흥공단_상가(상권)정보_API (data.go.kr 15012005),202606,2026-10-04
GN-MIRYANG,밀양시,씨유밀양양동리점,,편의점,경상남도 밀양시 하남읍 동명길 1,경상남도 밀양시 하남읍 양동리 622-3,하남읍,128.714931542294,35.3735009169907,MA0101202309A0006307,소상공인시장진흥공단_상가(상권)정보_API (data.go.kr 15012005),202606,2026-10-04
GN-MIRYANG,밀양시,씨유밀양수산그랜드점,,편의점,경상남도 밀양시 하남읍 수산중앙로 68,경상남도 밀양시 하남읍 수산리 468-14,하남읍,128.712736275429,35.3747937327301,MA0101202406A0284707,소상공인시장진흥공단_상가(상권)정보_API (data.go.kr 15012005),202606,2026-10-04
GN-MIRYANG,밀양시,세븐일레븐밀양아리랑점,,편의점,경상남도 밀양시 해천안길 1,경상남도 밀양시 내이동 925,내이동,128.751136702267,35.4917209661386,MA0101202409A0036556,소상공인시장진흥공단_상가(상권)정보_API (data.go.kr 15012005),202606,2026-10-04
GN-MIRYANG,밀양시,밀양역맞이방편의점,,편의점,경상남도 밀양시 중앙로 62,경상남도 밀양시 가곡동 662-143,가곡동,128.770632221621,35.4747827620211,MA010120220812860103,소상공인시장진흥공단_상가(상권)정보_API (data.go.kr 15012005),202606,2026-10-04
GN-MIRYANG,밀양시,씨유밀양,세경점,편의점,경상남도 밀양시 미리벌로2길 47,경상남도 밀양시 삼문동 734,삼문동,128.745470028976,35.4839448641118,MA010120220808070774,소상공인시장진흥공단_상가(상권)정보_API (data.go.kr 15012005),202606,2026-10-04
GN-MIRYANG,밀양시,이마트24편의점밀양IC점,,편의점,경상남도 밀양시 산외면 밀양대로 2362-1,경상남도 밀양시 산외면 남기리 1073-14,산외면,128.774032614172,35.5136993066938,MA0101202308A0102521,소상공인시장진흥공단_상가(상권)정보_API (data.go.kr 15012005),202606,2026-10-04
GN-MIRYANG,밀양시,지에스25영남루점,,편의점,경상남도 밀양시 중앙로 327,경상남도 밀양시 내일동 133,내일동,128.753832900778,35.4920692998625,MA0101202406A0194266,소상공인시장진흥공단_상가(상권)정보_API (data.go.kr 15012005),202606,2026-10-04
GN-MIRYANG,밀양시,씨유밀양남천,강변점,편의점,경상남도 밀양시 석정로 5,경상남도 밀양시 내일동 88-4,내일동,128.753423615962,35.491489488394,MA0101202406A0190903,소상공인시장진흥공단_상가(상권)정보_API (data.go.kr 15012005),202606,2026-10-04
GN-MIRYANG,밀양시,씨유밀성점,,편의점,경상남도 밀양시 북성로6길 2,경상남도 밀양시 내이동 1594-5,내이동,128.750015825073,35.4989736389817,MA010120220811255079,소상공인시장진흥공단_상가(상권)정보_API (data.go.kr 15012005),202606,2026-10-04
GN-MIRYANG,밀양시,세븐일레븐밀양,평촌점,편의점,경상남도 밀양시 상남면 평촌길 3,경상남도 밀양시 상남면 평촌리 705-21,상남면,128.778772828514,35.4122026584561,MA010120220811242062,소상공인시장진흥공단_상가(상권)정보_API (data.go.kr 15012005),202606,2026-10-04
GN-MIRYANG,밀양시,씨유밀양내이점,,편의점,경상남도 밀양시 백민로8길 3,경상남도 밀양시 내이동 1563-9,내이동,128.746406032135,35.500720160271,MA010120220809603492,소상공인시장진흥공단_상가(상권)정보_API (data.go.kr 15012005),202606,2026-10-04
GN-MIRYANG,밀양시,씨유밀양삼문점,,편의점,경상남도 밀양시 삼문로 40,경상남도 밀양시 삼문동 221-34,삼문동,128.754202127528,35.4877653429448,MA010120220810973246,소상공인시장진흥공단_상가(상권)정보_API (data.go.kr 15012005),202606,2026-10-04
GN-MIRYANG,밀양시,씨유밀양대로점,,편의점,경상남도 밀양시 밀양대로 1757,경상남도 밀양시 삼문동 551-1,삼문동,128.752554251891,35.4824092947001,MA010120220813760350,소상공인시장진흥공단_상가(상권)정보_API (data.go.kr 15012005),202606,2026-10-04
GN-MIRYANG,밀양시,이마트24밀양삼문점,,편의점,경상남도 밀양시 밀양대로 1745-12,경상남도 밀양시 삼문동 94-16,삼문동,128.753350234772,35.4805052661066,MA010120220800608097,소상공인시장진흥공단_상가(상권)정보_API (data.go.kr 15012005),202606,2026-10-04
GN-MIRYANG,밀양시,세븐일레븐밀양우리,병원점,편의점,경상남도 밀양시 가곡6길 19,경상남도 밀양시 가곡동 610-3,가곡동,128.766904560904,35.4761080611275,MA010120220809981439,소상공인시장진흥공단_상가(상권)정보_API (data.go.kr 15012005),202606,2026-10-04
GN-MIRYANG,밀양시,하늘하루,,편의점,경상남도 밀양시 단장면 고례4안길 30,경상남도 밀양시 단장면 고례리 1315,단장면,128.932053635611,35.4976819901361,MA0101202306A0060302,소상공인시장진흥공단_상가(상권)정보_API (data.go.kr 15012005),202606,2026-10-04
GN-MIRYANG,밀양시,세븐일레븐밀양부북점,,편의점,경상남도 밀양시 부북면 사포로 668,경상남도 밀양시 부북면 운전리 494,부북면,128.728685578894,35.511005491321,MA010120220812740681,소상공인시장진흥공단_상가(상권)정보_API (data.go.kr 15012005),202606,2026-10-04
GN-MIRYANG,밀양시,이마트24밀양산외카페점,,편의점,경상남도 밀양시 산외면 화동강길 5,경상남도 밀양시 산외면 금천리 836-11,산외면,128.78790468937,35.5065374627568,MA010120220811264344,소상공인시장진흥공단_상가(상권)정보_API (data.go.kr 15012005),202606,2026-10-04
GN-MIRYANG,밀양시,씨유밀양우신점,,편의점,경상남도 밀양시 교동로 62,경상남도 밀양시 교동 1232,교동,128.752551135015,35.5086424282563,MA010120220811237872,소상공인시장진흥공단_상가(상권)정보_API (data.go.kr 15012005),202606,2026-10-04
GN-MIRYANG,밀양시,세븐일레븐밀양북성로점,,편의점,경상남도 밀양시 북성로 19,경상남도 밀양시 내이동 1185-8,내이동,128.744751595701,35.4986173382909,MA0101202307A0103247,소상공인시장진흥공단_상가(상권)정보_API (data.go.kr 15012005),202606,2026-10-04
GN-MIRYANG,밀양시,세븐일레븐밀양원룸센타점,,편의점,경상남도 밀양시 백민로8길 20,경상남도 밀양시 내이동 1583-5,내이동,128.748159842181,35.5007938829611,MA0101202308A0024658,소상공인시장진흥공단_상가(상권)정보_API (data.go.kr 15012005),202606,2026-10-04
GN-MIRYANG,밀양시,세븐일레븐밀양이편한점,,편의점,경상남도 밀양시 미리벌중앙로 10,경상남도 밀양시 삼문동 760,삼문동,128.752862940296,35.4798815258779,MA010120220806434920,소상공인시장진흥공단_상가(상권)정보_API (data.go.kr 15012005),202606,2026-10-04
GN-MIRYANG,밀양시,GS25밀양,송림점,편의점,경상남도 밀양시 삼문중앙로 48,경상남도 밀양시 삼문동 171-6,삼문동,128.757107049331,35.4855602547206,MA010120220811263882,소상공인시장진흥공단_상가(상권)정보_API (data.go.kr 15012005),202606,2026-10-04
GN-MIRYANG,밀양시,세븐일레븐밀양,행운점,편의점,경상남도 밀양시 백민로9길 16,경상남도 밀양시 내이동 1584-1,내이동,128.747233868714,35.5017985882106,MA0101202310A0017291,소상공인시장진흥공단_상가(상권)정보_API (data.go.kr 15012005),202606,2026-10-04
GN-MIRYANG,밀양시,임대,,편의점,경상남도 밀양시 하남읍 수산중앙로 31,경상남도 밀양시 하남읍 수산리 814-95,하남읍,128.708907578285,35.3748119083987,MA010120220811237448,소상공인시장진흥공단_상가(상권)정보_API (data.go.kr 15012005),202606,2026-10-04
GN-MIRYANG,밀양시,세븐일레븐밀양영신점,,편의점,경상남도 밀양시 백민로2길 17-33,경상남도 밀양시 내이동 858-2,내이동,128.749648257824,35.4942207866989,MA010120220811242985,소상공인시장진흥공단_상가(상권)정보_API (data.go.kr 15012005),202606,2026-10-04
GN-MIRYANG,밀양시,이마트24밀양신촌,오거리점,편의점,경상남도 밀양시 중앙로 488,경상남도 밀양시 내이동 1554-1,내이동,128.742497999726,35.5009118570104,MA010120220800084492,소상공인시장진흥공단_상가(상권)정보_API (data.go.kr 15012005),202606,2026-10-04
GN-MIRYANG,밀양시,씨유밀양삼랑진송지점,,편의점,경상남도 밀양시 삼랑진읍 송지4길 7-10,경상남도 밀양시 삼랑진읍 송지리 175-16,삼랑진읍,128.843151722967,35.4007835150022,MA010120220811245386,소상공인시장진흥공단_상가(상권)정보_API (data.go.kr 15012005),202606,2026-10-04
GN-MIRYANG,밀양시,이마트24밀양삼랑진송지점,,편의점,경상남도 밀양시 삼랑진읍 만어로 22,경상남도 밀양시 삼랑진읍 송지리 185-5,삼랑진읍,128.841873097803,35.4016681467346,MA010120220812914003,소상공인시장진흥공단_상가(상권)정보_API (data.go.kr 15012005),202606,2026-10-04
GN-MIRYANG,밀양시,씨유밀양,스타점,편의점,경상남도 밀양시 시청로1길 6,경상남도 밀양시 내이동 1531-21,내이동,128.744424137882,35.5038578810221,MA010120220811269357,소상공인시장진흥공단_상가(상권)정보_API (data.go.kr 15012005),202606,2026-10-04
GN-MIRYANG,밀양시,세븐일레븐밀양이편한세상점,,편의점,경상남도 밀양시 창밀로 3518,경상남도 밀양시 내이동 1613,내이동,128.733327558352,35.50647806252,MA0101202212A0066776,소상공인시장진흥공단_상가(상권)정보_API (data.go.kr 15012005),202606,2026-10-04
GN-MIRYANG,밀양시,세븐일레븐밀양,중앙로점,편의점,경상남도 밀양시 삼문중앙로 33,경상남도 밀양시 삼문동 158-6,삼문동,128.755708623289,35.4850939820232,MA0101202303A0009567,소상공인시장진흥공단_상가(상권)정보_API (data.go.kr 15012005),202606,2026-10-04
GN-MIRYANG,밀양시,씨유밀양삼랑진,행복점,편의점,경상남도 밀양시 삼랑진읍 삼랑진로 130,경상남도 밀양시 삼랑진읍 삼랑리 12-8,삼랑진읍,128.833065340386,35.3894020504155,MA0101202210A0087732,소상공인시장진흥공단_상가(상권)정보_API (data.go.kr 15012005),202606,2026-10-04
GN-MIRYANG,밀양시,씨유밀양가곡,로터리점,편의점,경상남도 밀양시 가곡6길 3,경상남도 밀양시 가곡동 602-2,가곡동,128.767769446383,35.4753564315614,MA0101202212A0001282,소상공인시장진흥공단_상가(상권)정보_API (data.go.kr 15012005),202606,2026-10-04
GN-MIRYANG,밀양시,그린마켓,,편의점,경상남도 밀양시 삼문중앙로 32,경상남도 밀양시 삼문동 153-11,삼문동,128.755655941859,35.484698233042,MA0101202212A0086625,소상공인시장진흥공단_상가(상권)정보_API (data.go.kr 15012005),202606,2026-10-04
GN-MIRYANG,밀양시,씨유밀양무안&숙이,로드점,편의점,경상남도 밀양시 무안면 사명로 26,경상남도 밀양시 무안면 성덕리 662-1,무안면,128.650278635758,35.4280678740631,MA010120220802887865,소상공인시장진흥공단_상가(상권)정보_API (data.go.kr 15012005),202606,2026-10-04
GN-MIRYANG,밀양시,씨유밀양표충로점,,편의점,경상남도 밀양시 단장면 표충로 176,경상남도 밀양시 단장면 단장리 63-1,단장면,128.857846258443,35.5128968238835,MA010120220800684213,소상공인시장진흥공단_상가(상권)정보_API (data.go.kr 15012005),202606,2026-10-04
GN-MIRYANG,밀양시,지에스25밀양판타블점,,편의점,경상남도 밀양시 시청서2길 20-1,경상남도 밀양시 내이동 1533,내이동,128.742535992729,35.5042005846165,MA010120220803041811,소상공인시장진흥공단_상가(상권)정보_API (data.go.kr 15012005),202606,2026-10-04
GN-MIRYANG,밀양시,세븐일레븐밀양내이점,,편의점,경상남도 밀양시 백민로 76-1,경상남도 밀양시 내이동 1566-6,내이동,128.746653163277,35.4994098833843,MA010120220805196375,소상공인시장진흥공단_상가(상권)정보_API (data.go.kr 15012005),202606,2026-10-04
GN-MIRYANG,밀양시,씨유밀양삼랑진,행복점,편의점,경상남도 밀양시 삼랑진읍 삼랑진로 130,경상남도 밀양시 삼랑진읍 삼랑리 12-8,삼랑진읍,128.833065340386,35.3894020504155,MA010120220803586898,소상공인시장진흥공단_상가(상권)정보_API (data.go.kr 15012005),202606,2026-10-04
GN-MIRYANG,밀양시,미니스톱밀양용전공단점,,편의점,경상남도 밀양시 삼랑진읍 미율로 295,경상남도 밀양시 삼랑진읍 용전리 632,삼랑진읍,128.828489552822,35.4250676529498,MA010120220811269851,소상공인시장진흥공단_상가(상권)정보_API (data.go.kr 15012005),202606,2026-10-04
GN-MIRYANG,밀양시,GS25밀양,제일점,편의점,경상남도 밀양시 밀양대로 1747,경상남도 밀양시 삼문동 107-7,삼문동,128.753530460143,35.4817012065907,MA010120220807710864,소상공인시장진흥공단_상가(상권)정보_API (data.go.kr 15012005),202606,2026-10-04
GN-MIRYANG,밀양시,GS25,밀양점,편의점,경상남도 밀양시 약산로 53,경상남도 밀양시 내이동 908,내이동,128.750810597873,35.4929422814719,MA010120220811235411,소상공인시장진흥공단_상가(상권)정보_API (data.go.kr 15012005),202606,2026-10-04
GN-MIRYANG,밀양시,세븐일레븐밀양,신촌점,편의점,경상남도 밀양시 창밀로 3566-2,경상남도 밀양시 내이동 446-4,내이동,128.73769572422,35.5040991943572,MA010120220811270475,소상공인시장진흥공단_상가(상권)정보_API (data.go.kr 15012005),202606,2026-10-04
GN-MIRYANG,밀양시,지에스25밀양송진점,,편의점,경상남도 밀양시 삼랑진읍 삼랑진로 194,경상남도 밀양시 삼랑진읍 송지리 430-7,삼랑진읍,128.836371677876,35.394470476031,MA010120220800298685,소상공인시장진흥공단_상가(상권)정보_API (data.go.kr 15012005),202606,2026-10-04
GN-MIRYANG,밀양시,세븐일레븐밀양교동스마일점,,편의점,경상남도 밀양시 교동로 183-1,경상남도 밀양시 교동 1218-10,교동,128.756913657621,35.5110842042273,MA010120220805458186,소상공인시장진흥공단_상가(상권)정보_API (data.go.kr 15012005),202606,2026-10-04
GN-MIRYANG,밀양시,지에스25밀양미전공단점,,편의점,경상남도 밀양시 삼랑진읍 미전농공단지길 55,경상남도 밀양시 삼랑진읍 미전리 1053,삼랑진읍,128.813625452846,35.4088184530574,MA010120220810164967,소상공인시장진흥공단_상가(상권)정보_API (data.go.kr 15012005),202606,2026-10-04
GN-MIRYANG,밀양시,GS25밀양밀성,,편의점,경상남도 밀양시 중앙로 400-1,경상남도 밀양시 내이동 709-2,내이동,128.749410880339,35.4964861701179,MA010120220811260301,소상공인시장진흥공단_상가(상권)정보_API (data.go.kr 15012005),202606,2026-10-04
GN-MIRYANG,밀양시,GS25밀양표충사점,,편의점,경상남도 밀양시 단장면 표충로 1000,경상남도 밀양시 단장면 구천리 642-5,단장면,128.923533788023,35.5234736409487,MA010120220811263498,소상공인시장진흥공단_상가(상권)정보_API (data.go.kr 15012005),202606,2026-10-04
GN-MIRYANG,밀양시,지에스25밀양미리벌점경남밀양지역자활센터,,편의점,경상남도 밀양시 미리벌중앙로 35,경상남도 밀양시 삼문동 567,삼문동,128.750165711947,35.4799747539635,MA010120220808842951,소상공인시장진흥공단_상가(상권)정보_API (data.go.kr 15012005),202606,2026-10-04
GN-MIRYANG,밀양시,이마트24밀양용평점,,편의점,경상남도 밀양시 용평로 200,경상남도 밀양시 용평동 964-16,내일동,128.772459496763,35.4892647640552,MA010120220811237484,소상공인시장진흥공단_상가(상권)정보_API (data.go.kr 15012005),202606,2026-10-04
GN-MIRYANG,밀양시,세븐일레븐밀양송림유원지점,,편의점,경상남도 밀양시 산외면 산외로 14,경상남도 밀양시 산외면 남기리 997-3,산외면,128.775083542464,35.5128727939738,MA010120220806526909,소상공인시장진흥공단_상가(상권)정보_API (data.go.kr 15012005),202606,2026-10-04
GN-MIRYANG,밀양시,씨유밀양,하남점,편의점,경상남도 밀양시 하남읍 수산복개길 2,경상남도 밀양시 하남읍 수산리 489-43,하남읍,128.710188367445,35.3760644664306,MA010120220811282897,소상공인시장진흥공단_상가(상권)정보_API (data.go.kr 15012005),202606,2026-10-04
GN-MIRYANG,밀양시,씨유한국카본2공장점,,편의점,경상남도 밀양시 상남면 상남로 719-13,경상남도 밀양시 상남면 연금리 383,상남면,128.768751841099,35.421100319565,MA010120220813261808,소상공인시장진흥공단_상가(상권)정보_API (data.go.kr 15012005),202606,2026-10-04
GN-MIRYANG,밀양시,씨유밀양예림,대동점,편의점,경상남도 밀양시 상남면 상남로 1191,경상남도 밀양시 상남면 예림리 1417-5,상남면,128.753618990341,35.4619371725858,MA010120220811800769,소상공인시장진흥공단_상가(상권)정보_API (data.go.kr 15012005),202606,2026-10-04
GN-MIRYANG,밀양시,이마트24밀양한마음점,,편의점,경상남도 밀양시 상남면 상남로 514,경상남도 밀양시 상남면 평촌리 928,상남면,128.769646270052,35.4111562193918,MA010120220812069338,소상공인시장진흥공단_상가(상권)정보_API (data.go.kr 15012005),202606,2026-10-04
GN-MIRYANG,밀양시,세븐일레븐밀양미리벌,행운점,편의점,경상남도 밀양시 미리벌중앙로 46,경상남도 밀양시 삼문동 719-7,삼문동,128.750150611435,35.482327035452,MA010120220811653582,소상공인시장진흥공단_상가(상권)정보_API (data.go.kr 15012005),202606,2026-10-04
GN-MIRYANG,밀양시,세븐일레븐밀양상남대로점,,편의점,경상남도 밀양시 상남면 운하길 1,경상남도 밀양시 상남면 예림리 1453,상남면,128.757337498976,35.4647668364008,MA010120220809984598,소상공인시장진흥공단_상가(상권)정보_API (data.go.kr 15012005),202606,2026-10-04
GN-MIRYANG,밀양시,씨유밀양역,광장점,편의점,경상남도 밀양시 중앙로 52,경상남도 밀양시 가곡동 447-1,가곡동,128.771724120292,35.47333387132,MA010120220811251589,소상공인시장진흥공단_상가(상권)정보_API (data.go.kr 15012005),202606,2026-10-04
GN-MIRYANG,밀양시,씨유밀양예림점,,편의점,경상남도 밀양시 상남면 밀양대로 1531,경상남도 밀양시 상남면 예림리 923-4,상남면,128.76055069086,35.4676488131873,MA010120220805520249,소상공인시장진흥공단_상가(상권)정보_API (data.go.kr 15012005),202606,2026-10-04
GN-MIRYANG,밀양시,지에스밀양얼음골점/제일농원,,편의점,경상남도 밀양시 산내면 산내로 1140,경상남도 밀양시 산내면 남명리 1000-3,산내면,128.953099269065,35.5871768138381,MA010120220811235106,소상공인시장진흥공단_상가(상권)정보_API (data.go.kr 15012005),202606,2026-10-04
GN-MIRYANG,밀양시,씨유밀양삼문,타워점,편의점,경상남도 밀양시 미리벌중앙로 67,경상남도 밀양시 삼문동 724-1,삼문동,128.748462642674,35.4837483294578,MA010120220805991326,소상공인시장진흥공단_상가(상권)정보_API (data.go.kr 15012005),202606,2026-10-04
GN-MIRYANG,밀양시,씨유밀양단장,강변점,편의점,경상남도 밀양시 단장면 표충로 59,경상남도 밀양시 단장면 단장리 865-4,단장면,128.846250895218,35.509983944481,MA0101202209A0008368,소상공인시장진흥공단_상가(상권)정보_API (data.go.kr 15012005),202606,2026-10-04
GN-MIRYANG,밀양시,세븐일레븐사포공단점,,편의점,경상남도 밀양시 부북면 사포산단2길 31-13,경상남도 밀양시 부북면 전사포리 874-3,부북면,128.735970538212,35.4710419139366,MA010120220811273941,소상공인시장진흥공단_상가(상권)정보_API (data.go.kr 15012005),202606,2026-10-04
GN-MIRYANG,밀양시,씨유밀양,청도점,편의점,경상남도 밀양시 청도면 창밀로 2279,경상남도 밀양시 청도면 인산리 168-8,청도면,128.643597223424,35.5428623664508,MA010120220810265177,소상공인시장진흥공단_상가(상권)정보_API (data.go.kr 15012005),202606,2026-10-04
GN-MIRYANG,밀양시,씨유밀양가곡,중앙점,편의점,경상남도 밀양시 가곡7길 13,경상남도 밀양시 가곡동 590-31,가곡동,128.767213601102,35.4741209577211,MA010120220812210109,소상공인시장진흥공단_상가(상권)정보_API (data.go.kr 15012005),202606,2026-10-04
GN-MIRYANG,밀양시,세븐일레븐밀양,터미널점,편의점,경상남도 밀양시 북성로 7,경상남도 밀양시 내이동 1187-1,내이동,128.743855560629,35.4984590733296,MA010120220807983903,소상공인시장진흥공단_상가(상권)정보_API (data.go.kr 15012005),202606,2026-10-04
GN-MIRYANG,밀양시,씨유밀양터미널,,편의점,경상남도 밀양시 내이4길 15-1,경상남도 밀양시 내이동 1180-12,내이동,128.744216940735,35.4993730434697,MA010120220811265306,소상공인시장진흥공단_상가(상권)정보_API (data.go.kr 15012005),202606,2026-10-04
GN-MIRYANG,밀양시,세븐일레븐밀양성원,프라자점,편의점,경상남도 밀양시 가곡15길 2,경상남도 밀양시 가곡동 718-1,가곡동,128.763162836976,35.4798215567637,MA010120220805319759,소상공인시장진흥공단_상가(상권)정보_API (data.go.kr 15012005),202606,2026-10-04
GN-MIRYANG,밀양시,씨유밀양미리벌,중앙로점,편의점,경상남도 밀양시 미리벌중앙로 58,경상남도 밀양시 삼문동 717-2,삼문동,128.749518152294,35.483138252962,MA010120220810238805,소상공인시장진흥공단_상가(상권)정보_API (data.go.kr 15012005),202606,2026-10-04
GN-MIRYANG,밀양시,씨유밀양청구점,,편의점,경상남도 밀양시 중앙로 234-17,경상남도 밀양시 삼문동 15-1,삼문동,128.760452934404,35.4853943228595,MA010120220807018391,소상공인시장진흥공단_상가(상권)정보_API (data.go.kr 15012005),202606,2026-10-04
GN-MIRYANG,밀양시,세븐일레븐밀양원룸카페점,,편의점,경상남도 밀양시 백민로8길 31,경상남도 밀양시 내이동 1590-4,내이동,128.749415676787,35.5012803305682,MA010120220809931785,소상공인시장진흥공단_상가(상권)정보_API (data.go.kr 15012005),202606,2026-10-04
GN-MIRYANG,밀양시,씨유밀양사포공단점,,편의점,경상남도 밀양시 부북면 사포로 82,경상남도 밀양시 부북면 전사포리 387-3,부북면,128.745405288484,35.4727982725633,MA010120220811272216,소상공인시장진흥공단_상가(상권)정보_API (data.go.kr 15012005),202606,2026-10-04
GN-MIRYANG,밀양시,지에스25밀양내이대로점,,편의점,경상남도 밀양시 북성로 52,경상남도 밀양시 내이동 1577-1,내이동,128.748267408198,35.4986385249169,MA010120220811271326,소상공인시장진흥공단_상가(상권)정보_API (data.go.kr 15012005),202606,2026-10-04
GN-MIRYANG,밀양시,하프타임사포점,,편의점,경상남도 밀양시 부북면 사포산단중앙로 9,경상남도 밀양시 부북면 전사포리 241-2,부북면,128.738912393003,35.472089976166,MA010120220811274962,소상공인시장진흥공단_상가(상권)정보_API (data.go.kr 15012005),202606,2026-10-04
GN-MIRYANG,밀양시,지에스25밀양코아루,,편의점,경상남도 밀양시 미리벌로3길 40,경상남도 밀양시 삼문동 735-7,삼문동,128.745358624893,35.4833787364202,MA0101202601A0049857,소상공인시장진흥공단_상가(상권)정보_API (data.go.kr 15012005),202606,2026-10-04
GN-MIRYANG,밀양시,이마트24밀양가곡주공점,,편의점,경상남도 밀양시 중앙로 47,경상남도 밀양시 가곡동 455,가곡동,128.771461873794,35.47242753913,MA010120220811234528,소상공인시장진흥공단_상가(상권)정보_API (data.go.kr 15012005),202606,2026-10-04
GN-MIRYANG,밀양시,행복플러스25삼랑진점,,편의점,경상남도 밀양시 삼랑진읍 천태로 421,경상남도 밀양시 삼랑진읍 안태리 739-4,삼랑진읍,128.875243052232,35.4101481522257,MA010120220805989433,소상공인시장진흥공단_상가(상권)정보_API (data.go.kr 15012005),202606,2026-10-04
GN-MIRYANG,밀양시,이마트24밀양내이점,,편의점,경상남도 밀양시 점필재로 41,경상남도 밀양시 내이동 1403-4,내이동,128.741024960547,35.4898487023505,MA0101202508A0027122,소상공인시장진흥공단_상가(상권)정보_API (data.go.kr 15012005),202606,2026-10-04
GN-MIRYANG,밀양시,지에스25밀양삼문,강변점,편의점,경상남도 밀양시 미리벌로2길 5,경상남도 밀양시 삼문동 741-1,삼문동,128.748343865425,35.4813168825523,MA0101202512A0011567,소상공인시장진흥공단_상가(상권)정보_API (data.go.kr 15012005),202606,2026-10-04
GN-MIRYANG,밀양시,지에스25밀양원룸,센터점,편의점,경상남도 밀양시 시청서4길 9,경상남도 밀양시 내이동 1522-13,내이동,128.740817233855,35.5037117361957,MA0101202509A0013329,소상공인시장진흥공단_상가(상권)정보_API (data.go.kr 15012005),202606,2026-10-04
GN-MIRYANG,밀양시,씨유밀양밀성학원점,,편의점,경상남도 밀양시 석정로 128-1,경상남도 밀양시 교동 882-15,교동,128.752761258785,35.5010695490732,MA010120220800827693,소상공인시장진흥공단_상가(상권)정보_API (data.go.kr 15012005),202606,2026-10-04
GN-MIRYANG,밀양시,세븐일레븐밀양밸리표충사점,,편의점,경상남도 밀양시 단장면 표충로 1081,경상남도 밀양시 단장면 구천리 2358-2,단장면,128.93162927751,35.5259665326978,MA0101202502A0032330,소상공인시장진흥공단_상가(상권)정보_API (data.go.kr 15012005),202606,2026-10-04
GN-MIRYANG,밀양시,씨유밀양,휴먼시아점,편의점,경상남도 밀양시 창밀로 3535,경상남도 밀양시 내이동 300,내이동,128.737262542491,35.5059888842987,MA0101202411A0033796,소상공인시장진흥공단_상가(상권)정보_API (data.go.kr 15012005),202606,2026-10-04
GN-MIRYANG,밀양시,씨유밀양무안점,,편의점,경상남도 밀양시 무안면 사명로 518,경상남도 밀양시 무안면 무안리 809-12,무안면,128.652264003603,35.470793301636,MA0101202411A0069740,소상공인시장진흥공단_상가(상권)정보_API (data.go.kr 15012005),202606,2026-10-04
GN-MIRYANG,밀양시,지에스25밀양행운대로점,,편의점,경상남도 밀양시 밀양대로 2124,경상남도 밀양시 교동 861-2,교동,128.755444814673,35.5038601950426,MA0101202505A0039786,소상공인시장진흥공단_상가(상권)정보_API (data.go.kr 15012005),202606,2026-10-04
GN-MIRYANG,밀양시,지에스25가곡,푸르지오점,편의점,경상남도 밀양시 역앞광장로 15,경상남도 밀양시 가곡동 828,가곡동,128.770201285367,35.4722117357986,MA0101202505A0062561,소상공인시장진흥공단_상가(상권)정보_API (data.go.kr 15012005),202606,2026-10-04
GN-MIRYANG,밀양시,GS25밀양,푸르지오점,편의점,경상남도 밀양시 미리벌중앙로3길 47,경상남도 밀양시 삼문동 654,삼문동,128.746430436575,35.47995678824,MA010120220811279878,소상공인시장진흥공단_상가(상권)정보_API (data.go.kr 15012005),202606,2026-10-04
GN-MIRYANG,밀양시,이마트24밀양위,양지점,편의점,경상남도 밀양시 부북면 위양로 278,경상남도 밀양시 부북면 위양리 221-6,부북면,128.717011885244,35.5502380502558,MA010120220803813809,소상공인시장진흥공단_상가(상권)정보_API (data.go.kr 15012005),202606,2026-10-04
GN-MIRYANG,밀양시,씨유한국신소재점,,편의점,경상남도 밀양시 부북면 춘화로 85,경상남도 밀양시 부북면 용지리 181-1,부북면,128.742797934004,35.5081619528081,MA010120220807784193,소상공인시장진흥공단_상가(상권)정보_API (data.go.kr 15012005),202606,2026-10-04
GN-MIRYANG,밀양시,이마트24밀양얼음골점,,편의점,경상남도 밀양시 산내면 산내로 1171,경상남도 밀양시 산내면 남명리 1968-90,산내면,128.956325742921,35.587845367781,MA0101202504A0027806,소상공인시장진흥공단_상가(상권)정보_API (data.go.kr 15012005),202606,2026-10-04
GN-MIRYANG,밀양시,세븐일레븐밀양현주,드림점,편의점,경상남도 밀양시 시청로1길 21,경상남도 밀양시 내이동 1535-18,내이동,128.742781522652,35.5033229007882,MA0101202504A0113643,소상공인시장진흥공단_상가(상권)정보_API (data.go.kr 15012005),202606,2026-10-04
GN-MIRYANG,밀양시,씨유부대밀양캠퍼스점,,편의점,경상남도 밀양시 삼랑진읍 숭진석탑길 70-36,경상남도 밀양시 삼랑진읍 숭진리 557-5,삼랑진읍,128.805971464506,35.4535141091301,MA010120220811647234,소상공인시장진흥공단_상가(상권)정보_API (data.go.kr 15012005),202606,2026-10-04
GN-MIRYANG,밀양시,해피스팟밀양휴게소점함양,,편의점,경상남도 밀양시 무안면 함양울산고속도로 87-1,경상남도 밀양시 무안면 정곡리 산 21-7,무안면,128.663825326851,35.4918934295955,MA0101202412A0043061,소상공인시장진흥공단_상가(상권)정보_API (data.go.kr 15012005),202606,2026-10-04
GN-MIRYANG,밀양시,해피스팟밀양휴게소점울산,,편의점,경상남도 밀양시 무안면 함양울산고속도로 88,경상남도 밀양시 무안면 정곡리 산 110-5,무안면,128.663868310312,35.4897029564129,MA0101202412A0063636,소상공인시장진흥공단_상가(상권)정보_API (data.go.kr 15012005),202606,2026-10-04
GN-MIRYANG,밀양시,지에스25밀양만어점,,편의점,경상남도 밀양시 삼랑진읍 만어로 284,경상남도 밀양시 삼랑진읍 율동리 341,삼랑진읍,128.84263368393,35.4244380572064,MA0101202406A0125320,소상공인시장진흥공단_상가(상권)정보_API (data.go.kr 15012005),202606,2026-10-04
GN-MIRYANG,밀양시,이마트24밀양단장점,,편의점,경상남도 밀양시 단장면 표충로 360,경상남도 밀양시 단장면 태룡리 403-2,단장면,128.875769307694,35.5148722444341,MA0101202406A0445602,소상공인시장진흥공단_상가(상권)정보_API (data.go.kr 15012005),202606,2026-10-04
GN-MIRYANG,밀양시,세븐일레븐밀양암새들점,,편의점,경상남도 밀양시 용평로 194,경상남도 밀양시 용평동 280-19,내일동,128.771724060885,35.4893927195951,MA0101202409A0186096,소상공인시장진흥공단_상가(상권)정보_API (data.go.kr 15012005),202606,2026-10-04
GN-MIRYANG,밀양시,씨유삼랑진역점,,편의점,경상남도 밀양시 삼랑진읍 천태로 71-1,경상남도 밀양시 삼랑진읍 송지리 156-59,삼랑진읍,128.842900571756,35.3999042023847,MA0101202409A0107338,소상공인시장진흥공단_상가(상권)정보_API (data.go.kr 15012005),202606,2026-10-04
GN-GEOJE,거제시,지에스25거제문동점,,편의점,경상남도 거제시 거제중앙로 1509-13,경상남도 거제시 문동동 238,상문동,128.645125443293,34.8578362174768,MA010120220801137130,소상공인시장진흥공단_상가(상권)정보_API (data.go.kr 15012005),202606,2026-10-04
GN-GEOJE,거제시,세븐일레븐거제장평덕산점,,편의점,경상남도 거제시 장평2로 19,경상남도 거제시 장평동 143,장평동,128.609714902411,34.888349797766,MA010120220811095453,소상공인시장진흥공단_상가(상권)정보_API (data.go.kr 15012005),202606,2026-10-04
GN-GEOJE,거제시,미니스톱장승포점,,편의점,경상남도 거제시 장승포로 37-2,경상남도 거제시 장승포동 291-19,장승포동,128.72834104483,34.8682178805347,MA010120220809707297,소상공인시장진흥공단_상가(상권)정보_API (data.go.kr 15012005),202606,2026-10-04
GN-GEOJE,거제시,씨유거제성내공단점,,편의점,경상남도 거제시 사등면 언양로 570,경상남도 거제시 사등면 사등리 433-1,사등면,128.554171416443,34.9022765629296,MA010120220810617793,소상공인시장진흥공단_상가(상권)정보_API (data.go.kr 15012005),202606,2026-10-04
GN-GEOJE,거제시,밥리푸드아이스24아주점,,편의점,경상남도 거제시 아주1로 29,경상남도 거제시 아주동 1697-1,아주동,128.689540008159,34.8664561058981,MA010120220810361713,소상공인시장진흥공단_상가(상권)정보_API (data.go.kr 15012005),202606,2026-10-04
GN-GEOJE,거제시,"케이에스25시낚시,마트",,편의점,경상남도 거제시 하청면 어온4길 24,경상남도 거제시 하청면 어온리 587,하청면,128.646714237355,34.9806843149139,MA010120220810404831,소상공인시장진흥공단_상가(상권)정보_API (data.go.kr 15012005),202606,2026-10-04
GN-GEOJE,거제시,씨유고현뉴그랜드점,,편의점,경상남도 거제시 거제중앙로 1855,경상남도 거제시 고현동 155-1,고현동,128.625095863469,34.8840172729163,MA010120220808461030,소상공인시장진흥공단_상가(상권)정보_API (data.go.kr 15012005),202606,2026-10-04
GN-GEOJE,거제시,"세븐일레븐거제몽돌점,마트25편의점",,편의점,경상남도 거제시 동부면 거제중앙로 6,경상남도 거제시 동부면 학동리 276-2,동부면,128.641123590959,34.7751887588452,MA010120220811091809,소상공인시장진흥공단_상가(상권)정보_API (data.go.kr 15012005),202606,2026-10-04
GN-GEOJE,거제시,뉴미래편의점,,편의점,경상남도 거제시 남부면 대포길 72,경상남도 거제시 남부면 저구리 641-4,남부면,128.585909701548,34.7147405225415,MA0101202307A0012780,소상공인시장진흥공단_상가(상권)정보_API (data.go.kr 15012005),202606,2026-10-04
GN-GEOJE,거제시,슈가랜드국산점,,편의점,경상남도 거제시 국산4길 11-2,경상남도 거제시 옥포동 866-6,옥포2동,128.693869273591,34.8973182163432,MA0101202306A0056864,소상공인시장진흥공단_상가(상권)정보_API (data.go.kr 15012005),202606,2026-10-04
GN-GEOJE,거제시,세븐일레븐거제,성안점,편의점,경상남도 거제시 옥포로 158,경상남도 거제시 옥포동 366-1,옥포1동,128.69342215844,34.8899250858813,MA0101202306A0034305,소상공인시장진흥공단_상가(상권)정보_API (data.go.kr 15012005),202606,2026-10-04
GN-GEOJE,거제시,세븐일레븐거제하청항점,,편의점,경상남도 거제시 하청면 연하해안로 1616,경상남도 거제시 하청면 하청리 1212,하청면,128.647774923098,34.9592920583083,MA0101202406A0325375,소상공인시장진흥공단_상가(상권)정보_API (data.go.kr 15012005),202606,2026-10-04
GN-GEOJE,거제시,이마트24거제두모,한화점,편의점,경상남도 거제시 두모길 38,경상남도 거제시 두모동 450-1,장승포동,128.720316143455,34.8724865237772,MA0101202406A0129838,소상공인시장진흥공단_상가(상권)정보_API (data.go.kr 15012005),202606,2026-10-04
GN-GEOJE,거제시,씨유거제옥포,대박점,편의점,경상남도 거제시 옥포로 206,경상남도 거제시 옥포동 535-26,옥포1동,128.691320028408,34.8930276650396,MA0101202406A0485136,소상공인시장진흥공단_상가(상권)정보_API (data.go.kr 15012005),202606,2026-10-04
GN-GEOJE,거제시,씨유거제바람의언덕점,,편의점,경상남도 거제시 남부면 도장포1길 2,경상남도 거제시 남부면 갈곶리 339-7,남부면,128.66191964275,34.7408019255827,MA0101202406A0263556,소상공인시장진흥공단_상가(상권)정보_API (data.go.kr 15012005),202606,2026-10-04
GN-GEOJE,거제시,세븐일레븐거제고현우정점,,편의점,경상남도 거제시 거제중앙로20길 4,경상남도 거제시 고현동 95-1,고현동,128.624752891054,34.8860407123665,MA0101202406A0401043,소상공인시장진흥공단_상가(상권)정보_API (data.go.kr 15012005),202606,2026-10-04
GN-GEOJE,거제시,세븐일레븐거제매,미성점,편의점,경상남도 거제시 장목면 옥포대첩로 1298,경상남도 거제시 장목면 대금리 262-7,장목면,128.702311924752,34.9681741015492,MA010120220812729625,소상공인시장진흥공단_상가(상권)정보_API (data.go.kr 15012005),202606,2026-10-04
GN-GEOJE,거제시,GS25거제아델하임점,,편의점,경상남도 거제시 거제면 거제남서로 3466,경상남도 거제시 거제면 서정리 731-37,거제면,128.586403383068,34.849504614096,MA010120220806949172,소상공인시장진흥공단_상가(상권)정보_API (data.go.kr 15012005),202606,2026-10-04
GN-GEOJE,거제시,이마트24,,편의점,경상남도 거제시 옥포로 265,경상남도 거제시 옥포동 1290-8,옥포2동,128.688265981037,34.897729659217,MA010120220800994931,소상공인시장진흥공단_상가(상권)정보_API (data.go.kr 15012005),202606,2026-10-04
GN-GEOJE,거제시,씨유거제내담점,,편의점,경상남도 거제시 수양로 503,경상남도 거제시 양정동 955-5,수양동,128.635989836336,34.8912074804905,MA010120220808317644,소상공인시장진흥공단_상가(상권)정보_API (data.go.kr 15012005),202606,2026-10-04
GN-GEOJE,거제시,이마트24,거제고현점,편의점,경상남도 거제시 거제중앙로25길 6,경상남도 거제시 고현동 961-107,고현동,128.622620631956,34.888295345297,MA010120220809815910,소상공인시장진흥공단_상가(상권)정보_API (data.go.kr 15012005),202606,2026-10-04
GN-GEOJE,거제시,씨유거제옥포원룸점,,편의점,경상남도 거제시 국산6길 20,경상남도 거제시 옥포동 866-7,옥포2동,128.694066489444,34.8973334923969,MA0101202310A0070315,소상공인시장진흥공단_상가(상권)정보_API (data.go.kr 15012005),202606,2026-10-04
GN-GEOJE,거제시,씨유거제성포점,,편의점,경상남도 거제시 사등면 성포로 127,경상남도 거제시 사등면 성포리 351-39,사등면,128.522881777525,34.9211580921885,MA0101202406A0096921,소상공인시장진흥공단_상가(상권)정보_API (data.go.kr 15012005),202606,2026-10-04
GN-GEOJE,거제시,세븐일레븐거제해수,온천점,편의점,경상남도 거제시 수양로 507,경상남도 거제시 양정동 976-14,수양동,128.635251093469,34.8909109904525,MA0101202310A0032256,소상공인시장진흥공단_상가(상권)정보_API (data.go.kr 15012005),202606,2026-10-04
GN-GEOJE,거제시,이마트24거제제산로점,,편의점,경상남도 거제시 제산로2길 2,경상남도 거제시 양정동 936-41,수양동,128.639233199865,34.8898389079824,MA0101202406A0270439,소상공인시장진흥공단_상가(상권)정보_API (data.go.kr 15012005),202606,2026-10-04
GN-GEOJE,거제시,씨유거제시티점,,편의점,경상남도 거제시 거제중앙로23길 16,경상남도 거제시 고현동 961-119,고현동,128.62180519361,34.8874319934044,MA0101202406A0091068,소상공인시장진흥공단_상가(상권)정보_API (data.go.kr 15012005),202606,2026-10-04
GN-GEOJE,거제시,이마트24거제능포,한화점,편의점,경상남도 거제시 능포로 199,경상남도 거제시 능포동 449,능포동,128.734451426846,34.8837226111204,MA0101202406A0209476,소상공인시장진흥공단_상가(상권)정보_API (data.go.kr 15012005),202606,2026-10-04
GN-GEOJE,거제시,지에스25거제아주행복한점,,편의점,경상남도 거제시 아주1길 22,경상남도 거제시 아주동 273-3,아주동,128.695592352985,34.8656508272618,MA0101202406A0247491,소상공인시장진흥공단_상가(상권)정보_API (data.go.kr 15012005),202606,2026-10-04
GN-GEOJE,거제시,세븐일레븐거제옥포,스타점,편의점,경상남도 거제시 옥포대첩로3길 1,경상남도 거제시 옥포동 528-5,옥포2동,128.689055256156,34.8935368329371,MA0101202409A0091450,소상공인시장진흥공단_상가(상권)정보_API (data.go.kr 15012005),202606,2026-10-04
GN-GEOJE,거제시,지에스25거제더샵디클리브점,,편의점,경상남도 거제시 상동5길 56,경상남도 거제시 상동동 1120,상문동,128.633038158103,34.8653085181171,MA0101202406A0037071,소상공인시장진흥공단_상가(상권)정보_API (data.go.kr 15012005),202606,2026-10-04
GN-GEOJE,거제시,지에스25아주운동장점,,편의점,경상남도 거제시 아주로 45,경상남도 거제시 아주동 318,아주동,128.690106038853,34.8647268189394,MA0101202409A0070867,소상공인시장진흥공단_상가(상권)정보_API (data.go.kr 15012005),202606,2026-10-04
GN-GEOJE,거제시,씨유거제장승포,해안점,편의점,경상남도 거제시 장승포로 61-1,경상남도 거제시 장승포동 221-5,장승포동,128.73016679602,34.8666327296595,MA010120220805229418,소상공인시장진흥공단_상가(상권)정보_API (data.go.kr 15012005),202606,2026-10-04
GN-GEOJE,거제시,GS25거제구조라점,,편의점,경상남도 거제시 일운면 구조라로 12,경상남도 거제시 일운면 구조라리 41,일운면,128.696013936436,34.807332813301,MA010120220810244505,소상공인시장진흥공단_상가(상권)정보_API (data.go.kr 15012005),202606,2026-10-04
GN-GEOJE,거제시,이마트24거제장평점,,편의점,경상남도 거제시 장평3로4길 12,경상남도 거제시 장평동 85-1,장평동,128.610335436858,34.8904415500549,MA010120220807797398,소상공인시장진흥공단_상가(상권)정보_API (data.go.kr 15012005),202606,2026-10-04
GN-GEOJE,거제시,지에스25거제수양로,,편의점,경상남도 거제시 수양로 110,경상남도 거제시 양정동 1096,수양동,128.650051965577,34.8669083685135,MA010120220800369514,소상공인시장진흥공단_상가(상권)정보_API (data.go.kr 15012005),202606,2026-10-04
GN-GEOJE,거제시,세븐일레븐거제망치몽돌점,,편의점,경상남도 거제시 일운면 거제대로 1794,경상남도 거제시 일운면 망치리 122-1,일운면,128.667455010569,34.8129820407815,MA0101202311A0029333,소상공인시장진흥공단_상가(상권)정보_API (data.go.kr 15012005),202606,2026-10-04
GN-GEOJE,거제시,지에스25거제유로스카이점,,편의점,경상남도 거제시 고현항로 40,경상남도 거제시 고현동 1175,고현동,128.620279706517,34.8949689655675,MA0101202406A0204948,소상공인시장진흥공단_상가(상권)정보_API (data.go.kr 15012005),202606,2026-10-04
GN-GEOJE,거제시,씨유거제동화점,,편의점,경상남도 거제시 거제중앙로 1820,경상남도 거제시 고현동 173-1,고현동,128.626963140405,34.8810901890764,MA0101202307A0091076,소상공인시장진흥공단_상가(상권)정보_API (data.go.kr 15012005),202606,2026-10-04
GN-GEOJE,거제시,지에스25거제아주,프리미엄점,편의점,경상남도 거제시 아주1로 70,경상남도 거제시 아주동 1685-11,아주동,128.685437179687,34.8668825772735,MA0101202406A0475891,소상공인시장진흥공단_상가(상권)정보_API (data.go.kr 15012005),202606,2026-10-04
GN-GEOJE,거제시,이마트24거제오비,산단점,편의점,경상남도 거제시 연초면 오비4길 17,경상남도 거제시 연초면 오비리 1201,연초면,128.619678604583,34.9178332378206,MA0101202309A0011874,소상공인시장진흥공단_상가(상권)정보_API (data.go.kr 15012005),202606,2026-10-04
GN-GEOJE,거제시,씨유거제반도유,보라점,편의점,경상남도 거제시 서간도길 11,경상남도 거제시 옥포동 1997,옥포1동,128.689610031128,34.8891129319971,MA0101202406A0465511,소상공인시장진흥공단_상가(상권)정보_API (data.go.kr 15012005),202606,2026-10-04
GN-GEOJE,거제시,세븐일레븐거제대우조선점,,편의점,경상남도 거제시 옥포로5길 20,경상남도 거제시 옥포동 555-21,옥포1동,128.694210845453,34.8878502022102,MA0101202406A0125751,소상공인시장진흥공단_상가(상권)정보_API (data.go.kr 15012005),202606,2026-10-04
GN-GEOJE,거제시,지에스25거제벽산솔렌스,,편의점,경상남도 거제시 상동5길 119,경상남도 거제시 상동동 924-5,상문동,128.629048710449,34.8609638126184,MA010120220804891625,소상공인시장진흥공단_상가(상권)정보_API (data.go.kr 15012005),202606,2026-10-04
GN-GEOJE,거제시,지에스25아주,푸르지오점,편의점,경상남도 거제시 용소1길 17-17,경상남도 거제시 아주동 1000,아주동,128.6893214858,34.8723444101775,MA010120220812929203,소상공인시장진흥공단_상가(상권)정보_API (data.go.kr 15012005),202606,2026-10-04
GN-GEOJE,거제시,씨유거제바다그리고점,,편의점,경상남도 거제시 일운면 거제대로 1484,경상남도 거제시 일운면 망치리 733-33,일운면,128.665293161883,34.7924354541561,MA010120220806552067,소상공인시장진흥공단_상가(상권)정보_API (data.go.kr 15012005),202606,2026-10-04
GN-GEOJE,거제시,지에스25한화리조트,거제점,편의점,경상남도 거제시 장목면 거제북로 2501-40,경상남도 거제시 장목면 농소리 25,장목면,128.711611506309,35.0078333818374,MA010120220812374356,소상공인시장진흥공단_상가(상권)정보_API (data.go.kr 15012005),202606,2026-10-04
GN-GEOJE,거제시,세븐일레븐거제이편한점,,편의점,경상남도 거제시 거제대로 4500-45,경상남도 거제시 고현동 1081-18,고현동,128.640185538733,34.8959276618297,MA010120220811980512,소상공인시장진흥공단_상가(상권)정보_API (data.go.kr 15012005),202606,2026-10-04
GN-GEOJE,거제시,세븐일레븐거제대우,병원점,편의점,경상남도 거제시 두모길 16,경상남도 거제시 두모동 378,장승포동,128.72212021489,34.8719472600386,MA010120220812248197,소상공인시장진흥공단_상가(상권)정보_API (data.go.kr 15012005),202606,2026-10-04
GN-GEOJE,거제시,세븐일레븐거제대우북문점,,편의점,경상남도 거제시 두모길 43,경상남도 거제시 두모동 416-1,장승포동,128.71958986261,34.8727942162584,MA010120220810238636,소상공인시장진흥공단_상가(상권)정보_API (data.go.kr 15012005),202606,2026-10-04
GN-GEOJE,거제시,GS25아주,신도시점,편의점,경상남도 거제시 아주로 74,경상남도 거제시 아주동 1695-17,아주동,128.687059069106,34.8649133435345,MA010120220806832665,소상공인시장진흥공단_상가(상권)정보_API (data.go.kr 15012005),202606,2026-10-04
GN-GEOJE,거제시,지에스25한내,중앙점,편의점,경상남도 거제시 연초면 연하해안로 814,경상남도 거제시 연초면 한내리 564-2,연초면,128.600636963547,34.9329025211988,MA0101202301A0052747,소상공인시장진흥공단_상가(상권)정보_API (data.go.kr 15012005),202606,2026-10-04
GN-GEOJE,거제시,세븐일레븐,거제고현점,편의점,경상남도 거제시 고현로11길 26,경상남도 거제시 고현동 961-56,고현동,128.624247658196,34.8898238028563,MA0101202209A0014477,소상공인시장진흥공단_상가(상권)정보_API (data.go.kr 15012005),202606,2026-10-04
GN-GEOJE,거제시,신현농협장평도지점,,편의점,경상남도 거제시 장평3로 43,경상남도 거제시 장평동 337-1,장평동,128.608783312732,34.8927423337387,MA0106202306A1845342,소상공인시장진흥공단_상가(상권)정보_API (data.go.kr 15012005),202606,2026-10-04
GN-GEOJE,거제시,세븐일레븐거제능포원룸점,,편의점,경상남도 거제시 능포로 177-1,경상남도 거제시 능포동 395-26,능포동,128.733885873247,34.8791883447512,MA0101202305A0083328,소상공인시장진흥공단_상가(상권)정보_API (data.go.kr 15012005),202606,2026-10-04
GN-GEOJE,거제시,이마트24거제옥포,중앙점,편의점,경상남도 거제시 옥포로4길 26,경상남도 거제시 옥포동 1950,옥포1동,128.696102481442,34.891546030576,MA0101202305A0190360,소상공인시장진흥공단_상가(상권)정보_API (data.go.kr 15012005),202606,2026-10-04
GN-GEOJE,거제시,지에스거제능포점,,편의점,경상남도 거제시 능포로2길 39,경상남도 거제시 능포동 669-3,능포동,128.73189914743,34.8746743291178,MA0101202406A0378133,소상공인시장진흥공단_상가(상권)정보_API (data.go.kr 15012005),202606,2026-10-04
GN-GEOJE,거제시,씨유거제,계룡점,편의점,경상남도 거제시 거제중앙로 1771,경상남도 거제시 상동동 438-13,상문동,128.628974201615,34.8771427100425,MA0101202310A0053025,소상공인시장진흥공단_상가(상권)정보_API (data.go.kr 15012005),202606,2026-10-04
GN-GEOJE,거제시,일운농협,,편의점,경상남도 거제시 일운면 지세포로 131,경상남도 거제시 일운면 지세포리 782-2,일운면,128.701166790744,34.8315501208531,MA0106202201A1812385,소상공인시장진흥공단_상가(상권)정보_API (data.go.kr 15012005),202606,2026-10-04
GN-GEOJE,거제시,유람선편의점,,편의점,경상남도 거제시 일운면 지세포해안로 89-19,경상남도 거제시 일운면 지세포리 929-90,일운면,128.703567602417,34.8313633002049,MA010120220802278533,소상공인시장진흥공단_상가(상권)정보_API (data.go.kr 15012005),202606,2026-10-04
GN-GEOJE,거제시,GS25거제고현한성점,,편의점,경상남도 거제시 고현천로 76,경상남도 거제시 고현동 83-1,고현동,128.62694118514,34.8855247514587,MA010120220806823886,소상공인시장진흥공단_상가(상권)정보_API (data.go.kr 15012005),202606,2026-10-04
GN-GEOJE,거제시,세븐일레븐거제아주,골드점,편의점,경상남도 거제시 아주1로2길 18,경상남도 거제시 아주동 1689-6,아주동,128.689661991374,34.8676080314267,MA010120220814126116,소상공인시장진흥공단_상가(상권)정보_API (data.go.kr 15012005),202606,2026-10-04
GN-GEOJE,거제시,GS25거제오션,자이점,편의점,경상남도 거제시 거제면 두동로 259-91,경상남도 거제시 거제면 옥산리 1512,거제면,128.589735551848,34.8828986640481,MA010120220803073611,소상공인시장진흥공단_상가(상권)정보_API (data.go.kr 15012005),202606,2026-10-04
GN-GEOJE,거제시,씨유거제고현레고점,,편의점,경상남도 거제시 거제중앙로20길 9,경상남도 거제시 고현동 37-35,고현동,128.625181188168,34.8866839033234,MA010120220805094322,소상공인시장진흥공단_상가(상권)정보_API (data.go.kr 15012005),202606,2026-10-04
GN-GEOJE,거제시,씨유거제,센텀점,편의점,경상남도 거제시 거제대로 3806-1,경상남도 거제시 옥포동 516-4,옥포2동,128.686173252863,34.8954244447021,MA010120220811971857,소상공인시장진흥공단_상가(상권)정보_API (data.go.kr 15012005),202606,2026-10-04
GN-GEOJE,거제시,CU거제수월더블점,,편의점,경상남도 거제시 수양로 440-1,경상남도 거제시 수월동 1092-2,수양동,128.642647328191,34.8915593007445,MA010120220806999950,소상공인시장진흥공단_상가(상권)정보_API (data.go.kr 15012005),202606,2026-10-04
GN-GEOJE,거제시,이마트24거제운동장점,,편의점,경상남도 거제시 계룡로 166,경상남도 거제시 고현동 751-2,고현동,128.620091747297,34.8842823584089,MA010120220811099639,소상공인시장진흥공단_상가(상권)정보_API (data.go.kr 15012005),202606,2026-10-04
GN-GEOJE,거제시,대동마트,,편의점,경상남도 거제시 거제중앙로19길 9,경상남도 거제시 고현동 102-2,고현동,128.623470631725,34.8853548530447,MA0101202310A0018155,소상공인시장진흥공단_상가(상권)정보_API (data.go.kr 15012005),202606,2026-10-04
GN-GEOJE,거제시,황덕도아름다운협동조합,,편의점,경상남도 거제시 하청면 황덕도길 47,경상남도 거제시 하청면 대곡리 864,하청면,128.624760886402,35.0084775486855,MA0101202406A0538258,소상공인시장진흥공단_상가(상권)정보_API (data.go.kr 15012005),202606,2026-10-04
GN-GEOJE,거제시,이마트24거제능포,중앙점,편의점,경상남도 거제시 능포로 134,경상남도 거제시 능포동 681-13,능포동,128.731721448075,34.8755871318079,MA0101202303A0078866,소상공인시장진흥공단_상가(상권)정보_API (data.go.kr 15012005),202606,2026-10-04
GN-GEOJE,거제시,세븐일레븐거제,학동점,편의점,경상남도 거제시 동부면 거제대로 971-1,경상남도 거제시 동부면 학동리 262-4,동부면,128.642436978641,34.7764238304036,MA0106202305A2188035,소상공인시장진흥공단_상가(상권)정보_API (data.go.kr 15012005),202606,2026-10-04
GN-GEOJE,거제시,세븐일레븐거제,장목점,편의점,경상남도 거제시 장목면 거제북로 1167,경상남도 거제시 장목면 장목리 240-56,장목면,128.681071798145,34.9874504370193,MA0101202309A0047029,소상공인시장진흥공단_상가(상권)정보_API (data.go.kr 15012005),202606,2026-10-04
GN-GEOJE,거제시,아티스트굽찌,,편의점,경상남도 거제시 거제면 기성로4길 12,경상남도 거제시 거제면 서상리 381,거제면,128.589889043819,34.8499728211439,MA0101202308A0064179,소상공인시장진흥공단_상가(상권)정보_API (data.go.kr 15012005),202606,2026-10-04
GN-GEOJE,거제시,씨유거제장평도서관점,,편의점,경상남도 거제시 장평3로2길 7,경상남도 거제시 장평동 86-6,장평동,128.609983955903,34.8898063009275,MA010120220808380036,소상공인시장진흥공단_상가(상권)정보_API (data.go.kr 15012005),202606,2026-10-04
GN-GEOJE,거제시,씨유거제능포,해안점,편의점,경상남도 거제시 능포로 227,경상남도 거제시 능포동 488-5,능포동,128.736532523542,34.8828276881607,MA010120220812430450,소상공인시장진흥공단_상가(상권)정보_API (data.go.kr 15012005),202606,2026-10-04
GN-GEOJE,거제시,생생게장백반,,편의점,경상남도 거제시 일운면 지세포해안로 44,경상남도 거제시 일운면 지세포리 818-2,일운면,128.701525567306,34.8330502213732,MA010120220811112779,소상공인시장진흥공단_상가(상권)정보_API (data.go.kr 15012005),202606,2026-10-04
GN-GEOJE,거제시,씨유장평스마일,,편의점,경상남도 거제시 장평1로 176,경상남도 거제시 장평동 660-3,장평동,128.60263442683,34.8904171669822,MA010120220811107661,소상공인시장진흥공단_상가(상권)정보_API (data.go.kr 15012005),202606,2026-10-04
GN-GEOJE,거제시,미니스톱거제,옥포점,편의점,경상남도 거제시 옥포대첩로 46,경상남도 거제시 옥포동 534-1,옥포1동,128.69266596817,34.8935857335021,MA010120220813401865,소상공인시장진흥공단_상가(상권)정보_API (data.go.kr 15012005),202606,2026-10-04
GN-GEOJE,거제시,GS25고현,행복점,편의점,경상남도 거제시 동문천로 38,경상남도 거제시 고현동 189-1,고현동,128.625098263318,34.8819172714321,MA010120220811109091,소상공인시장진흥공단_상가(상권)정보_API (data.go.kr 15012005),202606,2026-10-04
GN-GEOJE,거제시,마마트거제수양점,,편의점,경상남도 거제시 수양로 484,경상남도 거제시 양정동 960-3,수양동,128.638350425768,34.8916533541892,MA010120220813292318,소상공인시장진흥공단_상가(상권)정보_API (data.go.kr 15012005),202606,2026-10-04
GN-GEOJE,거제시,세븐일레븐거제오비점,,편의점,경상남도 거제시 연초면 소오비길 37,경상남도 거제시 연초면 오비리 1164-2,연초면,128.629833822828,34.8996269595649,MA0101202309A0058502,소상공인시장진흥공단_상가(상권)정보_API (data.go.kr 15012005),202606,2026-10-04
GN-GEOJE,거제시,지에스25거제아주,센텀점,편의점,경상남도 거제시 아주로 73-17,경상남도 거제시 아주동 1201-10,아주동,128.68487556651,34.8624020505239,MA010120220805145376,소상공인시장진흥공단_상가(상권)정보_API (data.go.kr 15012005),202606,2026-10-04
GN-GEOJE,거제시,씨유거제사등등대점,,편의점,경상남도 거제시 사등면 거제대로 5460,경상남도 거제시 사등면 사등리 569,사등면,128.547291850741,34.9081956580546,MA010120220811113464,소상공인시장진흥공단_상가(상권)정보_API (data.go.kr 15012005),202606,2026-10-04
GN-GEOJE,거제시,미니스톱옥포,중앙로점,편의점,경상남도 거제시 옥포중앙로 103,경상남도 거제시 옥포동 883-21,옥포2동,128.697037336958,34.8960482998699,MA010120220811556632,소상공인시장진흥공단_상가(상권)정보_API (data.go.kr 15012005),202606,2026-10-04
GN-GEOJE,거제시,칠천도세븐일레븐낚시,,편의점,경상남도 거제시 하청면 칠천로 114,경상남도 거제시 하청면 어온리 582-1,하청면,128.645923025664,34.9810915987066,MA010120220812671052,소상공인시장진흥공단_상가(상권)정보_API (data.go.kr 15012005),202606,2026-10-04
GN-GEOJE,거제시,씨유거제면쉼터점,,편의점,경상남도 거제시 거제면 동상명진길 3-1,경상남도 거제시 거제면 동상리 612-3,거제면,128.592997888771,34.8496076707555,MA010120220811100725,소상공인시장진흥공단_상가(상권)정보_API (data.go.kr 15012005),202606,2026-10-04
GN-GEOJE,거제시,세븐일레븐거제신현,에이스점,편의점,경상남도 거제시 거제중앙로13길 27,경상남도 거제시 고현동 160-4,고현동,128.62340611695,34.8820750753087,MA010120220812022827,소상공인시장진흥공단_상가(상권)정보_API (data.go.kr 15012005),202606,2026-10-04
GN-GEOJE,거제시,이마트24거제농소바다점,,편의점,경상남도 거제시 장목면 거제북로 2620-1,경상남도 거제시 장목면 송진포리 83-2,장목면,128.700201316898,35.0027124844273,MA0101202305A0115289,소상공인시장진흥공단_상가(상권)정보_API (data.go.kr 15012005),202606,2026-10-04
GN-GEOJE,거제시,세븐일레븐거제옥포덕산점,,편의점,경상남도 거제시 옥포로 315,경상남도 거제시 옥포동 1274,옥포2동,128.685357782609,34.9015553311336,MA0101202305A0034094,소상공인시장진흥공단_상가(상권)정보_API (data.go.kr 15012005),202606,2026-10-04
GN-GEOJE,거제시,지에스25지세,포항점,편의점,경상남도 거제시 일운면 지세포로 120,경상남도 거제시 일운면 지세포리 775-4,일운면,128.702649707514,34.8308444050856,MA0101202305A0087440,소상공인시장진흥공단_상가(상권)정보_API (data.go.kr 15012005),202606,2026-10-04
GN-GEOJE,거제시,씨유장평오아시스점,,편의점,경상남도 거제시 장평4로 14,경상남도 거제시 장평동 119-7,장평동,128.60310436137,34.8875809593991,MA0101202307A0104519,소상공인시장진흥공단_상가(상권)정보_API (data.go.kr 15012005),202606,2026-10-04
GN-GEOJE,거제시,거제사등마트,,편의점,경상남도 거제시 사등면 거제남서로 5337,경상남도 거제시 사등면 덕호리 107-86,사등면,128.477635452052,34.8827448962849,MA0101202307A0030673,소상공인시장진흥공단_상가(상권)정보_API (data.go.kr 15012005),202606,2026-10-04
GN-GEOJE,거제시,씨유거제매,미성점,편의점,경상남도 거제시 장목면 복항길 9-1,경상남도 거제시 장목면 대금리 17,장목면,128.704207556482,34.9671921822749,MA0101202307A0020910,소상공인시장진흥공단_상가(상권)정보_API (data.go.kr 15012005),202606,2026-10-04
GN-GEOJE,거제시,세븐일레븐거제아주공원점,,편의점,경상남도 거제시 아주1로1길 34,경상남도 거제시 아주동 1697-23,아주동,128.689720871432,34.8662102501904,MA0101202307A0077671,소상공인시장진흥공단_상가(상권)정보_API (data.go.kr 15012005),202606,2026-10-04
GN-GEOJE,거제시,이마트24R거제명가점,,편의점,경상남도 거제시 거제중앙로3길 14,경상남도 거제시 상동동 475-8,상문동,128.628016678566,34.8762813017973,MA0101202306A0106418,소상공인시장진흥공단_상가(상권)정보_API (data.go.kr 15012005),202606,2026-10-04
GN-GEOJE,거제시,이마트24R거제장승포,센터점,편의점,경상남도 거제시 장승포로 14,경상남도 거제시 장승포동 695-1,장승포동,128.725816177736,34.867749046328,MA0101202308A0070610,소상공인시장진흥공단_상가(상권)정보_API (data.go.kr 15012005),202606,2026-10-04
GN-GEOJE,거제시,세븐일레븐,거제고현점,편의점,경상남도 거제시 고현로11길 26,경상남도 거제시 고현동 961-56,고현동,128.624247658196,34.8898238028563,MA010120220813630820,소상공인시장진흥공단_상가(상권)정보_API (data.go.kr 15012005),202606,2026-10-04
GN-GEOJE,거제시,GS25옥포석천점,,편의점,경상남도 거제시 성산로3길 13,경상남도 거제시 옥포동 869-15,옥포2동,128.694874805323,34.8978089023074,MA010120220804043288,소상공인시장진흥공단_상가(상권)정보_API (data.go.kr 15012005),202606,2026-10-04
GN-GEOJE,거제시,씨유장평조은점,,편의점,경상남도 거제시 장평1로 132,경상남도 거제시 장평동 341-1,장평동,128.60655879406,34.8925374293276,MA010120220814096286,소상공인시장진흥공단_상가(상권)정보_API (data.go.kr 15012005),202606,2026-10-04
GN-GEOJE,거제시,씨유거제대학교,,편의점,경상남도 거제시 마전1길 91,경상남도 거제시 장승포동 654-1,장승포동,128.725422212113,34.8499366970983,MA010120220804396176,소상공인시장진흥공단_상가(상권)정보_API (data.go.kr 15012005),202606,2026-10-04
GN-GEOJE,거제시,세븐일레븐고현,행복점,편의점,경상남도 거제시 동문천로 23,경상남도 거제시 고현동 162-23,고현동,128.624289366744,34.8808285286874,MA010120220806406773,소상공인시장진흥공단_상가(상권)정보_API (data.go.kr 15012005),202606,2026-10-04
GN-GEOJE,거제시,지에스25중곡덕산점,,편의점,경상남도 거제시 중곡2로 89-1,경상남도 거제시 고현동 1062,고현동,128.63588318425,34.8963101114931,MA010120220801143095,소상공인시장진흥공단_상가(상권)정보_API (data.go.kr 15012005),202606,2026-10-04
GN-GEOJE,거제시,지심도터미널편의점,,편의점,경상남도 거제시 장승포로 56-22,경상남도 거제시 장승포동 703-2,장승포동,128.727567522399,34.8673095905456,MA010120220811096384,소상공인시장진흥공단_상가(상권)정보_API (data.go.kr 15012005),202606,2026-10-04
GN-GEOJE,거제시,씨유거제학동몽돌점,,편의점,경상남도 거제시 동부면 거제대로 965,경상남도 거제시 동부면 학동리 281-1,동부면,128.641979252208,34.7759252860833,MA0101202209A0081712,소상공인시장진흥공단_상가(상권)정보_API (data.go.kr 15012005),202606,2026-10-04
GN-GEOJE,거제시,씨유거제옥포호텔케이점,,편의점,경상남도 거제시 옥포로 161,경상남도 거제시 옥포동 552-22,옥포1동,128.692978846533,34.8896428581699,MA0101202302A0013509,소상공인시장진흥공단_상가(상권)정보_API (data.go.kr 15012005),202606,2026-10-04
GN-GEOJE,거제시,씨유거제한내공단점,,편의점,경상남도 거제시 연초면 연하해안로 842,경상남도 거제시 연초면 한내리 621-2,연초면,128.599313056446,34.9351731381957,MA0101202302A0017173,소상공인시장진흥공단_상가(상권)정보_API (data.go.kr 15012005),202606,2026-10-04
GN-GEOJE,거제시,지에스25거제,옥포점,편의점,경상남도 거제시 옥포대첩로5길 8,경상남도 거제시 옥포동 531-1,옥포2동,128.692659441016,34.894333872043,MA0101202212A0011832,소상공인시장진흥공단_상가(상권)정보_API (data.go.kr 15012005),202606,2026-10-04
GN-GEOJE,거제시,씨유거제사등새아침점,,편의점,경상남도 거제시 사등면 거제대로 5501,경상남도 거제시 사등면 사등리 1949,사등면,128.543510709225,34.9101815073168,MA0101202302A0026151,소상공인시장진흥공단_상가(상권)정보_API (data.go.kr 15012005),202606,2026-10-04
GN-GEOJE,거제시,지에스25거제고현화성,,편의점,경상남도 거제시 고현로2길 30,경상남도 거제시 고현동 683-5,고현동,128.621932382294,34.8833294967747,MA0101202210A0042332,소상공인시장진흥공단_상가(상권)정보_API (data.go.kr 15012005),202606,2026-10-04
GN-GEOJE,거제시,씨유거제옥포아름점,,편의점,경상남도 거제시 성산로4길 15,경상남도 거제시 옥포동 815-10,옥포2동,128.69792740559,34.8973066447956,MA010120220811119291,소상공인시장진흥공단_상가(상권)정보_API (data.go.kr 15012005),202606,2026-10-04
GN-GEOJE,거제시,플러스24시마트,,편의점,경상남도 거제시 옥포로20길 42,경상남도 거제시 옥포동 532-15,옥포2동,128.695208321416,34.8948751503718,MA0101202301A0023943,소상공인시장진흥공단_상가(상권)정보_API (data.go.kr 15012005),202606,2026-10-04
GN-GEOJE,거제시,지에스25장평제니스점,,편의점,경상남도 거제시 장평3로3길 3,경상남도 거제시 장평동 247,장평동,128.608582956981,34.8903205539302,MA0101202303A0024492,소상공인시장진흥공단_상가(상권)정보_API (data.go.kr 15012005),202606,2026-10-04
GN-GEOJE,거제시,이마트24R거제장평스마일점,,편의점,경상남도 거제시 장평로10길 19,경상남도 거제시 장평동 380-25,장평동,128.610832165051,34.8929134747561,MA0101202303A0067620,소상공인시장진흥공단_상가(상권)정보_API (data.go.kr 15012005),202606,2026-10-04
GN-GEOJE,거제시,씨유거제사등새아침점,,편의점,경상남도 거제시 사등면 거제대로 5501,경상남도 거제시 사등면 사등리 1949,사등면,128.543510709225,34.9101815073168,MA0101202303A0079373,소상공인시장진흥공단_상가(상권)정보_API (data.go.kr 15012005),202606,2026-10-04
GN-GEOJE,거제시,이마트24R거제고현,센터점,편의점,경상남도 거제시 거제중앙로13길 12,경상남도 거제시 고현동 150-4,고현동,128.624252251263,34.8833886447286,MA010120220812986997,소상공인시장진흥공단_상가(상권)정보_API (data.go.kr 15012005),202606,2026-10-04
GN-GEOJE,거제시,씨유거제고현가온점,,편의점,경상남도 거제시 거제중앙로5길 20,경상남도 거제시 고현동 1035-3,고현동,128.626715568452,34.8774072892697,MA010120220809371311,소상공인시장진흥공단_상가(상권)정보_API (data.go.kr 15012005),202606,2026-10-04
GN-GEOJE,거제시,세븐일레븐거제사등점,,편의점,경상남도 거제시 사등면 거제대로 5509,경상남도 거제시 사등면 사등리 1960,사등면,128.54293369385,34.9109188752063,MA010120220810364938,소상공인시장진흥공단_상가(상권)정보_API (data.go.kr 15012005),202606,2026-10-04
GN-GEOJE,거제시,미니스톱거제대우점,,편의점,경상남도 거제시 거제대로 3439,경상남도 거제시 아주동 419,아주동,128.694123362004,34.8670682692378,MA010120220811102478,소상공인시장진흥공단_상가(상권)정보_API (data.go.kr 15012005),202606,2026-10-04
GN-GEOJE,거제시,씨유거제장평점,,편의점,경상남도 거제시 장평3로 46,경상남도 거제시 장평동 321-1,장평동,128.609408758987,34.8928422056654,MA010120220808258086,소상공인시장진흥공단_상가(상권)정보_API (data.go.kr 15012005),202606,2026-10-04
GN-GEOJE,거제시,지에스25거제삼도점,,편의점,경상남도 거제시 거제대로 3697-25,경상남도 거제시 옥포동 233,옥포1동,128.689900897869,34.8862248446409,MA010120220807785186,소상공인시장진흥공단_상가(상권)정보_API (data.go.kr 15012005),202606,2026-10-04
GN-GEOJE,거제시,씨유거제수월점,,편의점,경상남도 거제시 수양로 435,경상남도 거제시 수월동 1140,수양동,128.640939612913,34.8914922438001,MA010120220812820294,소상공인시장진흥공단_상가(상권)정보_API (data.go.kr 15012005),202606,2026-10-04
GN-GEOJE,거제시,이마트24바람의언덕점,,편의점,경상남도 거제시 남부면 해금강로 124,경상남도 거제시 남부면 갈곶리 262-4,남부면,128.663026872001,34.7404803705802,MA010120220813142251,소상공인시장진흥공단_상가(상권)정보_API (data.go.kr 15012005),202606,2026-10-04
GN-GEOJE,거제시,씨유거제대계,마을점,편의점,경상남도 거제시 장목면 옥포대첩로 776-5,경상남도 거제시 장목면 외포리 1219,장목면,128.716459913517,34.9341780072619,MA010120220805257660,소상공인시장진흥공단_상가(상권)정보_API (data.go.kr 15012005),202606,2026-10-04
GN-GEOJE,거제시,GS25옥포이편한점,,편의점,경상남도 거제시 성산로 33,경상남도 거제시 옥포동 874-11,옥포2동,128.695494793054,34.899233258639,MA010120220811132081,소상공인시장진흥공단_상가(상권)정보_API (data.go.kr 15012005),202606,2026-10-04
GN-GEOJE,거제시,씨유지중해점,,편의점,경상남도 거제시 장평로 28,경상남도 거제시 장평동 31-15,장평동,128.614421569165,34.8913156526189,MA010120220811120903,소상공인시장진흥공단_상가(상권)정보_API (data.go.kr 15012005),202606,2026-10-04
GN-GEOJE,거제시,씨유거제신현점,,편의점,경상남도 거제시 거제중앙로26길 5,경상남도 거제시 고현동 961-33,고현동,128.623238367891,34.8891162683757,MA010120220813364038,소상공인시장진흥공단_상가(상권)정보_API (data.go.kr 15012005),202606,2026-10-04
GN-GEOJE,거제시,세븐일레븐거제혜성석천점,,편의점,경상남도 거제시 성산로 52,경상남도 거제시 옥포동 877-1,옥포2동,128.696568381067,34.9009036318678,MA010120220806468427,소상공인시장진흥공단_상가(상권)정보_API (data.go.kr 15012005),202606,2026-10-04
GN-GEOJE,거제시,세븐일레븐거제옥포SK점,,편의점,경상남도 거제시 옥포대첩로3길 14,경상남도 거제시 옥포동 525-1,옥포2동,128.689097788087,34.8945456560843,MA010120220811096510,소상공인시장진흥공단_상가(상권)정보_API (data.go.kr 15012005),202606,2026-10-04
GN-GEOJE,거제시,씨유거제고현화인점,,편의점,경상남도 거제시 서문로3길 11,경상남도 거제시 고현동 959-8,고현동,128.618723898782,34.8892666080056,MA010120220804048005,소상공인시장진흥공단_상가(상권)정보_API (data.go.kr 15012005),202606,2026-10-04
GN-GEOJE,거제시,세븐일레븐거제장승,포항점,편의점,경상남도 거제시 장승포로2길 25,경상남도 거제시 장승포동 698-3,장승포동,128.727936187023,34.8676828800372,MA010120220805712709,소상공인시장진흥공단_상가(상권)정보_API (data.go.kr 15012005),202606,2026-10-04
GN-GEOJE,거제시,지에스25덕산,사랑점,편의점,경상남도 거제시 옥포로 315,경상남도 거제시 옥포동 1274,옥포2동,128.685357782609,34.9015553311336,MA010120220811113306,소상공인시장진흥공단_상가(상권)정보_API (data.go.kr 15012005),202606,2026-10-04
GN-GEOJE,거제시,세븐일레븐거제,중앙점,편의점,경상남도 거제시 고현로11길 24,경상남도 거제시 고현동 961-55,고현동,128.624362979548,34.8895699049652,MA010120220811102543,소상공인시장진흥공단_상가(상권)정보_API (data.go.kr 15012005),202606,2026-10-04
GN-GEOJE,거제시,세븐일레븐거제장평원룸점,,편의점,경상남도 거제시 장평2로2길 37-2,경상남도 거제시 장평동 124-6,장평동,128.604884326146,34.8874312895631,MA010120220811115501,소상공인시장진흥공단_상가(상권)정보_API (data.go.kr 15012005),202606,2026-10-04
GN-GEOJE,거제시,세븐일레븐거제아주이편한점,,편의점,경상남도 거제시 아주2로 138,경상남도 거제시 아주동 1575,아주동,128.676810150492,34.8701473049247,MA010120220812937070,소상공인시장진흥공단_상가(상권)정보_API (data.go.kr 15012005),202606,2026-10-04
GN-GEOJE,거제시,지에스25거제덕포비치점,,편의점,경상남도 거제시 덕포5길 32,경상남도 거제시 덕포동 363,옥포2동,128.710684551056,34.9116560019226,MA010120220812458115,소상공인시장진흥공단_상가(상권)정보_API (data.go.kr 15012005),202606,2026-10-04
GN-GEOJE,거제시,지에스25거제다숲점,,편의점,경상남도 거제시 상동7길 24,경상남도 거제시 상동동 716,상문동,128.63320858989,34.8700559491446,MA010120220805259337,소상공인시장진흥공단_상가(상권)정보_API (data.go.kr 15012005),202606,2026-10-04
GN-GEOJE,거제시,세븐일레븐거제지세포,코아루점,편의점,경상남도 거제시 일운면 지세포1길 27,경상남도 거제시 일운면 지세포리 1412,일운면,128.703266455701,34.8268251209682,MA010120220812102463,소상공인시장진흥공단_상가(상권)정보_API (data.go.kr 15012005),202606,2026-10-04
GN-GEOJE,거제시,세븐거제고현점주,코리아,편의점,경상남도 거제시 고현로11길 26,경상남도 거제시 고현동 961-56,고현동,128.624247658196,34.8898238028563,MA010120220811142603,소상공인시장진흥공단_상가(상권)정보_API (data.go.kr 15012005),202606,2026-10-04
GN-GEOJE,거제시,신구멍가게24,,편의점,경상남도 거제시 거제대로 3754,경상남도 거제시 옥포동 538-12,옥포1동,128.689330318491,34.8914781300882,MA010120220802509401,소상공인시장진흥공단_상가(상권)정보_API (data.go.kr 15012005),202606,2026-10-04
GN-GEOJE,거제시,지에스25장승포시립점,,편의점,경상남도 거제시 신부로 32,경상남도 거제시 장승포동 264-1,장승포동,128.73130947208,34.8695004912166,MA010120220811106356,소상공인시장진흥공단_상가(상권)정보_API (data.go.kr 15012005),202606,2026-10-04
GN-GEOJE,거제시,세븐일레븐소동점,,편의점,경상남도 거제시 일운면 소동6길 17-3,경상남도 거제시 일운면 소동리 97-1,일운면,128.70067078032,34.8425074713961,MA010120220806707114,소상공인시장진흥공단_상가(상권)정보_API (data.go.kr 15012005),202606,2026-10-04
GN-GEOJE,거제시,편의점,,편의점,경상남도 거제시 장목면 관포길 60,경상남도 거제시 장목면 관포리 57-4,장목면,128.696453098786,34.9898680842418,MA010120220800306250,소상공인시장진흥공단_상가(상권)정보_API (data.go.kr 15012005),202606,2026-10-04
GN-GEOJE,거제시,"씨유거제경남아너스빌점,백발백중",,편의점,경상남도 거제시 사등면 두동로 30,경상남도 거제시 사등면 사곡리 918,사등면,128.56373676405,34.8978637483781,MA010120220810587946,소상공인시장진흥공단_상가(상권)정보_API (data.go.kr 15012005),202606,2026-10-04
GN-GEOJE,거제시,이마트24거제장승,포항점,편의점,경상남도 거제시 장승로 113,경상남도 거제시 장승포동 535-3,장승포동,128.722927728116,34.8645274539382,MA010120220808649586,소상공인시장진흥공단_상가(상권)정보_API (data.go.kr 15012005),202606,2026-10-04
GN-GEOJE,거제시,씨유거제장승포차점,,편의점,경상남도 거제시 장승포로2길 17,경상남도 거제시 장승포동 699-3,장승포동,128.727084075015,34.8677220269974,MA010120220813740931,소상공인시장진흥공단_상가(상권)정보_API (data.go.kr 15012005),202606,2026-10-04
GN-GEOJE,거제시,아소카인도커리,,편의점,경상남도 거제시 두모길 15-1,경상남도 거제시 두모동 470-1,장승포동,128.721564427957,34.8709907839322,MA010120220808614045,소상공인시장진흥공단_상가(상권)정보_API (data.go.kr 15012005),202606,2026-10-04
GN-GEOJE,거제시,씨유거제둔덕점,,편의점,경상남도 거제시 둔덕면 거제남서로 4602,경상남도 거제시 둔덕면 하둔리 365-48,둔덕면,128.506675549544,34.8378463827691,MA010120220806666050,소상공인시장진흥공단_상가(상권)정보_API (data.go.kr 15012005),202606,2026-10-04
GN-GEOJE,거제시,씨유거제지세포라티움점,,편의점,경상남도 거제시 일운면 지세포해안로 100,경상남도 거제시 일운면 지세포리 931-84,일운면,128.706000650884,34.829030960643,MA010120220808319476,소상공인시장진흥공단_상가(상권)정보_API (data.go.kr 15012005),202606,2026-10-04
GN-GEOJE,거제시,씨유거제센트럴,푸르지오점,편의점,경상남도 거제시 문동1길 42,경상남도 거제시 문동동 756,상문동,128.642390185777,34.860495907482,MA010120220812288956,소상공인시장진흥공단_상가(상권)정보_API (data.go.kr 15012005),202606,2026-10-04
GN-GEOJE,거제시,세븐일레븐거제옥포,중앙점,편의점,경상남도 거제시 옥포대첩로2길 8,경상남도 거제시 옥포동 537-33,옥포1동,128.689223447559,34.8926692828006,MA010120220808751278,소상공인시장진흥공단_상가(상권)정보_API (data.go.kr 15012005),202606,2026-10-04
GN-GEOJE,거제시,씨유거제맑은샘,병원점,편의점,경상남도 거제시 연초면 거제대로 4477,경상남도 거제시 연초면 연사리 1399-3,연초면,128.643656239942,34.8977283714032,MA010120220811116817,소상공인시장진흥공단_상가(상권)정보_API (data.go.kr 15012005),202606,2026-10-04
GN-GEOJE,거제시,씨유거제학동몽돌점,,편의점,경상남도 거제시 동부면 거제대로 965,경상남도 거제시 동부면 학동리 281-1,동부면,128.641979252208,34.7759252860833,MA010120220810422541,소상공인시장진흥공단_상가(상권)정보_API (data.go.kr 15012005),202606,2026-10-04
GN-GEOJE,거제시,세븐일레븐거제장평주공점,,편의점,경상남도 거제시 장평2로 36,경상남도 거제시 장평동 144,장평동,128.608837673394,34.885432264953,MA0101202209A0034417,소상공인시장진흥공단_상가(상권)정보_API (data.go.kr 15012005),202606,2026-10-04
GN-GEOJE,거제시,GS25능포항구점,,편의점,경상남도 거제시 능포로 243,경상남도 거제시 능포동 480-28,능포동,128.737044896577,34.8843074393445,MA010120220811131559,소상공인시장진흥공단_상가(상권)정보_API (data.go.kr 15012005),202606,2026-10-04
GN-GEOJE,거제시,이마트24거제고려점,,편의점,경상남도 거제시 중곡로2길 22-1,경상남도 거제시 고현동 1054,고현동,128.632744226194,34.8941261853226,MA010120220809993738,소상공인시장진흥공단_상가(상권)정보_API (data.go.kr 15012005),202606,2026-10-04
GN-GEOJE,거제시,씨유거제옥포이편한점,,편의점,경상남도 거제시 성산로 42,경상남도 거제시 옥포동 878-4,옥포2동,128.696967276706,34.8995551834625,MA010120220814205157,소상공인시장진흥공단_상가(상권)정보_API (data.go.kr 15012005),202606,2026-10-04
GN-GEOJE,거제시,씨유거제아주,행운점,편의점,경상남도 거제시 아주1로 48,경상남도 거제시 아주동 1688-15,아주동,128.687691057334,34.8664096872229,MA010120220809237326,소상공인시장진흥공단_상가(상권)정보_API (data.go.kr 15012005),202606,2026-10-04
GN-GEOJE,거제시,씨유옥포부자점,,편의점,경상남도 거제시 옥포로6길 27,경상남도 거제시 옥포동 586,옥포1동,128.695331087947,34.8918001348319,MA010120220812590691,소상공인시장진흥공단_상가(상권)정보_API (data.go.kr 15012005),202606,2026-10-04
GN-GEOJE,거제시,세븐일레븐거제이편한세상,2단지점,편의점,경상남도 거제시 아주2로 137,경상남도 거제시 아주동 1392,아주동,128.678520247966,34.8692765123043,MA010120220813419123,소상공인시장진흥공단_상가(상권)정보_API (data.go.kr 15012005),202606,2026-10-04
GN-GEOJE,거제시,미니스톱학동몽돌점,,편의점,경상남도 거제시 동부면 거제대로 971-1,경상남도 거제시 동부면 학동리 262-4,동부면,128.642436978641,34.7764238304036,MA010120220813038503,소상공인시장진흥공단_상가(상권)정보_API (data.go.kr 15012005),202606,2026-10-04
GN-GEOJE,거제시,미니스톱장평진들점,,편의점,경상남도 거제시 장평3로2길 34,경상남도 거제시 장평동 95-75,장평동,128.612638424763,34.8896269036481,MA010120220811135291,소상공인시장진흥공단_상가(상권)정보_API (data.go.kr 15012005),202606,2026-10-04
GN-GEOJE,거제시,씨유거제,지세포점,편의점,경상남도 거제시 일운면 거제대로 2480,경상남도 거제시 일운면 지세포리 943-1,일운면,128.703529132864,34.8284347144424,MA010120220811111076,소상공인시장진흥공단_상가(상권)정보_API (data.go.kr 15012005),202606,2026-10-04
GN-GEOJE,거제시,GS25거제수월,힐스테이트점,편의점,경상남도 거제시 제산로 49,경상남도 거제시 양정동 885,수양동,128.640686690055,34.8892244557242,MA010120220807854626,소상공인시장진흥공단_상가(상권)정보_API (data.go.kr 15012005),202606,2026-10-04
GN-GEOJE,거제시,GS25마전예지점,,편의점,경상남도 거제시 장승로 82,경상남도 거제시 장승포동 548,장승포동,128.72405339626,34.8618798124406,MA010120220810849497,소상공인시장진흥공단_상가(상권)정보_API (data.go.kr 15012005),202606,2026-10-04
GN-GEOJE,거제시,씨유거제가조도점,,편의점,경상남도 거제시 사등면 가조로4길 6,경상남도 거제시 사등면 창호리 2020,사등면,128.525348951926,34.9303022073856,MA010120220811117860,소상공인시장진흥공단_상가(상권)정보_API (data.go.kr 15012005),202606,2026-10-04
GN-GEOJE,거제시,은하수편의점,,편의점,경상남도 거제시 남부면 근포1길 68,경상남도 거제시 남부면 저구리 477-1,남부면,128.587313956658,34.7208240519433,MA010120220811961050,소상공인시장진흥공단_상가(상권)정보_API (data.go.kr 15012005),202606,2026-10-04
GN-GEOJE,거제시,세븐일레븐거제백,병원점,편의점,경상남도 거제시 계룡로5길 14,경상남도 거제시 상동동 943-5,상문동,128.627533787396,34.8734217133836,MA010120220812380481,소상공인시장진흥공단_상가(상권)정보_API (data.go.kr 15012005),202606,2026-10-04
GN-GEOJE,거제시,씨유거제사등,덕진점,편의점,경상남도 거제시 사등면 지석2길 47,경상남도 거제시 사등면 지석리 1224-1,사등면,128.511674517731,34.9079139466174,MA010120220806959598,소상공인시장진흥공단_상가(상권)정보_API (data.go.kr 15012005),202606,2026-10-04
GN-GEOJE,거제시,미니스톱뉴장평주공점,,편의점,경상남도 거제시 장평1로 143-1,경상남도 거제시 장평동 619-2,장평동,128.605550316775,34.8918657867509,MA010120220802970478,소상공인시장진흥공단_상가(상권)정보_API (data.go.kr 15012005),202606,2026-10-04
GN-GEOJE,거제시,참편의점,,편의점,경상남도 거제시 장목면 옥포대첩로 733,경상남도 거제시 장목면 외포리 1338-1,장목면,128.71448973674,34.9304836565844,MA010120220803190219,소상공인시장진흥공단_상가(상권)정보_API (data.go.kr 15012005),202606,2026-10-04
GN-GEOJE,거제시,지에스25지세포대로점,,편의점,경상남도 거제시 일운면 거제대로 2565,경상남도 거제시 일운면 소동리 523-4,일운면,128.699258414243,34.8349565592691,MA010120220802862593,소상공인시장진흥공단_상가(상권)정보_API (data.go.kr 15012005),202606,2026-10-04
GN-GEOJE,거제시,씨유거제연초,강변점,편의점,경상남도 거제시 연초면 연하해안로 194,경상남도 거제시 연초면 오비리 1168-1,연초면,128.632083778361,34.8988937702561,MA010120220809692648,소상공인시장진흥공단_상가(상권)정보_API (data.go.kr 15012005),202606,2026-10-04
GN-GEOJE,거제시,세븐일레븐거제사등,로드점,편의점,경상남도 거제시 사등면 거제대로 5948,경상남도 거제시 사등면 청곡리 90-1,사등면,128.510769098874,34.9014900069193,MA0101202209A0066307,소상공인시장진흥공단_상가(상권)정보_API (data.go.kr 15012005),202606,2026-10-04
GN-GEOJE,거제시,씨유거제,옥포점,편의점,경상남도 거제시 옥포로 182,경상남도 거제시 옥포동 548-1,옥포1동,128.69172810083,34.8910572325622,MA010120220811097054,소상공인시장진흥공단_상가(상권)정보_API (data.go.kr 15012005),202606,2026-10-04
GN-GEOJE,거제시,세븐일레븐거제구조라항점,,편의점,경상남도 거제시 일운면 구조라로 34-1,경상남도 거제시 일운면 구조라리 79,일운면,128.694765030362,34.8055747083171,MA010120220811097160,소상공인시장진흥공단_상가(상권)정보_API (data.go.kr 15012005),202606,2026-10-04
GN-GEOJE,거제시,GS25거제해금강점,,편의점,경상남도 거제시 남부면 해금강3길 2,경상남도 거제시 남부면 갈곶리 72-1,남부면,128.674227817642,34.7382539187126,MA010120220813617332,소상공인시장진흥공단_상가(상권)정보_API (data.go.kr 15012005),202606,2026-10-04
GN-GEOJE,거제시,이마트24거제학동해수욕장점,,편의점,경상남도 거제시 동부면 학동6길 8,경상남도 거제시 동부면 학동리 291,동부면,128.64076598044,34.7742292034387,MA010120220814275183,소상공인시장진흥공단_상가(상권)정보_API (data.go.kr 15012005),202606,2026-10-04
GN-GEOJE,거제시,CU거제수양점,,편의점,경상남도 거제시 수양로 456,경상남도 거제시 수월동 1120-40,수양동,128.641143972355,34.892967568166,MA010120220810363812,소상공인시장진흥공단_상가(상권)정보_API (data.go.kr 15012005),202606,2026-10-04
GN-GEOJE,거제시,이마트24거제대우,마리나점,편의점,경상남도 거제시 옥포로19길 26,경상남도 거제시 옥포동 526-13,옥포2동,128.68808010329,34.8939920013493,MA010120220813224781,소상공인시장진흥공단_상가(상권)정보_API (data.go.kr 15012005),202606,2026-10-04
GN-GEOJE,거제시,지에스25옥포국산점,,편의점,경상남도 거제시 국산2길 1,경상남도 거제시 옥포동 932-2,옥포2동,128.692408146316,34.8970141201432,MA010120220809740822,소상공인시장진흥공단_상가(상권)정보_API (data.go.kr 15012005),202606,2026-10-04
GN-GEOJE,거제시,세븐일레븐거제덕포점,,편의점,경상남도 거제시 성산로 172,경상남도 거제시 덕포동 479,옥포2동,128.699631979055,34.9094227850965,MA010120220810390334,소상공인시장진흥공단_상가(상권)정보_API (data.go.kr 15012005),202606,2026-10-04
GN-GEOJE,거제시,데이앤데이거제,옥포점,편의점,경상남도 거제시 옥포중앙로 90,경상남도 거제시 옥포동 510-10,옥포2동,128.695553600963,34.896240250834,MA010120220813584662,소상공인시장진흥공단_상가(상권)정보_API (data.go.kr 15012005),202606,2026-10-04
GN-GEOJE,거제시,지에스25옥포원룸점,,편의점,경상남도 거제시 성산로2길 5-2,경상남도 거제시 옥포동 1931-1,옥포2동,128.696518721057,34.8968937141754,MA010120220811118422,소상공인시장진흥공단_상가(상권)정보_API (data.go.kr 15012005),202606,2026-10-04
GN-GEOJE,거제시,세븐일레븐거제,중곡점,편의점,경상남도 거제시 중곡로3길 20,경상남도 거제시 고현동 999-4,고현동,128.628267567596,34.8939879681307,MA010120220813156819,소상공인시장진흥공단_상가(상권)정보_API (data.go.kr 15012005),202606,2026-10-04
GN-GEOJE,거제시,씨유삼성사외기숙사점,,편의점,경상남도 거제시 장평2로4길 11,경상남도 거제시 장평동 1223,장평동,128.607773891916,34.8847253201245,MA010120220813079018,소상공인시장진흥공단_상가(상권)정보_API (data.go.kr 15012005),202606,2026-10-04
GN-GEOJE,거제시,세븐거제장평주공점,코리아,편의점,경상남도 거제시 장평2로 36,경상남도 거제시 장평동 144,장평동,128.608837673394,34.885432264953,MA0101202209A0085422,소상공인시장진흥공단_상가(상권)정보_API (data.go.kr 15012005),202606,2026-10-04
GN-GEOJE,거제시,굿모닝대박24시편의점,,편의점,경상남도 거제시 거제면 산달길 29,경상남도 거제시 거제면 법동리 373,거제면,128.531772577288,34.8141532496679,MA010120220807776124,소상공인시장진흥공단_상가(상권)정보_API (data.go.kr 15012005),202606,2026-10-04
GN-GEOJE,거제시,씨유장평대한점,,편의점,경상남도 거제시 장평로9길 6,경상남도 거제시 장평동 43-18,장평동,128.611106018719,34.8906927071746,MA010120220811110123,소상공인시장진흥공단_상가(상권)정보_API (data.go.kr 15012005),202606,2026-10-04
GN-GEOJE,거제시,지에스25거제,자이점,편의점,경상남도 거제시 해명로 49,경상남도 거제시 수월동 1086,수양동,128.644791965639,34.8926929324913,MA010120220811799790,소상공인시장진흥공단_상가(상권)정보_API (data.go.kr 15012005),202606,2026-10-04
GN-GEOJE,거제시,씨유거제장평,스타점,편의점,경상남도 거제시 장평1로16길 35,경상남도 거제시 장평동 571-3,장평동,128.602827431732,34.8924695325914,MA010120220811113946,소상공인시장진흥공단_상가(상권)정보_API (data.go.kr 15012005),202606,2026-10-04
GN-GEOJE,거제시,지에스25거제장평점,,편의점,경상남도 거제시 장평로8길 22,경상남도 거제시 장평동 371-1,장평동,128.610387524113,34.8925498446193,MA010120220804154580,소상공인시장진흥공단_상가(상권)정보_API (data.go.kr 15012005),202606,2026-10-04
GN-GEOJE,거제시,씨유더,옥포점,편의점,경상남도 거제시 옥포대첩로9길 16,경상남도 거제시 옥포동 521-9,옥포2동,128.695647215873,34.8954728723661,MA0101202604A0034839,소상공인시장진흥공단_상가(상권)정보_API (data.go.kr 15012005),202606,2026-10-04
GN-GEOJE,거제시,이마트24거제중앙,병원점,편의점,경상남도 거제시 고현로 87-1,경상남도 거제시 고현동 814-1,고현동,128.62225697538,34.8864886386595,MA010120220814160800,소상공인시장진흥공단_상가(상권)정보_API (data.go.kr 15012005),202606,2026-10-04
GN-GEOJE,거제시,이마트24거제장평아내점,,편의점,경상남도 거제시 장평4로2길 2,경상남도 거제시 장평동 126-3,장평동,128.60489305349,34.8867552165867,MA010120220803053930,소상공인시장진흥공단_상가(상권)정보_API (data.go.kr 15012005),202606,2026-10-04
GN-GEOJE,거제시,GS25한내공단점,,편의점,경상남도 거제시 연초면 연하해안로 711,경상남도 거제시 연초면 한내리 38-1,연초면,128.606827755628,34.9254303629731,MA010120220811106861,소상공인시장진흥공단_상가(상권)정보_API (data.go.kr 15012005),202606,2026-10-04
GN-GEOJE,거제시,블루25씨스페이스거제중곡,중앙점,편의점,경상남도 거제시 중곡로3길 31,경상남도 거제시 고현동 1009-1,고현동,128.626968968897,34.8935907749311,MA010120220811132553,소상공인시장진흥공단_상가(상권)정보_API (data.go.kr 15012005),202606,2026-10-04
GN-GEOJE,거제시,GS25거제대교점,,편의점,경상남도 거제시 사등면 거제남서로 5350,경상남도 거제시 사등면 덕호리 139-10,사등면,128.478844608326,34.8830816965539,MA010120220813364995,소상공인시장진흥공단_상가(상권)정보_API (data.go.kr 15012005),202606,2026-10-04
GN-GEOJE,거제시,씨유뉴고현운동장점,,편의점,경상남도 거제시 거제중앙로19길 32,경상남도 거제시 고현동 755-48,고현동,128.621271302941,34.88475331825,MA010120220813300346,소상공인시장진흥공단_상가(상권)정보_API (data.go.kr 15012005),202606,2026-10-04
GN-GEOJE,거제시,미니스톱거제,중촌점,편의점,경상남도 거제시 연초면 연하해안로 546,경상남도 거제시 연초면 오비리 682-2,연초면,128.622505589313,34.9208147703071,MA010120220811942136,소상공인시장진흥공단_상가(상권)정보_API (data.go.kr 15012005),202606,2026-10-04
GN-GEOJE,거제시,지에스25거제장평점,,편의점,경상남도 거제시 장평로8길 22,경상남도 거제시 장평동 371-1,장평동,128.610387524113,34.8925498446193,MA010120220813802377,소상공인시장진흥공단_상가(상권)정보_API (data.go.kr 15012005),202606,2026-10-04
GN-GEOJE,거제시,지에스25고현,중앙점,편의점,경상남도 거제시 고현로11길 11,경상남도 거제시 고현동 961-169,고현동,128.624612411092,34.8883498514659,MA010120220812001837,소상공인시장진흥공단_상가(상권)정보_API (data.go.kr 15012005),202606,2026-10-04
GN-GEOJE,거제시,씨유거제아주내곡점,,편의점,경상남도 거제시 아주2로 115,경상남도 거제시 아주동 1395,아주동,128.67895338403,34.8696039999391,MA010120220813227780,소상공인시장진흥공단_상가(상권)정보_API (data.go.kr 15012005),202606,2026-10-04
GN-GEOJE,거제시,지에스25옥포성안로점,,편의점,경상남도 거제시 옥포성안로 77,경상남도 거제시 옥포동 533-14,옥포1동,128.694630265213,34.8933600801731,MA010120220804045927,소상공인시장진흥공단_상가(상권)정보_API (data.go.kr 15012005),202606,2026-10-04
GN-GEOJE,거제시,씨유거제신우점,,편의점,경상남도 거제시 상동1길 31,경상남도 거제시 상동동 118-2,상문동,128.637849534795,34.8642073266099,MA010120220812529654,소상공인시장진흥공단_상가(상권)정보_API (data.go.kr 15012005),202606,2026-10-04
GN-GEOJE,거제시,씨유옥포명성점,,편의점,경상남도 거제시 옥포대첩로4길 22,경상남도 거제시 옥포동 544-15,옥포1동,128.692666054428,34.8919904979247,MA010120220811100095,소상공인시장진흥공단_상가(상권)정보_API (data.go.kr 15012005),202606,2026-10-04
GN-GEOJE,거제시,세븐일레븐거제칠천도점,,편의점,경상남도 거제시 하청면 칠천로 114,경상남도 거제시 하청면 어온리 582-1,하청면,128.645923025664,34.9810915987066,MA010120220806643349,소상공인시장진흥공단_상가(상권)정보_API (data.go.kr 15012005),202606,2026-10-04
GN-GEOJE,거제시,씨유거제유림노르웨이점,,편의점,경상남도 거제시 장평1로 7,경상남도 거제시 장평동 1212-2,장평동,128.617205356009,34.891035296883,MA010120220806521232,소상공인시장진흥공단_상가(상권)정보_API (data.go.kr 15012005),202606,2026-10-04
GN-GEOJE,거제시,세븐일레븐거제아주에버빌점,,편의점,경상남도 거제시 용소1길 85,경상남도 거제시 아주동 744-1,아주동,128.689872865586,34.876843072659,MA010120220805085066,소상공인시장진흥공단_상가(상권)정보_API (data.go.kr 15012005),202606,2026-10-04
GN-GEOJE,거제시,GS25옥포덕산점,,편의점,경상남도 거제시 진목1길 6,경상남도 거제시 옥포동 1284-3,옥포2동,128.68624128417,34.8982174155549,MA010120220811121308,소상공인시장진흥공단_상가(상권)정보_API (data.go.kr 15012005),202606,2026-10-04
GN-GEOJE,거제시,지에스거제사곡자이온점,,편의점,경상남도 거제시 사등면 두동로 54-42,경상남도 거제시 사등면 사곡리 832-3,사등면,128.568400786065,34.8917380190271,MA010120220807404158,소상공인시장진흥공단_상가(상권)정보_API (data.go.kr 15012005),202606,2026-10-04
GN-GEOJE,거제시,GS25,거제고현점,편의점,경상남도 거제시 거제중앙로27길 6,경상남도 거제시 고현동 961-24,고현동,128.622357352674,34.8888125862669,MA010120220810069450,소상공인시장진흥공단_상가(상권)정보_API (data.go.kr 15012005),202606,2026-10-04
GN-GEOJE,거제시,씨유거제학동바다점,,편의점,경상남도 거제시 동부면 학동4길 2,경상남도 거제시 동부면 학동리 322,동부면,128.639011051431,34.7727567115709,MA010120220811117859,소상공인시장진흥공단_상가(상권)정보_API (data.go.kr 15012005),202606,2026-10-04
GN-GEOJE,거제시,씨유거제대우점,,편의점,경상남도 거제시 두모길 17,경상남도 거제시 두모동 376-3,장승포동,128.721658273399,34.8712958834055,MA010120220800053751,소상공인시장진흥공단_상가(상권)정보_API (data.go.kr 15012005),202606,2026-10-04
GN-GEOJE,거제시,아시아폰마트,,편의점,경상남도 거제시 고현천로 10,경상남도 거제시 고현동 979-1,고현동,128.624193281747,34.8909511214965,MA010120220812580834,소상공인시장진흥공단_상가(상권)정보_API (data.go.kr 15012005),202606,2026-10-04
GN-GEOJE,거제시,씨유장평,중앙점,편의점,경상남도 거제시 장평로10길 14,경상남도 거제시 장평동 382-1,장평동,128.611089371531,34.8920808920309,MA010120220807993648,소상공인시장진흥공단_상가(상권)정보_API (data.go.kr 15012005),202606,2026-10-04
GN-GEOJE,거제시,지에스25거제대우조선점,,편의점,경상남도 거제시 옥포로4길 1,경상남도 거제시 옥포동 1977,옥포1동,128.695297406291,34.8896285627563,MA010120220808287298,소상공인시장진흥공단_상가(상권)정보_API (data.go.kr 15012005),202606,2026-10-04
GN-GEOJE,거제시,지에스25옥포비치점,,편의점,경상남도 거제시 옥포로6길 34,경상남도 거제시 옥포동 1914-1,옥포2동,128.695858744094,34.8924597066165,MA010120220813493400,소상공인시장진흥공단_상가(상권)정보_API (data.go.kr 15012005),202606,2026-10-04
GN-GEOJE,거제시,지에스25장평,문화점,편의점,경상남도 거제시 장평1로 87-1,경상남도 거제시 장평동 380-43,장평동,128.611359343916,34.8935824423795,MA010120220813009061,소상공인시장진흥공단_상가(상권)정보_API (data.go.kr 15012005),202606,2026-10-04
GN-GEOJE,거제시,세븐일레븐,거제고현점,편의점,경상남도 거제시 고현로11길 26,경상남도 거제시 고현동 961-56,고현동,128.624247658196,34.8898238028563,MA010120220810051956,소상공인시장진흥공단_상가(상권)정보_API (data.go.kr 15012005),202606,2026-10-04
GN-GEOJE,거제시,씨유장평,행복점,편의점,경상남도 거제시 장평1로 53,경상남도 거제시 장평동 1200,장평동,128.614535315001,34.894333411845,MA010120220805441262,소상공인시장진흥공단_상가(상권)정보_API (data.go.kr 15012005),202606,2026-10-04
GN-GEOJE,거제시,GS25와현,해변점,편의점,경상남도 거제시 일운면 와현해변길 16,경상남도 거제시 일운면 와현리 425-37,일운면,128.706453980632,34.8139193197055,MA010120220811114786,소상공인시장진흥공단_상가(상권)정보_API (data.go.kr 15012005),202606,2026-10-04
GN-GEOJE,거제시,미니스톱새,거제점,편의점,경상남도 거제시 거제대로 5054,경상남도 거제시 장평동 861-3,장평동,128.586544823156,34.8949994747516,MA010120220811103112,소상공인시장진흥공단_상가(상권)정보_API (data.go.kr 15012005),202606,2026-10-04
GN-GEOJE,거제시,세븐일레븐새,거제점,편의점,경상남도 거제시 거제대로 5054,경상남도 거제시 장평동 861-3,장평동,128.586544823156,34.8949994747516,MA0101202602A0031438,소상공인시장진흥공단_상가(상권)정보_API (data.go.kr 15012005),202606,2026-10-04
GN-GEOJE,거제시,이마트24거제능포,중앙점,편의점,경상남도 거제시 능포로 134,경상남도 거제시 능포동 681-13,능포동,128.731721448075,34.8755871318079,MA0101202603A0032411,소상공인시장진흥공단_상가(상권)정보_API (data.go.kr 15012005),202606,2026-10-04
GN-GEOJE,거제시,세븐일레븐거제장승포,해안점,편의점,경상남도 거제시 신부로 2,경상남도 거제시 장승포동 232-30,장승포동,128.730171343508,34.867371697894,MA0101202511A0005319,소상공인시장진흥공단_상가(상권)정보_API (data.go.kr 15012005),202606,2026-10-04
GN-GEOJE,거제시,세븐일레븐거제능포원룸점,,편의점,경상남도 거제시 능포로 177-1,경상남도 거제시 능포동 395-26,능포동,128.733885873247,34.8791883447512,MA0101202604A0017262,소상공인시장진흥공단_상가(상권)정보_API (data.go.kr 15012005),202606,2026-10-04
GN-GEOJE,거제시,지에스25장평,중앙점,편의점,경상남도 거제시 장평3로2길 26,경상남도 거제시 장평동 95-57,장평동,128.611829035853,34.8896286279765,MA0101202604A0033070,소상공인시장진흥공단_상가(상권)정보_API (data.go.kr 15012005),202606,2026-10-04
GN-GEOJE,거제시,GS25장평타운점,,편의점,경상남도 거제시 장평2로2길 37-12,경상남도 거제시 장평동 121-6,장평동,128.604024659831,34.8876589447293,MA010120220803856069,소상공인시장진흥공단_상가(상권)정보_API (data.go.kr 15012005),202606,2026-10-04
GN-GEOJE,거제시,씨유거제능포점,,편의점,경상남도 거제시 능포로5길 5,경상남도 거제시 능포동 718-2,능포동,128.731597134345,34.8738314488936,MA010120220813839690,소상공인시장진흥공단_상가(상권)정보_API (data.go.kr 15012005),202606,2026-10-04
GN-GEOJE,거제시,세븐거제성안점주,코리아,편의점,경상남도 거제시 옥포로 158,경상남도 거제시 옥포동 366-1,옥포1동,128.69342215844,34.8899250858813,MA010120220811142693,소상공인시장진흥공단_상가(상권)정보_API (data.go.kr 15012005),202606,2026-10-04
GN-GEOJE,거제시,씨유거제일운,스타점,편의점,경상남도 거제시 일운면 소동8길 18,경상남도 거제시 일운면 소동리 160,일운면,128.698105715121,34.8421647849375,MA010120220809279861,소상공인시장진흥공단_상가(상권)정보_API (data.go.kr 15012005),202606,2026-10-04
GN-GEOJE,거제시,이마트24거제남서로,,편의점,경상남도 거제시 거제면 거제남서로 3813,경상남도 거제시 거제면 내간리 56-1,거제면,128.564382512013,34.8459323964034,MA010120220812891744,소상공인시장진흥공단_상가(상권)정보_API (data.go.kr 15012005),202606,2026-10-04
GN-GEOJE,거제시,지에스25아주,드림점,편의점,경상남도 거제시 아주1로2길 27,경상남도 거제시 아주동 1690-1,아주동,128.689244975561,34.8670009657727,MA010120220805417085,소상공인시장진흥공단_상가(상권)정보_API (data.go.kr 15012005),202606,2026-10-04
GN-GEOJE,거제시,지에스25거제대로점,,편의점,경상남도 거제시 거제대로 3752,경상남도 거제시 옥포동 546-1,옥포1동,128.689457665597,34.8912870945608,MA010120220808217388,소상공인시장진흥공단_상가(상권)정보_API (data.go.kr 15012005),202606,2026-10-04
GN-GEOJE,거제시,씨유거제미진오션점,,편의점,경상남도 거제시 옥포대첩로2길 66,경상남도 거제시 옥포동 551-7,옥포1동,128.692667924196,34.8883493705174,MA010120220811107572,소상공인시장진흥공단_상가(상권)정보_API (data.go.kr 15012005),202606,2026-10-04
GN-GEOJE,거제시,세븐일레븐거제,힐스테이트점,편의점,경상남도 거제시 제산로3길 14,경상남도 거제시 양정동 869-10,수양동,128.643183648879,34.8888302132161,MA0101202509A0000054,소상공인시장진흥공단_상가(상권)정보_API (data.go.kr 15012005),202606,2026-10-04
GN-GEOJE,거제시,씨유거제상문점,,편의점,경상남도 거제시 수양로 40,경상남도 거제시 문동동 292,상문동,128.647209706118,34.8620169475702,MA0101202505A0019351,소상공인시장진흥공단_상가(상권)정보_API (data.go.kr 15012005),202606,2026-10-04
GN-GEOJE,거제시,세븐일레븐거제아주대우점,,편의점,경상남도 거제시 거제대로 3559,경상남도 거제시 아주동 752-4,아주동,128.692644198833,34.8759933742228,MA0101202509A0029253,소상공인시장진흥공단_상가(상권)정보_API (data.go.kr 15012005),202606,2026-10-04
GN-GEOJE,거제시,씨유거제유로스카이점,,편의점,경상남도 거제시 고현항2로 51,경상남도 거제시 고현동 1175,고현동,128.6199742752,34.896126667516,MA0101202507A0017496,소상공인시장진흥공단_상가(상권)정보_API (data.go.kr 15012005),202606,2026-10-04
GN-GEOJE,거제시,세븐일레븐거제오수대로점,,편의점,경상남도 거제시 거제면 오수선창길 64,경상남도 거제시 거제면 오수리 376-1,거제면,128.598559955888,34.8358982497315,MA0101202512A0009389,소상공인시장진흥공단_상가(상권)정보_API (data.go.kr 15012005),202606,2026-10-04
GN-GEOJE,거제시,세븐일레븐거제고현파크점,,편의점,경상남도 거제시 동문2길 19-1,경상남도 거제시 고현동 222-1,고현동,128.627222226168,34.8836914031599,MA0101202507A0011693,소상공인시장진흥공단_상가(상권)정보_API (data.go.kr 15012005),202606,2026-10-04
GN-GEOJE,거제시,지에스25거제신우,마리나점,편의점,경상남도 거제시 연초면 연하해안로 419,경상남도 거제시 연초면 오비리 1056,연초면,128.61821861151,34.9109038924045,MA0101202512A0037613,소상공인시장진흥공단_상가(상권)정보_API (data.go.kr 15012005),202606,2026-10-04
GN-GEOJE,거제시,이마트24거제,스타점,편의점,경상남도 거제시 거제중앙로 1841,경상남도 거제시 고현동 206,고현동,128.625727794793,34.8827830889759,MA0101202601A0032512,소상공인시장진흥공단_상가(상권)정보_API (data.go.kr 15012005),202606,2026-10-04
GN-GEOJE,거제시,해와나루편의점,,편의점,경상남도 거제시 연초면 연하해안로 284,경상남도 거제시 연초면 오비리 176-1,연초면,128.625041728257,34.9001507866912,MA0101202603A0045715,소상공인시장진흥공단_상가(상권)정보_API (data.go.kr 15012005),202606,2026-10-04
GN-GEOJE,거제시,세븐일레븐거제햇님점,,편의점,경상남도 거제시 고현로 73-2,경상남도 거제시 고현동 823-8,고현동,128.62118479003,34.8859171166032,MA0101202603A0012716,소상공인시장진흥공단_상가(상권)정보_API (data.go.kr 15012005),202606,2026-10-04
GN-GEOJE,거제시,지에스25거제아주로점,,편의점,경상남도 거제시 아주1로2길 100,경상남도 거제시 아주동 1673-11,아주동,128.681674816392,34.8684578237542,MA010120220811506506,소상공인시장진흥공단_상가(상권)정보_API (data.go.kr 15012005),202606,2026-10-04
GN-GEOJE,거제시,씨유거제고현신유점,,편의점,경상남도 거제시 고현천로 110,경상남도 거제시 고현동 266-1,고현동,128.628534359026,34.8825652623271,MA010120220808020404,소상공인시장진흥공단_상가(상권)정보_API (data.go.kr 15012005),202606,2026-10-04
GN-GEOJE,거제시,씨유대우조선,남문점,편의점,경상남도 거제시 거제대로 3441,경상남도 거제시 아주동 445-2,아주동,128.694004774872,34.8671510356972,MA010120220811100248,소상공인시장진흥공단_상가(상권)정보_API (data.go.kr 15012005),202606,2026-10-04
GN-GEOJE,거제시,CU거제수월,자이점,편의점,경상남도 거제시 해명로 22,경상남도 거제시 수월동 1043-75,수양동,128.642855513971,34.8948731611481,MA010120220811792441,소상공인시장진흥공단_상가(상권)정보_API (data.go.kr 15012005),202606,2026-10-04
GN-GEOJE,거제시,씨유뉴거제동부산양점,,편의점,경상남도 거제시 동부면 거제남서로 3058,경상남도 거제시 동부면 산양리 924-9,동부면,128.605813505396,34.8221482276792,MA0101202504A0017539,소상공인시장진흥공단_상가(상권)정보_API (data.go.kr 15012005),202606,2026-10-04
GN-GEOJE,거제시,세븐일레븐거제아주원룸점,,편의점,경상남도 거제시 탑곡로4길 32,경상남도 거제시 아주동 349-4,아주동,128.692251726933,34.8653819321805,MA0101202412A0061790,소상공인시장진흥공단_상가(상권)정보_API (data.go.kr 15012005),202606,2026-10-04
GN-GEOJE,거제시,세븐일레븐거제상동다숲점,,편의점,경상남도 거제시 상동7길 30-1,경상남도 거제시 상동동 735,상문동,128.631957534511,34.8692796284753,MA0101202510A0008896,소상공인시장진흥공단_상가(상권)정보_API (data.go.kr 15012005),202606,2026-10-04
GN-GEOJE,거제시,세븐일레븐거제능포점,,편의점,경상남도 거제시 능포로2길 61,경상남도 거제시 능포동 660-6,능포동,128.732521878833,34.8767293358878,MA0101202411A0081649,소상공인시장진흥공단_상가(상권)정보_API (data.go.kr 15012005),202606,2026-10-04
GN-GEOJE,거제시,세븐일레븐거제하청점,,편의점,경상남도 거제시 하청면 거제북로 571,경상남도 거제시 하청면 하청리 575-9,하청면,128.655689556202,34.9587337669932,MA0101202411A0095225,소상공인시장진흥공단_상가(상권)정보_API (data.go.kr 15012005),202606,2026-10-04
GN-GEOJE,거제시,지에스25거제신현,프리미엄점,편의점,경상남도 거제시 서문로3길 1,경상남도 거제시 고현동 868-2,고현동,128.619090542984,34.8884415642669,MA0101202507A0037703,소상공인시장진흥공단_상가(상권)정보_API (data.go.kr 15012005),202606,2026-10-04
GN-GEOJE,거제시,씨유거제장평아네점,,편의점,경상남도 거제시 장평3로4길 38,경상남도 거제시 장평동 73-2,장평동,128.61313666517,34.8904945285197,MA0101202509A0009568,소상공인시장진흥공단_상가(상권)정보_API (data.go.kr 15012005),202606,2026-10-04
GN-GEOJE,거제시,씨유장평덕산점,,편의점,경상남도 거제시 장평4로 45,경상남도 거제시 장평동 133-5,장평동,128.606638553965,34.887083653077,MA0101202509A0013825,소상공인시장진흥공단_상가(상권)정보_API (data.go.kr 15012005),202606,2026-10-04
GN-GEOJE,거제시,고려무인할인마트,,편의점,경상남도 거제시 중곡로2길 31,경상남도 거제시 고현동 1056,고현동,128.633279917105,34.8957683138391,MA010120220801136955,소상공인시장진흥공단_상가(상권)정보_API (data.go.kr 15012005),202606,2026-10-04
GN-GEOJE,거제시,씨유거제아주조은점,,편의점,경상남도 거제시 아주1로 90,경상남도 거제시 아주동 1677-11,아주동,128.68312135558,34.8675365370013,MA010120220811119270,소상공인시장진흥공단_상가(상권)정보_API (data.go.kr 15012005),202606,2026-10-04
GN-GEOJE,거제시,세븐일레븐거제장평,센터점,편의점,경상남도 거제시 장평3로5길 41,경상남도 거제시 장평동 721-23,장평동,128.604885798543,34.889756564196,MA010120220800142918,소상공인시장진흥공단_상가(상권)정보_API (data.go.kr 15012005),202606,2026-10-04
GN-GEOJE,거제시,씨유커피와현모래숲점,,편의점,경상남도 거제시 일운면 와현해변길 10,경상남도 거제시 일운면 와현리 381-5,일운면,128.707140940043,34.813846592307,MA010120220811107730,소상공인시장진흥공단_상가(상권)정보_API (data.go.kr 15012005),202606,2026-10-04
GN-GEOJE,거제시,지에스25장승포주공점,,편의점,경상남도 거제시 장승로 26,경상남도 거제시 장승포동 631,장승포동,128.721236861859,34.8584228248239,MA010120220808431160,소상공인시장진흥공단_상가(상권)정보_API (data.go.kr 15012005),202606,2026-10-04
GN-GEOJE,거제시,GS25거제,삼성점,편의점,경상남도 거제시 장평1로14길 36,경상남도 거제시 장평동 346-86,장평동,128.605441641648,34.8935886598051,MA010120220806088490,소상공인시장진흥공단_상가(상권)정보_API (data.go.kr 15012005),202606,2026-10-04
GN-GEOJE,거제시,세븐일레븐거제외포점,,편의점,경상남도 거제시 장목면 외포5길 48,경상남도 거제시 장목면 외포리 57-27,장목면,128.717194261901,34.9405304688782,MA010120220813489568,소상공인시장진흥공단_상가(상권)정보_API (data.go.kr 15012005),202606,2026-10-04
GN-GEOJE,거제시,씨유거제아주반딧불,,편의점,경상남도 거제시 아주1로3길 41,경상남도 거제시 아주동 1696-6,아주동,128.689801927645,34.8653619330309,MA010120220807844783,소상공인시장진흥공단_상가(상권)정보_API (data.go.kr 15012005),202606,2026-10-04
GN-GEOJE,거제시,지에스25거제연초점,,편의점,경상남도 거제시 연초면 연사4길 12-1,경상남도 거제시 연초면 연사리 325-30,연초면,128.645887393477,34.9097661558804,MA0101202501A0058507,소상공인시장진흥공단_상가(상권)정보_API (data.go.kr 15012005),202606,2026-10-04
GN-GEOJE,거제시,지에스25거제삼성호텔점,,편의점,경상남도 거제시 장평3로 80-37,경상남도 거제시 장평동 444-3,장평동,128.61231755736,34.8961563921141,MA0101202503A0017565,소상공인시장진흥공단_상가(상권)정보_API (data.go.kr 15012005),202606,2026-10-04
GN-GEOJE,거제시,지에스25거제유로아일랜드점,,편의점,경상남도 거제시 고현항로 26,경상남도 거제시 고현동 1102,고현동,128.621755970457,34.8938316948596,MA0101202503A0020904,소상공인시장진흥공단_상가(상권)정보_API (data.go.kr 15012005),202606,2026-10-04
GN-GEOJE,거제시,씨유거제유로아일랜드,후문점,편의점,경상남도 거제시 고현항로 8,경상남도 거제시 고현동 1102,고현동,128.621925004656,34.8924144395852,MA0101202502A0099899,소상공인시장진흥공단_상가(상권)정보_API (data.go.kr 15012005),202606,2026-10-04
GN-GEOJE,거제시,씨유거제오션호텔점,,편의점,경상남도 거제시 옥포로2길 13,경상남도 거제시 옥포동 1958-3,옥포1동,128.696151792093,34.8907522317878,MA0101202503A0065920,소상공인시장진흥공단_상가(상권)정보_API (data.go.kr 15012005),202606,2026-10-04
GN-GEOJE,거제시,씨유거제수양,센텀점,편의점,경상남도 거제시 제산윗길 2,경상남도 거제시 양정동 682-2,수양동,128.645951231829,34.8877472893637,MA0101202503A0069798,소상공인시장진흥공단_상가(상권)정보_API (data.go.kr 15012005),202606,2026-10-04
GN-GEOJE,거제시,세븐일레븐거제옥포국산점,,편의점,경상남도 거제시 옥포로 237-1,경상남도 거제시 옥포동 514-12,옥포2동,128.690276664388,34.8960253603519,MA0101202505A0040785,소상공인시장진흥공단_상가(상권)정보_API (data.go.kr 15012005),202606,2026-10-04
GN-GEOJE,거제시,씨유한화오션기숙사점,,편의점,경상남도 거제시 두모1길 16,경상남도 거제시 두모동 329,장승포동,128.721292962348,34.8742301531217,MA0101202507A0017683,소상공인시장진흥공단_상가(상권)정보_API (data.go.kr 15012005),202606,2026-10-04
GN-GEOJE,거제시,씨유아주대동다숲점,,편의점,경상남도 거제시 아주2로4길 10-1,경상남도 거제시 아주동 1011,아주동,128.683845346179,34.8692569437507,MA0101202502A0059731,소상공인시장진흥공단_상가(상권)정보_API (data.go.kr 15012005),202606,2026-10-04
GN-GEOJE,거제시,캠프빌리지,,편의점,경상남도 거제시 장목면 옥포대첩로 1375,경상남도 거제시 장목면 율천리 49-3,장목면,128.694915023711,34.9726306344514,MA0101202505A0055592,소상공인시장진흥공단_상가(상권)정보_API (data.go.kr 15012005),202606,2026-10-04
GN-GEOJE,거제시,씨유거제망치,해변점,편의점,경상남도 거제시 일운면 거제대로 1787,경상남도 거제시 일운면 망치리 340-1,일운면,128.666665334532,34.8128396450198,MA0101202505A0056933,소상공인시장진흥공단_상가(상권)정보_API (data.go.kr 15012005),202606,2026-10-04
GN-GEOJE,거제시,지에스25옥포대우해양점,,편의점,경상남도 거제시 옥포대첩로2길 44,경상남도 거제시 옥포동 550-24,옥포1동,128.691136762593,34.8899569093928,MA0101202505A0031424,소상공인시장진흥공단_상가(상권)정보_API (data.go.kr 15012005),202606,2026-10-04
GN-GEOJE,거제시,지에스25거제고현원룸점,,편의점,경상남도 거제시 고현로 65-1,경상남도 거제시 고현동 791-7,고현동,128.620405236651,34.8857652828952,MA010120220814066530,소상공인시장진흥공단_상가(상권)정보_API (data.go.kr 15012005),202606,2026-10-04
GN-GEOJE,거제시,세븐일레븐거제,터미널점,편의점,경상남도 거제시 서문로 79,경상남도 거제시 고현동 979-2,고현동,128.624343831896,34.8902641415439,MA010120220811093783,소상공인시장진흥공단_상가(상권)정보_API (data.go.kr 15012005),202606,2026-10-04
GN-GEOJE,거제시,지에스25거제아주,중앙로점,편의점,경상남도 거제시 아주로 13,경상남도 거제시 아주동 509-7,아주동,128.692510282479,34.8667933204054,MA010120220802836930,소상공인시장진흥공단_상가(상권)정보_API (data.go.kr 15012005),202606,2026-10-04
GN-GEOJE,거제시,지에스삼성기숙사점,,편의점,경상남도 거제시 피솔길 147,경상남도 거제시 장평동 1115-7,장평동,128.581606959236,34.9056087995183,MA010120220805229829,소상공인시장진흥공단_상가(상권)정보_API (data.go.kr 15012005),202606,2026-10-04
GN-GEOJE,거제시,씨유거제고려아파트점,,편의점,경상남도 거제시 중곡로2길 25,경상남도 거제시 고현동 1051,고현동,128.631761543844,34.8947702742409,MA010120220812191468,소상공인시장진흥공단_상가(상권)정보_API (data.go.kr 15012005),202606,2026-10-04
GN-GEOJE,거제시,씨유거제,제일점,편의점,경상남도 거제시 거제면 읍내로 67-1,경상남도 거제시 거제면 서정리 757-3,거제면,128.588632419106,34.8500072708215,MA0101202411A0042399,소상공인시장진흥공단_상가(상권)정보_API (data.go.kr 15012005),202606,2026-10-04
GN-GEOJE,거제시,지에스25거제쉐르빌점,,편의점,경상남도 거제시 제산로 2-5,경상남도 거제시 양정동 943,수양동,128.636255716222,34.8908253669907,MA0101202411A0095806,소상공인시장진흥공단_상가(상권)정보_API (data.go.kr 15012005),202606,2026-10-04
GN-GEOJE,거제시,세븐일레븐거제장평,스타점,편의점,경상남도 거제시 장평3로4길 46,경상남도 거제시 장평동 66-1,장평동,128.613956645116,34.8904746292056,MA0101202406A0237843,소상공인시장진흥공단_상가(상권)정보_API (data.go.kr 15012005),202606,2026-10-04
GN-GEOJE,거제시,지에스25거제,중곡점,편의점,경상남도 거제시 중곡로3길 41,경상남도 거제시 고현동 1007-1,고현동,128.625972039136,34.8935139901056,MA0101202406A0571396,소상공인시장진흥공단_상가(상권)정보_API (data.go.kr 15012005),202606,2026-10-04
GN-GEOJE,거제시,지에스25거제아주스위트점,,편의점,경상남도 거제시 용소1길 22,경상남도 거제시 아주동 1661-3,아주동,128.689586287632,34.8740621470028,MA0101202406A0177467,소상공인시장진흥공단_상가(상권)정보_API (data.go.kr 15012005),202606,2026-10-04
GN-GEOJE,거제시,GS25거제더샵점,,편의점,경상남도 거제시 제산로 86,경상남도 거제시 양정동 800,수양동,128.64282939309,34.8864195960455,MA010120220809574077,소상공인시장진흥공단_상가(상권)정보_API (data.go.kr 15012005),202606,2026-10-04
GN-GEOJE,거제시,세븐일레븐거제동부로점,,편의점,경상남도 거제시 동부면 거제중앙로 727,경상남도 거제시 동부면 구천리 368-8,동부면,128.632880041426,34.8124776541175,MA010120220808470842,소상공인시장진흥공단_상가(상권)정보_API (data.go.kr 15012005),202606,2026-10-04
GN-GEOJE,거제시,씨유거제삼성중공업점,,편의점,경상남도 거제시 장평3로 80,경상남도 거제시 장평동 530,장평동,128.61021440547,34.8971306159877,MA010120220811709644,소상공인시장진흥공단_상가(상권)정보_API (data.go.kr 15012005),202606,2026-10-04
GN-GEOJE,거제시,세븐일레븐거제아주,푸르지오점,편의점,경상남도 거제시 용소1길 17-7,경상남도 거제시 아주동 590,아주동,128.689595115373,34.8728903791814,MA010120220806239046,소상공인시장진흥공단_상가(상권)정보_API (data.go.kr 15012005),202606,2026-10-04
GN-GEOJE,거제시,지에스25연초럭키점,,편의점,경상남도 거제시 연초면 죽서길 2,경상남도 거제시 연초면 죽토리 1048-24,연초면,128.655125001454,34.917031047823,MA010120220808744710,소상공인시장진흥공단_상가(상권)정보_API (data.go.kr 15012005),202606,2026-10-04
GN-GEOJE,거제시,미니스톱옥포,성안점,편의점,경상남도 거제시 옥포로10길 25-1,경상남도 거제시 옥포동 423-5,옥포1동,128.694305608533,34.8913998554912,MA010120220810283354,소상공인시장진흥공단_상가(상권)정보_API (data.go.kr 15012005),202606,2026-10-04
GN-GEOJE,거제시,세븐일레븐거제현진점,,편의점,경상남도 거제시 용소4길 12,경상남도 거제시 아주동 1658-1,아주동,128.689308800356,34.8749312184537,MA010120220812309885,소상공인시장진흥공단_상가(상권)정보_API (data.go.kr 15012005),202606,2026-10-04
GN-GEOJE,거제시,세븐일레븐거제신현점,,편의점,경상남도 거제시 고현로8길 22,경상남도 거제시 고현동 112-1,고현동,128.623898799429,34.8848804704204,MA010120220808276510,소상공인시장진흥공단_상가(상권)정보_API (data.go.kr 15012005),202606,2026-10-04
GN-GEOJE,거제시,세븐거제옥포국산점주,코리아,편의점,경상남도 거제시 옥포로 237-1,경상남도 거제시 옥포동 514-12,옥포2동,128.690276664388,34.8960253603519,MA010120220811142751,소상공인시장진흥공단_상가(상권)정보_API (data.go.kr 15012005),202606,2026-10-04
GN-GEOJE,거제시,불루25시,,편의점,경상남도 거제시 남부면 대포길 82,경상남도 거제시 남부면 저구리 637,남부면,128.586646855536,34.7150463790199,MA010120220812952142,소상공인시장진흥공단_상가(상권)정보_API (data.go.kr 15012005),202606,2026-10-04
GN-GEOJE,거제시,아싸비어,거제점,편의점,경상남도 거제시 사등면 두동로 54-8,경상남도 거제시 사등면 사곡리 867-6,사등면,128.566846469999,34.895714695061,MA010120220813856001,소상공인시장진흥공단_상가(상권)정보_API (data.go.kr 15012005),202606,2026-10-04
GN-GEOJE,거제시,지에스25거제,센트럴점,편의점,경상남도 거제시 문동1길 42,경상남도 거제시 문동동 756,상문동,128.642390185777,34.860495907482,MA010120220813334601,소상공인시장진흥공단_상가(상권)정보_API (data.go.kr 15012005),202606,2026-10-04
GN-GEOJE,거제시,씨유거제해금강점,,편의점,경상남도 거제시 중곡로 15,경상남도 거제시 고현동 997-5,고현동,128.630206585783,34.8941332145963,MA010120220811095258,소상공인시장진흥공단_상가(상권)정보_API (data.go.kr 15012005),202606,2026-10-04
GN-GEOJE,거제시,미니스톱거제아주조은점,,편의점,경상남도 거제시 아주1로3길 23,경상남도 거제시 아주동 1699-10,아주동,128.691234253849,34.8664235347914,MA010120220814165916,소상공인시장진흥공단_상가(상권)정보_API (data.go.kr 15012005),202606,2026-10-04
GN-GEOJE,거제시,씨유거제벽산솔렌스힐점,,편의점,경상남도 거제시 상동5길 75-40,경상남도 거제시 상동동 1041,상문동,128.633154401784,34.8612331897403,MA0101202409A0101646,소상공인시장진흥공단_상가(상권)정보_API (data.go.kr 15012005),202606,2026-10-04
GN-GEOJE,거제시,씨유장평삼성중공업점,,편의점,경상남도 거제시 장평3로7길 31,경상남도 거제시 장평동 346-25,장평동,128.604624921954,34.8926531062656,MA0101202409A0177828,소상공인시장진흥공단_상가(상권)정보_API (data.go.kr 15012005),202606,2026-10-04
GN-GEOJE,거제시,씨유거제,신정점,편의점,경상남도 거제시 장평로4길 18,경상남도 거제시 장평동 1195-3,장평동,128.614419969005,34.8929109303137,MA0101202409A0019952,소상공인시장진흥공단_상가(상권)정보_API (data.go.kr 15012005),202606,2026-10-04
GN-YANGSAN,양산시,지에스25양산극동점,,편의점,경상남도 양산시 동면 계석로 10,경상남도 양산시 동면 석산리 300,동면,129.036379099609,35.3286522529018,MA010120220814284917,소상공인시장진흥공단_상가(상권)정보_API (data.go.kr 15012005),202606,2026-10-04
GN-YANGSAN,양산시,지에스25양산반도1차점,,편의점,경상남도 양산시 물금읍 신주로 14,경상남도 양산시 물금읍 범어리 2676-1,물금읍,129.013537764725,35.3347662736037,MA0101202409A0066725,소상공인시장진흥공단_상가(상권)정보_API (data.go.kr 15012005),202606,2026-10-04
GN-YANGSAN,양산시,지에스25양산석호점,,편의점,경상남도 양산시 덕명로 322,경상남도 양산시 명동 994,서창동,129.163753756254,35.3969421139701,MA010120220811570786,소상공인시장진흥공단_상가(상권)정보_API (data.go.kr 15012005),202606,2026-10-04
GN-YANGSAN,양산시,지에스25물금,효성점,편의점,경상남도 양산시 물금읍 범어로 29,경상남도 양산시 물금읍 범어리 2676-13,물금읍,129.012283436587,35.3311915853104,MA010120220813146466,소상공인시장진흥공단_상가(상권)정보_API (data.go.kr 15012005),202606,2026-10-04
GN-YANGSAN,양산시,원강평산점,,편의점,경상남도 양산시 평산로 17,경상남도 양산시 평산동 102-1,평산동,129.152961243655,35.3813475100541,MA010120220811561656,소상공인시장진흥공단_상가(상권)정보_API (data.go.kr 15012005),202606,2026-10-04
GN-YANGSAN,양산시,지에스뉴양산혜인점,,편의점,경상남도 양산시 웅상대로 953,경상남도 양산시 평산동 31-5,평산동,129.155038837878,35.3845815009923,MA010120220806613554,소상공인시장진흥공단_상가(상권)정보_API (data.go.kr 15012005),202606,2026-10-04
GN-YANGSAN,양산시,씨유양산어곡공단점,,편의점,경상남도 양산시 어곡로 31-1,경상남도 양산시 유산동 356-1,강서동,129.024288137502,35.3724707377931,MA010120220812031308,소상공인시장진흥공단_상가(상권)정보_API (data.go.kr 15012005),202606,2026-10-04
GN-YANGSAN,양산시,세븐양산로얄팰리스1호점,코리아,편의점,경상남도 양산시 물금읍 메기로 377,경상남도 양산시 물금읍 범어리 2715-29,물금읍,129.018599539482,35.3251657100175,MA010120220811706671,소상공인시장진흥공단_상가(상권)정보_API (data.go.kr 15012005),202606,2026-10-04
GN-YANGSAN,양산시,이마트24편의점양산신기점,,편의점,경상남도 양산시 고향의봄9길 43,경상남도 양산시 신기동 116-4,삼성동,129.046956420379,35.3552013934523,MA010120220806024775,소상공인시장진흥공단_상가(상권)정보_API (data.go.kr 15012005),202606,2026-10-04
GN-YANGSAN,양산시,이마트24삼호,동부점,편의점,경상남도 양산시 삼호동부로 116,경상남도 양산시 삼호동 765-1,서창동,129.173605098886,35.4125796262309,MA010120220806671824,소상공인시장진흥공단_상가(상권)정보_API (data.go.kr 15012005),202606,2026-10-04
GN-YANGSAN,양산시,GS25양산하북점,,편의점,경상남도 양산시 하북면 통도사로 42,경상남도 양산시 하북면 순지리 819-7,하북면,129.08560660173,35.4934123739606,MA010120220811592853,소상공인시장진흥공단_상가(상권)정보_API (data.go.kr 15012005),202606,2026-10-04
GN-YANGSAN,양산시,지에스25양산대방이지점,,편의점,경상남도 양산시 물금읍 새실로 11,경상남도 양산시 물금읍 가촌리 1273-1,물금읍,128.994293068688,35.3164225297549,MA010120220802283070,소상공인시장진흥공단_상가(상권)정보_API (data.go.kr 15012005),202606,2026-10-04
GN-YANGSAN,양산시,지에스25에스(S)뉴양산역점,,편의점,경상남도 양산시 강변로 441,경상남도 양산시 중부동 721,양주동,129.026437116665,35.3387229562561,MA0101202308A0090156,소상공인시장진흥공단_상가(상권)정보_API (data.go.kr 15012005),202606,2026-10-04
GN-YANGSAN,양산시,지에스25웅상,플러스점,편의점,경상남도 양산시 덕계로 114,경상남도 양산시 덕계동 718-34,덕계동,129.154175814422,35.3769554427557,MA0101202306A0005597,소상공인시장진흥공단_상가(상권)정보_API (data.go.kr 15012005),202606,2026-10-04
GN-YANGSAN,양산시,이마트24양산,휴먼빌점,편의점,경상남도 양산시 물금읍 범어로 13,경상남도 양산시 물금읍 범어리 2676-15,물금읍,129.010992294288,35.3323395130727,MA0101202307A0044928,소상공인시장진흥공단_상가(상권)정보_API (data.go.kr 15012005),202606,2026-10-04
GN-YANGSAN,양산시,세븐일레븐양산로얄팰리스,1호점,편의점,경상남도 양산시 물금읍 메기로 377,경상남도 양산시 물금읍 범어리 2715-29,물금읍,129.018599539482,35.3251657100175,MA0101202307A0101905,소상공인시장진흥공단_상가(상권)정보_API (data.go.kr 15012005),202606,2026-10-04
GN-YANGSAN,양산시,지에스25물금미래점,,편의점,경상남도 양산시 물금읍 동중1길 8,경상남도 양산시 물금읍 범어리 773-1,물금읍,129.004219954757,35.3292889821883,MA0101202305A0124479,소상공인시장진흥공단_상가(상권)정보_API (data.go.kr 15012005),202606,2026-10-04
GN-YANGSAN,양산시,씨유석계대로점,,편의점,경상남도 양산시 상북면 양산대로 1610,경상남도 양산시 상북면 석계리 539-2,상북면,129.056526848825,35.4107018792235,MA0101202406A0165646,소상공인시장진흥공단_상가(상권)정보_API (data.go.kr 15012005),202606,2026-10-04
GN-YANGSAN,양산시,씨유서창타운점,,편의점,경상남도 양산시 삼호동부로 162,경상남도 양산시 삼호동 132-1,서창동,129.177323325858,35.4153601185645,MA0101202406A0337066,소상공인시장진흥공단_상가(상권)정보_API (data.go.kr 15012005),202606,2026-10-04
GN-YANGSAN,양산시,지에스25양산신기점,,편의점,경상남도 양산시 고향의봄12길 58,경상남도 양산시 신기동 123-7,삼성동,129.047959165456,35.3544004089283,MA0101202406A0476772,소상공인시장진흥공단_상가(상권)정보_API (data.go.kr 15012005),202606,2026-10-04
GN-YANGSAN,양산시,이마트24양산,금오점,편의점,경상남도 양산시 동면 금오5길 46-21,경상남도 양산시 동면 금산리 1436-11,동면,129.021678645583,35.31104731551,MA010120220806872377,소상공인시장진흥공단_상가(상권)정보_API (data.go.kr 15012005),202606,2026-10-04
GN-YANGSAN,양산시,씨유양산이지5차점,,편의점,경상남도 양산시 물금읍 물금로 57,경상남도 양산시 물금읍 물금리 800-2,물금읍,128.989121796265,35.3122272542789,MA0101202311A0055537,소상공인시장진흥공단_상가(상권)정보_API (data.go.kr 15012005),202606,2026-10-04
GN-YANGSAN,양산시,세븐일레븐양산하북용연점,,편의점,경상남도 양산시 하북면 내원로 17,경상남도 양산시 하북면 용연리 479-2,하북면,129.074846627881,35.4464604333308,MA0101202310A0057596,소상공인시장진흥공단_상가(상권)정보_API (data.go.kr 15012005),202606,2026-10-04
GN-YANGSAN,양산시,세븐일레븐양산아리골점,,편의점,경상남도 양산시 평산중앙4길 15,경상남도 양산시 평산동 85,평산동,129.150366717197,35.3839168583229,MA0101202406A0408335,소상공인시장진흥공단_상가(상권)정보_API (data.go.kr 15012005),202606,2026-10-04
GN-YANGSAN,양산시,지에스25범서미라클점,,편의점,경상남도 양산시 물금읍 범어로 114,경상남도 양산시 물금읍 범어리 2715-8,물금읍,129.018681167008,35.3257951502823,MA0101202406A0488165,소상공인시장진흥공단_상가(상권)정보_API (data.go.kr 15012005),202606,2026-10-04
GN-YANGSAN,양산시,지에스25사송에이,플러스점,편의점,경상남도 양산시 동면 내송내안길 9,경상남도 양산시 동면 내송리 868-1,동면,129.064198685964,35.3199799164351,MA0101202406A0099362,소상공인시장진흥공단_상가(상권)정보_API (data.go.kr 15012005),202606,2026-10-04
GN-YANGSAN,양산시,지에스25양산소주공단점,,편의점,경상남도 양산시 주남로 47,경상남도 양산시 주남동 49-1,소주동,129.163913076737,35.4177188495045,MA0101202406A0461815,소상공인시장진흥공단_상가(상권)정보_API (data.go.kr 15012005),202606,2026-10-04
GN-YANGSAN,양산시,신구멍가게24양산,증산점,편의점,경상남도 양산시 물금읍 서들로 138,경상남도 양산시 물금읍 가촌리 1301-4,물금읍,129.006039980455,35.3112718099051,MA0101202406A0481540,소상공인시장진흥공단_상가(상권)정보_API (data.go.kr 15012005),202606,2026-10-04
GN-YANGSAN,양산시,세븐일레븐양산협성,강변점,편의점,경상남도 양산시 회현1길 5,경상남도 양산시 교동 245-2,강서동,129.0259413738,35.3430928090819,MA0101202409A0191571,소상공인시장진흥공단_상가(상권)정보_API (data.go.kr 15012005),202606,2026-10-04
GN-YANGSAN,양산시,지에스25물금코오롱점,,편의점,경상남도 양산시 물금읍 가촌서로 45,경상남도 양산시 물금읍 가촌리 1323,물금읍,128.9909495567,35.3213078339167,MA0101202409A0187089,소상공인시장진흥공단_상가(상권)정보_API (data.go.kr 15012005),202606,2026-10-04
GN-YANGSAN,양산시,지에스양산,제일점,편의점,경상남도 양산시 양산역9길 9,경상남도 양산시 중부동 688-13,양주동,129.028617685883,35.3379654532943,MA0101202409A0157303,소상공인시장진흥공단_상가(상권)정보_API (data.go.kr 15012005),202606,2026-10-04
GN-YANGSAN,양산시,씨유물금,범어점,편의점,경상남도 양산시 물금읍 목화로 49,경상남도 양산시 물금읍 범어리 649-6,물금읍,129.001174452069,35.3315382575502,MA010120220811606109,소상공인시장진흥공단_상가(상권)정보_API (data.go.kr 15012005),202606,2026-10-04
GN-YANGSAN,양산시,세븐일레븐양산,제일점,편의점,경상남도 양산시 북안북6길 6,경상남도 양산시 북부동 686-5,중앙동,129.039988214365,35.3497411953286,MA010120220811601971,소상공인시장진흥공단_상가(상권)정보_API (data.go.kr 15012005),202606,2026-10-04
GN-YANGSAN,양산시,세븐일레븐물금바젤나인점,,편의점,경상남도 양산시 물금읍 야리1길 11,경상남도 양산시 물금읍 가촌리 1298-3,물금읍,129.007389160471,35.3102581450427,MA010120220808574006,소상공인시장진흥공단_상가(상권)정보_API (data.go.kr 15012005),202606,2026-10-04
GN-YANGSAN,양산시,지에스25웅상중앙,병원점,편의점,경상남도 양산시 서창로 59,경상남도 양산시 명동 774-6,서창동,129.164522676756,35.4063539468853,MA010120220805301340,소상공인시장진흥공단_상가(상권)정보_API (data.go.kr 15012005),202606,2026-10-04
GN-YANGSAN,양산시,세븐일레븐양산,터미널점,편의점,경상남도 양산시 양산역1길 7,경상남도 양산시 중부동 710-1,양주동,129.026755460545,35.3356176783497,MA010120220812678487,소상공인시장진흥공단_상가(상권)정보_API (data.go.kr 15012005),202606,2026-10-04
GN-YANGSAN,양산시,지에스양산창기점,,편의점,경상남도 양산시 동면 웅상대로 305-1,경상남도 양산시 동면 법기리 886-9,동면,129.122727863457,35.3356730537106,MA010120220811929150,소상공인시장진흥공단_상가(상권)정보_API (data.go.kr 15012005),202606,2026-10-04
GN-YANGSAN,양산시,세븐일레븐양산,드림점,편의점,경상남도 양산시 남부6길 1,경상남도 양산시 남부동 461-2,양주동,129.037632271699,35.339147474362,MA010120220813771215,소상공인시장진흥공단_상가(상권)정보_API (data.go.kr 15012005),202606,2026-10-04
GN-YANGSAN,양산시,지에스25양산뉴,골드점,편의점,경상남도 양산시 신기로 15,경상남도 양산시 신기동 424-18,삼성동,129.042549038447,35.3522842031953,MA010120220802865783,소상공인시장진흥공단_상가(상권)정보_API (data.go.kr 15012005),202606,2026-10-04
GN-YANGSAN,양산시,씨유금산공원,,편의점,경상남도 양산시 동면 금오8길 18,경상남도 양산시 동면 금산리 1454-1,동면,129.026706357987,35.3116299735864,MA010120220812631368,소상공인시장진흥공단_상가(상권)정보_API (data.go.kr 15012005),202606,2026-10-04
GN-YANGSAN,양산시,지에스25북정,대동점,편의점,경상남도 양산시 북정15길 2,경상남도 양산시 북정동 403-9,삼성동,129.049055343332,35.3638257488184,MA010120220802956184,소상공인시장진흥공단_상가(상권)정보_API (data.go.kr 15012005),202606,2026-10-04
GN-YANGSAN,양산시,세븐일레븐양산뉴북부로점,,편의점,경상남도 양산시 중앙우회로 143,경상남도 양산시 북부동 701-2,중앙동,129.038524888005,35.3479726224202,MA0101202406A0397745,소상공인시장진흥공단_상가(상권)정보_API (data.go.kr 15012005),202606,2026-10-04
GN-YANGSAN,양산시,씨유사송LH점,,편의점,경상남도 양산시 동면 사송로 169,경상남도 양산시 동면 사송리 1217,동면,129.065367628639,35.3123362978624,MA0101202406A0332058,소상공인시장진흥공단_상가(상권)정보_API (data.go.kr 15012005),202606,2026-10-04
GN-YANGSAN,양산시,지에스25물금,수정점,편의점,경상남도 양산시 물금읍 동중7길 27,경상남도 양산시 물금읍 범어리 716-25,물금읍,129.00522561297,35.3326065546718,MA0101202406A0352552,소상공인시장진흥공단_상가(상권)정보_API (data.go.kr 15012005),202606,2026-10-04
GN-YANGSAN,양산시,GS25부산의대학사점,,편의점,경상남도 양산시 물금읍 금오로 20,경상남도 양산시 물금읍 범어리 2762-1,물금읍,129.006472909988,35.3287920120579,MA010120220811608815,소상공인시장진흥공단_상가(상권)정보_API (data.go.kr 15012005),202606,2026-10-04
GN-YANGSAN,양산시,세븐일레븐양산동면,센터점,편의점,경상남도 양산시 동면 금오9길 18,경상남도 양산시 동면 석산리 1472-6,동면,129.023070726087,35.3139707823714,MA010120220806583403,소상공인시장진흥공단_상가(상권)정보_API (data.go.kr 15012005),202606,2026-10-04
GN-YANGSAN,양산시,지에스25양산,제일점,편의점,경상남도 양산시 양산역9길 9,경상남도 양산시 중부동 688-13,양주동,129.028617685883,35.3379654532943,MA010120220807433248,소상공인시장진흥공단_상가(상권)정보_API (data.go.kr 15012005),202606,2026-10-04
GN-YANGSAN,양산시,하프타임북정점,,편의점,경상남도 양산시 중앙로 318,경상남도 양산시 북정동 891-5,삼성동,129.043711520342,35.3582571224935,MA010120220811615762,소상공인시장진흥공단_상가(상권)정보_API (data.go.kr 15012005),202606,2026-10-04
GN-YANGSAN,양산시,씨유산막공단점,,편의점,경상남도 양산시 산막공단로 18,경상남도 양산시 북정동 178,삼성동,129.046993732402,35.3706192308946,MA010120220811594912,소상공인시장진흥공단_상가(상권)정보_API (data.go.kr 15012005),202606,2026-10-04
GN-YANGSAN,양산시,이마트24양산,범어점,편의점,경상남도 양산시 물금읍 오봉로 15,경상남도 양산시 물금읍 범어리 549-1,물금읍,128.998272691631,35.3262334340822,MA010120220814077893,소상공인시장진흥공단_상가(상권)정보_API (data.go.kr 15012005),202606,2026-10-04
GN-YANGSAN,양산시,씨유물금대방5차점,,편의점,경상남도 양산시 물금읍 새실로 115,경상남도 양산시 물금읍 가촌리 1277-2,물금읍,128.99994647715,35.3138329280093,MA010120220805243155,소상공인시장진흥공단_상가(상권)정보_API (data.go.kr 15012005),202606,2026-10-04
GN-YANGSAN,양산시,이마트24양산서창공단점,,편의점,경상남도 양산시 주남로 147,경상남도 양산시 주남동 425,소주동,129.155538811988,35.4231942308841,MA010120220804475536,소상공인시장진흥공단_상가(상권)정보_API (data.go.kr 15012005),202606,2026-10-04
GN-YANGSAN,양산시,세븐일레븐양산동면원룸점,,편의점,경상남도 양산시 동면 금오6길 14,경상남도 양산시 동면 금산리 1421-18,동면,129.023311571673,35.3121644534764,MA010120220812392677,소상공인시장진흥공단_상가(상권)정보_API (data.go.kr 15012005),202606,2026-10-04
GN-YANGSAN,양산시,세븐일레븐양산덕계벽산점,,편의점,경상남도 양산시 덕계로 99-1,경상남도 양산시 덕계동 963,덕계동,129.152650047376,35.3762617541305,MA0101202212A0008681,소상공인시장진흥공단_상가(상권)정보_API (data.go.kr 15012005),202606,2026-10-04
GN-YANGSAN,양산시,이마트24R물금스위트점,,편의점,경상남도 양산시 물금읍 버들길 34,경상남도 양산시 물금읍 물금리 879-2,물금읍,128.988786386043,35.3070601397932,MA0101202305A0116626,소상공인시장진흥공단_상가(상권)정보_API (data.go.kr 15012005),202606,2026-10-04
GN-YANGSAN,양산시,씨유삼호그린빌점,,편의점,경상남도 양산시 삼호로 84,경상남도 양산시 삼호동 860,서창동,129.173877127388,35.4067265405471,MA0101202305A0119448,소상공인시장진흥공단_상가(상권)정보_API (data.go.kr 15012005),202606,2026-10-04
GN-YANGSAN,양산시,씨유뉴소주공단점,,편의점,경상남도 양산시 주남로 16,경상남도 양산시 주남동 31-1,소주동,129.167425290759,35.4165114329357,MA0101202406A0180358,소상공인시장진흥공단_상가(상권)정보_API (data.go.kr 15012005),202606,2026-10-04
GN-YANGSAN,양산시,GS25양산서창,삼호점,편의점,경상남도 양산시 삼호로 201,경상남도 양산시 삼호동 1006-1,서창동,129.169016953883,35.4151131613521,MA0106202404A1919695,소상공인시장진흥공단_상가(상권)정보_API (data.go.kr 15012005),202606,2026-10-04
GN-YANGSAN,양산시,지에스25양산,대동점,편의점,경상남도 양산시 양주로 132,경상남도 양산시 중부동 696-1,양주동,129.034812275773,35.3367709180151,MA0101202406A0370837,소상공인시장진흥공단_상가(상권)정보_API (data.go.kr 15012005),202606,2026-10-04
GN-YANGSAN,양산시,지에스25평산공원점,,편의점,경상남도 양산시 평산5길 16,경상남도 양산시 평산동 106-1,평산동,129.150910375565,35.380356781527,MA010120220809901778,소상공인시장진흥공단_상가(상권)정보_API (data.go.kr 15012005),202606,2026-10-04
GN-YANGSAN,양산시,굿샵,양산점,편의점,경상남도 양산시 물금읍 신주로 45,경상남도 양산시 물금읍 범어리 2675-3,물금읍,129.01650762291,35.3330225958723,MA010120220810492084,소상공인시장진흥공단_상가(상권)정보_API (data.go.kr 15012005),202606,2026-10-04
GN-YANGSAN,양산시,세븐영산대학생회관점,코리아,편의점,경상남도 양산시 주남로 288,경상남도 양산시 주남동 산 150,소주동,129.144655866078,35.4283532027985,MA010120220802252970,소상공인시장진흥공단_상가(상권)정보_API (data.go.kr 15012005),202606,2026-10-04
GN-YANGSAN,양산시,지에스25사송더샵데시앙,2호점,편의점,경상남도 양산시 동면 내송큰들로 107,경상남도 양산시 동면 내송리 903,동면,129.068813123531,35.3228657679311,MA0101202307A0091234,소상공인시장진흥공단_상가(상권)정보_API (data.go.kr 15012005),202606,2026-10-04
GN-YANGSAN,양산시,지에스25양산,금오점,편의점,경상남도 양산시 동면 금오7길 1,경상남도 양산시 동면 금산리 1421-10,동면,129.024375519357,35.3120655365342,MA0101202307A0028382,소상공인시장진흥공단_상가(상권)정보_API (data.go.kr 15012005),202606,2026-10-04
GN-YANGSAN,양산시,지에스25양산서창연호점,,편의점,경상남도 양산시 연호로 38,경상남도 양산시 삼호동 501-5,서창동,129.174801167612,35.416126467781,MA0101202406A0363476,소상공인시장진흥공단_상가(상권)정보_API (data.go.kr 15012005),202606,2026-10-04
GN-YANGSAN,양산시,세븐일레븐양산평산,중앙점,편의점,경상남도 양산시 평산중앙로 56,경상남도 양산시 평산동 73-2,평산동,129.152311015472,35.3842066238398,MA0101202311A0046257,소상공인시장진흥공단_상가(상권)정보_API (data.go.kr 15012005),202606,2026-10-04
GN-YANGSAN,양산시,지에스25석산,대림점,편의점,경상남도 양산시 동면 금오13길 71,경상남도 양산시 동면 석산리 1450-1,동면,129.022047365422,35.3205572785378,MA0101202311A0010774,소상공인시장진흥공단_상가(상권)정보_API (data.go.kr 15012005),202606,2026-10-04
GN-YANGSAN,양산시,세븐일레븐양산가촌LH점,,편의점,경상남도 양산시 물금읍 가촌서2길 14-17,경상남도 양산시 물금읍 가촌리 707-6,물금읍,128.995053797277,35.3241148349952,MA0101202311A0014092,소상공인시장진흥공단_상가(상권)정보_API (data.go.kr 15012005),202606,2026-10-04
GN-YANGSAN,양산시,블루25양산물금,,편의점,경상남도 양산시 물금읍 부산대학로 156,경상남도 양산시 물금읍 범어리 2782-4,물금읍,129.012073757308,35.3151906599072,MA0101202310A0034676,소상공인시장진흥공단_상가(상권)정보_API (data.go.kr 15012005),202606,2026-10-04
GN-YANGSAN,양산시,씨유평산,코아루점,편의점,경상남도 양산시 평산북로 54-1,경상남도 양산시 평산동 1199,평산동,129.149516483796,35.389609020394,MA0106202303A1795519,소상공인시장진흥공단_상가(상권)정보_API (data.go.kr 15012005),202606,2026-10-04
GN-YANGSAN,양산시,세븐일레븐영산대학생회관점,,편의점,경상남도 양산시 주남로 288,경상남도 양산시 주남동 산 150,소주동,129.144655866078,35.4283532027985,MA0101202303A0093837,소상공인시장진흥공단_상가(상권)정보_API (data.go.kr 15012005),202606,2026-10-04
GN-YANGSAN,양산시,씨유양산양주현대점,,편의점,경상남도 양산시 양주로 110,경상남도 양산시 중부동 697-1,양주동,129.032039407375,35.3349522092506,MA0101202305A0116914,소상공인시장진흥공단_상가(상권)정보_API (data.go.kr 15012005),202606,2026-10-04
GN-YANGSAN,양산시,지에스25양산,드림점,편의점,경상남도 양산시 양산역1길 24,경상남도 양산시 중부동 692-1,양주동,129.027658083455,35.3369722767675,MA0101202309A0056994,소상공인시장진흥공단_상가(상권)정보_API (data.go.kr 15012005),202606,2026-10-04
GN-YANGSAN,양산시,지에스25양산,교동점,편의점,경상남도 양산시 황산로 919,경상남도 양산시 교동 226-59,강서동,129.027093551802,35.3443080529818,MA0101202310A0083233,소상공인시장진흥공단_상가(상권)정보_API (data.go.kr 15012005),202606,2026-10-04
GN-YANGSAN,양산시,지에스25물금,ktx점,편의점,경상남도 양산시 물금읍 황산로 338,경상남도 양산시 물금읍 물금리 881-9,물금읍,128.986958038745,35.306918985512,MA0101202309A0012565,소상공인시장진흥공단_상가(상권)정보_API (data.go.kr 15012005),202606,2026-10-04
GN-YANGSAN,양산시,이마트24SMART사송,신도시점,편의점,경상남도 양산시 동면 삼송로 101,경상남도 양산시 동면 사송리 1124-2,동면,129.067829805294,35.3157726039354,MA0101202309A0066021,소상공인시장진흥공단_상가(상권)정보_API (data.go.kr 15012005),202606,2026-10-04
GN-YANGSAN,양산시,개그스토리,,편의점,경상남도 양산시 평산남로 60,경상남도 양산시 평산동 190-3,평산동,129.149522530557,35.3782278231183,MA010120220811591652,소상공인시장진흥공단_상가(상권)정보_API (data.go.kr 15012005),202606,2026-10-04
GN-YANGSAN,양산시,씨유양산중부블루점,,편의점,경상남도 양산시 서일동로 19,경상남도 양산시 중부동 603-10,중앙동,129.036329257124,35.3402508110347,MA010120220814234281,소상공인시장진흥공단_상가(상권)정보_API (data.go.kr 15012005),202606,2026-10-04
GN-YANGSAN,양산시,씨유어곡로얄파크빌점,,편의점,경상남도 양산시 두전길 18-1,경상남도 양산시 어곡동 9-3,강서동,129.026720756591,35.3808736261724,MA010120220813637833,소상공인시장진흥공단_상가(상권)정보_API (data.go.kr 15012005),202606,2026-10-04
GN-YANGSAN,양산시,씨유뉴석산해강점,,편의점,경상남도 양산시 동면 석산3길 42,경상남도 양산시 동면 석산리 702-1,동면,129.02846267204,35.3150428983531,MA0101202308A0008487,소상공인시장진흥공단_상가(상권)정보_API (data.go.kr 15012005),202606,2026-10-04
GN-YANGSAN,양산시,이마트24양산삼성명가점,,편의점,경상남도 양산시 평산중앙로 87,경상남도 양산시 평산동 47,평산동,129.151992380415,35.3871229031989,MA010120220802242640,소상공인시장진흥공단_상가(상권)정보_API (data.go.kr 15012005),202606,2026-10-04
GN-YANGSAN,양산시,비지에프리테일,양산지점,편의점,경상남도 양산시 어실로 320-81,경상남도 양산시 어곡동 700-5,강서동,129.021537516663,35.3883408280777,MA010120220812055803,소상공인시장진흥공단_상가(상권)정보_API (data.go.kr 15012005),202606,2026-10-04
GN-YANGSAN,양산시,씨유통도대로점,,편의점,경상남도 양산시 하북면 통도사로 14,경상남도 양산시 하북면 순지리 825-5,하북면,129.088947774586,35.4926606950393,MA010120220806591112,소상공인시장진흥공단_상가(상권)정보_API (data.go.kr 15012005),202606,2026-10-04
GN-YANGSAN,양산시,소토편의점,,편의점,경상남도 양산시 상북면 양산대로 1233,경상남도 양산시 상북면 소토리 565-7,상북면,129.048065906367,35.3795223040932,MA010120220811854900,소상공인시장진흥공단_상가(상권)정보_API (data.go.kr 15012005),202606,2026-10-04
GN-YANGSAN,양산시,세븐양산제일점,코리아,편의점,경상남도 양산시 북안북6길 6,경상남도 양산시 북부동 686-5,중앙동,129.039988214365,35.3497411953286,MA010120220812792769,소상공인시장진흥공단_상가(상권)정보_API (data.go.kr 15012005),202606,2026-10-04
GN-YANGSAN,양산시,씨유금산,휴먼시아점,편의점,경상남도 양산시 동면 금산2길 12,경상남도 양산시 동면 금산리 855,동면,129.025528373728,35.3031879279338,MA010120220811624878,소상공인시장진흥공단_상가(상권)정보_API (data.go.kr 15012005),202606,2026-10-04
GN-YANGSAN,양산시,씨유양산황제점,,편의점,경상남도 양산시 삼일로 73,경상남도 양산시 북부동 491-4,중앙동,129.035465520279,35.3439600490239,MA0101202305A0081947,소상공인시장진흥공단_상가(상권)정보_API (data.go.kr 15012005),202606,2026-10-04
GN-YANGSAN,양산시,씨유물금부영,2차점,편의점,경상남도 양산시 물금읍 청운로 131,경상남도 양산시 물금읍 가촌리 1272-4,물금읍,128.997559393854,35.3133317074854,MA0101202305A0000968,소상공인시장진흥공단_상가(상권)정보_API (data.go.kr 15012005),202606,2026-10-04
GN-YANGSAN,양산시,코리아세븐양산,프라자점,편의점,경상남도 양산시 양산역7길 10,경상남도 양산시 중부동 686-7,양주동,129.02744145291,35.3379851937863,MA0101202310A0011640,소상공인시장진흥공단_상가(상권)정보_API (data.go.kr 15012005),202606,2026-10-04
GN-YANGSAN,양산시,이마트24양산공단점,,편의점,경상남도 양산시 충렬로 167,경상남도 양산시 유산동 159-71,강서동,129.034890323822,35.3578563312781,MA010120220809614943,소상공인시장진흥공단_상가(상권)정보_API (data.go.kr 15012005),202606,2026-10-04
GN-YANGSAN,양산시,미니스톱고연공단점,,편의점,경상남도 양산시 고연로 287,경상남도 양산시 용당동 978-1,서창동,129.179050351635,35.4312514773369,MA010120220813761411,소상공인시장진흥공단_상가(상권)정보_API (data.go.kr 15012005),202606,2026-10-04
GN-YANGSAN,양산시,씨유양산석계점,,편의점,경상남도 양산시 상북면 상북중앙로 344,경상남도 양산시 상북면 석계리 269-12,상북면,129.060359438726,35.4142410506338,MA010120220811620202,소상공인시장진흥공단_상가(상권)정보_API (data.go.kr 15012005),202606,2026-10-04
GN-YANGSAN,양산시,지에스25양산북정점,,편의점,경상남도 양산시 북정로 54,경상남도 양산시 북정동 633-1,삼성동,129.046144389037,35.3587656360846,MA010120220808514671,소상공인시장진흥공단_상가(상권)정보_API (data.go.kr 15012005),202606,2026-10-04
GN-YANGSAN,양산시,씨유가촌새길점,,편의점,경상남도 양산시 물금읍 황산로 449,경상남도 양산시 물금읍 가촌리 1319-1,물금읍,128.990905566069,35.3154780915272,MA0101202211A0047957,소상공인시장진흥공단_상가(상권)정보_API (data.go.kr 15012005),202606,2026-10-04
GN-YANGSAN,양산시,세븐일레븐양산물금애비뉴점,,편의점,경상남도 양산시 물금읍 백호로 92,경상남도 양산시 물금읍 가촌리 1280-2,물금읍,129.003789848462,35.316319537564,MA0101202211A0029469,소상공인시장진흥공단_상가(상권)정보_API (data.go.kr 15012005),202606,2026-10-04
GN-YANGSAN,양산시,세븐양산가촌LH점,코리아,편의점,경상남도 양산시 물금읍 가촌서2길 14-17,경상남도 양산시 물금읍 가촌리 707-6,물금읍,128.995053797277,35.3241148349952,MA0101202211A0035693,소상공인시장진흥공단_상가(상권)정보_API (data.go.kr 15012005),202606,2026-10-04
GN-YANGSAN,양산시,세븐일레븐양산젊음의,거리점,편의점,경상남도 양산시 양산역6길 17,경상남도 양산시 중부동 687-3,양주동,129.027768273415,35.3374210002054,MA0101202211A0099625,소상공인시장진흥공단_상가(상권)정보_API (data.go.kr 15012005),202606,2026-10-04
GN-YANGSAN,양산시,세븐일레븐양산복합물류,센터점,편의점,경상남도 양산시 물금읍 제방로 27,경상남도 양산시 물금읍 증산리 848-5,물금읍,129.011755792076,35.2925860444291,MA010120220811793732,소상공인시장진흥공단_상가(상권)정보_API (data.go.kr 15012005),202606,2026-10-04
GN-YANGSAN,양산시,지에스양산어곡점,,편의점,경상남도 양산시 어실로 234,경상남도 양산시 어곡동 597-4,강서동,129.024519222395,35.3808384581524,MA010120220811593451,소상공인시장진흥공단_상가(상권)정보_API (data.go.kr 15012005),202606,2026-10-04
GN-YANGSAN,양산시,GS25양산산막점,,편의점,경상남도 양산시 산막공단남2길 3,경상남도 양산시 북정동 107-1,삼성동,129.051771694764,35.3690062348509,MA010120220811241896,소상공인시장진흥공단_상가(상권)정보_API (data.go.kr 15012005),202606,2026-10-04
GN-YANGSAN,양산시,씨유양산,세종점,편의점,경상남도 양산시 물금읍 삽량로 40,경상남도 양산시 물금읍 범어리 2711-1,물금읍,129.013656037163,35.3293393911248,MA0101202303A0107173,소상공인시장진흥공단_상가(상권)정보_API (data.go.kr 15012005),202606,2026-10-04
GN-YANGSAN,양산시,세븐일레븐영산대기숙사점,,편의점,경상남도 양산시 주남로 288,경상남도 양산시 주남동 산 150,소주동,129.144655866078,35.4283532027985,MA0101202303A0021641,소상공인시장진흥공단_상가(상권)정보_API (data.go.kr 15012005),202606,2026-10-04
GN-YANGSAN,양산시,지에스25양산뜰안채점,,편의점,경상남도 양산시 양주로 115,경상남도 양산시 중부동 694-1,양주동,129.031599995208,35.3354101695426,MA0101202301A0050025,소상공인시장진흥공단_상가(상권)정보_API (data.go.kr 15012005),202606,2026-10-04
GN-YANGSAN,양산시,지에스25양산라피에,스타점,편의점,경상남도 양산시 물금읍 증산역로 177,경상남도 양산시 물금읍 가촌리 1292,물금읍,129.009380505746,35.3098736106236,MA0101202305A0040228,소상공인시장진흥공단_상가(상권)정보_API (data.go.kr 15012005),202606,2026-10-04
GN-YANGSAN,양산시,씨유동원과학기술대학교점,,편의점,경상남도 양산시 명곡로 321,경상남도 양산시 명곡동 832,중앙동,129.066628777705,35.3441699963808,MA0101202211A0066499,소상공인시장진흥공단_상가(상권)정보_API (data.go.kr 15012005),202606,2026-10-04
GN-YANGSAN,양산시,이마트24R양산범구점,,편의점,경상남도 양산시 물금읍 범구3길 2,경상남도 양산시 물금읍 범어리 2716-12,물금읍,129.016094446986,35.3252435703122,MA0101202302A0091292,소상공인시장진흥공단_상가(상권)정보_API (data.go.kr 15012005),202606,2026-10-04
GN-YANGSAN,양산시,세븐양산물금애비뉴점,코리아,편의점,경상남도 양산시 물금읍 백호로 92,경상남도 양산시 물금읍 가촌리 1280-2,물금읍,129.003789848462,35.316319537564,MA010120220813357005,소상공인시장진흥공단_상가(상권)정보_API (data.go.kr 15012005),202606,2026-10-04
GN-YANGSAN,양산시,미니스톱양산물금점,,편의점,경상남도 양산시 물금읍 화합6길 8,경상남도 양산시 물금읍 범어리 2700-14,물금읍,129.010294562024,35.3294764567243,MA010120220813079003,소상공인시장진흥공단_상가(상권)정보_API (data.go.kr 15012005),202606,2026-10-04
GN-YANGSAN,양산시,씨유석산원룸점,,편의점,경상남도 양산시 동면 금오11길 17,경상남도 양산시 동면 석산리 1471-15,동면,129.023426449874,35.3150101605505,MA010120220813697764,소상공인시장진흥공단_상가(상권)정보_API (data.go.kr 15012005),202606,2026-10-04
GN-YANGSAN,양산시,씨유양산북부,중앙점,편의점,경상남도 양산시 중앙로 170,경상남도 양산시 북부동 392-7,중앙동,129.038952019165,35.3457125614347,MA0101202302A0046604,소상공인시장진흥공단_상가(상권)정보_API (data.go.kr 15012005),202606,2026-10-04
GN-YANGSAN,양산시,지에스25사송트루엘점,,편의점,경상남도 양산시 동면 내송큰들로 84,경상남도 양산시 동면 내송리 908,동면,129.072261331997,35.3222660111008,MA0101202303A0035170,소상공인시장진흥공단_상가(상권)정보_API (data.go.kr 15012005),202606,2026-10-04
GN-YANGSAN,양산시,세븐일레븐물금바젤나인점,,편의점,경상남도 양산시 물금읍 야리1길 11,경상남도 양산시 물금읍 가촌리 1298-3,물금읍,129.007389160471,35.3102581450427,MA0101202303A0016566,소상공인시장진흥공단_상가(상권)정보_API (data.go.kr 15012005),202606,2026-10-04
GN-YANGSAN,양산시,허니브로푸드,,편의점,경상남도 양산시 동면 금오8길 13,경상남도 양산시 동면 금산리 1426-8,동면,129.026086935356,35.3119197135659,MA0101202302A0003882,소상공인시장진흥공단_상가(상권)정보_API (data.go.kr 15012005),202606,2026-10-04
GN-YANGSAN,양산시,CU서창대로점,,편의점,경상남도 양산시 서창로 170-1,경상남도 양산시 삼호동 782-9,서창동,129.171307972182,35.4147565884966,MA010120220813291607,소상공인시장진흥공단_상가(상권)정보_API (data.go.kr 15012005),202606,2026-10-04
GN-YANGSAN,양산시,지에스25양산대학점,,편의점,경상남도 양산시 명곡로 319,경상남도 양산시 명곡동 910-6,중앙동,129.064313219998,35.3409114164713,MA010120220806718771,소상공인시장진흥공단_상가(상권)정보_API (data.go.kr 15012005),202606,2026-10-04
GN-YANGSAN,양산시,세븐양산중부타운점,코리아,편의점,경상남도 양산시 양주1길 3,경상남도 양산시 중부동 680-16,양주동,129.031643653646,35.3397889957562,MA010120220803177220,소상공인시장진흥공단_상가(상권)정보_API (data.go.kr 15012005),202606,2026-10-04
GN-YANGSAN,양산시,세븐일레븐양산강변로점,,편의점,경상남도 양산시 양주2길 48,경상남도 양산시 중부동 673-10,양주동,129.028590777533,35.3404080064365,MA010120220805834233,소상공인시장진흥공단_상가(상권)정보_API (data.go.kr 15012005),202606,2026-10-04
GN-YANGSAN,양산시,세븐일레븐양산산막공단점,,편의점,경상남도 양산시 상북면 소노길 50,경상남도 양산시 상북면 소토리 412-8,상북면,129.056015537735,35.3767018581477,MA010120220808487211,소상공인시장진흥공단_상가(상권)정보_API (data.go.kr 15012005),202606,2026-10-04
GN-YANGSAN,양산시,씨유양산범어덕산점,,편의점,경상남도 양산시 물금읍 오봉로 27,경상남도 양산시 물금읍 범어리 549,물금읍,128.998205035001,35.3275051765243,MA010120220814086050,소상공인시장진흥공단_상가(상권)정보_API (data.go.kr 15012005),202606,2026-10-04
GN-YANGSAN,양산시,씨유남양산대림1차점,,편의점,경상남도 양산시 동면 금오16길 65,경상남도 양산시 동면 석산리 1448-2,동면,129.02850917036,35.3213050910269,MA010120220805843881,소상공인시장진흥공단_상가(상권)정보_API (data.go.kr 15012005),202606,2026-10-04
GN-YANGSAN,양산시,이마트24양산대방8차점,,편의점,경상남도 양산시 물금읍 야리로 50,경상남도 양산시 물금읍 가촌리 1304-1,물금읍,129.000942320657,35.3145373695628,MA010120220812794166,소상공인시장진흥공단_상가(상권)정보_API (data.go.kr 15012005),202606,2026-10-04
GN-YANGSAN,양산시,씨유양산덕계럭키점,,편의점,경상남도 양산시 웅상대로 866-1,경상남도 양산시 덕계동 330-2,덕계동,129.155860038968,35.3765739560654,MA010120220807998489,소상공인시장진흥공단_상가(상권)정보_API (data.go.kr 15012005),202606,2026-10-04
GN-YANGSAN,양산시,세븐일레븐양산신기점,,편의점,경상남도 양산시 고향의봄로 34,경상남도 양산시 신기동 172-1,삼성동,129.046918982377,35.3532826015789,MA0106202201A1894983,소상공인시장진흥공단_상가(상권)정보_API (data.go.kr 15012005),202606,2026-10-04
GN-YANGSAN,양산시,이마트24웅상,푸르지오점,편의점,경상남도 양산시 삼호로 70,경상남도 양산시 삼호동 861,서창동,129.171653198083,35.4075234946909,MA010120220814220311,소상공인시장진흥공단_상가(상권)정보_API (data.go.kr 15012005),202606,2026-10-04
GN-YANGSAN,양산시,세븐일레븐가촌,드림점,편의점,경상남도 양산시 물금읍 백호2길 31,경상남도 양산시 물금읍 가촌리 1265-18,물금읍,128.997117746978,35.3186197633233,MA010120220812809587,소상공인시장진흥공단_상가(상권)정보_API (data.go.kr 15012005),202606,2026-10-04
GN-YANGSAN,양산시,세윤지에스,,편의점,경상남도 양산시 물금읍 동중7길 27,경상남도 양산시 물금읍 범어리 716-25,물금읍,129.00522561297,35.3326065546718,MA010120220810147264,소상공인시장진흥공단_상가(상권)정보_API (data.go.kr 15012005),202606,2026-10-04
GN-YANGSAN,양산시,지에스25양산,중부점,편의점,경상남도 양산시 북안남2길 5,경상남도 양산시 북부동 491-9,중앙동,129.035722667877,35.34412693401,MA010120220809830154,소상공인시장진흥공단_상가(상권)정보_API (data.go.kr 15012005),202606,2026-10-04
GN-YANGSAN,양산시,이마트24양산신기강변,,편의점,경상남도 양산시 신기강변로 66,경상남도 양산시 신기동 647-24,삼성동,129.03557975363,35.3524558932896,MA010120220806773136,소상공인시장진흥공단_상가(상권)정보_API (data.go.kr 15012005),202606,2026-10-04
GN-YANGSAN,양산시,씨유양산북부대로점,,편의점,경상남도 양산시 중앙우회로 156,경상남도 양산시 북부동 698-15,중앙동,129.037334993914,35.3487676739715,MA010120220805512427,소상공인시장진흥공단_상가(상권)정보_API (data.go.kr 15012005),202606,2026-10-04
GN-YANGSAN,양산시,씨유양산북정,중앙점,편의점,경상남도 양산시 북정로 31,경상남도 양산시 북정동 885-9,삼성동,129.043707921389,35.3589871060331,MA010120220811617063,소상공인시장진흥공단_상가(상권)정보_API (data.go.kr 15012005),202606,2026-10-04
GN-YANGSAN,양산시,세븐일레븐양산삼호연호점,,편의점,경상남도 양산시 서창동4길 10,경상남도 양산시 삼호동 567-17,서창동,129.172547236447,35.4149956134338,MA010120220805641688,소상공인시장진흥공단_상가(상권)정보_API (data.go.kr 15012005),202606,2026-10-04
GN-YANGSAN,양산시,CU소주천성점,,편의점,경상남도 양산시 소주회야로 85-1,경상남도 양산시 소주동 1239-27,소주동,129.160516391611,35.4100661914547,MA010120220811584749,소상공인시장진흥공단_상가(상권)정보_API (data.go.kr 15012005),202606,2026-10-04
GN-YANGSAN,양산시,천일위드미,,편의점,경상남도 양산시 물금읍 백호로 68,경상남도 양산시 물금읍 가촌리 1269-13,물금읍,129.001896457711,35.3180090308972,MA010120220805516531,소상공인시장진흥공단_상가(상권)정보_API (data.go.kr 15012005),202606,2026-10-04
GN-YANGSAN,양산시,얼음꽁꽁,,편의점,경상남도 양산시 신기서길 18,경상남도 양산시 신기동 511-3,삼성동,129.039636126838,35.3523604479589,MA010120220806873932,소상공인시장진흥공단_상가(상권)정보_API (data.go.kr 15012005),202606,2026-10-04
GN-YANGSAN,양산시,씨유양산역점,,편의점,경상남도 양산시 양산역6길 3,경상남도 양산시 중부동 685-8,양주동,129.026601497201,35.3378190545972,MA010120220812788709,소상공인시장진흥공단_상가(상권)정보_API (data.go.kr 15012005),202606,2026-10-04
GN-YANGSAN,양산시,지에스25물금,대림점,편의점,경상남도 양산시 물금읍 신주로 35,경상남도 양산시 물금읍 범어리 2673-8,물금읍,129.015894435671,35.3344566392335,MA010120220812069495,소상공인시장진흥공단_상가(상권)정보_API (data.go.kr 15012005),202606,2026-10-04
GN-YANGSAN,양산시,세븐일레븐양산산막공단점,,편의점,경상남도 양산시 상북면 소노길 50,경상남도 양산시 상북면 소토리 412-8,상북면,129.056015537735,35.3767018581477,MA010120220812906339,소상공인시장진흥공단_상가(상권)정보_API (data.go.kr 15012005),202606,2026-10-04
GN-YANGSAN,양산시,세븐일레븐양산양우에코뷰점,,편의점,경상남도 양산시 동면 금오15길 29,경상남도 양산시 동면 석산리 1451-1,동면,129.02168378196,35.3178779386305,MA010120220804840919,소상공인시장진흥공단_상가(상권)정보_API (data.go.kr 15012005),202606,2026-10-04
GN-YANGSAN,양산시,세븐양산물류센터,코리아,편의점,경상남도 양산시 충렬로 149,경상남도 양산시 유산동 159-25,강서동,129.033839349597,35.3571801503685,MA010120220811638487,소상공인시장진흥공단_상가(상권)정보_API (data.go.kr 15012005),202606,2026-10-04
GN-YANGSAN,양산시,GS25북정대로점,,편의점,경상남도 양산시 양산대로 986,경상남도 양산시 북정동 888-9,삼성동,129.040209061597,35.3580820259238,MA010120220811605302,소상공인시장진흥공단_상가(상권)정보_API (data.go.kr 15012005),202606,2026-10-04
GN-YANGSAN,양산시,미니스톱양산양주점,,편의점,경상남도 양산시 양주로 97,경상남도 양산시 남부동 601-1,양주동,129.030173027191,35.3337580218789,MA010120220812091256,소상공인시장진흥공단_상가(상권)정보_API (data.go.kr 15012005),202606,2026-10-04
GN-YANGSAN,양산시,지에스25신양산,코아루점,편의점,경상남도 양산시 물금읍 부산대학로 144,경상남도 양산시 물금읍 범어리 2775-10,물금읍,129.010922379464,35.3162010861675,MA010120220803338464,소상공인시장진흥공단_상가(상권)정보_API (data.go.kr 15012005),202606,2026-10-04
GN-YANGSAN,양산시,지에스25양산네오점,,편의점,경상남도 양산시 북정서길 13,경상남도 양산시 북정동 885-1,삼성동,129.04318490102,35.359185192035,MA010120220814026397,소상공인시장진흥공단_상가(상권)정보_API (data.go.kr 15012005),202606,2026-10-04
GN-YANGSAN,양산시,지에스25양산,터미널점,편의점,경상남도 양산시 삽량로 193,경상남도 양산시 중부동 693-2,양주동,129.02784435716,35.3351848839806,MA010120220805319890,소상공인시장진흥공단_상가(상권)정보_API (data.go.kr 15012005),202606,2026-10-04
GN-YANGSAN,양산시,세븐양산물금청운점,코리아,편의점,경상남도 양산시 물금읍 청운로 46-1,경상남도 양산시 물금읍 물금리 894-5,물금읍,128.992380092719,35.307911130923,MA010120220812454407,소상공인시장진흥공단_상가(상권)정보_API (data.go.kr 15012005),202606,2026-10-04
GN-YANGSAN,양산시,지에스25평산,오거리점,편의점,경상남도 양산시 평산7길 4,경상남도 양산시 평산동 109-2,평산동,129.150379380006,35.3814926319983,MA010120220812597000,소상공인시장진흥공단_상가(상권)정보_API (data.go.kr 15012005),202606,2026-10-04
GN-YANGSAN,양산시,세븐일레븐양산통도사점,,편의점,경상남도 양산시 하북면 통도사로 60,경상남도 양산시 하북면 순지리 813-5,하북면,129.083865914143,35.4938479626381,MA010120220802475899,소상공인시장진흥공단_상가(상권)정보_API (data.go.kr 15012005),202606,2026-10-04
GN-YANGSAN,양산시,이마트24남양산역점,,편의점,경상남도 양산시 물금읍 범어로 114,경상남도 양산시 물금읍 범어리 2715-8,물금읍,129.018681167008,35.3257951502823,MA010120220805515526,소상공인시장진흥공단_상가(상권)정보_API (data.go.kr 15012005),202606,2026-10-04
GN-YANGSAN,양산시,씨유뉴서창원룸점,,편의점,경상남도 양산시 연호로 71,경상남도 양산시 삼호동 142-10,서창동,129.177497702512,35.4140683915849,MA010120220807278549,소상공인시장진흥공단_상가(상권)정보_API (data.go.kr 15012005),202606,2026-10-04
GN-YANGSAN,양산시,세븐일레븐양산삼호대운점,,편의점,경상남도 양산시 삼호동부1길 18,경상남도 양산시 삼호동 811-1,서창동,129.171834284845,35.4093494865622,MA010120220812887619,소상공인시장진흥공단_상가(상권)정보_API (data.go.kr 15012005),202606,2026-10-04
GN-YANGSAN,양산시,지에스25,양산평산점,편의점,경상남도 양산시 평산로 15,경상남도 양산시 평산동 102-7,평산동,129.153314371458,35.3813862700937,MA010120220805401657,소상공인시장진흥공단_상가(상권)정보_API (data.go.kr 15012005),202606,2026-10-04
GN-YANGSAN,양산시,세븐일레븐양산로즈힐점,,편의점,경상남도 양산시 주진1길 43,경상남도 양산시 주진동 182-1,소주동,129.150579805317,35.3902839466064,MA010120220810618020,소상공인시장진흥공단_상가(상권)정보_API (data.go.kr 15012005),202606,2026-10-04
GN-YANGSAN,양산시,이마트24양산석계산업단지점,,편의점,경상남도 양산시 상북면 석계산단1길 68,경상남도 양산시 상북면 석계리 1120-1,상북면,129.07016199213,35.4131722322584,MA010120220812917837,소상공인시장진흥공단_상가(상권)정보_API (data.go.kr 15012005),202606,2026-10-04
GN-YANGSAN,양산시,지에스양산석산,제일점,편의점,경상남도 양산시 동면 금오로 255,경상남도 양산시 동면 석산리 1457-7,동면,129.027255209359,35.3160003493046,MA010120220807328816,소상공인시장진흥공단_상가(상권)정보_API (data.go.kr 15012005),202606,2026-10-04
GN-YANGSAN,양산시,마마트,,편의점,경상남도 양산시 물금읍 동중3길 41,경상남도 양산시 물금읍 범어리 573-1,물금읍,129.004937993928,35.3338729361628,MA010120220813979545,소상공인시장진흥공단_상가(상권)정보_API (data.go.kr 15012005),202606,2026-10-04
GN-YANGSAN,양산시,씨유양산삼호원룸점,,편의점,경상남도 양산시 연호12길 15,경상남도 양산시 삼호동 477-16,서창동,129.175592745311,35.4136341616869,MA010120220806432289,소상공인시장진흥공단_상가(상권)정보_API (data.go.kr 15012005),202606,2026-10-04
GN-YANGSAN,양산시,세븐일레븐양산젊음의,거리점,편의점,경상남도 양산시 양산역6길 17,경상남도 양산시 중부동 687-3,양주동,129.027768273415,35.3374210002054,MA010120220807335648,소상공인시장진흥공단_상가(상권)정보_API (data.go.kr 15012005),202606,2026-10-04
GN-YANGSAN,양산시,미니스톱양산어곡공단점,,편의점,경상남도 양산시 어곡로 28,경상남도 양산시 어곡동 230,강서동,129.024593848027,35.3728170589715,MA010120220813491777,소상공인시장진흥공단_상가(상권)정보_API (data.go.kr 15012005),202606,2026-10-04
GN-YANGSAN,양산시,씨유양산,신도시점,편의점,경상남도 양산시 양주1길 23,경상남도 양산시 중부동 668-1,양주동,129.03042290753,35.3411071613832,MA010120220811615169,소상공인시장진흥공단_상가(상권)정보_API (data.go.kr 15012005),202606,2026-10-04
GN-YANGSAN,양산시,세븐영산대기숙사점,코리아,편의점,경상남도 양산시 주남로 288,경상남도 양산시 주남동 산 150,소주동,129.144655866078,35.4283532027985,MA010120220808632106,소상공인시장진흥공단_상가(상권)정보_API (data.go.kr 15012005),202606,2026-10-04
GN-YANGSAN,양산시,지에스25,양산서창점,편의점,경상남도 양산시 서창로 178,경상남도 양산시 삼호동 571-1,서창동,129.17184768562,35.4151794113102,MA010120220808067545,소상공인시장진흥공단_상가(상권)정보_API (data.go.kr 15012005),202606,2026-10-04
GN-YANGSAN,양산시,미니스톱양산,명곡점,편의점,경상남도 양산시 명곡로 20,경상남도 양산시 북부동 694-1,중앙동,129.038823594278,35.3502294468467,MA010120220811612588,소상공인시장진흥공단_상가(상권)정보_API (data.go.kr 15012005),202606,2026-10-04
GN-YANGSAN,양산시,씨유양산경보,그린점,편의점,경상남도 양산시 평산회야로 57,경상남도 양산시 평산동 1108-29,평산동,129.144671458544,35.3716187598111,MA010120220810580115,소상공인시장진흥공단_상가(상권)정보_API (data.go.kr 15012005),202606,2026-10-04
GN-YANGSAN,양산시,세븐물금바젤나인점,코리아,편의점,경상남도 양산시 물금읍 야리1길 11,경상남도 양산시 물금읍 가촌리 1298-3,물금읍,129.007389160471,35.3102581450427,MA0101202210A0010353,소상공인시장진흥공단_상가(상권)정보_API (data.go.kr 15012005),202606,2026-10-04
GN-YANGSAN,양산시,세븐양산냉장센터,코리아,편의점,경상남도 양산시 충렬로 149,경상남도 양산시 유산동 159-25,강서동,129.033839349597,35.3571801503685,MA010120220811638555,소상공인시장진흥공단_상가(상권)정보_API (data.go.kr 15012005),202606,2026-10-04
GN-YANGSAN,양산시,씨유양산신기주공점,,편의점,경상남도 양산시 신기서길 5,경상남도 양산시 신기동 508-8,삼성동,129.038372288216,35.3528413591594,MA0101202601A0018738,소상공인시장진흥공단_상가(상권)정보_API (data.go.kr 15012005),202606,2026-10-04
GN-YANGSAN,양산시,굿마트,,편의점,경상남도 양산시 물금읍 청룡로 33,경상남도 양산시 물금읍 가촌리 990,물금읍,128.995068942392,35.3265206619769,MA010120220813514330,소상공인시장진흥공단_상가(상권)정보_API (data.go.kr 15012005),202606,2026-10-04
GN-YANGSAN,양산시,세븐일레븐물금,신도시점,편의점,경상남도 양산시 물금읍 화합길 37,경상남도 양산시 물금읍 범어리 2678-2,물금읍,129.011085082623,35.3312025216982,MA010120220809750150,소상공인시장진흥공단_상가(상권)정보_API (data.go.kr 15012005),202606,2026-10-04
GN-YANGSAN,양산시,씨유양산,동해점,편의점,경상남도 양산시 양주2길 20-1,경상남도 양산시 중부동 679-23,양주동,129.029712205992,35.339515064942,MA010120220803532754,소상공인시장진흥공단_상가(상권)정보_API (data.go.kr 15012005),202606,2026-10-04
GN-YANGSAN,양산시,세븐일레븐양산중부동점,,편의점,경상남도 양산시 양주3길 47,경상남도 양산시 중부동 658-14,양주동,129.031317987268,35.3421554672601,MA010120220804823490,소상공인시장진흥공단_상가(상권)정보_API (data.go.kr 15012005),202606,2026-10-04
GN-YANGSAN,양산시,이마트24물금,범어점,편의점,경상남도 양산시 물금읍 화합9길 11,경상남도 양산시 물금읍 범어리 2682-9,물금읍,129.011640197595,35.3300848698126,MA010120220811843774,소상공인시장진흥공단_상가(상권)정보_API (data.go.kr 15012005),202606,2026-10-04
GN-YANGSAN,양산시,양산역씨유점,,편의점,경상남도 양산시 양산역6길 3,경상남도 양산시 중부동 685-8,양주동,129.026601497201,35.3378190545972,MA010120220811625517,소상공인시장진흥공단_상가(상권)정보_API (data.go.kr 15012005),202606,2026-10-04
GN-YANGSAN,양산시,지에스25양산북안점,,편의점,경상남도 양산시 북안남3길 13,경상남도 양산시 북부동 490-3,중앙동,129.03733108542,35.3451091041846,MA010120220806931181,소상공인시장진흥공단_상가(상권)정보_API (data.go.kr 15012005),202606,2026-10-04
GN-YANGSAN,양산시,씨유양산물금,중앙점,편의점,경상남도 양산시 물금읍 야리로 112,경상남도 양산시 물금읍 가촌리 1300-2,물금읍,129.007775631074,35.3112159592394,MA010120220805482251,소상공인시장진흥공단_상가(상권)정보_API (data.go.kr 15012005),202606,2026-10-04
GN-YANGSAN,양산시,이마트24양산범어원룸점,,편의점,경상남도 양산시 물금읍 화합3길 9,경상남도 양산시 물금읍 범어리 2696-6,물금읍,129.008223796337,35.3297812293515,MA010120220805360968,소상공인시장진흥공단_상가(상권)정보_API (data.go.kr 15012005),202606,2026-10-04
GN-YANGSAN,양산시,CU서창,동부점,편의점,경상남도 양산시 대운8길 5-3,경상남도 양산시 삼호동 189-8,서창동,129.17543221427,35.4113482433058,MA010120220813810052,소상공인시장진흥공단_상가(상권)정보_API (data.go.kr 15012005),202606,2026-10-04
GN-YANGSAN,양산시,이마트24양산민국점,,편의점,경상남도 양산시 동면 금오15길 9,경상남도 양산시 동면 석산리 1451-3,동면,129.025042945442,35.3176685108604,MA010120220809795184,소상공인시장진흥공단_상가(상권)정보_API (data.go.kr 15012005),202606,2026-10-04
GN-YANGSAN,양산시,GS25양산,신평점,편의점,경상남도 양산시 하북면 신평중앙길 1,경상남도 양산시 하북면 순지리 691-32,하북면,129.086603329882,35.4910522389154,MA010120220811572571,소상공인시장진흥공단_상가(상권)정보_API (data.go.kr 15012005),202606,2026-10-04
GN-YANGSAN,양산시,지에스25양산삼호로점,,편의점,경상남도 양산시 삼호로 193,경상남도 양산시 삼호동 1007-7,서창동,129.169738406561,35.4145144766333,MA010120220811576362,소상공인시장진흥공단_상가(상권)정보_API (data.go.kr 15012005),202606,2026-10-04
GN-YANGSAN,양산시,씨유양산서창,드림점,편의점,경상남도 양산시 삼호1길 36-13,경상남도 양산시 삼호동 1010-8,서창동,129.167700526439,35.4132264576846,MA010120220811223380,소상공인시장진흥공단_상가(상권)정보_API (data.go.kr 15012005),202606,2026-10-04
GN-YANGSAN,양산시,지에스25양산대운로점,,편의점,경상남도 양산시 삼호동부2길 30,경상남도 양산시 삼호동 804-7,서창동,129.17315653421,35.4106322987423,MA010120220813604538,소상공인시장진흥공단_상가(상권)정보_API (data.go.kr 15012005),202606,2026-10-04
GN-YANGSAN,양산시,세븐일레븐양산소토점,,편의점,경상남도 양산시 상북면 양산대로 1238,경상남도 양산시 상북면 소토리 456-3,상북면,129.048805299883,35.3796088886182,MA010120220802277610,소상공인시장진흥공단_상가(상권)정보_API (data.go.kr 15012005),202606,2026-10-04
GN-YANGSAN,양산시,씨유양산범어,드림점,편의점,경상남도 양산시 물금읍 화합길 19,경상남도 양산시 물금읍 범어리 2695-16,물금읍,129.009757239781,35.3299810254921,MA010120220805034135,소상공인시장진흥공단_상가(상권)정보_API (data.go.kr 15012005),202606,2026-10-04
GN-YANGSAN,양산시,이마트24평산조아점,,편의점,경상남도 양산시 평산중앙로 13,경상남도 양산시 평산동 108-10,평산동,129.151656545184,35.3802804120205,MA010120220811599852,소상공인시장진흥공단_상가(상권)정보_API (data.go.kr 15012005),202606,2026-10-04
GN-YANGSAN,양산시,세븐일레븐양산물금애비뉴점,,편의점,경상남도 양산시 물금읍 백호로 92,경상남도 양산시 물금읍 가촌리 1280-2,물금읍,129.003789848462,35.316319537564,MA010120220809363819,소상공인시장진흥공단_상가(상권)정보_API (data.go.kr 15012005),202606,2026-10-04
GN-YANGSAN,양산시,지에스25양산덕계점,,편의점,경상남도 양산시 덕계로 85,경상남도 양산시 덕계동 925,덕계동,129.151918239622,35.3752204892502,MA010120220813048373,소상공인시장진흥공단_상가(상권)정보_API (data.go.kr 15012005),202606,2026-10-04
GN-YANGSAN,양산시,GS25삼호,동부점,편의점,경상남도 양산시 연호14길 15,경상남도 양산시 삼호동 191-12,서창동,129.176452798947,35.4128707407081,MA010120220811613776,소상공인시장진흥공단_상가(상권)정보_API (data.go.kr 15012005),202606,2026-10-04
GN-YANGSAN,양산시,GS25물금,제일점,편의점,경상남도 양산시 물금읍 목화로 52,경상남도 양산시 물금읍 범어리 847-5,물금읍,129.001570391266,35.3315407120115,MA010120220812739612,소상공인시장진흥공단_상가(상권)정보_API (data.go.kr 15012005),202606,2026-10-04
GN-YANGSAN,양산시,CU서창,명동점,편의점,경상남도 양산시 신명동로 43,경상남도 양산시 명동 1077-1,서창동,129.169684460777,35.4038823674925,MA010120220811646850,소상공인시장진흥공단_상가(상권)정보_API (data.go.kr 15012005),202606,2026-10-04
GN-YANGSAN,양산시,세븐일레븐양산북정,삼성점,편의점,경상남도 양산시 북정7길 6,경상남도 양산시 북정동 552-2,삼성동,129.047878125446,35.3607728313863,MA010120220803532239,소상공인시장진흥공단_상가(상권)정보_API (data.go.kr 15012005),202606,2026-10-04
GN-YANGSAN,양산시,씨유양산범어현대점,,편의점,경상남도 양산시 물금읍 오봉로 180,경상남도 양산시 물금읍 범어리 682-1,물금읍,129.006806560469,35.333391346232,MA010120220813383262,소상공인시장진흥공단_상가(상권)정보_API (data.go.kr 15012005),202606,2026-10-04
GN-YANGSAN,양산시,이마트24양산미건점,,편의점,경상남도 양산시 물금읍 야리3길 22,경상남도 양산시 물금읍 가촌리 1288-3,물금읍,129.010355194486,35.31283120455,MA010120220803205307,소상공인시장진흥공단_상가(상권)정보_API (data.go.kr 15012005),202606,2026-10-04
GN-YANGSAN,양산시,세븐일레븐양산본바른,병원점,편의점,경상남도 양산시 물금읍 청운로 343,경상남도 양산시 물금읍 범어리 2711-30,물금읍,129.015269303994,35.3269965488327,MA010120220814065228,소상공인시장진흥공단_상가(상권)정보_API (data.go.kr 15012005),202606,2026-10-04
GN-YANGSAN,양산시,세븐양산젊음의거리점,코리아,편의점,경상남도 양산시 양산역6길 17,경상남도 양산시 중부동 687-3,양주동,129.027768273415,35.3374210002054,MA0101202210A0012798,소상공인시장진흥공단_상가(상권)정보_API (data.go.kr 15012005),202606,2026-10-04
GN-YANGSAN,양산시,리암아이앤씨씨유물금2차,,편의점,경상남도 양산시 물금읍 청운로 131,경상남도 양산시 물금읍 가촌리 1272-4,물금읍,128.997559393854,35.3133317074854,MA010120220811231313,소상공인시장진흥공단_상가(상권)정보_API (data.go.kr 15012005),202606,2026-10-04
GN-YANGSAN,양산시,세븐일레븐양산,증산역점,편의점,경상남도 양산시 물금읍 증산역로 180,경상남도 양산시 물금읍 증산리 1776-4,물금읍,129.009077551304,35.3082926186662,MA0101202604A0014259,소상공인시장진흥공단_상가(상권)정보_API (data.go.kr 15012005),202606,2026-10-04
GN-YANGSAN,양산시,씨유양산상북점,,편의점,경상남도 양산시 상북면 상북중앙로 404,경상남도 양산시 상북면 석계리 272-18,상북면,129.063921012501,35.418793989349,MA010120220805474637,소상공인시장진흥공단_상가(상권)정보_API (data.go.kr 15012005),202606,2026-10-04
GN-YANGSAN,양산시,씨유양산,교동점,편의점,경상남도 양산시 회현1길 48,경상남도 양산시 교동 605,강서동,129.0233308286,35.3455786529416,MA010120220811614798,소상공인시장진흥공단_상가(상권)정보_API (data.go.kr 15012005),202606,2026-10-04
GN-YANGSAN,양산시,이마트24양산대진칸트리점,,편의점,경상남도 양산시 서창서1길 5-2,경상남도 양산시 삼호동 653-4,서창동,129.170054793869,35.4152296757754,MA010120220808618779,소상공인시장진흥공단_상가(상권)정보_API (data.go.kr 15012005),202606,2026-10-04
GN-YANGSAN,양산시,세븐일레븐양산북안,중앙점,편의점,경상남도 양산시 북안남1길 34,경상남도 양산시 북부동 480-8,중앙동,129.036467139755,35.3466195642263,MA010120220812289853,소상공인시장진흥공단_상가(상권)정보_API (data.go.kr 15012005),202606,2026-10-04
GN-YANGSAN,양산시,이마트24양산,동면점,편의점,경상남도 양산시 동면 금오12길 36-3,경상남도 양산시 동면 석산리 1464-9,동면,129.02206708254,35.3142849551841,MA010120220803377765,소상공인시장진흥공단_상가(상권)정보_API (data.go.kr 15012005),202606,2026-10-04
GN-YANGSAN,양산시,이마트24양산용당점,,편의점,경상남도 양산시 용당내광로 36,경상남도 양산시 용당동 215-6,서창동,129.188223692724,35.4272648394995,MA010120220813874498,소상공인시장진흥공단_상가(상권)정보_API (data.go.kr 15012005),202606,2026-10-04
GN-YANGSAN,양산시,씨유양산남부,,편의점,경상남도 양산시 양주로 38,경상남도 양산시 남부동 607-3,양주동,129.027410646366,35.3314704305969,MA010120220805370105,소상공인시장진흥공단_상가(상권)정보_API (data.go.kr 15012005),202606,2026-10-04
GN-YANGSAN,양산시,지에스25물금오션점,,편의점,경상남도 양산시 물금읍 청운로 177,경상남도 양산시 물금읍 가촌리 1269-19,물금읍,129.002110703217,35.3168880536076,MA010120220808000044,소상공인시장진흥공단_상가(상권)정보_API (data.go.kr 15012005),202606,2026-10-04
GN-YANGSAN,양산시,지에스25사송더샵2차7단지점,,편의점,경상남도 양산시 동면 외송로 30,경상남도 양산시 동면 사송리 1166,동면,129.074811545402,35.3136344084583,MA0101202602A0035646,소상공인시장진흥공단_상가(상권)정보_API (data.go.kr 15012005),202606,2026-10-04
GN-YANGSAN,양산시,이마트24양산석계산업단지점,,편의점,경상남도 양산시 상북면 양산대로 1563,경상남도 양산시 상북면 석계리 1088-1,상북면,129.055824474139,35.406451494936,MA0106202201A2116836,소상공인시장진흥공단_상가(상권)정보_API (data.go.kr 15012005),202606,2026-10-04
GN-YANGSAN,양산시,지에스25양산양주점,,편의점,경상남도 양산시 양주2길 62,경상남도 양산시 중부동 671-1,양주동,129.029357286467,35.3415936574836,MA010120220813383765,소상공인시장진흥공단_상가(상권)정보_API (data.go.kr 15012005),202606,2026-10-04
GN-YANGSAN,양산시,지에스25서창한내들점,,편의점,경상남도 양산시 삼호로 98,경상남도 양산시 삼호동 857,서창동,129.175991660971,35.4071840571422,MA010120220813840375,소상공인시장진흥공단_상가(상권)정보_API (data.go.kr 15012005),202606,2026-10-04
GN-YANGSAN,양산시,지에스25석산해강점,,편의점,경상남도 양산시 동면 석산6길 28,경상남도 양산시 동면 석산리 699-3,동면,129.029303108445,35.3156776176007,MA010120220812160737,소상공인시장진흥공단_상가(상권)정보_API (data.go.kr 15012005),202606,2026-10-04
GN-YANGSAN,양산시,씨유덕계동일점,,편의점,경상남도 양산시 덕계7길 5-16,경상남도 양산시 덕계동 1126,덕계동,129.148653613893,35.3728455950791,MA010120220814003737,소상공인시장진흥공단_상가(상권)정보_API (data.go.kr 15012005),202606,2026-10-04
GN-YANGSAN,양산시,다판다아이스평산점,,편의점,경상남도 양산시 신명로 85,경상남도 양산시 평산동 568-26,평산동,129.14400356571,35.3867063089428,MA010120220808614703,소상공인시장진흥공단_상가(상권)정보_API (data.go.kr 15012005),202606,2026-10-04
GN-YANGSAN,양산시,얼음꽁꽁물금점,,편의점,경상남도 양산시 물금읍 신주로 36,경상남도 양산시 물금읍 범어리 2676-6,물금읍,129.015324710793,35.3332135466568,MA010120220803008119,소상공인시장진흥공단_상가(상권)정보_API (data.go.kr 15012005),202606,2026-10-04
GN-YANGSAN,양산시,씨유양산양주점,,편의점,경상남도 양산시 양주로 129,경상남도 양산시 중부동 694-3,양주동,129.031786819777,35.3367226991324,MA010120220810774184,소상공인시장진흥공단_상가(상권)정보_API (data.go.kr 15012005),202606,2026-10-04
GN-YANGSAN,양산시,씨유양산,물금역점,편의점,경상남도 양산시 물금읍 황산로 371,경상남도 양산시 물금읍 물금리 388-1,물금읍,128.985934444547,35.3095671819271,MA010120220803577631,소상공인시장진흥공단_상가(상권)정보_API (data.go.kr 15012005),202606,2026-10-04
GN-YANGSAN,양산시,지에스25사송에비뉴점,,편의점,경상남도 양산시 동면 외송로 49,경상남도 양산시 동면 사송리 327,동면,129.072845027929,35.3145512647371,MA0101202604A0017058,소상공인시장진흥공단_상가(상권)정보_API (data.go.kr 15012005),202606,2026-10-04
GN-YANGSAN,양산시,씨유양산,석산점,편의점,경상남도 양산시 동면 금오16길 16,경상남도 양산시 동면 석산리 1453-6,동면,129.027120073146,35.3176336929334,MA010120220811426761,소상공인시장진흥공단_상가(상권)정보_API (data.go.kr 15012005),202606,2026-10-04
GN-YANGSAN,양산시,세븐일레븐양산범어,센터점,편의점,경상남도 양산시 물금읍 화합8길 10,경상남도 양산시 물금읍 범어리 2684-7,물금읍,129.011046468175,35.3296441768109,MA010120220803852776,소상공인시장진흥공단_상가(상권)정보_API (data.go.kr 15012005),202606,2026-10-04
GN-YANGSAN,양산시,세븐일레븐양산삼호,서창점,편의점,경상남도 양산시 삼호동부로 91,경상남도 양산시 삼호동 985-17,서창동,129.171502650805,35.4113469003956,MA010120220808186977,소상공인시장진흥공단_상가(상권)정보_API (data.go.kr 15012005),202606,2026-10-04
GN-YANGSAN,양산시,세븐일레븐양산유니,스퀘어점,편의점,경상남도 양산시 물금읍 범어로 96,경상남도 양산시 물금읍 범어리 2715-3,물금읍,129.016841997413,35.3265647973832,MA010120220806356003,소상공인시장진흥공단_상가(상권)정보_API (data.go.kr 15012005),202606,2026-10-04
GN-YANGSAN,양산시,세븐평산삼성명가타운점,코리아,편의점,경상남도 양산시 평산중앙로 81,경상남도 양산시 평산동 41,평산동,129.150014299263,35.3868067018911,MA010120220813119078,소상공인시장진흥공단_상가(상권)정보_API (data.go.kr 15012005),202606,2026-10-04
GN-YANGSAN,양산시,GS25양산IC점,,편의점,경상남도 양산시 상북면 양산대로 1239,경상남도 양산시 상북면 소토리 566-3,상북면,129.04839419595,35.3798862022857,MA010120220811594129,소상공인시장진흥공단_상가(상권)정보_API (data.go.kr 15012005),202606,2026-10-04
GN-YANGSAN,양산시,씨유교동우리점,,편의점,경상남도 양산시 교동1길 34,경상남도 양산시 교동 207-16,강서동,129.024539931448,35.345549388493,MA010120220812253258,소상공인시장진흥공단_상가(상권)정보_API (data.go.kr 15012005),202606,2026-10-04
GN-YANGSAN,양산시,세븐일레븐범어,신도시점,편의점,경상남도 양산시 물금읍 범구로 23,경상남도 양산시 물금읍 범어리 2711-35,물금읍,129.014042023142,35.3276117655142,MA010120220805313429,소상공인시장진흥공단_상가(상권)정보_API (data.go.kr 15012005),202606,2026-10-04
GN-YANGSAN,양산시,이마트24양산삼호,골드점,편의점,경상남도 양산시 삼호로 23,경상남도 양산시 삼호동 995-15,서창동,129.167462531338,35.4100948733628,MA010120220808273309,소상공인시장진흥공단_상가(상권)정보_API (data.go.kr 15012005),202606,2026-10-04
GN-YANGSAN,양산시,올컵,,편의점,경상남도 양산시 삼호2길 42,경상남도 양산시 삼호동 719,서창동,129.168643184979,35.4134888710844,MA0101202604A0006146,소상공인시장진흥공단_상가(상권)정보_API (data.go.kr 15012005),202606,2026-10-04
GN-YANGSAN,양산시,씨유물금조양,,편의점,경상남도 양산시 물금읍 야리4길 3,경상남도 양산시 물금읍 범어리 2783-3,물금읍,129.010216533909,35.3147799970766,MA010120220812110708,소상공인시장진흥공단_상가(상권)정보_API (data.go.kr 15012005),202606,2026-10-04
GN-YANGSAN,양산시,지에스25덕계봉우점,,편의점,경상남도 양산시 신명로 85,경상남도 양산시 평산동 568-26,평산동,129.14400356571,35.3867063089428,MA010120220800229741,소상공인시장진흥공단_상가(상권)정보_API (data.go.kr 15012005),202606,2026-10-04
GN-YANGSAN,양산시,씨유물금중부,,편의점,경상남도 양산시 물금읍 물금1길 42,경상남도 양산시 물금읍 물금리 882-1,물금읍,128.989903812966,35.3077987219646,MA010120220810536942,소상공인시장진흥공단_상가(상권)정보_API (data.go.kr 15012005),202606,2026-10-04
GN-YANGSAN,양산시,세븐일레븐양산유앤아이점,,편의점,경상남도 양산시 평산로 118,경상남도 양산시 평산동 600,평산동,129.142018501862,35.3823801291579,MA010120220806390792,소상공인시장진흥공단_상가(상권)정보_API (data.go.kr 15012005),202606,2026-10-04
GN-YANGSAN,양산시,씨유산막산업로점,,편의점,경상남도 양산시 산막공단북9길 63,경상남도 양산시 산막동 566-3,삼성동,129.063157159003,35.3724168419334,MA010120220809205675,소상공인시장진흥공단_상가(상권)정보_API (data.go.kr 15012005),202606,2026-10-04
GN-YANGSAN,양산시,씨유평산선우점,,편의점,경상남도 양산시 평산남4길 7,경상남도 양산시 평산동 189-4,평산동,129.150042279853,35.3779121920869,MA010120220812967473,소상공인시장진흥공단_상가(상권)정보_API (data.go.kr 15012005),202606,2026-10-04
GN-YANGSAN,양산시,이마트24양산,석산점,편의점,경상남도 양산시 동면 금오13길 4,경상남도 양산시 동면 석산리 1457-1,동면,129.025642844357,35.3161535417188,MA010120220807820238,소상공인시장진흥공단_상가(상권)정보_API (data.go.kr 15012005),202606,2026-10-04
GN-YANGSAN,양산시,세븐양산터미널주,코리아,편의점,경상남도 양산시 양산역1길 7,경상남도 양산시 중부동 710-1,양주동,129.026755460545,35.3356176783497,MA010120220811638644,소상공인시장진흥공단_상가(상권)정보_API (data.go.kr 15012005),202606,2026-10-04
GN-YANGSAN,양산시,씨유양산신창비바점,,편의점,경상남도 양산시 물금읍 신주로 73,경상남도 양산시 물금읍 범어리 2713-1,물금읍,129.018748519603,35.3311558538489,MA010120220811981414,소상공인시장진흥공단_상가(상권)정보_API (data.go.kr 15012005),202606,2026-10-04
GN-YANGSAN,양산시,미니스톱양산신기점,,편의점,경상남도 양산시 고향의봄5길 1,경상남도 양산시 신기동 114-6,삼성동,129.046263505603,35.3552041202024,MA010120220811598094,소상공인시장진흥공단_상가(상권)정보_API (data.go.kr 15012005),202606,2026-10-04
GN-YANGSAN,양산시,지에스25매곡공단점,,편의점,경상남도 양산시 매곡외산로 118,경상남도 양산시 덕계동 77-11,덕계동,129.163955926604,35.3682650784008,MA010120220808297082,소상공인시장진흥공단_상가(상권)정보_API (data.go.kr 15012005),202606,2026-10-04
GN-YANGSAN,양산시,블루25물금킹콩점,,편의점,경상남도 양산시 물금읍 황산로 697,경상남도 양산시 물금읍 범어리 413-9,물금읍,129.008614413061,35.3322348751039,MA010120220805333379,소상공인시장진흥공단_상가(상권)정보_API (data.go.kr 15012005),202606,2026-10-04
GN-YANGSAN,양산시,씨유석산한신점,,편의점,경상남도 양산시 동면 석산1길 10,경상남도 양산시 동면 석산리 518,동면,129.03053386472,35.3125750244705,MA010120220800656183,소상공인시장진흥공단_상가(상권)정보_API (data.go.kr 15012005),202606,2026-10-04
GN-YANGSAN,양산시,지에스25웅상서희점,,편의점,경상남도 양산시 모래들길 57-27,경상남도 양산시 주진동 700,소주동,129.155205144577,35.3970319227076,MA010120220812956932,소상공인시장진흥공단_상가(상권)정보_API (data.go.kr 15012005),202606,2026-10-04
GN-YANGSAN,양산시,이마트24양산,삼호점,편의점,경상남도 양산시 삼호5길 23,경상남도 양산시 삼호동 986-6,서창동,129.170118248676,35.4110293728589,MA010120220808786317,소상공인시장진흥공단_상가(상권)정보_API (data.go.kr 15012005),202606,2026-10-04
GN-YANGSAN,양산시,GS25통도사점,,편의점,경상남도 양산시 하북면 통도사로 73,경상남도 양산시 하북면 순지리 524-26,하북면,129.082295466603,35.4936227740296,MA010120220811594791,소상공인시장진흥공단_상가(상권)정보_API (data.go.kr 15012005),202606,2026-10-04
GN-YANGSAN,양산시,지에스25북정,삼성점,편의점,경상남도 양산시 북정중앙로 25,경상남도 양산시 북정동 530-4,삼성동,129.047361929542,35.3612411612014,MA010120220814269503,소상공인시장진흥공단_상가(상권)정보_API (data.go.kr 15012005),202606,2026-10-04
GN-YANGSAN,양산시,씨유금산다온점,,편의점,경상남도 양산시 동면 금오6길 27,경상남도 양산시 동면 금산리 1434-9,동면,129.021801766365,35.3120184975388,MA010120220814364809,소상공인시장진흥공단_상가(상권)정보_API (data.go.kr 15012005),202606,2026-10-04
GN-YANGSAN,양산시,이마트24양산라피에,스타점,편의점,경상남도 양산시 물금읍 증산역로 177,경상남도 양산시 물금읍 가촌리 1292,물금읍,129.009380505746,35.3098736106236,MA010120220814392806,소상공인시장진흥공단_상가(상권)정보_API (data.go.kr 15012005),202606,2026-10-04
GN-YANGSAN,양산시,씨스페이스24범어,신도시점,편의점,경상남도 양산시 물금읍 야리3길 49,경상남도 양산시 물금읍 범어리 2784,물금읍,129.011319976784,35.3149418712961,MA0101202512A0000877,소상공인시장진흥공단_상가(상권)정보_API (data.go.kr 15012005),202606,2026-10-04
GN-YANGSAN,양산시,아이스크림할인점석산e편한점,,편의점,경상남도 양산시 동면 금오16길 65,경상남도 양산시 동면 석산리 1448-2,동면,129.02850917036,35.3213050910269,MA0101202603A0022951,소상공인시장진흥공단_상가(상권)정보_API (data.go.kr 15012005),202606,2026-10-04
GN-YANGSAN,양산시,지에스25산막산업단지점,,편의점,경상남도 양산시 산막공단북9길 43,경상남도 양산시 산막동 568-6,삼성동,129.064423855455,35.3711786688015,MA0101202508A0002673,소상공인시장진흥공단_상가(상권)정보_API (data.go.kr 15012005),202606,2026-10-04
GN-YANGSAN,양산시,씨유평산원룸점,,편의점,경상남도 양산시 평산북3길 34,경상남도 양산시 평산동 73-4,평산동,129.152777010716,35.3843515074087,MA0101202603A0035630,소상공인시장진흥공단_상가(상권)정보_API (data.go.kr 15012005),202606,2026-10-04
GN-YANGSAN,양산시,지에스25양산리버,정문점,편의점,경상남도 양산시 소주회야1길 8,경상남도 양산시 소주동 147-1,소주동,129.158544434159,35.4079387996862,MA0101202603A0035486,소상공인시장진흥공단_상가(상권)정보_API (data.go.kr 15012005),202606,2026-10-04
GN-YANGSAN,양산시,씨유양산북정원룸점,,편의점,경상남도 양산시 북정중앙로 35,경상남도 양산시 북정동 445-11,삼성동,129.047964052094,35.3619969223177,MA0101202604A0052680,소상공인시장진흥공단_상가(상권)정보_API (data.go.kr 15012005),202606,2026-10-04
GN-YANGSAN,양산시,세븐양산주공점,코리아,편의점,경상남도 양산시 물금읍 새실로 54,경상남도 양산시 물금읍 가촌리 1276-3,물금읍,128.995286806034,35.312567214693,MA0101202603A0023365,소상공인시장진흥공단_상가(상권)정보_API (data.go.kr 15012005),202606,2026-10-04
GN-YANGSAN,양산시,씨유뉴물금우리점,,편의점,경상남도 양산시 물금읍 물금로 18,경상남도 양산시 물금읍 물금리 873-1,물금읍,128.987983822034,35.3079564735341,MA0101202603A0011085,소상공인시장진흥공단_상가(상권)정보_API (data.go.kr 15012005),202606,2026-10-04
GN-YANGSAN,양산시,지에스25물금새실점,,편의점,경상남도 양산시 물금읍 새실2길 13,경상남도 양산시 물금읍 범어리 2769-6,물금읍,129.008678126072,35.3179235547289,MA0101202604A0038520,소상공인시장진흥공단_상가(상권)정보_API (data.go.kr 15012005),202606,2026-10-04
GN-YANGSAN,양산시,지에스25사송풍경채점,,편의점,경상남도 양산시 동면 내송큰들로 140,경상남도 양산시 동면 내송리 901,동면,129.065565638361,35.3222815038262,MA0101202512A0038057,소상공인시장진흥공단_상가(상권)정보_API (data.go.kr 15012005),202606,2026-10-04
GN-YANGSAN,양산시,지에스25범어대동타운점,,편의점,경상남도 양산시 물금읍 오봉로 169,경상남도 양산시 물금읍 범어리 502-1,물금읍,129.006312476368,35.3352018484128,MA0101202504A0060558,소상공인시장진흥공단_상가(상권)정보_API (data.go.kr 15012005),202606,2026-10-04
GN-YANGSAN,양산시,이마트24양산증산지오점,,편의점,경상남도 양산시 물금읍 증산역로 143,경상남도 양산시 물금읍 가촌리 1296-3,물금읍,129.005923366407,35.3101112585571,MA0101202505A0012556,소상공인시장진흥공단_상가(상권)정보_API (data.go.kr 15012005),202606,2026-10-04
GN-YANGSAN,양산시,지에스25양산,마리나점,편의점,경상남도 양산시 상북면 감결길 20,경상남도 양산시 상북면 소토리 1029-42,상북면,129.049521467165,35.3887793000606,MA0101202504A0090402,소상공인시장진흥공단_상가(상권)정보_API (data.go.kr 15012005),202606,2026-10-04
GN-YANGSAN,양산시,지에스25서창이미지타운점,,편의점,경상남도 양산시 대운로 352,경상남도 양산시 삼호동 169,서창동,129.178412043235,35.4165479589781,MA0101202604A0018846,소상공인시장진흥공단_상가(상권)정보_API (data.go.kr 15012005),202606,2026-10-04
GN-YANGSAN,양산시,미니스톱양산,중앙점,편의점,경상남도 양산시 중앙로 181,경상남도 양산시 북부동 161-17,중앙동,129.039199749461,35.3468167848569,MA010120220811603780,소상공인시장진흥공단_상가(상권)정보_API (data.go.kr 15012005),202606,2026-10-04
GN-YANGSAN,양산시,씨유물금양우점,,편의점,경상남도 양산시 물금읍 물금로 157,경상남도 양산시 물금읍 가촌리 1267-16,물금읍,128.997765112926,35.3176718662322,MA010120220813455271,소상공인시장진흥공단_상가(상권)정보_API (data.go.kr 15012005),202606,2026-10-04
GN-YANGSAN,양산시,씨유범어원룸,,편의점,경상남도 양산시 물금읍 범구3길 23,경상남도 양산시 물금읍 범어리 2725-14,물금읍,129.014651357909,35.32380777314,MA010120220813053543,소상공인시장진흥공단_상가(상권)정보_API (data.go.kr 15012005),202606,2026-10-04
GN-YANGSAN,양산시,씨유가촌이지,2차점,편의점,경상남도 양산시 물금읍 물금로 75,경상남도 양산시 물금읍 가촌리 1274-1,물금읍,128.989646296852,35.3129936156394,MA010120220809660545,소상공인시장진흥공단_상가(상권)정보_API (data.go.kr 15012005),202606,2026-10-04
GN-YANGSAN,양산시,이마트24남양산센텀포레점,,편의점,경상남도 양산시 동면 석산3길 17,경상남도 양산시 동면 석산리 516-13,동면,129.028683634013,35.312885446996,MA0101202506A0037143,소상공인시장진흥공단_상가(상권)정보_API (data.go.kr 15012005),202606,2026-10-04
GN-YANGSAN,양산시,세븐일레븐양산물금반도점,,편의점,경상남도 양산시 물금읍 백호로 91,경상남도 양산시 물금읍 범어리 2768-2,물금읍,129.003906987379,35.3170565402052,MA0101202508A0006555,소상공인시장진흥공단_상가(상권)정보_API (data.go.kr 15012005),202606,2026-10-04
GN-YANGSAN,양산시,씨유양산신기우방점,,편의점,경상남도 양산시 신기강변1길 10,경상남도 양산시 신기동 648-8,삼성동,129.03651919333,35.352196753539,MA0101202508A0003630,소상공인시장진흥공단_상가(상권)정보_API (data.go.kr 15012005),202606,2026-10-04
GN-YANGSAN,양산시,이마트24양산대진칸트리점,,편의점,경상남도 양산시 서창서1길 5-2,경상남도 양산시 삼호동 653-4,서창동,129.170054793869,35.4152296757754,MA0101202506A0037358,소상공인시장진흥공단_상가(상권)정보_API (data.go.kr 15012005),202606,2026-10-04
GN-YANGSAN,양산시,지에스25서창,그린점,편의점,경상남도 양산시 서창동1길 5,경상남도 양산시 삼호동 988-14,서창동,129.167815844214,35.4113681038063,MA0101202505A0071537,소상공인시장진흥공단_상가(상권)정보_API (data.go.kr 15012005),202606,2026-10-04
GN-YANGSAN,양산시,세븐일레븐양산플라워점,,편의점,경상남도 양산시 서일동로 5,경상남도 양산시 중부동 606-11,중앙동,129.035739001003,35.3390802592129,MA0101202508A0015817,소상공인시장진흥공단_상가(상권)정보_API (data.go.kr 15012005),202606,2026-10-04
GN-YANGSAN,양산시,이마트24양산북정대로점,,편의점,경상남도 양산시 중앙로 318,경상남도 양산시 북정동 891-5,삼성동,129.043711520342,35.3582571224935,MA0106202507A1918673,소상공인시장진흥공단_상가(상권)정보_API (data.go.kr 15012005),202606,2026-10-04
GN-YANGSAN,양산시,지에스25양산,명동점,편의점,경상남도 양산시 서창로 80,경상남도 양산시 명동 706-4,서창동,129.165852082532,35.4083215573906,MA0101202509A0005721,소상공인시장진흥공단_상가(상권)정보_API (data.go.kr 15012005),202606,2026-10-04
GN-YANGSAN,양산시,씨스페이스양산,증산점,편의점,경상남도 양산시 물금읍 야리2길 7-38,경상남도 양산시 물금읍 가촌리 1299-2,물금읍,129.007302946993,35.310773233406,MA0101202512A0044008,소상공인시장진흥공단_상가(상권)정보_API (data.go.kr 15012005),202606,2026-10-04
GN-YANGSAN,양산시,지에스25물금경민점,,편의점,경상남도 양산시 물금읍 오봉로 203-1,경상남도 양산시 물금읍 범어리 687-7,물금읍,129.009653353933,35.3333350270374,MA0101202508A0012230,소상공인시장진흥공단_상가(상권)정보_API (data.go.kr 15012005),202606,2026-10-04
GN-YANGSAN,양산시,씨유양산젊음의,거리점,편의점,경상남도 양산시 양산역3길 12,경상남도 양산시 중부동 691-4,양주동,129.02805062927,35.3363979681337,MA0101202512A0036584,소상공인시장진흥공단_상가(상권)정보_API (data.go.kr 15012005),202606,2026-10-04
GN-YANGSAN,양산시,세븐일레븐양산물금,팰리스점,편의점,경상남도 양산시 물금읍 야리4길 16,경상남도 양산시 물금읍 가촌리 1286-2,물금읍,129.010982593962,35.3137489540397,MA0101202510A0004763,소상공인시장진흥공단_상가(상권)정보_API (data.go.kr 15012005),202606,2026-10-04
GN-YANGSAN,양산시,이마트24덕계선우,,편의점,경상남도 양산시 평산남4길 16,경상남도 양산시 평산동 1108-13,평산동,129.150053519342,35.377091976177,MA0101202511A0025811,소상공인시장진흥공단_상가(상권)정보_API (data.go.kr 15012005),202606,2026-10-04
GN-YANGSAN,양산시,씨유가촌대로점,,편의점,경상남도 양산시 물금읍 가촌로 111,경상남도 양산시 물금읍 가촌리 549-15,물금읍,128.993239272414,35.3205221379016,MA0101202602A0010145,소상공인시장진흥공단_상가(상권)정보_API (data.go.kr 15012005),202606,2026-10-04
GN-YANGSAN,양산시,이마트24양산중부공원점,,편의점,경상남도 양산시 양주1길 16,경상남도 양산시 중부동 669-9,양주동,129.031307721122,35.340867004458,MA0101202601A0001001,소상공인시장진흥공단_상가(상권)정보_API (data.go.kr 15012005),202606,2026-10-04
GN-YANGSAN,양산시,씨유양산물금동중점,,편의점,경상남도 양산시 물금읍 동중5길 24,경상남도 양산시 물금읍 범어리 721-1,물금읍,129.004446991202,35.3313578619551,MA0101202510A0017341,소상공인시장진흥공단_상가(상권)정보_API (data.go.kr 15012005),202606,2026-10-04
GN-YANGSAN,양산시,씨유양산범어,효성점,편의점,경상남도 양산시 물금읍 화합11길 12,경상남도 양산시 물금읍 범어리 2686-1,물금읍,129.012261102449,35.3302908086345,MA0101202510A0012912,소상공인시장진흥공단_상가(상권)정보_API (data.go.kr 15012005),202606,2026-10-04
GN-YANGSAN,양산시,이마트24소주,대동점,편의점,경상남도 양산시 소주로 160,경상남도 양산시 소주동 1020-58,소주동,129.1492334265,35.4137638961343,MA0101202601A0031536,소상공인시장진흥공단_상가(상권)정보_API (data.go.kr 15012005),202606,2026-10-04
GN-YANGSAN,양산시,지에스25중부,대동점,편의점,경상남도 양산시 양주로 156,경상남도 양산시 중부동 696-1,양주동,129.03245165959,35.3391175730715,MA0101202512A0015396,소상공인시장진흥공단_상가(상권)정보_API (data.go.kr 15012005),202606,2026-10-04
GN-YANGSAN,양산시,이마트24석계제니스점,,편의점,경상남도 양산시 상북면 석계로 4,경상남도 양산시 상북면 석계리 34-102,상북면,129.065750976236,35.4180327760181,MA0101202601A0044350,소상공인시장진흥공단_상가(상권)정보_API (data.go.kr 15012005),202606,2026-10-04
GN-YANGSAN,양산시,씨유양산물금동일점,,편의점,경상남도 양산시 물금읍 가촌서로 93,경상남도 양산시 물금읍 가촌리 720,물금읍,128.992453781078,35.3230132607904,MA0101202511A0028002,소상공인시장진흥공단_상가(상권)정보_API (data.go.kr 15012005),202606,2026-10-04
GN-YANGSAN,양산시,세븐일레븐양산동원점,,편의점,경상남도 양산시 양주로 32-1,경상남도 양산시 남부동 608-4,양주동,129.027498097152,35.331009379165,MA0101202603A0010040,소상공인시장진흥공단_상가(상권)정보_API (data.go.kr 15012005),202606,2026-10-04
GN-YANGSAN,양산시,씨유물금나래점,,편의점,경상남도 양산시 물금읍 야리2길 9,경상남도 양산시 물금읍 가촌리 1297,물금읍,129.00649062937,35.3108227658313,MA0101202603A0004245,소상공인시장진흥공단_상가(상권)정보_API (data.go.kr 15012005),202606,2026-10-04
GN-YANGSAN,양산시,블루25사송점,,편의점,경상남도 양산시 동면 사송로 107,경상남도 양산시 동면 사송리 1240-2,동면,129.071595784651,35.3082466790968,MA0101202603A0019879,소상공인시장진흥공단_상가(상권)정보_API (data.go.kr 15012005),202606,2026-10-04
GN-YANGSAN,양산시,이마트24양산,kcc점,편의점,경상남도 양산시 평산남1길 10,경상남도 양산시 평산동 155-8,평산동,129.153577514744,35.3792819794874,MA010120220811732509,소상공인시장진흥공단_상가(상권)정보_API (data.go.kr 15012005),202606,2026-10-04
GN-YANGSAN,양산시,씨유평산크로바점,,편의점,경상남도 양산시 평산8길 16,경상남도 양산시 평산동 84-7,평산동,129.150850151253,35.3830612008721,MA010120220803861463,소상공인시장진흥공단_상가(상권)정보_API (data.go.kr 15012005),202606,2026-10-04
GN-YANGSAN,양산시,씨유신양산,코아루점,편의점,경상남도 양산시 물금읍 부산대학로 144,경상남도 양산시 물금읍 범어리 2775-10,물금읍,129.010922379464,35.3162010861675,MA010120220804529574,소상공인시장진흥공단_상가(상권)정보_API (data.go.kr 15012005),202606,2026-10-04
GN-YANGSAN,양산시,노르웨이편의점,,편의점,경상남도 양산시 원동면 배내로 17,경상남도 양산시 원동면 대리 907-3,원동면,128.966274529661,35.4558568531362,MA010120220802976834,소상공인시장진흥공단_상가(상권)정보_API (data.go.kr 15012005),202606,2026-10-04
GN-YANGSAN,양산시,GS25양산소토점,,편의점,경상남도 양산시 상북면 양산대로 1316,경상남도 양산시 상북면 소토리 913-5,상북면,129.051525267316,35.3862130903092,MA010120220811604718,소상공인시장진흥공단_상가(상권)정보_API (data.go.kr 15012005),202606,2026-10-04
GN-YANGSAN,양산시,지에스25양산삼일점,,편의점,경상남도 양산시 중앙로 150,경상남도 양산시 중부동 346-2,중앙동,129.038376781349,35.3438298691648,MA010120220813982016,소상공인시장진흥공단_상가(상권)정보_API (data.go.kr 15012005),202606,2026-10-04
GN-YANGSAN,양산시,씨유중부빅토리점,,편의점,경상남도 양산시 양산역8길 11,경상남도 양산시 중부동 686-3,양주동,129.027944460692,35.3383101768406,MA0101202504A0071198,소상공인시장진흥공단_상가(상권)정보_API (data.go.kr 15012005),202606,2026-10-04
GN-YANGSAN,양산시,지에스25양산반도5차점,,편의점,경상남도 양산시 동면 금오16길 122,경상남도 양산시 동면 석산리 1447-4,동면,129.025217387212,35.3215765688081,MA0101202502A0049070,소상공인시장진흥공단_상가(상권)정보_API (data.go.kr 15012005),202606,2026-10-04
GN-YANGSAN,양산시,세븐일레븐,양산서창점,편의점,경상남도 양산시 서창동3길 12,경상남도 양산시 삼호동 762-5,서창동,129.17167104927,35.4139300498887,MA0101202501A0043924,소상공인시장진흥공단_상가(상권)정보_API (data.go.kr 15012005),202606,2026-10-04
GN-YANGSAN,양산시,씨유양산행복주택점,,편의점,경상남도 양산시 물금읍 청운로 52-43,경상남도 양산시 물금읍 물금리 895-3,물금읍,128.992776078235,35.3074720493498,MA0101202502A0012729,소상공인시장진흥공단_상가(상권)정보_API (data.go.kr 15012005),202606,2026-10-04
GN-YANGSAN,양산시,제로마켓,,편의점,경상남도 양산시 대운8길 5-3,경상남도 양산시 삼호동 189-8,서창동,129.17543221427,35.4113482433058,MA0101202506A0030621,소상공인시장진흥공단_상가(상권)정보_API (data.go.kr 15012005),202606,2026-10-04
GN-YANGSAN,양산시,세븐일레븐양산북정,제일점,편의점,경상남도 양산시 삼성7길 18,경상남도 양산시 북정동 889-5,삼성동,129.041713411288,35.3588496141395,MA0101202501A0000872,소상공인시장진흥공단_상가(상권)정보_API (data.go.kr 15012005),202606,2026-10-04
GN-YANGSAN,양산시,지에스25물금,센트럴점,편의점,경상남도 양산시 물금읍 백호2길 65,경상남도 양산시 물금읍 가촌리 1263-9,물금읍,128.998725451665,35.3187193500441,MA0101202505A0064576,소상공인시장진흥공단_상가(상권)정보_API (data.go.kr 15012005),202606,2026-10-04
GN-YANGSAN,양산시,지에스25양산서창,대동점,편의점,경상남도 양산시 소주로 181,경상남도 양산시 소주동 960-10,소주동,129.148413998454,35.4119221907948,MA0101202508A0017848,소상공인시장진흥공단_상가(상권)정보_API (data.go.kr 15012005),202606,2026-10-04
GN-YANGSAN,양산시,물금부영1차점,,편의점,경상남도 양산시 물금읍 물금로 134,경상남도 양산시 물금읍 가촌리 1272-1,물금읍,128.995776720213,35.3150553229677,MA0101202504A0111447,소상공인시장진흥공단_상가(상권)정보_API (data.go.kr 15012005),202606,2026-10-04
GN-YANGSAN,양산시,얼음꽁꽁,범어점,편의점,경상남도 양산시 물금읍 오봉로 184,경상남도 양산시 물금읍 범어리 682-1,물금읍,129.00746261189,35.3341284036995,MA0101202412A0031611,소상공인시장진흥공단_상가(상권)정보_API (data.go.kr 15012005),202606,2026-10-04
GN-YANGSAN,양산시,지에스25양산효암고점,,편의점,경상남도 양산시 서창로 143,경상남도 양산시 삼호동 714-5,서창동,129.169076748531,35.4132377826628,MA0101202507A0031022,소상공인시장진흥공단_상가(상권)정보_API (data.go.kr 15012005),202606,2026-10-04
GN-YANGSAN,양산시,씨유물금청송점,,편의점,경상남도 양산시 물금읍 목화로 75-1,경상남도 양산시 물금읍 범어리 681-9,물금읍,129.003298882472,35.3334044866947,MA0101202512A0012366,소상공인시장진흥공단_상가(상권)정보_API (data.go.kr 15012005),202606,2026-10-04
GN-YANGSAN,양산시,지에스25사송더샵,데시앙점,편의점,경상남도 양산시 동면 내송큰들1길 30,경상남도 양산시 동면 내송리 881-1,동면,129.066683816706,35.3195589694726,MA010120220803670829,소상공인시장진흥공단_상가(상권)정보_API (data.go.kr 15012005),202606,2026-10-04
GN-YANGSAN,양산시,코리아세븐양산,프라자점,편의점,경상남도 양산시 양산역7길 10,경상남도 양산시 중부동 686-7,양주동,129.02744145291,35.3379851937863,MA010120220813575507,소상공인시장진흥공단_상가(상권)정보_API (data.go.kr 15012005),202606,2026-10-04
GN-YANGSAN,양산시,세븐일레븐양산리버블루점,,편의점,경상남도 양산시 소주회야1길 13,경상남도 양산시 소주동 335-1,소주동,129.157695644603,35.4078908944315,MA010120220814007577,소상공인시장진흥공단_상가(상권)정보_API (data.go.kr 15012005),202606,2026-10-04
GN-YANGSAN,양산시,세븐일레븐양산어곡공단점,,편의점,경상남도 양산시 어곡로 8,경상남도 양산시 어곡동 184-2,강서동,129.02648483543,35.373641431886,MA010120220813023275,소상공인시장진흥공단_상가(상권)정보_API (data.go.kr 15012005),202606,2026-10-04
GN-YANGSAN,양산시,씨유양산,동면점,편의점,경상남도 양산시 동면 금오2길 61,경상남도 양산시 동면 석산리 1472-19,동면,129.024860010831,35.3138597187622,MA010120220811623311,소상공인시장진흥공단_상가(상권)정보_API (data.go.kr 15012005),202606,2026-10-04
GN-YANGSAN,양산시,비지에프리테일양산큐브에스점,,편의점,경상남도 양산시 어실로 320-81,경상남도 양산시 어곡동 700-5,강서동,129.021537516663,35.3883408280777,MA010120220803349442,소상공인시장진흥공단_상가(상권)정보_API (data.go.kr 15012005),202606,2026-10-04
GN-YANGSAN,양산시,세븐양산점,코리아,편의점,경상남도 양산시 북안남2길 20,경상남도 양산시 북부동 487-7,중앙동,129.036826141514,35.3455862110332,MA010120220808732305,소상공인시장진흥공단_상가(상권)정보_API (data.go.kr 15012005),202606,2026-10-04
GN-YANGSAN,양산시,얼음꽁꽁덕산점,,편의점,경상남도 양산시 물금읍 오봉로 27,경상남도 양산시 물금읍 범어리 549,물금읍,128.998205035001,35.3275051765243,MA0101202411A0091914,소상공인시장진흥공단_상가(상권)정보_API (data.go.kr 15012005),202606,2026-10-04
GN-YANGSAN,양산시,세븐일레븐양산남부자연점,,편의점,경상남도 양산시 서일동로 39,경상남도 양산시 중부동 432-12,양주동,129.037172691906,35.3418676626095,MA0101202411A0129417,소상공인시장진흥공단_상가(상권)정보_API (data.go.kr 15012005),202606,2026-10-04
GN-YANGSAN,양산시,세븐일레븐양산고향의봄점,,편의점,경상남도 양산시 고향의봄10길 12,경상남도 양산시 북정동 628-7,삼성동,129.047072036388,35.3580380214547,MA0101202412A0082208,소상공인시장진흥공단_상가(상권)정보_API (data.go.kr 15012005),202606,2026-10-04
GN-YANGSAN,양산시,씨유양산양주점,,편의점,경상남도 양산시 양주로 129,경상남도 양산시 중부동 694-3,양주동,129.031786819777,35.3367226991324,MA0101202505A0051062,소상공인시장진흥공단_상가(상권)정보_API (data.go.kr 15012005),202606,2026-10-04
GN-YANGSAN,양산시,지에스25양산빅토리점,,편의점,경상남도 양산시 물금읍 범어로 77,경상남도 양산시 물금읍 범어리 2712-12,물금읍,129.015467246972,35.3287685102267,MA0101202503A0001173,소상공인시장진흥공단_상가(상권)정보_API (data.go.kr 15012005),202606,2026-10-04
GN-YANGSAN,양산시,세븐양산서창점,코리아,편의점,경상남도 양산시 서창동3길 12,경상남도 양산시 삼호동 762-5,서창동,129.17167104927,35.4139300498887,MA0101202502A0071932,소상공인시장진흥공단_상가(상권)정보_API (data.go.kr 15012005),202606,2026-10-04
GN-YANGSAN,양산시,씨유양산덕계서원점,,편의점,경상남도 양산시 덕계2길 12,경상남도 양산시 덕계동 754-16,덕계동,129.147027642962,35.3704414916482,MA0101202504A0007217,소상공인시장진흥공단_상가(상권)정보_API (data.go.kr 15012005),202606,2026-10-04
GN-YANGSAN,양산시,코리아세븐양산평산,휴먼시아점,편의점,경상남도 양산시 배움터길 11,경상남도 양산시 평산동 347,평산동,129.146019548877,35.3793173909661,MA0101202412A0041372,소상공인시장진흥공단_상가(상권)정보_API (data.go.kr 15012005),202606,2026-10-04
GN-YANGSAN,양산시,세븐일레븐양산물금청운점,,편의점,경상남도 양산시 물금읍 청운로 46-1,경상남도 양산시 물금읍 물금리 894-5,물금읍,128.992380092719,35.307911130923,MA0101202502A0041298,소상공인시장진흥공단_상가(상권)정보_API (data.go.kr 15012005),202606,2026-10-04
GN-YANGSAN,양산시,세븐일레븐양산평산,휴먼시아점,편의점,경상남도 양산시 배움터길 11,경상남도 양산시 평산동 347,평산동,129.146019548877,35.3793173909661,MA0101202412A0044339,소상공인시장진흥공단_상가(상권)정보_API (data.go.kr 15012005),202606,2026-10-04
GN-YANGSAN,양산시,지에스25양산신도시,3차점,편의점,경상남도 양산시 양주로 149,경상남도 양산시 중부동 695-1,양주동,129.032043504923,35.3386288082991,MA0101202507A0033572,소상공인시장진흥공단_상가(상권)정보_API (data.go.kr 15012005),202606,2026-10-04
GN-YANGSAN,양산시,이마트24양산소주점,,편의점,경상남도 양산시 소주회야로 45-20,경상남도 양산시 소주동 409-24,소주동,129.157965781786,35.4068768220445,MA010120220810074432,소상공인시장진흥공단_상가(상권)정보_API (data.go.kr 15012005),202606,2026-10-04
GN-YANGSAN,양산시,지에스25양산석계점,,편의점,경상남도 양산시 상북면 반회서6길 11,경상남도 양산시 상북면 석계리 240-1,상북면,129.058971002246,35.4146161784056,MA010120220811616758,소상공인시장진흥공단_상가(상권)정보_API (data.go.kr 15012005),202606,2026-10-04
GN-YANGSAN,양산시,씨유가촌원룸점,,편의점,경상남도 양산시 물금읍 백호2길 16,경상남도 양산시 물금읍 가촌리 1254-9,물금읍,128.998223183571,35.3197549686424,MA010120220809865141,소상공인시장진흥공단_상가(상권)정보_API (data.go.kr 15012005),202606,2026-10-04
GN-YANGSAN,양산시,씨유물금삼정,그린점,편의점,경상남도 양산시 물금읍 메기로 199,경상남도 양산시 물금읍 가촌리 1290-3,물금읍,129.010336369251,35.311182410633,MA010120220805000620,소상공인시장진흥공단_상가(상권)정보_API (data.go.kr 15012005),202606,2026-10-04
GN-YANGSAN,양산시,씨유범어,그린점,편의점,경상남도 양산시 물금읍 화합4길 11,경상남도 양산시 물금읍 범어리 2702-7,물금읍,129.010030211322,35.3285706930111,MA010120220807051020,소상공인시장진흥공단_상가(상권)정보_API (data.go.kr 15012005),202606,2026-10-04
GN-YANGSAN,양산시,지에스25양산,스타점,편의점,경상남도 양산시 물금읍 삽량로 36,경상남도 양산시 물금읍 범어리 2711-20,물금읍,129.013428380944,35.3290277821297,MA010120220802511824,소상공인시장진흥공단_상가(상권)정보_API (data.go.kr 15012005),202606,2026-10-04
GN-YANGSAN,양산시,지에스25범어,신도시점,편의점,경상남도 양산시 물금읍 화합2길 41,경상남도 양산시 물금읍 범어리 2689-7,물금읍,129.011854108002,35.3289548729895,MA010120220814270686,소상공인시장진흥공단_상가(상권)정보_API (data.go.kr 15012005),202606,2026-10-04
GN-YANGSAN,양산시,블루25씨스페이스양산,북부점,편의점,경상남도 양산시 북안남5길 6-1,경상남도 양산시 북부동 386-11,중앙동,129.039172925252,35.3453123311532,MA0101202411A0064001,소상공인시장진흥공단_상가(상권)정보_API (data.go.kr 15012005),202606,2026-10-04
GN-YANGSAN,양산시,지에스25양산,석산점,편의점,경상남도 양산시 동면 금오10길 5-25,경상남도 양산시 동면 석산리 1478-2,동면,129.0253543546,35.3147255505182,MA0101202411A0044793,소상공인시장진흥공단_상가(상권)정보_API (data.go.kr 15012005),202606,2026-10-04
GN-YANGSAN,양산시,세븐일레븐양산어곡공단점,,편의점,경상남도 양산시 어곡로 8,경상남도 양산시 어곡동 184-2,강서동,129.02648483543,35.373641431886,MA0101202411A0043387,소상공인시장진흥공단_상가(상권)정보_API (data.go.kr 15012005),202606,2026-10-04
GN-YANGSAN,양산시,지에스25우성,행복점,편의점,경상남도 양산시 덕계서로 191-6,경상남도 양산시 덕계동 1187,덕계동,129.147566656994,35.3716844626936,MA0101202411A0112224,소상공인시장진흥공단_상가(상권)정보_API (data.go.kr 15012005),202606,2026-10-04
GN-YANGSAN,양산시,지에스25양산E편한점,,편의점,경상남도 양산시 양주로 33,경상남도 양산시 남부동 553-1,양주동,129.025671318698,35.3331577060626,MA0101202411A0090986,소상공인시장진흥공단_상가(상권)정보_API (data.go.kr 15012005),202606,2026-10-04
GN-YANGSAN,양산시,세븐일레븐,양산점,편의점,경상남도 양산시 북안남2길 20,경상남도 양산시 북부동 487-7,중앙동,129.036826141514,35.3455862110332,MA0101202411A0080194,소상공인시장진흥공단_상가(상권)정보_API (data.go.kr 15012005),202606,2026-10-04
GN-YANGSAN,양산시,GS25양산,두산위브점,편의점,경상남도 양산시 덕명로 15,경상남도 양산시 덕계동 170,덕계동,129.162058532973,35.3709573448851,MA0106202411A0776536,소상공인시장진흥공단_상가(상권)정보_API (data.go.kr 15012005),202606,2026-10-04
GN-YANGSAN,양산시,씨유가촌양우점,,편의점,경상남도 양산시 물금읍 야리로 31,경상남도 양산시 물금읍 가촌리 1269-20,물금읍,129.001887124868,35.3167385608399,MA0101202412A0066549,소상공인시장진흥공단_상가(상권)정보_API (data.go.kr 15012005),202606,2026-10-04
GN-YANGSAN,양산시,씨유사송,우미린점,편의점,경상남도 양산시 동면 사송로 58,경상남도 양산시 동면 사송리 1247-2,동면,129.074803522815,35.3047132636159,MA0101202406A0159654,소상공인시장진흥공단_상가(상권)정보_API (data.go.kr 15012005),202606,2026-10-04
GN-YANGSAN,양산시,지에스25양산세신점,,편의점,경상남도 양산시 둘넘길 3,경상남도 양산시 소주동 306,소주동,129.15793459714,35.4102475336649,MA0101202501A0058534,소상공인시장진흥공단_상가(상권)정보_API (data.go.kr 15012005),202606,2026-10-04
GN-YANGSAN,양산시,세븐일레븐양산고점,,편의점,경상남도 양산시 희망1길 13,경상남도 양산시 북부동 266,중앙동,129.042868216923,35.3470521923809,MA0101202412A0037443,소상공인시장진흥공단_상가(상권)정보_API (data.go.kr 15012005),202606,2026-10-04
GN-YANGSAN,양산시,세븐양산대로스타점,코리아,편의점,경상남도 양산시 동면 계석로 14,경상남도 양산시 동면 석산리 304,동면,129.03540890957,35.328551447971,MA010120220806845521,소상공인시장진흥공단_상가(상권)정보_API (data.go.kr 15012005),202606,2026-10-04
GN-YANGSAN,양산시,이마트24양산신기주공점,,편의점,경상남도 양산시 신기서길 31,경상남도 양산시 신기동 508-4,삼성동,129.041151469024,35.3526953127665,MA010120220811601361,소상공인시장진흥공단_상가(상권)정보_API (data.go.kr 15012005),202606,2026-10-04
GN-YANGSAN,양산시,씨유평산스카이,,편의점,경상남도 양산시 신명로 56,경상남도 양산시 평산동 564-95,평산동,129.146722181836,35.3854865617376,MA010120220805063426,소상공인시장진흥공단_상가(상권)정보_API (data.go.kr 15012005),202606,2026-10-04
GN-YANGSAN,양산시,지에스양산대동,2차점,편의점,경상남도 양산시 대운로 338,경상남도 양산시 삼호동 171,서창동,129.180807400043,35.4151620626973,MA0101202406A0370759,소상공인시장진흥공단_상가(상권)정보_API (data.go.kr 15012005),202606,2026-10-04
GN-YANGSAN,양산시,지에스25웅상점,,편의점,경상남도 양산시 덕계로 56,경상남도 양산시 덕계동 743-8,덕계동,129.150166137626,35.373043957853,MA0101202406A0508125,소상공인시장진흥공단_상가(상권)정보_API (data.go.kr 15012005),202606,2026-10-04
GN-YANGSAN,양산시,지에스25양산리버타운점,,편의점,경상남도 양산시 소주회야로 75-1,경상남도 양산시 소주동 147-1,소주동,129.159318169385,35.4101236730485,MA0101202409A0041395,소상공인시장진흥공단_상가(상권)정보_API (data.go.kr 15012005),202606,2026-10-04
GN-YANGSAN,양산시,씨유양산어곡점,,편의점,경상남도 양산시 어실로 317,경상남도 양산시 어곡동 753-3,강서동,129.018966263353,35.3867257441104,MA0101202409A0186021,소상공인시장진흥공단_상가(상권)정보_API (data.go.kr 15012005),202606,2026-10-04
GN-YANGSAN,양산시,씨유양산트리마제점,,편의점,경상남도 양산시 신덕계2길 15,경상남도 양산시 덕계동 1579-1,덕계동,129.159009304252,35.3766708901709,MA0101202409A0035332,소상공인시장진흥공단_상가(상권)정보_API (data.go.kr 15012005),202606,2026-10-04
GN-YANGSAN,양산시,지에스25양산청운점,,편의점,경상남도 양산시 물금읍 청운로 346,경상남도 양산시 물금읍 범어리 2715-18,물금읍,129.016249582427,35.3266197394738,MA0101202409A0097429,소상공인시장진흥공단_상가(상권)정보_API (data.go.kr 15012005),202606,2026-10-04
GN-UIRYEONG,의령군,지에스25의령,중동점,편의점,경상남도 의령군 의령읍 의병로 238-1,경상남도 의령군 의령읍 중동리 393-7,의령읍,128.262794432087,35.3197974533735,MA0101202307A0022645,소상공인시장진흥공단_상가(상권)정보_API (data.go.kr 15012005),202606,2026-10-04
GN-UIRYEONG,의령군,지에스25의령신반점,,편의점,경상남도 의령군 부림면 대한로 1730,경상남도 의령군 부림면 신반리 161-38,부림면,128.321950250151,35.4644999164606,MA010120220803282828,소상공인시장진흥공단_상가(상권)정보_API (data.go.kr 15012005),202606,2026-10-04
GN-UIRYEONG,의령군,씨유의령신반점,,편의점,경상남도 의령군 부림면 신번로 148,경상남도 의령군 부림면 신반리 545-12,부림면,128.324473247588,35.4665360812013,MA010120220813884893,소상공인시장진흥공단_상가(상권)정보_API (data.go.kr 15012005),202606,2026-10-04
GN-UIRYEONG,의령군,지에스25의령도서관점,,편의점,경상남도 의령군 의령읍 의병로25길 13,경상남도 의령군 의령읍 동동리 940-1,의령읍,128.266446356278,35.319164420218,MA0101202406A0190573,소상공인시장진흥공단_상가(상권)정보_API (data.go.kr 15012005),202606,2026-10-04
GN-UIRYEONG,의령군,씨유의령,에이스점,편의점,경상남도 의령군 의령읍 백산로 3,경상남도 의령군 의령읍 동동리 1025-6,의령읍,128.2642007054,35.3204226527385,MA0101202406A0307286,소상공인시장진흥공단_상가(상권)정보_API (data.go.kr 15012005),202606,2026-10-04
GN-UIRYEONG,의령군,세븐일레븐의령중동,센터점,편의점,경상남도 의령군 의령읍 충익로 16,경상남도 의령군 의령읍 중동리 435-19,의령읍,128.262285389359,35.3174684986421,MA010120220810832250,소상공인시장진흥공단_상가(상권)정보_API (data.go.kr 15012005),202606,2026-10-04
GN-UIRYEONG,의령군,세븐일레븐의령점,,편의점,경상남도 의령군 의령읍 의병로 201,경상남도 의령군 의령읍 서동리 478-14,의령읍,128.258699548073,35.3195247136489,MA010120220810864602,소상공인시장진흥공단_상가(상권)정보_API (data.go.kr 15012005),202606,2026-10-04
GN-UIRYEONG,의령군,GS25의령점,,편의점,경상남도 의령군 의령읍 의병로 212-1,경상남도 의령군 의령읍 서동리 490-36,의령읍,128.259973800654,35.3194393393428,MA010120220810864285,소상공인시장진흥공단_상가(상권)정보_API (data.go.kr 15012005),202606,2026-10-04
GN-UIRYEONG,의령군,씨유의령동동점,,편의점,경상남도 의령군 의령읍 남산로 15,경상남도 의령군 의령읍 동동리 981,의령읍,128.26806381334,35.3192285796428,MA010120220804981293,소상공인시장진흥공단_상가(상권)정보_API (data.go.kr 15012005),202606,2026-10-04
GN-UIRYEONG,의령군,씨유의령서동점,,편의점,경상남도 의령군 의령읍 의병로7길 9-1,경상남도 의령군 의령읍 서동리 289-3,의령읍,128.254173671841,35.3198241027244,MA010120220810874317,소상공인시장진흥공단_상가(상권)정보_API (data.go.kr 15012005),202606,2026-10-04
GN-UIRYEONG,의령군,씨유의령서동점,,편의점,경상남도 의령군 의령읍 의병로7길 9-1,경상남도 의령군 의령읍 서동리 289-3,의령읍,128.254173671841,35.3198241027244,MA0101202210A0080832,소상공인시장진흥공단_상가(상권)정보_API (data.go.kr 15012005),202606,2026-10-04
GN-UIRYEONG,의령군,씨유의령서동원룸점,,편의점,경상남도 의령군 의령읍 의병로14길 20-1,경상남도 의령군 의령읍 서동리 499-24,의령읍,128.25900060888,35.3176649766619,MA010120220812919906,소상공인시장진흥공단_상가(상권)정보_API (data.go.kr 15012005),202606,2026-10-04
GN-UIRYEONG,의령군,Ing25편의점,,편의점,경상남도 의령군 의령읍 의합대로 105-8,경상남도 의령군 의령읍 무전리 220-1,의령읍,128.283004535095,35.3259836107445,MA010120220810874934,소상공인시장진흥공단_상가(상권)정보_API (data.go.kr 15012005),202606,2026-10-04
GN-HAMAN,함안군,씨유함안IC점,,편의점,경상남도 함안군 가야읍 함안대로 644,경상남도 함안군 가야읍 도항리 254-105,가야읍,128.402911747514,35.2836537800386,MA010120220808537273,소상공인시장진흥공단_상가(상권)정보_API (data.go.kr 15012005),202606,2026-10-04
GN-HAMAN,함안군,지에스25함안유현점,,편의점,경상남도 함안군 군북면 국우로 135,경상남도 함안군 군북면 유현리 1171,군북면,128.345441867046,35.3031430019,MA010120220810320282,소상공인시장진흥공단_상가(상권)정보_API (data.go.kr 15012005),202606,2026-10-04
GN-HAMAN,함안군,지에스2539사단충무부대,,편의점,경상남도 함안군 군북면 장신골길 70,경상남도 함안군 군북면 소포리 1648,군북면,128.352612841963,35.2583786615081,MA0101202409A0129867,소상공인시장진흥공단_상가(상권)정보_API (data.go.kr 15012005),202606,2026-10-04
GN-HAMAN,함안군,씨유함마대로주유소점,,편의점,경상남도 함안군 산인면 함마대로 2367-1,경상남도 함안군 산인면 신산리 167-1,산인면,128.481510236306,35.2655659104659,MA0101202406A0088087,소상공인시장진흥공단_상가(상권)정보_API (data.go.kr 15012005),202606,2026-10-04
GN-HAMAN,함안군,지에스25함안말산점,,편의점,경상남도 함안군 가야읍 말산1길 24,경상남도 함안군 가야읍 말산리 183-2,가야읍,128.40928988276,35.2743237876564,MA010120220802687151,소상공인시장진흥공단_상가(상권)정보_API (data.go.kr 15012005),202606,2026-10-04
GN-HAMAN,함안군,지에스25산인공단점,,편의점,경상남도 함안군 산인면 신산로 159,경상남도 함안군 산인면 신산리 725,산인면,128.481948235929,35.267290930985,MA010120220810443498,소상공인시장진흥공단_상가(상권)정보_API (data.go.kr 15012005),202606,2026-10-04
GN-HAMAN,함안군,씨유함안칠원점,,편의점,경상남도 함안군 칠원읍 경남대로 1524,경상남도 함안군 칠원읍 예곡리 426-3,칠원읍,128.531286900972,35.2759681607333,MA0101202310A0011448,소상공인시장진흥공단_상가(상권)정보_API (data.go.kr 15012005),202606,2026-10-04
GN-HAMAN,함안군,세븐일레븐함안칠원주공점,,편의점,경상남도 함안군 칠원읍 성내3길 1,경상남도 함안군 칠원읍 구성리 804-13,칠원읍,128.521841012044,35.3044491996445,MA010120220810857370,소상공인시장진흥공단_상가(상권)정보_API (data.go.kr 15012005),202606,2026-10-04
GN-HAMAN,함안군,이마트24함안부봉점,,편의점,경상남도 함안군 산인면 송산로 331,경상남도 함안군 산인면 부봉리 545,산인면,128.43898174323,35.3039586289401,MA010120220812192010,소상공인시장진흥공단_상가(상권)정보_API (data.go.kr 15012005),202606,2026-10-04
GN-HAMAN,함안군,씨유함안칠서IC점,,편의점,경상남도 함안군 칠서면 유성로 4,경상남도 함안군 칠서면 무릉리 842,칠서면,128.510135824342,35.3211876420573,MA010120220804337180,소상공인시장진흥공단_상가(상권)정보_API (data.go.kr 15012005),202606,2026-10-04
GN-HAMAN,함안군,세븐일레븐함안법수공단점,,편의점,경상남도 함안군 법수면 법수로 390,경상남도 함안군 법수면 윤외리 1758-2,법수면,128.367149697847,35.3106683058319,MA010120220806359227,소상공인시장진흥공단_상가(상권)정보_API (data.go.kr 15012005),202606,2026-10-04
GN-HAMAN,함안군,세븐일레븐함안칠서,대치점,편의점,경상남도 함안군 칠서면 공단상가3길 75,경상남도 함안군 칠서면 대치리 327-4,칠서면,128.485532675703,35.3587854497187,MA010120220804762369,소상공인시장진흥공단_상가(상권)정보_API (data.go.kr 15012005),202606,2026-10-04
GN-HAMAN,함안군,이마트24함안칠원,용산점,편의점,경상남도 함안군 칠원읍 구성길 21,경상남도 함안군 칠원읍 용산리 99,칠원읍,128.518057660609,35.3061370016326,MA0101202307A0016856,소상공인시장진흥공단_상가(상권)정보_API (data.go.kr 15012005),202606,2026-10-04
GN-HAMAN,함안군,CU함안산업단지점,,편의점,경상남도 함안군 군북면 함안산단로 71-72,경상남도 함안군 군북면 월촌리 2002,군북면,128.313727801377,35.2904504879154,MA010120220809930319,소상공인시장진흥공단_상가(상권)정보_API (data.go.kr 15012005),202606,2026-10-04
GN-HAMAN,함안군,세븐일레븐함안일등점,,편의점,경상남도 함안군 함안면 북촌3길 101,경상남도 함안군 함안면 북촌리 913-3,함안면,128.424340176803,35.2425856819902,MA010120220805724726,소상공인시장진흥공단_상가(상권)정보_API (data.go.kr 15012005),202606,2026-10-04
GN-HAMAN,함안군,씨유가야아라점,,편의점,경상남도 함안군 가야읍 가야로 38,경상남도 함안군 가야읍 말산리 460-20,가야읍,128.405329304321,35.2772628838167,MA010120220805132144,소상공인시장진흥공단_상가(상권)정보_API (data.go.kr 15012005),202606,2026-10-04
GN-HAMAN,함안군,지에스25용산,사거리점,편의점,경상남도 함안군 칠원읍 운무로 6,경상남도 함안군 칠원읍 구성리 665-3,칠원읍,128.519494499316,35.3088947461224,MA010120220808726483,소상공인시장진흥공단_상가(상권)정보_API (data.go.kr 15012005),202606,2026-10-04
GN-HAMAN,함안군,씨유함안노블리안점,,편의점,경상남도 함안군 가야읍 가야18길 20,경상남도 함안군 가야읍 말산리 23,가야읍,128.41404300115,35.2796938412387,MA0101202301A0081917,소상공인시장진흥공단_상가(상권)정보_API (data.go.kr 15012005),202606,2026-10-04
GN-HAMAN,함안군,씨유가야도항점,,편의점,경상남도 함안군 가야읍 함마대로 1500,경상남도 함안군 가야읍 도항리 322-3,가야읍,128.399711155442,35.2752281110227,MA0101202211A0031568,소상공인시장진흥공단_상가(상권)정보_API (data.go.kr 15012005),202606,2026-10-04
GN-HAMAN,함안군,세븐일레븐칠서공단점,,편의점,경상남도 함안군 칠서면 계내1길 13,경상남도 함안군 칠서면 계내리 1048-2,칠서면,128.478615410835,35.3782286845399,MA010120220806979810,소상공인시장진흥공단_상가(상권)정보_API (data.go.kr 15012005),202606,2026-10-04
GN-HAMAN,함안군,비지에프휴먼넷CUE함안휴게소,순천점,편의점,경상남도 함안군 군북면 현포로 205-1,경상남도 함안군 군북면 장지리 996-3,군북면,128.343836113815,35.293796809217,MA010120220804414589,소상공인시장진흥공단_상가(상권)정보_API (data.go.kr 15012005),202606,2026-10-04
GN-HAMAN,함안군,세븐일레븐함안아라타운점,,편의점,경상남도 함안군 가야읍 함마대로 1382,경상남도 함안군 가야읍 가야리 893,가야읍,128.388368572625,35.2713212160632,MA010120220811795176,소상공인시장진흥공단_상가(상권)정보_API (data.go.kr 15012005),202606,2026-10-04
GN-HAMAN,함안군,세븐일레븐함안법수점,,편의점,경상남도 함안군 법수면 법수로 287,경상남도 함안군 법수면 우거리 708-2,법수면,128.357827545741,35.3127380856216,MA010120220810864017,소상공인시장진흥공단_상가(상권)정보_API (data.go.kr 15012005),202606,2026-10-04
GN-HAMAN,함안군,세븐일레븐함안칠원오곡점,,편의점,경상남도 함안군 칠원읍 오곡로 70,경상남도 함안군 칠원읍 예곡리 704,칠원읍,128.523173890465,35.2776027008237,MA010120220808418210,소상공인시장진흥공단_상가(상권)정보_API (data.go.kr 15012005),202606,2026-10-04
GN-HAMAN,함안군,씨유함안강주점,,편의점,경상남도 함안군 법수면 장백로 528-65,경상남도 함안군 법수면 강주리 1410,법수면,128.33137533246,35.3108782634237,MA010120220804736098,소상공인시장진흥공단_상가(상권)정보_API (data.go.kr 15012005),202606,2026-10-04
GN-HAMAN,함안군,씨유함안칠원,유원점,편의점,경상남도 함안군 칠원읍 유장길 3,경상남도 함안군 칠원읍 유원리 471-1,칠원읍,128.498429932988,35.2988114667541,MA010120220800162164,소상공인시장진흥공단_상가(상권)정보_API (data.go.kr 15012005),202606,2026-10-04
GN-HAMAN,함안군,씨유함안군청,정문점,편의점,경상남도 함안군 가야읍 함안대로 507,경상남도 함안군 가야읍 말산리 203-4,가야읍,128.408327372404,35.2726857081576,MA010120220810866919,소상공인시장진흥공단_상가(상권)정보_API (data.go.kr 15012005),202606,2026-10-04
GN-HAMAN,함안군,복마니마트,,편의점,경상남도 함안군 가야읍 가야로 60,경상남도 함안군 가야읍 말산리 527-4,가야읍,128.407764091417,35.2776040833996,MA010120220810846656,소상공인시장진흥공단_상가(상권)정보_API (data.go.kr 15012005),202606,2026-10-04
GN-HAMAN,함안군,세븐일레븐함안칠원공단점,,편의점,경상남도 함안군 칠원읍 동대이길 20,경상남도 함안군 칠원읍 무기리 939-6,칠원읍,128.53333540577,35.2965984584339,MA010120220806693753,소상공인시장진흥공단_상가(상권)정보_API (data.go.kr 15012005),202606,2026-10-04
GN-HAMAN,함안군,씨유함안법수점,,편의점,경상남도 함안군 법수면 법수로 577,경상남도 함안군 법수면 윤외리 169-24,법수면,128.384230119641,35.3180714899436,MA010120220810424126,소상공인시장진흥공단_상가(상권)정보_API (data.go.kr 15012005),202606,2026-10-04
GN-HAMAN,함안군,세븐일레븐함안칠북휴게소점,,편의점,경상남도 함안군 칠북면 경남대로 2401,경상남도 함안군 칠북면 화천리 68-2,칠북면,128.517257904326,35.3498296094455,MA010120220809666862,소상공인시장진흥공단_상가(상권)정보_API (data.go.kr 15012005),202606,2026-10-04
GN-HAMAN,함안군,세븐일레븐함안칠서스마일점,,편의점,경상남도 함안군 칠서면 삼칠로 281-4,경상남도 함안군 칠서면 무릉리 925-3,칠서면,128.509008495437,35.3179212375722,MA010120220813491916,소상공인시장진흥공단_상가(상권)정보_API (data.go.kr 15012005),202606,2026-10-04
GN-HAMAN,함안군,에스더블유산업,,편의점,경상남도 함안군 군북면 함안산단2길 49-20,경상남도 함안군 군북면 사도리 1326,군북면,128.319931888038,35.2873366760642,MA010120220813911328,소상공인시장진흥공단_상가(상권)정보_API (data.go.kr 15012005),202606,2026-10-04
GN-HAMAN,함안군,세븐일레븐함안칠북점,,편의점,경상남도 함안군 칠북면 칠북로 40,경상남도 함안군 칠북면 검단리 1393-48,칠북면,128.521776890188,35.347375527288,MA010120220808598441,소상공인시장진흥공단_상가(상권)정보_API (data.go.kr 15012005),202606,2026-10-04
GN-HAMAN,함안군,씨유함안아라점,,편의점,경상남도 함안군 가야읍 함안대로 534,경상남도 함안군 가야읍 말산리 144-1,가야읍,128.406889320098,35.2746851955245,MA010120220810866475,소상공인시장진흥공단_상가(상권)정보_API (data.go.kr 15012005),202606,2026-10-04
GN-HAMAN,함안군,씨유함안,자이점,편의점,경상남도 함안군 칠원읍 삼호길 181,경상남도 함안군 칠원읍 오곡리 1-1,칠원읍,128.523754290871,35.2745582273251,MA010120220806358299,소상공인시장진흥공단_상가(상권)정보_API (data.go.kr 15012005),202606,2026-10-04
GN-HAMAN,함안군,미니스톱함안,가야점,편의점,경상남도 함안군 가야읍 가야로 65,경상남도 함안군 가야읍 말산리 628-3,가야읍,128.40836416561,35.2779846355745,MA010120220810874341,소상공인시장진흥공단_상가(상권)정보_API (data.go.kr 15012005),202606,2026-10-04
GN-HAMAN,함안군,씨유뉴함안군북점,,편의점,경상남도 함안군 군북면 함마대로 807,경상남도 함안군 군북면 중암리 97-8,군북면,128.345652873176,35.2620883556974,MA010120220811101533,소상공인시장진흥공단_상가(상권)정보_API (data.go.kr 15012005),202606,2026-10-04
GN-HAMAN,함안군,세븐일레븐함안대산점,,편의점,경상남도 함안군 대산면 대산중앙로 205,경상남도 함안군 대산면 구혜리 255-7,대산면,128.428962440837,35.3518522324093,MA010120220810902119,소상공인시장진흥공단_상가(상권)정보_API (data.go.kr 15012005),202606,2026-10-04
GN-HAMAN,함안군,GS25칠원벽산점,,편의점,경상남도 함안군 칠원읍 오곡로 103,경상남도 함안군 칠원읍 오곡리 87,칠원읍,128.51961903476,35.2743939545559,MA010120220810874509,소상공인시장진흥공단_상가(상권)정보_API (data.go.kr 15012005),202606,2026-10-04
GN-HAMAN,함안군,이마트24함안칠원점,,편의점,경상남도 함안군 칠원읍 동대이길 68,경상남도 함안군 칠원읍 무기리 946-2,칠원읍,128.533412515865,35.2983548810054,MA010120220811975635,소상공인시장진흥공단_상가(상권)정보_API (data.go.kr 15012005),202606,2026-10-04
GN-HAMAN,함안군,비지에프휴먼넷CUE함안휴게소,부산점,편의점,경상남도 함안군 군북면 현포로 205,경상남도 함안군 군북면 유현리 804-1,군북면,128.348062757682,35.2934613660234,MA010120220803197841,소상공인시장진흥공단_상가(상권)정보_API (data.go.kr 15012005),202606,2026-10-04
GN-HAMAN,함안군,GS25함안칠원점,,편의점,경상남도 함안군 칠원읍 경남대로 1512,경상남도 함안군 칠원읍 예곡리 400-12,칠원읍,128.531643167168,35.2750443908652,MA010120220810867524,소상공인시장진흥공단_상가(상권)정보_API (data.go.kr 15012005),202606,2026-10-04
GN-HAMAN,함안군,세븐일레븐함안칠원세중점,,편의점,경상남도 함안군 칠원읍 삼칠로 7,경상남도 함안군 칠원읍 구성리 209,칠원읍,128.529200073747,35.3005801939815,MA010120220812332127,소상공인시장진흥공단_상가(상권)정보_API (data.go.kr 15012005),202606,2026-10-04
GN-HAMAN,함안군,지에스25함안동신점,,편의점,경상남도 함안군 가야읍 도항2길 57,경상남도 함안군 가야읍 도항리 224-4,가야읍,128.406430433198,35.2837390889607,MA010120220803828465,소상공인시장진흥공단_상가(상권)정보_API (data.go.kr 15012005),202606,2026-10-04
GN-HAMAN,함안군,지에스25함안칠서점,,편의점,경상남도 함안군 칠서면 함의로 29,경상남도 함안군 칠서면 무릉리 1060-1,칠서면,128.506949885594,35.3148286533856,MA010120220810867032,소상공인시장진흥공단_상가(상권)정보_API (data.go.kr 15012005),202606,2026-10-04
GN-HAMAN,함안군,GS25함마대로점,,편의점,경상남도 함안군 가야읍 함마대로 1505,경상남도 함안군 가야읍 도항리 321-9,가야읍,128.399951827705,35.2758021270819,MA010120220810866139,소상공인시장진흥공단_상가(상권)정보_API (data.go.kr 15012005),202606,2026-10-04
GN-HAMAN,함안군,세븐함안칠원오곡점,코리아,편의점,경상남도 함안군 칠원읍 오곡로 70,경상남도 함안군 칠원읍 예곡리 704,칠원읍,128.523173890465,35.2776027008237,MA010120220811976104,소상공인시장진흥공단_상가(상권)정보_API (data.go.kr 15012005),202606,2026-10-04
GN-HAMAN,함안군,빅마트편의점,,편의점,경상남도 함안군 칠원읍 호암길 22,경상남도 함안군 칠원읍 오곡리 125-10,칠원읍,128.521392837005,35.2752188181364,MA010120220810870991,소상공인시장진흥공단_상가(상권)정보_API (data.go.kr 15012005),202606,2026-10-04
GN-HAMAN,함안군,세븐일레븐함안,가야점,편의점,경상남도 함안군 가야읍 가야로 150,경상남도 함안군 가야읍 검암리 970-2,가야읍,128.417547852208,35.2789949033726,MA0101202602A0015662,소상공인시장진흥공단_상가(상권)정보_API (data.go.kr 15012005),202606,2026-10-04
GN-HAMAN,함안군,스쿱무인아이스크림,,편의점,경상남도 함안군 가야읍 중앙본길 37-16,경상남도 함안군 가야읍 말산리 234-4,가야읍,128.408788538559,35.2726623130299,MA0101202604A0054110,소상공인시장진흥공단_상가(상권)정보_API (data.go.kr 15012005),202606,2026-10-04
GN-HAMAN,함안군,이마트24함안산인점,,편의점,경상남도 함안군 산인면 함마대로 2414,경상남도 함안군 산인면 신산리 121,산인면,128.487071159003,35.2643981633353,MA0101202510A0029758,소상공인시장진흥공단_상가(상권)정보_API (data.go.kr 15012005),202606,2026-10-04
GN-HAMAN,함안군,씨유칠서공단점,,편의점,경상남도 함안군 칠서면 삼칠로 849,경상남도 함안군 칠서면 대치리 319-7,칠서면,128.484892382612,35.3616682402148,MA0101202510A0029105,소상공인시장진흥공단_상가(상권)정보_API (data.go.kr 15012005),202606,2026-10-04
GN-HAMAN,함안군,씨유뉴함안장지IC점,,편의점,경상남도 함안군 군북면 장백로 325,경상남도 함안군 군북면 장지리 745-7,군북면,128.337577615075,35.2942447210944,MA0101202603A0006450,소상공인시장진흥공단_상가(상권)정보_API (data.go.kr 15012005),202606,2026-10-04
GN-HAMAN,함안군,지에스25함안성내남점,,편의점,경상남도 함안군 가야읍 성내남길 199-6,경상남도 함안군 가야읍 도항리 327-2,가야읍,128.399628638341,35.274264726014,MA010120220810867978,소상공인시장진흥공단_상가(상권)정보_API (data.go.kr 15012005),202606,2026-10-04
GN-HAMAN,함안군,세븐일레븐함안월촌휴게소점,,편의점,경상남도 함안군 군북면 월촌1길 7,경상남도 함안군 군북면 월촌리 246-1,군북면,128.312869345032,35.2856200375755,MA0101202507A0007484,소상공인시장진흥공단_상가(상권)정보_API (data.go.kr 15012005),202606,2026-10-04
GN-HAMAN,함안군,하프타임함안산인점,,편의점,경상남도 함안군 산인면 외동길 3,경상남도 함안군 산인면 내인리 289-1,산인면,128.431899601391,35.2932367811915,MA010120220809661774,소상공인시장진흥공단_상가(상권)정보_API (data.go.kr 15012005),202606,2026-10-04
GN-HAMAN,함안군,세븐함안가야점,코리아,편의점,경상남도 함안군 가야읍 가야로 150,경상남도 함안군 가야읍 검암리 970-2,가야읍,128.417547852208,35.2789949033726,MA0101202504A0059133,소상공인시장진흥공단_상가(상권)정보_API (data.go.kr 15012005),202606,2026-10-04
GN-HAMAN,함안군,씨유함안칠북공단점,,편의점,경상남도 함안군 칠북면 단내로 35,경상남도 함안군 칠북면 검단리 1124,칠북면,128.52527464962,35.3473674802444,MA010120220812265799,소상공인시장진흥공단_상가(상권)정보_API (data.go.kr 15012005),202606,2026-10-04
GN-HAMAN,함안군,씨유함안칠서점,,편의점,경상남도 함안군 칠서면 삼칠로 1158,경상남도 함안군 칠서면 계내리 251-2,칠서면,128.48894157957,35.3826620552258,MA0101202502A0097606,소상공인시장진흥공단_상가(상권)정보_API (data.go.kr 15012005),202606,2026-10-04
GN-HAMAN,함안군,세븐일레븐함안도항주공점,,편의점,경상남도 함안군 가야읍 성내북길 55,경상남도 함안군 가야읍 도항리 307,가야읍,128.399111344406,35.2767761915043,MA0101202412A0016552,소상공인시장진흥공단_상가(상권)정보_API (data.go.kr 15012005),202606,2026-10-04
GN-HAMAN,함안군,이마트24함안,가야점,편의점,경상남도 함안군 가야읍 성내남길 186,경상남도 함안군 가야읍 도항리 323-4,가야읍,128.400258381919,35.2750956020973,MA010120220813451468,소상공인시장진흥공단_상가(상권)정보_API (data.go.kr 15012005),202606,2026-10-04
GN-HAMAN,함안군,블루Blue25창녕함안보,,편의점,경상남도 함안군 칠북면 봉촌2길 427,경상남도 함안군 칠북면 봉촌리 260-1,칠북면,128.550259543361,35.3769520195993,MA010120220805836360,소상공인시장진흥공단_상가(상권)정보_API (data.go.kr 15012005),202606,2026-10-04
GN-HAMAN,함안군,이마트24SMART함안대박주유소점,,편의점,경상남도 함안군 산인면 함마대로 1834,경상남도 함안군 산인면 송정리 792-5,산인면,128.430047216592,35.2766667467963,MA010120220813744794,소상공인시장진흥공단_상가(상권)정보_API (data.go.kr 15012005),202606,2026-10-04
GN-HAMAN,함안군,지에스25칠원,용산점,편의점,경상남도 함안군 칠원읍 원서로 22,경상남도 함안군 칠원읍 용산리 37-7,칠원읍,128.517666069301,35.3075388269799,MA010120220808385401,소상공인시장진흥공단_상가(상권)정보_API (data.go.kr 15012005),202606,2026-10-04
GN-CHANGNYEONG,창녕군,비지에프휴먼넷CUE영산휴게소,창원점,편의점,경상남도 창녕군 영산면 장척호수길 56-110,경상남도 창녕군 영산면 신제리 1479-1,영산면,128.495689656888,35.4286581284719,MA010120220806423036,소상공인시장진흥공단_상가(상권)정보_API (data.go.kr 15012005),202606,2026-10-04
GN-CHANGNYEONG,창녕군,세븐일레븐부곡,온천점,편의점,경상남도 창녕군 부곡면 온천중앙로 52,경상남도 창녕군 부곡면 거문리 224-1,부곡면,128.589926628251,35.438538683923,MA0101202409A0012935,소상공인시장진흥공단_상가(상권)정보_API (data.go.kr 15012005),202606,2026-10-04
GN-CHANGNYEONG,창녕군,씨유남지,대흥점,편의점,경상남도 창녕군 남지읍 남고길 5,경상남도 창녕군 남지읍 남지리 833-2,남지읍,128.473122636497,35.3872089286237,MA010120220808064323,소상공인시장진흥공단_상가(상권)정보_API (data.go.kr 15012005),202606,2026-10-04
GN-CHANGNYEONG,창녕군,세븐일레븐창녕말흘,센터점,편의점,경상남도 창녕군 창녕읍 창녕대로 182,경상남도 창녕군 창녕읍 말흘리 780-3,창녕읍,128.502475761722,35.5306629273087,MA010120220806455941,소상공인시장진흥공단_상가(상권)정보_API (data.go.kr 15012005),202606,2026-10-04
GN-CHANGNYEONG,창녕군,씨유창녕영산만년교점,,편의점,경상남도 창녕군 영산면 남산공원길 1,경상남도 창녕군 영산면 동리 128-10,영산면,128.529418048511,35.4538119523327,MA0101202310A0087177,소상공인시장진흥공단_상가(상권)정보_API (data.go.kr 15012005),202606,2026-10-04
GN-CHANGNYEONG,창녕군,이마트24창녕남지,중앙로점,편의점,경상남도 창녕군 남지읍 남지중앙로 128,경상남도 창녕군 남지읍 남지리 167-1,남지읍,128.483213439016,35.3925648924721,MA0101202406A0279066,소상공인시장진흥공단_상가(상권)정보_API (data.go.kr 15012005),202606,2026-10-04
GN-CHANGNYEONG,창녕군,일성콘도앤리조트부곡지점,,편의점,경상남도 창녕군 부곡면 온천로 594,경상남도 창녕군 부곡면 거문리 203-10,부곡면,128.587310819723,35.4371131585209,MA0101202409A0125082,소상공인시장진흥공단_상가(상권)정보_API (data.go.kr 15012005),202606,2026-10-04
GN-CHANGNYEONG,창녕군,인지,,편의점,경상남도 창녕군 창녕읍 창녕대로 326,경상남도 창녕군 창녕읍 퇴천리 135-3,창녕읍,128.504395158038,35.5183195456472,MA010120220814049614,소상공인시장진흥공단_상가(상권)정보_API (data.go.kr 15012005),202606,2026-10-04
GN-CHANGNYEONG,창녕군,지에스25남지,터미널점,편의점,경상남도 창녕군 남지읍 동포옛길 17,경상남도 창녕군 남지읍 남지리 294-26,남지읍,128.483483135542,35.3910655472524,MA0101202406A0494917,소상공인시장진흥공단_상가(상권)정보_API (data.go.kr 15012005),202606,2026-10-04
GN-CHANGNYEONG,창녕군,지에스25창녕넥센점,,편의점,경상남도 창녕군 창녕읍 조산1길 26,경상남도 창녕군 창녕읍 조산리 104,창녕읍,128.484964008606,35.5381976339865,MA0101202211A0091191,소상공인시장진흥공단_상가(상권)정보_API (data.go.kr 15012005),202606,2026-10-04
GN-CHANGNYEONG,창녕군,이마트24창녕,연지점,편의점,경상남도 창녕군 영산면 영산계성로 24,경상남도 창녕군 영산면 동리 202-3,영산면,128.527482680644,35.45339486876,MA0101202306A0068938,소상공인시장진흥공단_상가(상권)정보_API (data.go.kr 15012005),202606,2026-10-04
GN-CHANGNYEONG,창녕군,세븐일레븐창녕신라점,,편의점,경상남도 창녕군 창녕읍 척경비로 21,경상남도 창녕군 창녕읍 말흘리 177-2,창녕읍,128.502410467714,35.5395766305742,MA0101202311A0082205,소상공인시장진흥공단_상가(상권)정보_API (data.go.kr 15012005),202606,2026-10-04
GN-CHANGNYEONG,창녕군,세븐일레븐창녕,터미널점,편의점,경상남도 창녕군 창녕읍 창녕대로 11,경상남도 창녕군 창녕읍 교리 1040-1,창녕읍,128.49034839218,35.5425741317173,MA0101202310A0007558,소상공인시장진흥공단_상가(상권)정보_API (data.go.kr 15012005),202606,2026-10-04
GN-CHANGNYEONG,창녕군,지에스25남지유채점,,편의점,경상남도 창녕군 남지읍 남지중앙로 8-2,경상남도 창녕군 남지읍 마산리 992-8,남지읍,128.470203399939,35.3900833599789,MA010120220801522258,소상공인시장진흥공단_상가(상권)정보_API (data.go.kr 15012005),202606,2026-10-04
GN-CHANGNYEONG,창녕군,이마트24창녕,남지점,편의점,경상남도 창녕군 남지읍 남지중앙1길 91-4,경상남도 창녕군 남지읍 남지리 991-5,남지읍,128.4795302418,35.3927722861942,MA010120220813598572,소상공인시장진흥공단_상가(상권)정보_API (data.go.kr 15012005),202606,2026-10-04
GN-CHANGNYEONG,창녕군,씨유창녕말흘점,,편의점,경상남도 창녕군 창녕읍 화왕산1로 74,경상남도 창녕군 창녕읍 말흘리 222-6,창녕읍,128.503540602506,35.5375078033076,MA010120220807794684,소상공인시장진흥공단_상가(상권)정보_API (data.go.kr 15012005),202606,2026-10-04
GN-CHANGNYEONG,창녕군,인교슈퍼,,편의점,경상남도 창녕군 부곡면 온천로 1183,경상남도 창녕군 부곡면 수다리 5-13,부곡면,128.649207381371,35.4262891324839,MA0101202306A0099907,소상공인시장진흥공단_상가(상권)정보_API (data.go.kr 15012005),202606,2026-10-04
GN-CHANGNYEONG,창녕군,지에스25창녕시니어점,,편의점,경상남도 창녕군 창녕읍 남창녕로 5,경상남도 창녕군 창녕읍 말흘리 776-1,창녕읍,128.502606919115,35.5311930026366,MA0101202306A0014741,소상공인시장진흥공단_상가(상권)정보_API (data.go.kr 15012005),202606,2026-10-04
GN-CHANGNYEONG,창녕군,씨유창녕남지원룸점,,편의점,경상남도 창녕군 남지읍 남지중앙2길 72,경상남도 창녕군 남지읍 남지리 985-13,남지읍,128.477219177083,35.3927825488246,MA0101202306A0085399,소상공인시장진흥공단_상가(상권)정보_API (data.go.kr 15012005),202606,2026-10-04
GN-CHANGNYEONG,창녕군,세븐창녕남지유채점,코리아,편의점,경상남도 창녕군 남지읍 남지중앙1길 56,경상남도 창녕군 남지읍 남지리 979-1,남지읍,128.47566637601,35.3915217895092,MA010120220809618161,소상공인시장진흥공단_상가(상권)정보_API (data.go.kr 15012005),202606,2026-10-04
GN-CHANGNYEONG,창녕군,GS25창녕화왕점,,편의점,경상남도 창녕군 창녕읍 화왕산1로 51,경상남도 창녕군 창녕읍 말흘리 198-20,창녕읍,128.501151440801,35.5376907765399,MA010120220810870765,소상공인시장진흥공단_상가(상권)정보_API (data.go.kr 15012005),202606,2026-10-04
GN-CHANGNYEONG,창녕군,씨유남지소윤점,,편의점,경상남도 창녕군 남지읍 낙동로 415,경상남도 창녕군 남지읍 마산리 943,남지읍,128.469730737309,35.3882956705649,MA010120220807571919,소상공인시장진흥공단_상가(상권)정보_API (data.go.kr 15012005),202606,2026-10-04
GN-CHANGNYEONG,창녕군,씨유남지,중앙점,편의점,경상남도 창녕군 남지읍 남지중앙로 111,경상남도 창녕군 남지읍 남지리 300-1,남지읍,128.481635988729,35.3923679591566,MA010120220810860679,소상공인시장진흥공단_상가(상권)정보_API (data.go.kr 15012005),202606,2026-10-04
GN-CHANGNYEONG,창녕군,씨유창녕남지유채점,,편의점,경상남도 창녕군 남지읍 남지중앙로 39,경상남도 창녕군 남지읍 남지리 968-16,남지읍,128.473741955481,35.3910045496336,MA010120220807133922,소상공인시장진흥공단_상가(상권)정보_API (data.go.kr 15012005),202606,2026-10-04
GN-CHANGNYEONG,창녕군,지에스25뉴창녕영산점,,편의점,경상남도 창녕군 영산면 연지길 18,경상남도 창녕군 영산면 서리 136-6,영산면,128.527802431929,35.4557429795579,MA010120220810852925,소상공인시장진흥공단_상가(상권)정보_API (data.go.kr 15012005),202606,2026-10-04
GN-CHANGNYEONG,창녕군,세븐일레븐창녕이방옥야점,,편의점,경상남도 창녕군 이방면 이방대합로 345-1,경상남도 창녕군 이방면 장천리 2-7,이방면,128.382106656916,35.601306810813,MA0101202302A0000786,소상공인시장진흥공단_상가(상권)정보_API (data.go.kr 15012005),202606,2026-10-04
GN-CHANGNYEONG,창녕군,이마트24창녕옥야고점,,편의점,경상남도 창녕군 이방면 이방로 943-15,경상남도 창녕군 이방면 장천리 49,이방면,128.380118851667,35.6005725811477,MA0101202302A0062872,소상공인시장진흥공단_상가(상권)정보_API (data.go.kr 15012005),202606,2026-10-04
GN-CHANGNYEONG,창녕군,엘에이치에이전시,,편의점,경상남도 창녕군 부곡면 온천2길 41,경상남도 창녕군 부곡면 거문리 213-19,부곡면,128.589841647861,35.4409370037845,MA010120220810870947,소상공인시장진흥공단_상가(상권)정보_API (data.go.kr 15012005),202606,2026-10-04
GN-CHANGNYEONG,창녕군,세븐일레븐창녕남지유채점,,편의점,경상남도 창녕군 남지읍 남지중앙1길 56,경상남도 창녕군 남지읍 남지리 979-1,남지읍,128.47566637601,35.3915217895092,MA010120220812738336,소상공인시장진흥공단_상가(상권)정보_API (data.go.kr 15012005),202606,2026-10-04
GN-CHANGNYEONG,창녕군,이마트24창녕,봉산점,편의점,경상남도 창녕군 계성면 영산장마로 644,경상남도 창녕군 계성면 봉산리 24-9,계성면,128.514664100206,35.4587834448324,MA010120220813320324,소상공인시장진흥공단_상가(상권)정보_API (data.go.kr 15012005),202606,2026-10-04
GN-CHANGNYEONG,창녕군,연재,,편의점,경상남도 창녕군 계성면 영산계성로 453,경상남도 창녕군 계성면 계성리 186-3,계성면,128.51043595642,35.484782269537,MA010120220813700147,소상공인시장진흥공단_상가(상권)정보_API (data.go.kr 15012005),202606,2026-10-04
GN-CHANGNYEONG,창녕군,GS25창녕,남지점,편의점,경상남도 창녕군 남지읍 남지중앙1길 73,경상남도 창녕군 남지읍 남지리 985-14,남지읍,128.47746058731,35.3921397259859,MA010120220810849676,소상공인시장진흥공단_상가(상권)정보_API (data.go.kr 15012005),202606,2026-10-04
GN-CHANGNYEONG,창녕군,CU창녕뉴스마트점,,편의점,경상남도 창녕군 창녕읍 남창녕로 53,경상남도 창녕군 창녕읍 교하리 29-19,창녕읍,128.501670959821,35.5353952540362,MA010120220810841847,소상공인시장진흥공단_상가(상권)정보_API (data.go.kr 15012005),202606,2026-10-04
GN-CHANGNYEONG,창녕군,이마트24R창녕,부곡점,편의점,경상남도 창녕군 부곡면 원앙로 117,경상남도 창녕군 부곡면 거문리 745-3,부곡면,128.584632153594,35.4414651185896,MA010120220810866932,소상공인시장진흥공단_상가(상권)정보_API (data.go.kr 15012005),202606,2026-10-04
GN-CHANGNYEONG,창녕군,세븐일레븐부곡,중앙점,편의점,경상남도 창녕군 부곡면 온천중앙로 32,경상남도 창녕군 부곡면 거문리 222-5,부곡면,128.588006182618,35.4394381306079,MA010120220810866067,소상공인시장진흥공단_상가(상권)정보_API (data.go.kr 15012005),202606,2026-10-04
GN-CHANGNYEONG,창녕군,지에스25영산,드림점,편의점,경상남도 창녕군 영산면 삼시랑길 4,경상남도 창녕군 영산면 성내리 612-1,영산면,128.525942408983,35.4593172775468,MA010120220805080620,소상공인시장진흥공단_상가(상권)정보_API (data.go.kr 15012005),202606,2026-10-04
GN-CHANGNYEONG,창녕군,씨유창녕,신창점,편의점,경상남도 창녕군 창녕읍 창녕대로 60,경상남도 창녕군 창녕읍 술정리 247-1,창녕읍,128.493738532255,35.538684042883,MA010120220803871193,소상공인시장진흥공단_상가(상권)정보_API (data.go.kr 15012005),202606,2026-10-04
GN-CHANGNYEONG,창녕군,지에스25창녕부곡,온천점,편의점,경상남도 창녕군 부곡면 온천중앙로 15,경상남도 창녕군 부곡면 거문리 215-12,부곡면,128.586633288848,35.4407449049409,MA010120220805290860,소상공인시장진흥공단_상가(상권)정보_API (data.go.kr 15012005),202606,2026-10-04
GN-CHANGNYEONG,창녕군,지에스25창녕화왕점,,편의점,경상남도 창녕군 창녕읍 화왕산1로 51,경상남도 창녕군 창녕읍 말흘리 198-20,창녕읍,128.501151440801,35.5376907765399,MA0101202209A0041873,소상공인시장진흥공단_상가(상권)정보_API (data.go.kr 15012005),202606,2026-10-04
GN-CHANGNYEONG,창녕군,올림픽기념품,,편의점,경상남도 창녕군 부곡면 온천중앙로 46,경상남도 창녕군 부곡면 거문리 223-2,부곡면,128.589162717225,35.4388912004097,MA010120220811944618,소상공인시장진흥공단_상가(상권)정보_API (data.go.kr 15012005),202606,2026-10-04
GN-CHANGNYEONG,창녕군,세븐일레븐창녕계성,중앙점,편의점,경상남도 창녕군 계성면 영산계성로 462,경상남도 창녕군 계성면 신당리 715-5,계성면,128.51050958437,35.4857726765964,MA010120220808948674,소상공인시장진흥공단_상가(상권)정보_API (data.go.kr 15012005),202606,2026-10-04
GN-CHANGNYEONG,창녕군,세븐일레븐창녕서호점,,편의점,경상남도 창녕군 창녕읍 창녕대로 99-1,경상남도 창녕군 창녕읍 술정리 177-5,창녕읍,128.496913973117,35.5363105466494,MA0101202601A0016267,소상공인시장진흥공단_상가(상권)정보_API (data.go.kr 15012005),202606,2026-10-04
GN-CHANGNYEONG,창녕군,씨유창녕,종로점,편의점,경상남도 창녕군 창녕읍 옥만길 43,경상남도 창녕군 창녕읍 교하리 99-4,창녕읍,128.499365797744,35.5412727426081,MA010120220810871543,소상공인시장진흥공단_상가(상권)정보_API (data.go.kr 15012005),202606,2026-10-04
GN-CHANGNYEONG,창녕군,이마트24창녕대지점,,편의점,경상남도 창녕군 대지면 억만미산로 43,경상남도 창녕군 대지면 왕산리 24,대지면,128.481478240954,35.5662769268072,MA010120220811748895,소상공인시장진흥공단_상가(상권)정보_API (data.go.kr 15012005),202606,2026-10-04
GN-CHANGNYEONG,창녕군,씨유창녕송진점,,편의점,경상남도 창녕군 도천면 영산도천로 1,경상남도 창녕군 도천면 송진리 205-8,도천면,128.506996314374,35.4055274529283,MA010120220805281682,소상공인시장진흥공단_상가(상권)정보_API (data.go.kr 15012005),202606,2026-10-04
GN-CHANGNYEONG,창녕군,씨유창녕남지,미소점,편의점,경상남도 창녕군 남지읍 동포로 7-2,경상남도 창녕군 남지읍 남지리 534-15,남지읍,128.481636981408,35.3900157495334,MA010120220804541829,소상공인시장진흥공단_상가(상권)정보_API (data.go.kr 15012005),202606,2026-10-04
GN-CHANGNYEONG,창녕군,씨유뉴창녕대합공단점,,편의점,경상남도 창녕군 대합면 대합산업단지로 35-8,경상남도 창녕군 대합면 합리 1381,대합면,128.434720270055,35.6143269617043,MA010120220809671954,소상공인시장진흥공단_상가(상권)정보_API (data.go.kr 15012005),202606,2026-10-04
GN-CHANGNYEONG,창녕군,이마트24창녕,남지점,편의점,경상남도 창녕군 남지읍 남지중앙1길 91-4,경상남도 창녕군 남지읍 남지리 991-5,남지읍,128.4795302418,35.3927722861942,MA0101202604A0047757,소상공인시장진흥공단_상가(상권)정보_API (data.go.kr 15012005),202606,2026-10-04
GN-CHANGNYEONG,창녕군,GS25창녕술정점,,편의점,경상남도 창녕군 창녕읍 당산길 35,경상남도 창녕군 창녕읍 술정리 13-3,창녕읍,128.494091139199,35.5410498369951,MA010120220812620720,소상공인시장진흥공단_상가(상권)정보_API (data.go.kr 15012005),202606,2026-10-04
GN-CHANGNYEONG,창녕군,이마트24창녕주공점,,편의점,경상남도 창녕군 창녕읍 말흘5길 35,경상남도 창녕군 창녕읍 말흘리 289,창녕읍,128.504011577448,35.5361591387909,MA0106202506A0274480,소상공인시장진흥공단_상가(상권)정보_API (data.go.kr 15012005),202606,2026-10-04
GN-CHANGNYEONG,창녕군,블루25시창녕,부곡점,편의점,경상남도 창녕군 부곡면 온천로 916,경상남도 창녕군 부곡면 수다리 1294,부곡면,128.620486202396,35.4303639700356,MA0101202603A0029347,소상공인시장진흥공단_상가(상권)정보_API (data.go.kr 15012005),202606,2026-10-04
GN-CHANGNYEONG,창녕군,이마트24창녕계성점,,편의점,경상남도 창녕군 계성면 영산계성로 220,경상남도 창녕군 계성면 명리 923-2,계성면,128.516519838373,35.4672765778214,MA0101202603A0018160,소상공인시장진흥공단_상가(상권)정보_API (data.go.kr 15012005),202606,2026-10-04
GN-CHANGNYEONG,창녕군,이마트24,창녕센터점,편의점,경상남도 창녕군 창녕읍 우포2로 1191,경상남도 창녕군 창녕읍 교리 968-48,창녕읍,128.487405517272,35.5450256971765,MA0101202506A0015710,소상공인시장진흥공단_상가(상권)정보_API (data.go.kr 15012005),202606,2026-10-04
GN-CHANGNYEONG,창녕군,이마트24창녕대지,센터점,편의점,경상남도 창녕군 대지면 모산1길 21,경상남도 창녕군 대지면 모산리 476-2,대지면,128.46930449583,35.5549626368736,MA0101202511A0013792,소상공인시장진흥공단_상가(상권)정보_API (data.go.kr 15012005),202606,2026-10-04
GN-CHANGNYEONG,창녕군,세븐일레븐창녕도천점,,편의점,경상남도 창녕군 도천면 도천중앙로 5,경상남도 창녕군 도천면 도천리 1030-1,도천면,128.516443897282,35.4356449931017,MA010120220813924908,소상공인시장진흥공단_상가(상권)정보_API (data.go.kr 15012005),202606,2026-10-04
GN-CHANGNYEONG,창녕군,이마트24창녕대합공단점,,편의점,경상남도 창녕군 대합면 대합산업단지로 119-16,경상남도 창녕군 대합면 합리 1307,대합면,128.438080503779,35.6213973563086,MA0101202503A0045752,소상공인시장진흥공단_상가(상권)정보_API (data.go.kr 15012005),202606,2026-10-04
GN-CHANGNYEONG,창녕군,지에스25창녕석빙고점,,편의점,경상남도 창녕군 창녕읍 명덕로 79,경상남도 창녕군 창녕읍 교리 245,창녕읍,128.498075471684,35.5430371134215,MA010120220808555316,소상공인시장진흥공단_상가(상권)정보_API (data.go.kr 15012005),202606,2026-10-04
GN-CHANGNYEONG,창녕군,씨유창녕도천점,,편의점,경상남도 창녕군 도천면 영산도천로 346,경상남도 창녕군 도천면 도천리 1033-8,도천면,128.515943924985,35.4354079447166,MA010120220813633438,소상공인시장진흥공단_상가(상권)정보_API (data.go.kr 15012005),202606,2026-10-04
GN-CHANGNYEONG,창녕군,씨유창녕대합점,,편의점,경상남도 창녕군 대합면 십이리1길 14,경상남도 창녕군 대합면 십이리 436-1,대합면,128.470346614478,35.6131854505201,MA010120220810865173,소상공인시장진흥공단_상가(상권)정보_API (data.go.kr 15012005),202606,2026-10-04
GN-GOSEONG,고성군,씨유고성동외타운점,,편의점,경상남도 고성군 고성읍 동외로168번길 69,경상남도 고성군 고성읍 동외리 159-8,고성읍,128.329719383314,34.9765758779496,MA010120220814366923,소상공인시장진흥공단_상가(상권)정보_API (data.go.kr 15012005),202606,2026-10-04
GN-GOSEONG,고성군,세븐일레븐고성배둔,터미널점,편의점,경상남도 고성군 회화면 배둔로 10,경상남도 고성군 회화면 배둔리 829-2,회화면,128.367389177898,35.056273367744,MA010120220813144784,소상공인시장진흥공단_상가(상권)정보_API (data.go.kr 15012005),202606,2026-10-04
GN-GOSEONG,고성군,지에스25고성터미널,,편의점,경상남도 고성군 고성읍 송학고분로 339,경상남도 고성군 고성읍 송학리 416-2,고성읍,128.327149734851,34.9815521476584,MA0101202406A0333701,소상공인시장진흥공단_상가(상권)정보_API (data.go.kr 15012005),202606,2026-10-04
GN-GOSEONG,고성군,씨유고성,한솔점,편의점,경상남도 고성군 고성읍 송학로135번길 8,경상남도 고성군 고성읍 송학리 271-4,고성읍,128.324377226053,34.9780312895918,MA010120220809941527,소상공인시장진흥공단_상가(상권)정보_API (data.go.kr 15012005),202606,2026-10-04
GN-GOSEONG,고성군,이마트24고성,스타점,편의점,경상남도 고성군 고성읍 성내로 92,경상남도 고성군 고성읍 서외리 152,고성읍,128.319079035568,34.9754120950003,MA0101202309A0043166,소상공인시장진흥공단_상가(상권)정보_API (data.go.kr 15012005),202606,2026-10-04
GN-GOSEONG,고성군,자린만편의점,,편의점,경상남도 고성군 하일면 춘암2길 96,경상남도 고성군 하일면 춘암리 906-6,하일면,128.174420828839,34.9012401572937,MA010120220814050786,소상공인시장진흥공단_상가(상권)정보_API (data.go.kr 15012005),202606,2026-10-04
GN-GOSEONG,고성군,지에스25고성남해안대로,,편의점,경상남도 고성군 고성읍 남해안대로 2756,경상남도 고성군 고성읍 죽계리 784-1,고성읍,128.327955097732,34.988023703042,MA0101202406A0413986,소상공인시장진흥공단_상가(상권)정보_API (data.go.kr 15012005),202606,2026-10-04
GN-GOSEONG,고성군,씨유둘리점,,편의점,경상남도 고성군 고성읍 중앙로 16,경상남도 고성군 고성읍 성내리 158-5,고성읍,128.322017795557,34.9743075794698,MA010120220803236602,소상공인시장진흥공단_상가(상권)정보_API (data.go.kr 15012005),202606,2026-10-04
GN-GOSEONG,고성군,씨유고성율대점,,편의점,경상남도 고성군 고성읍 남해안대로 2558,경상남도 고성군 고성읍 율대리 656-24,고성읍,128.335499436335,34.97175355782,MA010120220811982577,소상공인시장진흥공단_상가(상권)정보_API (data.go.kr 15012005),202606,2026-10-04
GN-GOSEONG,고성군,씨유고성,동해점,편의점,경상남도 고성군 동해면 조선특구로 2047-3,경상남도 고성군 동해면 내산리 141-2,동해면,128.476467366923,35.057355903757,MA010120220811111798,소상공인시장진흥공단_상가(상권)정보_API (data.go.kr 15012005),202606,2026-10-04
GN-GOSEONG,고성군,이마트24고성하이점,,편의점,경상남도 고성군 하이면 하이로 243,경상남도 고성군 하이면 덕호리 628-2,하이면,128.12237668387,34.9277264714195,MA010120220810479123,소상공인시장진흥공단_상가(상권)정보_API (data.go.kr 15012005),202606,2026-10-04
GN-GOSEONG,고성군,세븐일레븐삼천포발전본부점,,편의점,경상남도 고성군 하이면 하이로 1,경상남도 고성군 하이면 덕호리 952,하이면,128.109248155652,34.9109650099135,MA0101202306A0078542,소상공인시장진흥공단_상가(상권)정보_API (data.go.kr 15012005),202606,2026-10-04
GN-GOSEONG,고성군,GS25고성휴게소점,,편의점,경상남도 고성군 마암면 남해안대로 3479,경상남도 고성군 마암면 보전리 843-1,마암면,128.356140185409,35.0414923379317,MA010120220800054061,소상공인시장진흥공단_상가(상권)정보_API (data.go.kr 15012005),202606,2026-10-04
GN-GOSEONG,고성군,헬렌의정원,,편의점,경상남도 고성군 상리면 척번정9길 1,경상남도 고성군 상리면 척번정리 72,상리면,128.187968248237,34.9947921071731,MA010120220811105069,소상공인시장진흥공단_상가(상권)정보_API (data.go.kr 15012005),202606,2026-10-04
GN-GOSEONG,고성군,씨유고성하늘점,,편의점,경상남도 고성군 거류면 거류로 614,경상남도 고성군 거류면 신용리 980-1,거류면,128.403985570671,34.985699063725,MA010120220811108557,소상공인시장진흥공단_상가(상권)정보_API (data.go.kr 15012005),202606,2026-10-04
GN-GOSEONG,고성군,이마트24고성상리점,,편의점,경상남도 고성군 상리면 척번정9길 49,경상남도 고성군 상리면 척번정리 61-8,상리면,128.18859155289,34.9954800198242,MA010120220809963477,소상공인시장진흥공단_상가(상권)정보_API (data.go.kr 15012005),202606,2026-10-04
GN-GOSEONG,고성군,씨유고성왕릉점,,편의점,경상남도 고성군 고성읍 송학고분로 308,경상남도 고성군 고성읍 송학리 416-49,고성읍,128.323606994504,34.9812032640002,MA010120220813736029,소상공인시장진흥공단_상가(상권)정보_API (data.go.kr 15012005),202606,2026-10-04
GN-GOSEONG,고성군,씨유고성영오점,,편의점,경상남도 고성군 영오면 영회로 533-3,경상남도 고성군 영오면 영산리 220-11,영오면,128.238505788326,35.108851683543,MA0101202211A0074950,소상공인시장진흥공단_상가(상권)정보_API (data.go.kr 15012005),202606,2026-10-04
GN-GOSEONG,고성군,지에스25고성성심,병원점,편의점,경상남도 고성군 회화면 남해안대로 3963-21,경상남도 고성군 회화면 삼덕리 1335-1,회화면,128.372380654794,35.0807589730162,MA0101202303A0035086,소상공인시장진흥공단_상가(상권)정보_API (data.go.kr 15012005),202606,2026-10-04
GN-GOSEONG,고성군,씨유고성배둔,삼거리점,편의점,경상남도 고성군 회화면 회진로 23,경상남도 고성군 회화면 배둔리 1288-49,회화면,128.368607679452,35.0557278650561,MA0101202301A0045818,소상공인시장진흥공단_상가(상권)정보_API (data.go.kr 15012005),202606,2026-10-04
GN-GOSEONG,고성군,씨유고성해피점,,편의점,경상남도 고성군 고성읍 동외로151번길 19,경상남도 고성군 고성읍 동외리 295-21,고성읍,128.324840421627,34.9748356209935,MA010120220811102213,소상공인시장진흥공단_상가(상권)정보_API (data.go.kr 15012005),202606,2026-10-04
GN-GOSEONG,고성군,미니스톱고성삼강점,,편의점,경상남도 고성군 동해면 조선특구로 2011-4,경상남도 고성군 동해면 내산리 281-1,동해면,128.474307211678,35.0548676308769,MA010120220809891205,소상공인시장진흥공단_상가(상권)정보_API (data.go.kr 15012005),202606,2026-10-04
GN-GOSEONG,고성군,GS25,고성점,편의점,경상남도 고성군 고성읍 동외로 163,경상남도 고성군 고성읍 동외리 287-8,고성읍,128.325854122285,34.9759061198832,MA010120220809801306,소상공인시장진흥공단_상가(상권)정보_API (data.go.kr 15012005),202606,2026-10-04
GN-GOSEONG,고성군,씨유고성스쿠버,,편의점,경상남도 고성군 고성읍 남해안대로 2621,경상남도 고성군 고성읍 동외리 125-18,고성읍,128.333285885228,34.9770505068062,MA010120220812767838,소상공인시장진흥공단_상가(상권)정보_API (data.go.kr 15012005),202606,2026-10-04
GN-GOSEONG,고성군,씨유고성제일리버스점,,편의점,경상남도 고성군 고성읍 월평로 147,경상남도 고성군 고성읍 율대리 147,고성읍,128.350725231408,34.9654472682638,MA010120220813488882,소상공인시장진흥공단_상가(상권)정보_API (data.go.kr 15012005),202606,2026-10-04
GN-GOSEONG,고성군,지에스25고성쉼터점,,편의점,경상남도 고성군 회화면 남해안대로 4139,경상남도 고성군 회화면 삼덕리 산 67-6,회화면,128.382005937607,35.094340101289,MA010120220813420295,소상공인시장진흥공단_상가(상권)정보_API (data.go.kr 15012005),202606,2026-10-04
GN-GOSEONG,고성군,이마트24고성월평태광점,,편의점,경상남도 고성군 고성읍 남해안대로 2238,경상남도 고성군 고성읍 월평리 473-3,고성읍,128.344913707215,34.9461517648641,MA010120220813573168,소상공인시장진흥공단_상가(상권)정보_API (data.go.kr 15012005),202606,2026-10-04
GN-GOSEONG,고성군,씨유고성흑룡점,,편의점,경상남도 고성군 고성읍 남포로80번길 14-3,경상남도 고성군 고성읍 수남리 534-18,고성읍,128.321245772527,34.9698725508591,MA010120220811114117,소상공인시장진흥공단_상가(상권)정보_API (data.go.kr 15012005),202606,2026-10-04
GN-GOSEONG,고성군,씨스페이스삼락휴게소점,,편의점,경상남도 고성군 마암면 남해안대로 3390,경상남도 고성군 마암면 삼락리 87,마암면,128.36021384868,35.0340381214276,MA010120220813180025,소상공인시장진흥공단_상가(상권)정보_API (data.go.kr 15012005),202606,2026-10-04
GN-GOSEONG,고성군,씨유고성,남포점,편의점,경상남도 고성군 고성읍 남포로58번길 4,경상남도 고성군 고성읍 수남리 528-13,고성읍,128.320504976631,34.9680599729463,MA010120220809956630,소상공인시장진흥공단_상가(상권)정보_API (data.go.kr 15012005),202606,2026-10-04
GN-GOSEONG,고성군,씨유고성율대점,,편의점,경상남도 고성군 고성읍 남해안대로 2558,경상남도 고성군 고성읍 율대리 656-24,고성읍,128.335499436335,34.97175355782,MA010120220813820920,소상공인시장진흥공단_상가(상권)정보_API (data.go.kr 15012005),202606,2026-10-04
GN-GOSEONG,고성군,씨유고성동해특구점,,편의점,경상남도 고성군 동해면 조선특구로 626-7,경상남도 고성군 동해면 장좌리 179-2,동해면,128.457761945865,34.9946728888578,MA010120220811108706,소상공인시장진흥공단_상가(상권)정보_API (data.go.kr 15012005),202606,2026-10-04
GN-GOSEONG,고성군,지에스25고성천해지점,,편의점,경상남도 고성군 동해면 동해로 1480,경상남도 고성군 동해면 장기리 56-2,동해면,128.433178547204,35.04328345696,MA010120220808789963,소상공인시장진흥공단_상가(상권)정보_API (data.go.kr 15012005),202606,2026-10-04
GN-GOSEONG,고성군,씨유당동점,,편의점,경상남도 고성군 거류면 거류로 657-1,경상남도 고성군 거류면 당동리 173-5,거류면,128.404634841271,34.9897293399052,MA010120220811111111,소상공인시장진흥공단_상가(상권)정보_API (data.go.kr 15012005),202606,2026-10-04
GN-GOSEONG,고성군,씨유고성금강점,,편의점,경상남도 고성군 고성읍 성내로 51-2,경상남도 고성군 고성읍 서외리 219-11,고성읍,128.315069854804,34.9766903739666,MA010120220811107254,소상공인시장진흥공단_상가(상권)정보_API (data.go.kr 15012005),202606,2026-10-04
GN-GOSEONG,고성군,씨유고성,코아루점,편의점,경상남도 고성군 고성읍 남포로 10,경상남도 고성군 고성읍 수남리 486,고성읍,128.32029604733,34.9645922181158,MA010120220803387721,소상공인시장진흥공단_상가(상권)정보_API (data.go.kr 15012005),202606,2026-10-04
GN-GOSEONG,고성군,지에스25고성하이점,,편의점,경상남도 고성군 하이면 남일로 414,경상남도 고성군 하이면 덕호리 535-3,하이면,128.1202637419,34.9284760537615,MA010120220809328615,소상공인시장진흥공단_상가(상권)정보_API (data.go.kr 15012005),202606,2026-10-04
GN-GOSEONG,고성군,세븐일레븐고성,동성점,편의점,경상남도 고성군 동해면 조선특구로 2157,경상남도 고성군 동해면 내산리 15-1,동해면,128.47516848537,35.0649694314243,MA0101202603A0045230,소상공인시장진흥공단_상가(상권)정보_API (data.go.kr 15012005),202606,2026-10-04
GN-GOSEONG,고성군,씨유고성송학점,,편의점,경상남도 고성군 고성읍 송학로 157,경상남도 고성군 고성읍 송학리 244-87,고성읍,128.326587941877,34.9779530758303,MA010120220811117369,소상공인시장진흥공단_상가(상권)정보_API (data.go.kr 15012005),202606,2026-10-04
GN-GOSEONG,고성군,"뷰편의점,뷰카페",,편의점,경상남도 고성군 하이면 덕명5길 26,경상남도 고성군 하이면 덕명리 15-14,하이면,128.155139983198,34.9103391385087,MA010120220806627905,소상공인시장진흥공단_상가(상권)정보_API (data.go.kr 15012005),202606,2026-10-04
GN-GOSEONG,고성군,이마트24고성조선특구점,,편의점,경상남도 고성군 동해면 조선특구로 2011-4,경상남도 고성군 동해면 내산리 281-1,동해면,128.474307211678,35.0548676308769,MA0101202508A0016251,소상공인시장진흥공단_상가(상권)정보_API (data.go.kr 15012005),202606,2026-10-04
GN-GOSEONG,고성군,세븐일레븐고성거류점,,편의점,경상남도 고성군 거류면 거류로 651-1,경상남도 고성군 거류면 당동리 176-2,거류면,128.404494978511,34.9892352479003,MA010120220806659457,소상공인시장진흥공단_상가(상권)정보_API (data.go.kr 15012005),202606,2026-10-04
GN-GOSEONG,고성군,씨유고성중앙로타리점,,편의점,경상남도 고성군 고성읍 송학로 94,경상남도 고성군 고성읍 서외리 45-7,고성읍,128.319548331041,34.9773628258832,MA0101202411A0018254,소상공인시장진흥공단_상가(상권)정보_API (data.go.kr 15012005),202606,2026-10-04
GN-GOSEONG,고성군,지에스25고성양강점,,편의점,경상남도 고성군 고성읍 동외로 175,경상남도 고성군 고성읍 송학리 260-13,고성읍,128.325892142309,34.9769061516136,MA0101202409A0150067,소상공인시장진흥공단_상가(상권)정보_API (data.go.kr 15012005),202606,2026-10-04
GN-GOSEONG,고성군,지에스25고성,중앙로점,편의점,경상남도 고성군 고성읍 중앙로 25,경상남도 고성군 고성읍 성내리 82,고성읍,128.323028632472,34.974521894832,MA0101202501A0066528,소상공인시장진흥공단_상가(상권)정보_API (data.go.kr 15012005),202606,2026-10-04
GN-GOSEONG,고성군,DS편의점,,편의점,경상남도 고성군 하이면 덕명5길 56,경상남도 고성군 하이면 덕명리 27,하이면,128.15516808932,34.9092212182371,MA010120220806160815,소상공인시장진흥공단_상가(상권)정보_API (data.go.kr 15012005),202606,2026-10-04
GN-GOSEONG,고성군,세븐일레븐고성동외무지개점,,편의점,경상남도 고성군 고성읍 중앙로 91,경상남도 고성군 고성읍 동외리 160-7,고성읍,128.329898968044,34.9754923472587,MA010120220811555448,소상공인시장진흥공단_상가(상권)정보_API (data.go.kr 15012005),202606,2026-10-04
GN-GOSEONG,고성군,세븐일레븐고성스마일점,,편의점,경상남도 고성군 고성읍 성내로 14,경상남도 고성군 고성읍 교사리 318-5,고성읍,128.310811095526,34.9767454413082,MA0101202406A0503913,소상공인시장진흥공단_상가(상권)정보_API (data.go.kr 15012005),202606,2026-10-04
GN-GOSEONG,고성군,지에스25(고성배둔점),,편의점,경상남도 고성군 회화면 관인로 66,경상남도 고성군 회화면 배둔리 344-6,회화면,128.37273823863,35.0602146550073,MA0101202406A0394741,소상공인시장진흥공단_상가(상권)정보_API (data.go.kr 15012005),202606,2026-10-04
GN-NAMHAE,남해군,"우리주유소,세븐일레븐남해",이동점,편의점,경상남도 남해군 이동면 무림로 9,경상남도 남해군 이동면 석평리 802-2,이동면,127.951501182499,34.8047792045207,MA010120220811162077,소상공인시장진흥공단_상가(상권)정보_API (data.go.kr 15012005),202606,2026-10-04
GN-NAMHAE,남해군,씨유남해힐튼점,,편의점,경상남도 남해군 남면 남서대로1179번길 33-1,경상남도 남해군 남면 덕월리 293,남면,127.857896290803,34.7787852904269,MA010120220805295885,소상공인시장진흥공단_상가(상권)정보_API (data.go.kr 15012005),202606,2026-10-04
GN-NAMHAE,남해군,세븐일레븐남해이끌림점,,편의점,경상남도 남해군 남면 남서대로 539,경상남도 남해군 남면 당항리 32,남면,127.91050438598,34.7694254514409,MA0101202307A0010002,소상공인시장진흥공단_상가(상권)정보_API (data.go.kr 15012005),202606,2026-10-04
GN-NAMHAE,남해군,이마트24R,남해점,편의점,경상남도 남해군 남해읍 화전로 150,경상남도 남해군 남해읍 아산리 174-7,남해읍,127.894855305017,34.84460786845,MA010120220808796066,소상공인시장진흥공단_상가(상권)정보_API (data.go.kr 15012005),202606,2026-10-04
GN-NAMHAE,남해군,지에스25남해동대만점,,편의점,경상남도 남해군 창선면 동부대로 2419,경상남도 남해군 창선면 동대리 480,창선면,128.008917819287,34.8721078817095,MA0101202310A0073998,소상공인시장진흥공단_상가(상권)정보_API (data.go.kr 15012005),202606,2026-10-04
GN-NAMHAE,남해군,경아편의점,,편의점,경상남도 남해군 창선면 동부대로 2549,경상남도 남해군 창선면 동대리 238-8,창선면,128.011289758275,34.8836074620351,MA0101202309A0032164,소상공인시장진흥공단_상가(상권)정보_API (data.go.kr 15012005),202606,2026-10-04
GN-NAMHAE,남해군,씨유상주은모래비치점,,편의점,경상남도 남해군 상주면 상주로 17-6,경상남도 남해군 상주면 상주리 1247-4,상주면,127.988315158243,34.7212170903516,MA0101202406A0516459,소상공인시장진흥공단_상가(상권)정보_API (data.go.kr 15012005),202606,2026-10-04
GN-NAMHAE,남해군,지에스25남해,송정점,편의점,경상남도 남해군 미조면 동부대로 2,경상남도 남해군 미조면 송정리 615-1,미조면,128.031539816405,34.7286465971636,MA0101202409A0031179,소상공인시장진흥공단_상가(상권)정보_API (data.go.kr 15012005),202606,2026-10-04
GN-NAMHAE,남해군,씨유남해남변문학관점,,편의점,경상남도 남해군 남해읍 스포츠로 8,경상남도 남해군 남해읍 남변리 490,남해읍,127.898416105659,34.8332243738396,MA0101202406A0426654,소상공인시장진흥공단_상가(상권)정보_API (data.go.kr 15012005),202606,2026-10-04
GN-NAMHAE,남해군,지에스25남해상주비치점,,편의점,경상남도 남해군 상주면 남해대로701번길 36,경상남도 남해군 상주면 상주리 1294-2,상주면,127.985805487146,34.7213185495342,MA010120220802994517,소상공인시장진흥공단_상가(상권)정보_API (data.go.kr 15012005),202606,2026-10-04
GN-NAMHAE,남해군,씨유남해,이동점,편의점,경상남도 남해군 이동면 무림로 45-1,경상남도 남해군 이동면 무림리 1223-7,이동면,127.953085061182,34.8018734154812,MA010120220801614788,소상공인시장진흥공단_상가(상권)정보_API (data.go.kr 15012005),202606,2026-10-04
GN-NAMHAE,남해군,씨유남해창선,센터점,편의점,경상남도 남해군 창선면 창선로 79,경상남도 남해군 창선면 수산리 196-2,창선면,128.0130779641,34.8563987351993,MA010120220807494180,소상공인시장진흥공단_상가(상권)정보_API (data.go.kr 15012005),202606,2026-10-04
GN-NAMHAE,남해군,미니스톱남해대교엔젤점,,편의점,경상남도 남해군 설천면 노량로183번길 12,경상남도 남해군 설천면 노량리 439-13,설천면,127.874558136964,34.9411562588571,MA010120220806118214,소상공인시장진흥공단_상가(상권)정보_API (data.go.kr 15012005),202606,2026-10-04
GN-NAMHAE,남해군,씨유남해남면바다점,,편의점,경상남도 남해군 남면 남면로 230,경상남도 남해군 남면 석교리 333,남면,127.903423857147,34.7541817927739,MA0101202307A0031860,소상공인시장진흥공단_상가(상권)정보_API (data.go.kr 15012005),202606,2026-10-04
GN-NAMHAE,남해군,씨유남해보물섬시작점,,편의점,경상남도 남해군 창선면 서부로 1403,경상남도 남해군 창선면 대벽리 497-5,창선면,128.015308347527,34.9168427569971,MA0101202309A0036256,소상공인시장진흥공단_상가(상권)정보_API (data.go.kr 15012005),202606,2026-10-04
GN-NAMHAE,남해군,씨유남해창선은멸치점,,편의점,경상남도 남해군 창선면 동부대로 2416,경상남도 남해군 창선면 동대리 483-1,창선면,128.009405295801,34.871725266966,MA010120220811188528,소상공인시장진흥공단_상가(상권)정보_API (data.go.kr 15012005),202606,2026-10-04
GN-NAMHAE,남해군,씨유남해삼동점,,편의점,경상남도 남해군 삼동면 동부대로 1323,경상남도 남해군 삼동면 동천리 1132-1,삼동면,128.035763751965,34.8107251729035,MA0101202307A0004898,소상공인시장진흥공단_상가(상권)정보_API (data.go.kr 15012005),202606,2026-10-04
GN-NAMHAE,남해군,지에스25남해창선스쿨점,,편의점,경상남도 남해군 창선면 창선로 100,경상남도 남해군 창선면 상죽리 101-10,창선면,128.012941467503,34.8577519054354,MA0101202305A0016999,소상공인시장진흥공단_상가(상권)정보_API (data.go.kr 15012005),202606,2026-10-04
GN-NAMHAE,남해군,GS25남해체육관점,,편의점,경상남도 남해군 남해읍 화전로43번길 10,경상남도 남해군 남해읍 서변리 183-6,남해읍,127.89426392747,34.8344087224816,MA010120220811157783,소상공인시장진흥공단_상가(상권)정보_API (data.go.kr 15012005),202606,2026-10-04
GN-NAMHAE,남해군,마마트편의점,,편의점,경상남도 남해군 상주면 상주로 62-2,경상남도 남해군 상주면 상주리 1357,상주면,127.983939037013,34.7195038422117,MA010120220806458369,소상공인시장진흥공단_상가(상권)정보_API (data.go.kr 15012005),202606,2026-10-04
GN-NAMHAE,남해군,씨유남해현대점,,편의점,경상남도 남해군 남해읍 화전로 60,경상남도 남해군 남해읍 남변리 395-10,남해읍,127.894528685363,34.8366511856553,MA010120220808644067,소상공인시장진흥공단_상가(상권)정보_API (data.go.kr 15012005),202606,2026-10-04
GN-NAMHAE,남해군,GS25남해다랭이,마을점,편의점,경상남도 남해군 남면 남면로 946-2,경상남도 남해군 남면 선구리 122-1,남면,127.873489588423,34.7283411657774,MA010120220813618669,소상공인시장진흥공단_상가(상권)정보_API (data.go.kr 15012005),202606,2026-10-04
GN-NAMHAE,남해군,세븐일레븐남해아난티점,,편의점,경상남도 남해군 남면 남서대로1179번길 59,경상남도 남해군 남면 덕월리 297,남면,127.857875578143,34.7767843708349,MA0101202305A0024019,소상공인시장진흥공단_상가(상권)정보_API (data.go.kr 15012005),202606,2026-10-04
GN-NAMHAE,남해군,이마트24R남해삼동점,,편의점,경상남도 남해군 삼동면 동부대로 1874,경상남도 남해군 삼동면 지족리 280-1,삼동면,128.000156253994,34.8313487795087,MA0106202301A1895959,소상공인시장진흥공단_상가(상권)정보_API (data.go.kr 15012005),202606,2026-10-04
GN-NAMHAE,남해군,씨유남해,수정점,편의점,경상남도 남해군 남해읍 화전로 75-3,경상남도 남해군 남해읍 북변리 125-15,남해읍,127.893931342383,34.8380256582163,MA0101202301A0086024,소상공인시장진흥공단_상가(상권)정보_API (data.go.kr 15012005),202606,2026-10-04
GN-NAMHAE,남해군,씨유남해노량점,,편의점,경상남도 남해군 설천면 노량로 201,경상남도 남해군 설천면 노량리 410-51,설천면,127.874711978661,34.940181686886,MA010120220806573570,소상공인시장진흥공단_상가(상권)정보_API (data.go.kr 15012005),202606,2026-10-04
GN-NAMHAE,남해군,세븐일레븐남해미조점,,편의점,경상남도 남해군 미조면 미조로 224,경상남도 남해군 미조면 미조리 168-34,미조면,128.04806462167,34.7101085344358,MA010120220811182050,소상공인시장진흥공단_상가(상권)정보_API (data.go.kr 15012005),202606,2026-10-04
GN-NAMHAE,남해군,GS25남해스포츠파크점,,편의점,경상남도 남해군 서면 남서대로 1676,경상남도 남해군 서면 서상리 1286-4,서면,127.835711573001,34.8104969379622,MA010120220805216037,소상공인시장진흥공단_상가(상권)정보_API (data.go.kr 15012005),202606,2026-10-04
GN-NAMHAE,남해군,세븐남해독일마을점,코리아,편의점,경상남도 남해군 삼동면 동부대로 1014,경상남도 남해군 삼동면 물건리 562-1,삼동면,128.05014254146,34.7906548304836,MA010120220811186006,소상공인시장진흥공단_상가(상권)정보_API (data.go.kr 15012005),202606,2026-10-04
GN-NAMHAE,남해군,본하우스,,편의점,경상남도 남해군 삼동면 독일로 66,경상남도 남해군 삼동면 물건리 1142,삼동면,128.040088122041,34.7991508736248,MA010120220811183508,소상공인시장진흥공단_상가(상권)정보_API (data.go.kr 15012005),202606,2026-10-04
GN-NAMHAE,남해군,지에스25남해앵강만점,,편의점,경상남도 남해군 이동면 남해대로 1603,경상남도 남해군 이동면 신전리 1030-1,이동면,127.952128440582,34.7690349254957,MA010120220814293412,소상공인시장진흥공단_상가(상권)정보_API (data.go.kr 15012005),202606,2026-10-04
GN-NAMHAE,남해군,세븐일레븐남해고현점,,편의점,경상남도 남해군 고현면 남해대로 3623,경상남도 남해군 고현면 대사리 957-2,고현면,127.871111130687,34.9018998041877,MA010120220802862692,소상공인시장진흥공단_상가(상권)정보_API (data.go.kr 15012005),202606,2026-10-04
GN-NAMHAE,남해군,세븐일레븐남해,이동점,편의점,경상남도 남해군 이동면 무림로 9,경상남도 남해군 이동면 석평리 802-2,이동면,127.951501182499,34.8047792045207,MA0106202201A1817511,소상공인시장진흥공단_상가(상권)정보_API (data.go.kr 15012005),202606,2026-10-04
GN-NAMHAE,남해군,씨유남해미조나폴리점,,편의점,경상남도 남해군 미조면 미송로 63,경상남도 남해군 미조면 미조리 100-9,미조면,128.046732957476,34.7118416051944,MA010120220811180123,소상공인시장진흥공단_상가(상권)정보_API (data.go.kr 15012005),202606,2026-10-04
GN-NAMHAE,남해군,"행복Plus25편의점,원천수산",,편의점,경상남도 남해군 이동면 남해대로 1387,경상남도 남해군 이동면 신전리 1502-2,이동면,127.946012222702,34.7509108700003,MA010120220813018665,소상공인시장진흥공단_상가(상권)정보_API (data.go.kr 15012005),202606,2026-10-04
GN-NAMHAE,남해군,세븐일레븐남해미국,마을점,편의점,경상남도 남해군 이동면 남서대로 306,경상남도 남해군 이동면 용소리 1168-12,이동면,127.929425551149,34.7793508335124,MA0101202209A0007863,소상공인시장진흥공단_상가(상권)정보_API (data.go.kr 15012005),202606,2026-10-04
GN-NAMHAE,남해군,씨유남해,병원점,편의점,경상남도 남해군 남해읍 화전로 174,경상남도 남해군 남해읍 차산리 783-1,남해읍,127.895018503525,34.8465536223294,MA010120220810840459,소상공인시장진흥공단_상가(상권)정보_API (data.go.kr 15012005),202606,2026-10-04
GN-NAMHAE,남해군,미니스톱남해삼동점,,편의점,경상남도 남해군 삼동면 삼이로 11,경상남도 남해군 삼동면 지족리 534-1,삼동면,127.998637586703,34.8296036031209,MA010120220810131960,소상공인시장진흥공단_상가(상권)정보_API (data.go.kr 15012005),202606,2026-10-04
GN-NAMHAE,남해군,독일로181,,편의점,경상남도 남해군 삼동면 독일로 181-5,경상남도 남해군 삼동면 봉화리 1088-2,삼동면,128.028579181914,34.8024485283202,MA010120220812002428,소상공인시장진흥공단_상가(상권)정보_API (data.go.kr 15012005),202606,2026-10-04
GN-NAMHAE,남해군,지에스25남해바다전망점,,편의점,경상남도 남해군 창선면 동부대로 2919,경상남도 남해군 창선면 대벽리 86-1,창선면,128.028755887449,34.9115018449497,MA010120220807993710,소상공인시장진흥공단_상가(상권)정보_API (data.go.kr 15012005),202606,2026-10-04
GN-NAMHAE,남해군,지에스25남해유림점,,편의점,경상남도 남해군 남해읍 화전로 143,경상남도 남해군 남해읍 아산리 177-3,남해읍,127.894444664277,34.844043027068,MA010120220800641845,소상공인시장진흥공단_상가(상권)정보_API (data.go.kr 15012005),202606,2026-10-04
GN-NAMHAE,남해군,지에스25남해,터미널점,편의점,경상남도 남해군 남해읍 화전로122번길 41,경상남도 남해군 남해읍 북변리 435,남해읍,127.898581000482,34.842363034899,MA0101202604A0033280,소상공인시장진흥공단_상가(상권)정보_API (data.go.kr 15012005),202606,2026-10-04
GN-NAMHAE,남해군,지에스25남해창선점,,편의점,경상남도 남해군 창선면 동부대로 1927,경상남도 남해군 창선면 지족리 293,창선면,128.000250196939,34.8364046367862,MA010120220811220463,소상공인시장진흥공단_상가(상권)정보_API (data.go.kr 15012005),202606,2026-10-04
GN-NAMHAE,남해군,씨유남해심천점,,편의점,경상남도 남해군 남해읍 남해대로 2994,경상남도 남해군 남해읍 심천리 821-1,남해읍,127.893265106174,34.854273203797,MA010120220813105609,소상공인시장진흥공단_상가(상권)정보_API (data.go.kr 15012005),202606,2026-10-04
GN-NAMHAE,남해군,레몬비,남해점,편의점,경상남도 남해군 이동면 남해대로 2248-1,경상남도 남해군 이동면 석평리 822-8,이동면,127.943327694336,34.810584561543,MA010120220807720925,소상공인시장진흥공단_상가(상권)정보_API (data.go.kr 15012005),202606,2026-10-04
GN-NAMHAE,남해군,GS25남해대로점,,편의점,경상남도 남해군 남해읍 남해대로 2765,경상남도 남해군 남해읍 남변리 272,남해읍,127.899127482011,34.8353102943716,MA010120220811160444,소상공인시장진흥공단_상가(상권)정보_API (data.go.kr 15012005),202606,2026-10-04
GN-NAMHAE,남해군,세븐일레븐남해설리해수욕장점,,편의점,경상남도 남해군 미조면 미송로303번길 74-1,경상남도 남해군 미조면 송정리 962,미조면,128.025681809924,34.7051701962369,MA010120220809683112,소상공인시장진흥공단_상가(상권)정보_API (data.go.kr 15012005),202606,2026-10-04
GN-NAMHAE,남해군,지에스25독일,빌리지점,편의점,경상남도 남해군 삼동면 독일로 39,경상남도 남해군 삼동면 물건리 235-7,삼동면,128.042301005367,34.7978610216132,MA0101202604A0012228,소상공인시장진흥공단_상가(상권)정보_API (data.go.kr 15012005),202606,2026-10-04
GN-NAMHAE,남해군,남해세계주류,,편의점,경상남도 남해군 삼동면 동부대로 1866,경상남도 남해군 삼동면 지족리 274,삼동면,128.000016155047,34.8306108157367,MA0101202506A0039975,소상공인시장진흥공단_상가(상권)정보_API (data.go.kr 15012005),202606,2026-10-04
GN-NAMHAE,남해군,씨유남해평산점,,편의점,경상남도 남해군 남면 남면로 1747,경상남도 남해군 남면 평산리 1658,남면,127.852024111195,34.7686679583947,MA0101202601A0050119,소상공인시장진흥공단_상가(상권)정보_API (data.go.kr 15012005),202606,2026-10-04
GN-NAMHAE,남해군,씨유남해오션뷰점,,편의점,경상남도 남해군 창선면 동부대로 2589,경상남도 남해군 창선면 동대리 100-13,창선면,128.012053490752,34.8870172282111,MA010120220805184827,소상공인시장진흥공단_상가(상권)정보_API (data.go.kr 15012005),202606,2026-10-04
GN-NAMHAE,남해군,지에스25남해미조바다점,,편의점,경상남도 남해군 미조면 미조로 8,경상남도 남해군 미조면 미조리 104-7,미조면,128.045523138839,34.7128525175369,MA010120220805131005,소상공인시장진흥공단_상가(상권)정보_API (data.go.kr 15012005),202606,2026-10-04
GN-NAMHAE,남해군,세븐일레븐남해정감점,,편의점,경상남도 남해군 이동면 남해대로 2436,경상남도 남해군 이동면 초음리 1535-1,이동면,127.925218479168,34.8173937443505,MA0101202511A0034987,소상공인시장진흥공단_상가(상권)정보_API (data.go.kr 15012005),202606,2026-10-04
GN-NAMHAE,남해군,세븐일레븐남해사촌바다점,,편의점,경상남도 남해군 남면 남면로1229번길 25,경상남도 남해군 남면 임포리 1173-37,남면,127.856638808321,34.7416661583481,MA010120220803118578,소상공인시장진흥공단_상가(상권)정보_API (data.go.kr 15012005),202606,2026-10-04
GN-NAMHAE,남해군,씨유남해독일,마을점,편의점,경상남도 남해군 삼동면 독일로 25,경상남도 남해군 삼동면 물건리 산 84-9,삼동면,128.043567386893,34.7969037396943,MA010120220812608269,소상공인시장진흥공단_상가(상권)정보_API (data.go.kr 15012005),202606,2026-10-04
GN-NAMHAE,남해군,GS25남해독일,마을점,편의점,경상남도 남해군 삼동면 동부대로 1121,경상남도 남해군 삼동면 물건리 254-4,삼동면,128.043701859699,34.7989036077215,MA010120220805322640,소상공인시장진흥공단_상가(상권)정보_API (data.go.kr 15012005),202606,2026-10-04
GN-NAMHAE,남해군,씨유남해다랭이,마을점,편의점,경상남도 남해군 남면 남면로 1010,경상남도 남해군 남면 선구리 488-1,남면,127.867655354728,34.7300414152851,MA010120220811181064,소상공인시장진흥공단_상가(상권)정보_API (data.go.kr 15012005),202606,2026-10-04
GN-NAMHAE,남해군,이마트24남해군청점,,편의점,경상남도 남해군 남해읍 망운로19번길 39,경상남도 남해군 남해읍 서변리 65-8,남해읍,127.892194968299,34.8361725721046,MA0101202503A0069941,소상공인시장진흥공단_상가(상권)정보_API (data.go.kr 15012005),202606,2026-10-04
GN-NAMHAE,남해군,씨유,남해점,편의점,경상남도 남해군 남해읍 화전로78번길 9,경상남도 남해군 남해읍 북변리 212-3,남해읍,127.89514785947,34.8383051498092,MA010120220811160041,소상공인시장진흥공단_상가(상권)정보_API (data.go.kr 15012005),202606,2026-10-04
GN-NAMHAE,남해군,법인화계마을앵강만,,편의점,경상남도 남해군 이동면 남서대로 212,경상남도 남해군 이동면 화계리 498-8,이동면,127.939512235801,34.7796429641916,MA010120220811976577,소상공인시장진흥공단_상가(상권)정보_API (data.go.kr 15012005),202606,2026-10-04
GN-NAMHAE,남해군,지에스25남해,터미널점,편의점,경상남도 남해군 남해읍 화전로122번길 41,경상남도 남해군 남해읍 북변리 435,남해읍,127.898581000482,34.842363034899,MA0101202411A0023824,소상공인시장진흥공단_상가(상권)정보_API (data.go.kr 15012005),202606,2026-10-04
GN-NAMHAE,남해군,지에스25남해보물섬점,,편의점,경상남도 남해군 남해읍 화전로78번길 16,경상남도 남해군 남해읍 북변리 96-12,남해읍,127.895692482825,34.8381208668094,MA0101202409A0159695,소상공인시장진흥공단_상가(상권)정보_API (data.go.kr 15012005),202606,2026-10-04
GN-NAMHAE,남해군,남해군청점,,편의점,경상남도 남해군 남해읍 망운로9번길 9,경상남도 남해군 남해읍 서변리 16-2,남해읍,127.893278205814,34.8372733063358,MA0101202501A0067863,소상공인시장진흥공단_상가(상권)정보_API (data.go.kr 15012005),202606,2026-10-04
GN-NAMHAE,남해군,GS25남해은모래점,,편의점,경상남도 남해군 상주면 상주로 12-5,경상남도 남해군 상주면 상주리 1250-3,상주면,127.987647061,34.7219526245004,MA010120220809900212,소상공인시장진흥공단_상가(상권)정보_API (data.go.kr 15012005),202606,2026-10-04
GN-NAMHAE,남해군,씨유남해고현점,,편의점,경상남도 남해군 고현면 탑동로 55,경상남도 남해군 고현면 대사리 758-4,고현면,127.872963068171,34.8959735814684,MA010120220809591955,소상공인시장진흥공단_상가(상권)정보_API (data.go.kr 15012005),202606,2026-10-04
GN-HADONG,하동군,씨유하동비바체리조트점,,편의점,경상남도 하동군 청암면 청학로 876,경상남도 하동군 청암면 중이리 30-1,청암면,127.782805527152,35.1625850941913,MA010120220805545912,소상공인시장진흥공단_상가(상권)정보_API (data.go.kr 15012005),202606,2026-10-04
GN-HADONG,하동군,씨유하동녹차,마을점,편의점,경상남도 하동군 하동읍 경서대로 243-2,경상남도 하동군 하동읍 비파리 433-3,하동읍,127.758932849513,35.0714583965171,MA010120220812727435,소상공인시장진흥공단_상가(상권)정보_API (data.go.kr 15012005),202606,2026-10-04
GN-HADONG,하동군,씨유하동금남,대박점,편의점,경상남도 하동군 금남면 섬진강대로 679,경상남도 하동군 금남면 덕천리 1078-3,금남면,127.835919617038,34.9865411338035,MA010120220803058704,소상공인시장진흥공단_상가(상권)정보_API (data.go.kr 15012005),202606,2026-10-04
GN-HADONG,하동군,세븐일레븐하동,읍내점,편의점,경상남도 하동군 하동읍 중앙로 54,경상남도 하동군 하동읍 읍내리 428-3,하동읍,127.746847690701,35.071091759183,MA010120220806479581,소상공인시장진흥공단_상가(상권)정보_API (data.go.kr 15012005),202606,2026-10-04
GN-HADONG,하동군,씨유하동악양점,,편의점,경상남도 하동군 악양면 악양동로 366-7,경상남도 하동군 악양면 정서리 271-4,악양면,127.710641108455,35.1614615886987,MA0101202406A0019184,소상공인시장진흥공단_상가(상권)정보_API (data.go.kr 15012005),202606,2026-10-04
GN-HADONG,하동군,이마트24R하동,읍내점,편의점,경상남도 하동군 하동읍 시장1길 25,경상남도 하동군 하동읍 읍내리 233-15,하동읍,127.749279978975,35.0685169323233,MA010120220800919123,소상공인시장진흥공단_상가(상권)정보_API (data.go.kr 15012005),202606,2026-10-04
GN-HADONG,하동군,미니스톱하동점,,편의점,경상남도 하동군 하동읍 중앙로 37,경상남도 하동군 하동읍 읍내리 319-24,하동읍,127.748509768427,35.0706128125683,MA010120220811214054,소상공인시장진흥공단_상가(상권)정보_API (data.go.kr 15012005),202606,2026-10-04
GN-HADONG,하동군,달콤아이스크림과자할인점,,편의점,경상남도 하동군 진교면 민다리길 75,경상남도 하동군 진교면 진교리 302-12,진교면,127.902530821031,35.0284814704646,MA0101202306A0105160,소상공인시장진흥공단_상가(상권)정보_API (data.go.kr 15012005),202606,2026-10-04
GN-HADONG,하동군,씨유전도365점,,편의점,경상남도 하동군 금남면 섬진강대로 976,경상남도 하동군 금남면 계천리 983,금남면,127.809138125936,34.9973134799398,MA010120220811178741,소상공인시장진흥공단_상가(상권)정보_API (data.go.kr 15012005),202606,2026-10-04
GN-HADONG,하동군,지에스25하동노량점,,편의점,경상남도 하동군 금남면 노량해안길 27,경상남도 하동군 금남면 노량리 738-6,금남면,127.861990623335,34.9483397605841,MA0101202305A0113760,소상공인시장진흥공단_상가(상권)정보_API (data.go.kr 15012005),202606,2026-10-04
GN-HADONG,하동군,지에스25하동진교IC점,,편의점,경상남도 하동군 진교면 민다리안길 13,경상남도 하동군 진교면 진교리 482-1,진교면,127.903817311814,35.0338619096644,MA010120220803818303,소상공인시장진흥공단_상가(상권)정보_API (data.go.kr 15012005),202606,2026-10-04
GN-HADONG,하동군,7세븐일레븐진교점,,편의점,경상남도 하동군 진교면 민다리길 13,경상남도 하동군 진교면 진교리 123-50,진교면,127.903130035495,35.0231861399371,MA0101202212A0066274,소상공인시장진흥공단_상가(상권)정보_API (data.go.kr 15012005),202606,2026-10-04
GN-HADONG,하동군,달콤아이스크림과자할인점,,편의점,경상남도 하동군 하동읍 경서대로 135,경상남도 하동군 하동읍 읍내리 222-20,하동읍,127.749041201823,35.0675810063946,MA0101202305A0088067,소상공인시장진흥공단_상가(상권)정보_API (data.go.kr 15012005),202606,2026-10-04
GN-HADONG,하동군,GS25하동진교I.C점,,편의점,경상남도 하동군 진교면 민다리안길 13,경상남도 하동군 진교면 진교리 482-1,진교면,127.903817311814,35.0338619096644,MA010120220811186720,소상공인시장진흥공단_상가(상권)정보_API (data.go.kr 15012005),202606,2026-10-04
GN-HADONG,하동군,하동케이블카슈퍼,,편의점,경상남도 하동군 금남면 경충로 461-7,경상남도 하동군 금남면 중평리 874,금남면,127.895172413411,34.9806835801379,MA010120220809857357,소상공인시장진흥공단_상가(상권)정보_API (data.go.kr 15012005),202606,2026-10-04
GN-HADONG,하동군,GS25진교,터미널점,편의점,경상남도 하동군 진교면 진교중앙길 14-8,경상남도 하동군 진교면 진교리 426-66,진교면,127.903166856854,35.029522293193,MA010120220806637652,소상공인시장진흥공단_상가(상권)정보_API (data.go.kr 15012005),202606,2026-10-04
GN-HADONG,하동군,세븐일레븐하동진교점,,편의점,경상남도 하동군 진교면 민다리길 13,경상남도 하동군 진교면 진교리 123-50,진교면,127.903130035495,35.0231861399371,MA010120220802950038,소상공인시장진흥공단_상가(상권)정보_API (data.go.kr 15012005),202606,2026-10-04
GN-HADONG,하동군,GS25하동점,,편의점,경상남도 하동군 하동읍 경서대로 110,경상남도 하동군 하동읍 광평리 276-7,하동읍,127.748470619285,35.0651238509148,MA010120220811159840,소상공인시장진흥공단_상가(상권)정보_API (data.go.kr 15012005),202606,2026-10-04
GN-HADONG,하동군,지에스25하동,제일점,편의점,경상남도 하동군 금남면 경충로 451,경상남도 하동군 금남면 중평리 774-1,금남면,127.894589366474,34.9794350030396,MA010120220813223468,소상공인시장진흥공단_상가(상권)정보_API (data.go.kr 15012005),202606,2026-10-04
GN-HADONG,하동군,GS25하동,금남점,편의점,경상남도 하동군 금남면 섬진강대로 672,경상남도 하동군 금남면 덕천리 1088-5,금남면,127.836633472682,34.9867345141844,MA010120220814272796,소상공인시장진흥공단_상가(상권)정보_API (data.go.kr 15012005),202606,2026-10-04
GN-HADONG,하동군,씨유하동옥종청룡점,,편의점,경상남도 하동군 옥종면 옥종중앙길 50-1,경상남도 하동군 옥종면 청룡리 215-18,옥종면,127.879895306522,35.1798010354333,MA010120220811187152,소상공인시장진흥공단_상가(상권)정보_API (data.go.kr 15012005),202606,2026-10-04
GN-HADONG,하동군,씨유하동화개장터점,,편의점,경상남도 하동군 화개면 쌍계로 10,경상남도 하동군 화개면 탑리 737-1,화개면,127.624880623386,35.1877306308211,MA010120220810494909,소상공인시장진흥공단_상가(상권)정보_API (data.go.kr 15012005),202606,2026-10-04
GN-HADONG,하동군,씨유하동진교점,,편의점,경상남도 하동군 진교면 진교중앙길 21,경상남도 하동군 진교면 진교리 426-88,진교면,127.902521746654,35.0286527926992,MA010120220801315450,소상공인시장진흥공단_상가(상권)정보_API (data.go.kr 15012005),202606,2026-10-04
GN-HADONG,하동군,씨유하동,터미널점,편의점,경상남도 하동군 하동읍 중앙로 12,경상남도 하동군 하동읍 읍내리 333-14,하동읍,127.751130374596,35.0706506916264,MA010120220811173360,소상공인시장진흥공단_상가(상권)정보_API (data.go.kr 15012005),202606,2026-10-04
GN-HADONG,하동군,세븐일레븐하동진교대로점,,편의점,경상남도 하동군 진교면 선창길 4,경상남도 하동군 진교면 진교리 302-127,진교면,127.906701079729,35.0260798553853,MA0101202209A0013200,소상공인시장진흥공단_상가(상권)정보_API (data.go.kr 15012005),202606,2026-10-04
GN-HADONG,하동군,씨유하동,금성점,편의점,경상남도 하동군 금성면 금성로 290-3,경상남도 하동군 금성면 고포리 543-64,금성면,127.782688652581,34.9620004548818,MA010120220813324652,소상공인시장진흥공단_상가(상권)정보_API (data.go.kr 15012005),202606,2026-10-04
GN-HADONG,하동군,하동케이블카슈퍼,,편의점,경상남도 하동군 금남면 금오산길 796,경상남도 하동군 금남면 중평리 산 100-5,금남면,127.870782770002,34.9919565616776,MA010120220806662468,소상공인시장진흥공단_상가(상권)정보_API (data.go.kr 15012005),202606,2026-10-04
GN-HADONG,하동군,이마트24R진교,터미널점,편의점,경상남도 하동군 진교면 진교중앙길 15,경상남도 하동군 진교면 진교리 426-75,진교면,127.903170080318,35.0288192235318,MA0106202605A2445699,소상공인시장진흥공단_상가(상권)정보_API (data.go.kr 15012005),202606,2026-10-04
GN-HADONG,하동군,이마트24R하동,읍내점,편의점,경상남도 하동군 하동읍 시장1길 25,경상남도 하동군 하동읍 읍내리 233-15,하동읍,127.749279978975,35.0685169323233,MA0106202605A2402829,소상공인시장진흥공단_상가(상권)정보_API (data.go.kr 15012005),202606,2026-10-04
GN-HADONG,하동군,세븐일레븐하동화개점,,편의점,경상남도 하동군 화개면 화개로 18-4,경상남도 하동군 화개면 탑리 662-7,화개면,127.623909479709,35.1899529273261,MA0101202512A0000246,소상공인시장진흥공단_상가(상권)정보_API (data.go.kr 15012005),202606,2026-10-04
GN-HADONG,하동군,씨유하동창성세희점,,편의점,경상남도 하동군 금남면 산업로 938,경상남도 하동군 금남면 계천리 1005-7,금남면,127.806475262466,34.9893812609028,MA0101202505A0027069,소상공인시장진흥공단_상가(상권)정보_API (data.go.kr 15012005),202606,2026-10-04
GN-HADONG,하동군,씨유켄싱턴리조트하동점,,편의점,경상남도 하동군 화개면 쌍계로 532-6,경상남도 하동군 화개면 운수리 384-17,화개면,127.644259447253,35.2267199184123,MA010120220804852901,소상공인시장진흥공단_상가(상권)정보_API (data.go.kr 15012005),202606,2026-10-04
GN-HADONG,하동군,씨유진교,금오점,편의점,경상남도 하동군 진교면 들포길 40,경상남도 하동군 진교면 고룡리 3,진교면,127.903226860508,35.0210312128266,MA010120220811285906,소상공인시장진흥공단_상가(상권)정보_API (data.go.kr 15012005),202606,2026-10-04
GN-HADONG,하동군,블루25시하동점,,편의점,경상남도 하동군 금성면 산업로 510,경상남도 하동군 금성면 갈사리 605,금성면,127.77850607004,34.9596747873777,MA0101202411A0081800,소상공인시장진흥공단_상가(상권)정보_API (data.go.kr 15012005),202606,2026-10-04
GN-HADONG,하동군,지에스25남해대교점,,편의점,경상남도 하동군 금남면 섬진강대로 9,경상남도 하동군 금남면 노량리 558-6,금남면,127.872098025032,34.9476186371161,MA010120220811173458,소상공인시장진흥공단_상가(상권)정보_API (data.go.kr 15012005),202606,2026-10-04
GN-HADONG,하동군,씨유하동군청점,,편의점,경상남도 하동군 하동읍 군청로 24,경상남도 하동군 하동읍 읍내리 1565,하동읍,127.750185326564,35.0668168036712,MA0101202501A0048442,소상공인시장진흥공단_상가(상권)정보_API (data.go.kr 15012005),202606,2026-10-04
GN-HADONG,하동군,씨유하동섬진강점,,편의점,경상남도 하동군 하동읍 섬진강대로 2176,경상남도 하동군 하동읍 읍내리 1494-1,하동읍,127.741001060187,35.0683244316082,MA0101202409A0029263,소상공인시장진흥공단_상가(상권)정보_API (data.go.kr 15012005),202606,2026-10-04
GN-SANCHEONG,산청군,지리산1915,,편의점,경상남도 산청군 시천면 지리산대로 518,경상남도 산청군 시천면 중산리 519-1,시천면,127.754331436301,35.2939893694644,MA010120220811170794,소상공인시장진흥공단_상가(상권)정보_API (data.go.kr 15012005),202606,2026-10-04
GN-SANCHEONG,산청군,씨유원지설레임점,,편의점,경상남도 산청군 신안면 원지강변로15번길 21,경상남도 산청군 신안면 하정리 726-1,신안면,127.970800070558,35.3021254838358,MA0101202406A0104874,소상공인시장진흥공단_상가(상권)정보_API (data.go.kr 15012005),202606,2026-10-04
GN-SANCHEONG,산청군,씨유단성IC점,,편의점,경상남도 산청군 단성면 목화로 940,경상남도 산청군 단성면 사월리 28-3,단성면,127.958788533402,35.2951190943117,MA010120220809979411,소상공인시장진흥공단_상가(상권)정보_API (data.go.kr 15012005),202606,2026-10-04
GN-SANCHEONG,산청군,세븐일레븐산청신안,그린점,편의점,경상남도 산청군 신안면 신차로 14,경상남도 산청군 신안면 문대리 600,신안면,128.001283793087,35.3366216515209,MA010120220812805233,소상공인시장진흥공단_상가(상권)정보_API (data.go.kr 15012005),202606,2026-10-04
GN-SANCHEONG,산청군,C&H,,편의점,경상남도 산청군 단성면 호암로619번길 50-29,경상남도 산청군 단성면 운리 393-1,단성면,127.892730542343,35.3172920169924,MA010120220811205284,소상공인시장진흥공단_상가(상권)정보_API (data.go.kr 15012005),202606,2026-10-04
GN-SANCHEONG,산청군,씨유산청덕산점,,편의점,경상남도 산청군 시천면 남명로200번길 4,경상남도 산청군 시천면 사리 931-10,시천면,127.83848643886,35.276959310814,MA010120220811163726,소상공인시장진흥공단_상가(상권)정보_API (data.go.kr 15012005),202606,2026-10-04
GN-SANCHEONG,산청군,지에스25산청대명점,,편의점,경상남도 산청군 산청읍 덕계로 15,경상남도 산청군 산청읍 산청리 187-1,산청읍,127.878382850336,35.416061701843,MA010120220804375293,소상공인시장진흥공단_상가(상권)정보_API (data.go.kr 15012005),202606,2026-10-04
GN-SANCHEONG,산청군,지에스25산청,신안점,편의점,경상남도 산청군 신안면 원지강변로61번길 31,경상남도 산청군 신안면 하정리 924-20,신안면,127.969587769739,35.3028021681256,MA010120220813445585,소상공인시장진흥공단_상가(상권)정보_API (data.go.kr 15012005),202606,2026-10-04
GN-SANCHEONG,산청군,CU산청경호강점,,편의점,경상남도 산청군 산청읍 웅석봉로 62,경상남도 산청군 산청읍 옥산리 240-5,산청읍,127.87370532776,35.4121389827134,MA010120220814130125,소상공인시장진흥공단_상가(상권)정보_API (data.go.kr 15012005),202606,2026-10-04
GN-SANCHEONG,산청군,GS25산청스마일점,,편의점,경상남도 산청군 산청읍 웅석봉로 27-1,경상남도 산청군 산청읍 옥산리 447-22,산청읍,127.875682502326,35.4147744466367,MA010120220806639101,소상공인시장진흥공단_상가(상권)정보_API (data.go.kr 15012005),202606,2026-10-04
GN-SANCHEONG,산청군,지에스25산청성우점,,편의점,경상남도 산청군 산청읍 웅석봉로 69,경상남도 산청군 산청읍 옥산리 690,산청읍,127.873730084368,35.4113727093909,MA010120220800145398,소상공인시장진흥공단_상가(상권)정보_API (data.go.kr 15012005),202606,2026-10-04
GN-SANCHEONG,산청군,지에스25산청금서점,,편의점,경상남도 산청군 금서면 친환경로 2443,경상남도 산청군 금서면 매촌리 1327-2,금서면,127.854138947768,35.4171008393994,MA010120220803243901,소상공인시장진흥공단_상가(상권)정보_API (data.go.kr 15012005),202606,2026-10-04
GN-SANCHEONG,산청군,이마트24산청점,,편의점,경상남도 산청군 산청읍 덕계로 26,경상남도 산청군 산청읍 산청리 200-4,산청읍,127.878811176188,35.4169778976617,MA0101202602A0018448,소상공인시장진흥공단_상가(상권)정보_API (data.go.kr 15012005),202606,2026-10-04
GN-SANCHEONG,산청군,씨유생초IC점,,편의점,경상남도 산청군 생초면 경호로 553-3,경상남도 산청군 생초면 하촌리 130-2,생초면,127.829487989808,35.4879964867199,MA0101202505A0081602,소상공인시장진흥공단_상가(상권)정보_API (data.go.kr 15012005),202606,2026-10-04
GN-SANCHEONG,산청군,세븐일레븐산청신안원지점,,편의점,경상남도 산청군 신안면 원지로4번길 29,경상남도 산청군 신안면 하정리 630-9,신안면,127.974345611468,35.3016553349491,MA0101202602A0015095,소상공인시장진흥공단_상가(상권)정보_API (data.go.kr 15012005),202606,2026-10-04
GN-SANCHEONG,산청군,샬롬카페편의점,,편의점,경상남도 산청군 산청읍 친환경로 2690,경상남도 산청군 산청읍 산청리 200,산청읍,127.878554391814,35.4176647434597,MA010120220803190646,소상공인시장진흥공단_상가(상권)정보_API (data.go.kr 15012005),202606,2026-10-04
GN-SANCHEONG,산청군,신구멍가게24산청원지로점,,편의점,경상남도 산청군 신안면 원지로 27,경상남도 산청군 신안면 하정리 635-6,신안면,127.97514934298,35.3026673196574,MA0101202412A0015271,소상공인시장진흥공단_상가(상권)정보_API (data.go.kr 15012005),202606,2026-10-04
GN-SANCHEONG,산청군,지리산당나귀편의점,,편의점,경상남도 산청군 시천면 삼신봉로 856,경상남도 산청군 시천면 내대리 218-3,시천면,127.760162119485,35.2673820976999,MA0101202503A0073619,소상공인시장진흥공단_상가(상권)정보_API (data.go.kr 15012005),202606,2026-10-04
GN-SANCHEONG,산청군,씨유산청금서공단점,,편의점,경상남도 산청군 금서면 친환경로 2537,경상남도 산청군 금서면 매촌리 718-8,금서면,127.863711556152,35.4175555027399,MA0101202411A0110691,소상공인시장진흥공단_상가(상권)정보_API (data.go.kr 15012005),202606,2026-10-04
GN-SANCHEONG,산청군,씨유산청원지점,,편의점,경상남도 산청군 신안면 원지로 21,경상남도 산청군 신안면 하정리 635-7,신안면,127.974515293959,35.3029698580129,MA010120220800300774,소상공인시장진흥공단_상가(상권)정보_API (data.go.kr 15012005),202606,2026-10-04
GN-HAMYANG,함양군,세븐일레븐함양수동점,,편의점,경상남도 함양군 수동면 수동길 4,경상남도 함양군 수동면 화산리 1199-1,수동면,127.785275826476,35.5218830328339,MA0101202307A0077116,소상공인시장진흥공단_상가(상권)정보_API (data.go.kr 15012005),202606,2026-10-04
GN-HAMYANG,함양군,씨유함양,마천점,편의점,경상남도 함양군 마천면 천왕봉로 1194,경상남도 함양군 마천면 가흥리 307-3,마천면,127.66771106381,35.3979511108239,MA0101202406A0116462,소상공인시장진흥공단_상가(상권)정보_API (data.go.kr 15012005),202606,2026-10-04
GN-HAMYANG,함양군,세븐일레븐함양교산,별빛점,편의점,경상남도 함양군 함양읍 교산중앙길 18,경상남도 함양군 함양읍 교산리 182-23,함양읍,127.730160083672,35.5226078099083,MA0101202406A0174345,소상공인시장진흥공단_상가(상권)정보_API (data.go.kr 15012005),202606,2026-10-04
GN-HAMYANG,함양군,GS25함양학사루점,,편의점,경상남도 함양군 함양읍 학사루3길 3,경상남도 함양군 함양읍 용평리 777-6,함양읍,127.726406508824,35.5183583971772,MA0106202403A1832289,소상공인시장진흥공단_상가(상권)정보_API (data.go.kr 15012005),202606,2026-10-04
GN-HAMYANG,함양군,씨유함양안의점,,편의점,경상남도 함양군 안의면 강변로 285,경상남도 함양군 안의면 금천리 100,안의면,127.814083904999,35.6277622675621,MA010120220810674039,소상공인시장진흥공단_상가(상권)정보_API (data.go.kr 15012005),202606,2026-10-04
GN-HAMYANG,함양군,세븐일레븐함양상림공원점,,편의점,경상남도 함양군 함양읍 상림1길 5-12,경상남도 함양군 함양읍 운림리 341-1,함양읍,127.720969861111,35.5230866959903,MA010120220811073388,소상공인시장진흥공단_상가(상권)정보_API (data.go.kr 15012005),202606,2026-10-04
GN-HAMYANG,함양군,세븐일레븐함양용평대로점,,편의점,경상남도 함양군 함양읍 한들로 145,경상남도 함양군 함양읍 용평리 672-6,함양읍,127.732175536215,35.5199548374637,MA0101202212A0092949,소상공인시장진흥공단_상가(상권)정보_API (data.go.kr 15012005),202606,2026-10-04
GN-HAMYANG,함양군,픽미픽미아이스함양점,,편의점,경상남도 함양군 함양읍 용평길 13-2,경상남도 함양군 함양읍 용평리 611-4,함양읍,127.728901929513,35.5200197282259,MA0101202305A0205769,소상공인시장진흥공단_상가(상권)정보_API (data.go.kr 15012005),202606,2026-10-04
GN-HAMYANG,함양군,씨유함양한들점,,편의점,경상남도 함양군 함양읍 용평중앙길 39,경상남도 함양군 함양읍 용평리 628-2,함양읍,127.730999842267,35.5191688402551,MA0101202305A0021568,소상공인시장진흥공단_상가(상권)정보_API (data.go.kr 15012005),202606,2026-10-04
GN-HAMYANG,함양군,씨유함양상림공원점,,편의점,경상남도 함양군 함양읍 필봉산길 48,경상남도 함양군 함양읍 교산리 1034-12,함양읍,127.721964529171,35.5233601437537,MA0101202211A0102679,소상공인시장진흥공단_상가(상권)정보_API (data.go.kr 15012005),202606,2026-10-04
GN-HAMYANG,함양군,씨유용추그린하우스점,,편의점,경상남도 함양군 안의면 용추계곡로 7,경상남도 함양군 안의면 신안리 480-2,안의면,127.806743581945,35.6453952203231,MA010120220810042311,소상공인시장진흥공단_상가(상권)정보_API (data.go.kr 15012005),202606,2026-10-04
GN-HAMYANG,함양군,씨유함양한옥,마을점,편의점,경상남도 함양군 지곡면 병곡지곡로 967,경상남도 함양군 지곡면 창평리 515-9,지곡면,127.774313215262,35.5650258592755,MA010120220811934127,소상공인시장진흥공단_상가(상권)정보_API (data.go.kr 15012005),202606,2026-10-04
GN-HAMYANG,함양군,이마트24함양서하,강변점,편의점,경상남도 함양군 서하면 육십령로 2132,경상남도 함양군 서하면 송계리 894-5,서하면,127.699975440835,35.6481900417398,MA010120220806490701,소상공인시장진흥공단_상가(상권)정보_API (data.go.kr 15012005),202606,2026-10-04
GN-HAMYANG,함양군,씨유함양두루침점,,편의점,경상남도 함양군 함양읍 학사루3길 44,경상남도 함양군 함양읍 운림리 225,함양읍,127.725245076979,35.5166980131791,MA010120220812419856,소상공인시장진흥공단_상가(상권)정보_API (data.go.kr 15012005),202606,2026-10-04
GN-HAMYANG,함양군,GS25함양용평점,,편의점,경상남도 함양군 함양읍 용평1길 18-1,경상남도 함양군 함양읍 용평리 609-14,함양읍,127.72912576412,35.5191711703248,MA010120220811069786,소상공인시장진흥공단_상가(상권)정보_API (data.go.kr 15012005),202606,2026-10-04
GN-HAMYANG,함양군,씨유함양수동점,,편의점,경상남도 함양군 수동면 수동길 1,경상남도 함양군 수동면 화산리 1194-1,수동면,127.785068306288,35.522082664842,MA010120220811075845,소상공인시장진흥공단_상가(상권)정보_API (data.go.kr 15012005),202606,2026-10-04
GN-HAMYANG,함양군,이마트24R함양,고운점,편의점,경상남도 함양군 함양읍 고운로 65-1,경상남도 함양군 함양읍 용평리 688-6,함양읍,127.728766769118,35.5209218268034,MA010120220810355957,소상공인시장진흥공단_상가(상권)정보_API (data.go.kr 15012005),202606,2026-10-04
GN-HAMYANG,함양군,지에스25함양,중앙점,편의점,경상남도 함양군 함양읍 용평중앙길 8,경상남도 함양군 함양읍 용평리 721-4,함양읍,127.727608547973,35.5184052292717,MA010120220805420144,소상공인시장진흥공단_상가(상권)정보_API (data.go.kr 15012005),202606,2026-10-04
GN-HAMYANG,함양군,씨유함양한주점,,편의점,경상남도 함양군 함양읍 고운로 80-1,경상남도 함양군 함양읍 용평리 684-8,함양읍,127.730221577505,35.5208769769583,MA010120220811067439,소상공인시장진흥공단_상가(상권)정보_API (data.go.kr 15012005),202606,2026-10-04
GN-HAMYANG,함양군,이마트24R함양안의점,,편의점,경상남도 함양군 안의면 광풍로 142,경상남도 함양군 안의면 금천리 66-5,안의면,127.813056992581,35.6288236773333,MA010120220813424000,소상공인시장진흥공단_상가(상권)정보_API (data.go.kr 15012005),202606,2026-10-04
GN-HAMYANG,함양군,씨유함양교산점,,편의점,경상남도 함양군 함양읍 함양로 1208,경상남도 함양군 함양읍 교산리 329,함양읍,127.729488803774,35.5263972529046,MA0101202506A0007054,소상공인시장진흥공단_상가(상권)정보_API (data.go.kr 15012005),202606,2026-10-04
GN-HAMYANG,함양군,씨유안의,금천점,편의점,경상남도 함양군 안의면 광풍로 170,경상남도 함양군 안의면 금천리 19-1,안의면,127.815399989194,35.6301777557295,MA010120220811068132,소상공인시장진흥공단_상가(상권)정보_API (data.go.kr 15012005),202606,2026-10-04
GN-HAMYANG,함양군,이마트24R함양,고운점,편의점,경상남도 함양군 함양읍 고운로 65-1,경상남도 함양군 함양읍 용평리 688-6,함양읍,127.728766769118,35.5209218268034,MA010120220813270956,소상공인시장진흥공단_상가(상권)정보_API (data.go.kr 15012005),202606,2026-10-04
GN-HAMYANG,함양군,씨유함양서상점,,편의점,경상남도 함양군 서상면 서상로 294,경상남도 함양군 서상면 도천리 981-6,서상면,127.686584648212,35.6820735057035,MA010120220811072774,소상공인시장진흥공단_상가(상권)정보_API (data.go.kr 15012005),202606,2026-10-04
GN-HAMYANG,함양군,지에스25함양주공점,,편의점,경상남도 함양군 함양읍 함양로 1248,경상남도 함양군 함양읍 교산리 379,함양읍,127.732093748584,35.5291574135674,MA010120220810303879,소상공인시장진흥공단_상가(상권)정보_API (data.go.kr 15012005),202606,2026-10-04
GN-HAMYANG,함양군,지에스25함양웰가점,,편의점,경상남도 함양군 함양읍 함양로 1206-71,경상남도 함양군 함양읍 교산리 257,함양읍,127.732552466301,35.5262525048044,MA0101202504A0094957,소상공인시장진흥공단_상가(상권)정보_API (data.go.kr 15012005),202606,2026-10-04
GN-HAMYANG,함양군,씨유함양현대점,,편의점,경상남도 함양군 함양읍 함양로 1196,경상남도 함양군 함양읍 교산리 328-7,함양읍,127.729733963138,35.5254674504157,MA0101202501A0001483,소상공인시장진흥공단_상가(상권)정보_API (data.go.kr 15012005),202606,2026-10-04
GN-HAMYANG,함양군,세븐일레븐함양한들로점,,편의점,경상남도 함양군 함양읍 한들로 5,경상남도 함양군 함양읍 백연리 135,함양읍,127.723252474224,35.5133121399361,MA010120220814071190,소상공인시장진흥공단_상가(상권)정보_API (data.go.kr 15012005),202606,2026-10-04
GN-HAMYANG,함양군,지에스25함양,터미널점,편의점,경상남도 함양군 함양읍 한들로 153,경상남도 함양군 함양읍 용평리 673-3,함양읍,127.732666390196,35.520591766914,MA0101202409A0140528,소상공인시장진흥공단_상가(상권)정보_API (data.go.kr 15012005),202606,2026-10-04
GN-GEOCHANG,거창군,이마트24거창수승대점,,편의점,경상남도 거창군 위천면 송계로 358,경상남도 거창군 위천면 장기리 399-2,위천면,127.833385681844,35.7546884357573,MA010120220811073826,소상공인시장진흥공단_상가(상권)정보_API (data.go.kr 15012005),202606,2026-10-04
GN-GEOCHANG,거창군,씨유거창마리점,,편의점,경상남도 거창군 마리면 거안로 838,경상남도 거창군 마리면 말흘리 190-1,마리면,127.854907688441,35.6994173997615,MA010120220811069272,소상공인시장진흥공단_상가(상권)정보_API (data.go.kr 15012005),202606,2026-10-04
GN-GEOCHANG,거창군,이마트24R거창상림점,,편의점,경상남도 거창군 거창읍 중앙로 41,경상남도 거창군 거창읍 상림리 235-61,거창읍,127.903335381916,35.6848150208263,MA010120220811070860,소상공인시장진흥공단_상가(상권)정보_API (data.go.kr 15012005),202606,2026-10-04
GN-GEOCHANG,거창군,세븐일레븐거창가조점,,편의점,경상남도 거창군 가조면 지산로 1467,경상남도 거창군 가조면 마상리 190-5,가조면,128.015892379916,35.7076743103956,MA0101202309A0023537,소상공인시장진흥공단_상가(상권)정보_API (data.go.kr 15012005),202606,2026-10-04
GN-GEOCHANG,거창군,세븐일레븐거창대평점,,편의점,경상남도 거창군 거창읍 창동로 101,경상남도 거창군 거창읍 대평리 1005-25,거창읍,127.921126513679,35.6862934299709,MA0101202406A0411740,소상공인시장진흥공단_상가(상권)정보_API (data.go.kr 15012005),202606,2026-10-04
GN-GEOCHANG,거창군,지에스25거창더샵1단지점,,편의점,경상남도 거창군 거창읍 거열로8길 76,경상남도 거창군 거창읍 가지리 1860,거창읍,127.900683559977,35.6916392884062,MA0101202406A0120964,소상공인시장진흥공단_상가(상권)정보_API (data.go.kr 15012005),202606,2026-10-04
GN-GEOCHANG,거창군,씨유거창점,,편의점,경상남도 거창군 거창읍 강변로 127,경상남도 거창군 거창읍 상림리 144,거창읍,127.910933632779,35.6846496155521,MA010120220811070852,소상공인시장진흥공단_상가(상권)정보_API (data.go.kr 15012005),202606,2026-10-04
GN-GEOCHANG,거창군,씨유거창중앙교점,,편의점,경상남도 거창군 거창읍 거창대로 33,경상남도 거창군 거창읍 대평리 1148-2,거창읍,127.916921234369,35.6846762581947,MA0106202404A1831511,소상공인시장진흥공단_상가(상권)정보_API (data.go.kr 15012005),202606,2026-10-04
GN-GEOCHANG,거창군,미니스톱거창,드림점,편의점,경상남도 거창군 거창읍 장팔길 75,경상남도 거창군 거창읍 김천리 218-19,거창읍,127.908640698028,35.6772767337625,MA010120220808294115,소상공인시장진흥공단_상가(상권)정보_API (data.go.kr 15012005),202606,2026-10-04
GN-GEOCHANG,거창군,GSA편의점,,편의점,경상남도 거창군 거창읍 창동로 75,경상남도 거창군 거창읍 대평리 1498-1,거창읍,127.922017296711,35.6840244894315,MA010120220811071833,소상공인시장진흥공단_상가(상권)정보_API (data.go.kr 15012005),202606,2026-10-04
GN-GEOCHANG,거창군,지에스25거창대경점,,편의점,경상남도 거창군 거창읍 거열로7길 25,경상남도 거창군 거창읍 상림리 772,거창읍,127.902039031869,35.6893760277799,MA0101202310A0021069,소상공인시장진흥공단_상가(상권)정보_API (data.go.kr 15012005),202606,2026-10-04
GN-GEOCHANG,거창군,이마트24거창,코아루점,편의점,경상남도 거창군 거창읍 강남로 266,경상남도 거창군 거창읍 대평리 1513,거창읍,127.926358103989,35.6878034229469,MA010120220806417464,소상공인시장진흥공단_상가(상권)정보_API (data.go.kr 15012005),202606,2026-10-04
GN-GEOCHANG,거창군,씨유거창,아카데미점,편의점,경상남도 거창군 거창읍 상동7길 35,경상남도 거창군 거창읍 상림리 813-3,거창읍,127.906415513956,35.6875767143851,MA0101202307A0089805,소상공인시장진흥공단_상가(상권)정보_API (data.go.kr 15012005),202606,2026-10-04
GN-GEOCHANG,거창군,씨유거창가조,온천점,편의점,경상남도 거창군 가조면 온천길 156,경상남도 거창군 가조면 일부리 1267,가조면,128.022745682327,35.6992167808245,MA0101202307A0032762,소상공인시장진흥공단_상가(상권)정보_API (data.go.kr 15012005),202606,2026-10-04
GN-GEOCHANG,거창군,씨유거창더,센트럴점,편의점,경상남도 거창군 거창읍 강변로 149,경상남도 거창군 거창읍 중앙리 212,거창읍,127.913405149366,35.6853608961164,MA0101202311A0017465,소상공인시장진흥공단_상가(상권)정보_API (data.go.kr 15012005),202606,2026-10-04
GN-GEOCHANG,거창군,이마트24거창가조,온천점,편의점,경상남도 거창군 가조면 도산길 3,경상남도 거창군 가조면 일부리 1177-2,가조면,128.020445991189,35.6990921029569,MA0101202308A0048958,소상공인시장진흥공단_상가(상권)정보_API (data.go.kr 15012005),202606,2026-10-04
GN-GEOCHANG,거창군,세븐일레븐거창대동,중앙점,편의점,경상남도 거창군 거창읍 중앙로 158-1,경상남도 거창군 거창읍 대동리 860,거창읍,127.915450317052,35.6874272341857,MA0101202305A0124952,소상공인시장진흥공단_상가(상권)정보_API (data.go.kr 15012005),202606,2026-10-04
GN-GEOCHANG,거창군,씨유거창하나로점,,편의점,경상남도 거창군 거창읍 소만2길 10,경상남도 거창군 거창읍 대동리 994-1,거창읍,127.922970165517,35.6929034429078,MA0101202306A0095790,소상공인시장진흥공단_상가(상권)정보_API (data.go.kr 15012005),202606,2026-10-04
GN-GEOCHANG,거창군,씨유거창,대동점,편의점,경상남도 거창군 거창읍 거창대로 93,경상남도 거창군 거창읍 대동리 702,거창읍,127.914727476873,35.6899111488301,MA010120220811069057,소상공인시장진흥공단_상가(상권)정보_API (data.go.kr 15012005),202606,2026-10-04
GN-GEOCHANG,거창군,씨유거창거고점,,편의점,경상남도 거창군 거창읍 죽전7길 23,경상남도 거창군 거창읍 중앙리 4-8,거창읍,127.913400616729,35.6927150784471,MA0101202211A0088882,소상공인시장진흥공단_상가(상권)정보_API (data.go.kr 15012005),202606,2026-10-04
GN-GEOCHANG,거창군,좋은편의점,,편의점,경상남도 거창군 거창읍 거함대로 3211,경상남도 거창군 거창읍 김천리 117-10,거창읍,127.913010362846,35.6807675438589,MA010120220811072006,소상공인시장진흥공단_상가(상권)정보_API (data.go.kr 15012005),202606,2026-10-04
GN-GEOCHANG,거창군,씨유거창,코아루점,편의점,경상남도 거창군 거창읍 강남로 260,경상남도 거창군 거창읍 대평리 444-14,거창읍,127.924930138092,35.6875530428043,MA010120220806712199,소상공인시장진흥공단_상가(상권)정보_API (data.go.kr 15012005),202606,2026-10-04
GN-GEOCHANG,거창군,지에프에스지에스25거창가조점,,편의점,경상남도 거창군 가조면 가조가야로 1104,경상남도 거창군 가조면 마상리 325-3,가조면,128.015548393529,35.7101736262725,MA010120220803420061,소상공인시장진흥공단_상가(상권)정보_API (data.go.kr 15012005),202606,2026-10-04
GN-GEOCHANG,거창군,씨유거창정장산업단지점,,편의점,경상남도 거창군 거창읍 밤티재로 1281,경상남도 거창군 거창읍 정장리 95-1,거창읍,127.931107344987,35.669651783909,MA010120220811824969,소상공인시장진흥공단_상가(상권)정보_API (data.go.kr 15012005),202606,2026-10-04
GN-GEOCHANG,거창군,준편의점,,편의점,경상남도 거창군 웅양면 어인안길 56-117,경상남도 거창군 웅양면 산포리 702-2,웅양면,127.942185253181,35.850649926471,MA010120220805073878,소상공인시장진흥공단_상가(상권)정보_API (data.go.kr 15012005),202606,2026-10-04
GN-GEOCHANG,거창군,씨유거창,대동점,편의점,경상남도 거창군 거창읍 거창대로 93,경상남도 거창군 거창읍 대동리 702,거창읍,127.914727476873,35.6899111488301,MA010120220811080515,소상공인시장진흥공단_상가(상권)정보_API (data.go.kr 15012005),202606,2026-10-04
GN-GEOCHANG,거창군,GS25거창푸르지오,,편의점,경상남도 거창군 거창읍 송정2길 33,경상남도 거창군 거창읍 송정리 1097,거창읍,127.899571052299,35.6820944100195,MA010120220811229453,소상공인시장진흥공단_상가(상권)정보_API (data.go.kr 15012005),202606,2026-10-04
GN-GEOCHANG,거창군,세븐거창대평점주,코리아,편의점,경상남도 거창군 거창읍 창동로 101,경상남도 거창군 거창읍 대평리 1005-25,거창읍,127.921126513679,35.6862934299709,MA010120220811089456,소상공인시장진흥공단_상가(상권)정보_API (data.go.kr 15012005),202606,2026-10-04
GN-GEOCHANG,거창군,지에스25거창,중앙점,편의점,경상남도 거창군 거창읍 거열로1길 100-24,경상남도 거창군 거창읍 중앙리 2-21,거창읍,127.911771460825,35.6942054684268,MA0101202210A0084763,소상공인시장진흥공단_상가(상권)정보_API (data.go.kr 15012005),202606,2026-10-04
GN-GEOCHANG,거창군,씨유거창창남점,,편의점,경상남도 거창군 거창읍 수남로 2270-7,경상남도 거창군 거창읍 김천리 102-6,거창읍,127.912766792975,35.6816886605248,MA010120220811066061,소상공인시장진흥공단_상가(상권)정보_API (data.go.kr 15012005),202606,2026-10-04
GN-GEOCHANG,거창군,GS25거창럭키점,,편의점,경상남도 거창군 거창읍 거창대로 19,경상남도 거창군 거창읍 대평리 1265-5,거창읍,127.917449370325,35.6835276544791,MA010120220811068277,소상공인시장진흥공단_상가(상권)정보_API (data.go.kr 15012005),202606,2026-10-04
GN-GEOCHANG,거창군,세븐일레븐거창향교점,,편의점,경상남도 거창군 거창읍 교촌길 30-13,경상남도 거창군 거창읍 상림리 371-6,거창읍,127.904302100697,35.6911885739172,MA010120220811884393,소상공인시장진흥공단_상가(상권)정보_API (data.go.kr 15012005),202606,2026-10-04
GN-GEOCHANG,거창군,씨유거창상림점,,편의점,경상남도 거창군 거창읍 상동길 50,경상남도 거창군 거창읍 상림리 800,거창읍,127.904424503045,35.6883307100865,MA010120220811069056,소상공인시장진흥공단_상가(상권)정보_API (data.go.kr 15012005),202606,2026-10-04
GN-GEOCHANG,거창군,세븐일레븐거창도립대학교점,,편의점,경상남도 거창군 거창읍 거창대학로 72,경상남도 거창군 거창읍 김천리 164,거창읍,127.91241610792,35.6732015872691,MA010120220805030338,소상공인시장진흥공단_상가(상권)정보_API (data.go.kr 15012005),202606,2026-10-04
GN-GEOCHANG,거창군,이마트24거창송림원룸점,,편의점,경상남도 거창군 거창읍 송정9길 11-4,경상남도 거창군 거창읍 송정리 1132-1,거창읍,127.907040317348,35.681290331896,MA010120220806341692,소상공인시장진흥공단_상가(상권)정보_API (data.go.kr 15012005),202606,2026-10-04
GN-GEOCHANG,거창군,GS25거창상림점,,편의점,경상남도 거창군 거창읍 거열로 143,경상남도 거창군 거창읍 상림리 39-1,거창읍,127.90934192278,35.6894292314603,MA010120220811068245,소상공인시장진흥공단_상가(상권)정보_API (data.go.kr 15012005),202606,2026-10-04
GN-GEOCHANG,거창군,거창,창동점,편의점,경상남도 거창군 거창읍 동동3길 21,경상남도 거창군 거창읍 대동리 95-16,거창읍,127.922930296886,35.6894429772712,MA0101202603A0037702,소상공인시장진흥공단_상가(상권)정보_API (data.go.kr 15012005),202606,2026-10-04
GN-GEOCHANG,거창군,세븐일레븐거창점,,편의점,경상남도 거창군 거창읍 거함대로 3200,경상남도 거창군 거창읍 김천리 255-16,거창읍,127.911799875549,35.6801999211553,MA0101202601A0030746,소상공인시장진흥공단_상가(상권)정보_API (data.go.kr 15012005),202606,2026-10-04
GN-GEOCHANG,거창군,씨유거창아림점,,편의점,경상남도 거창군 거창읍 거열로7길 39,경상남도 거창군 거창읍 상림리 771,거창읍,127.900949896732,35.6897807318588,MA010120220810269917,소상공인시장진흥공단_상가(상권)정보_API (data.go.kr 15012005),202606,2026-10-04
GN-GEOCHANG,거창군,CU거창가조점,,편의점,경상남도 거창군 가조면 가조가야로 1094,경상남도 거창군 가조면 마상리 332,가조면,128.014430740865,35.7100478677808,MA010120220814162215,소상공인시장진흥공단_상가(상권)정보_API (data.go.kr 15012005),202606,2026-10-04
GN-GEOCHANG,거창군,지에스25거창원룸점,,편의점,경상남도 거창군 거창읍 공수들4길 25,경상남도 거창군 거창읍 상림리 845,거창읍,127.902622115654,35.687199657567,MA010120220808190890,소상공인시장진흥공단_상가(상권)정보_API (data.go.kr 15012005),202606,2026-10-04
GN-GEOCHANG,거창군,씨유거창가지점,,편의점,경상남도 거창군 거창읍 거열로4길 152,경상남도 거창군 거창읍 가지리 209-6,거창읍,127.906424348535,35.695192158296,MA010120220807572032,소상공인시장진흥공단_상가(상권)정보_API (data.go.kr 15012005),202606,2026-10-04
GN-GEOCHANG,거창군,이마트24거창수승대,광장점,편의점,경상남도 거창군 위천면 송계로 441,경상남도 거창군 위천면 황산리 753-2,위천면,127.833021958163,35.7611618562979,MA010120220812430452,소상공인시장진흥공단_상가(상권)정보_API (data.go.kr 15012005),202606,2026-10-04
GN-GEOCHANG,거창군,씨유뉴거창대학,후문점,편의점,경상남도 거창군 거창읍 수남로 2214,경상남도 거창군 거창읍 김천리 274-50,거창읍,127.911450540709,35.6766786972005,MA010120220811073979,소상공인시장진흥공단_상가(상권)정보_API (data.go.kr 15012005),202606,2026-10-04
GN-GEOCHANG,거창군,세븐일레븐거창거열로점,,편의점,경상남도 거창군 거창읍 거열로 231,경상남도 거창군 거창읍 대동리 159-4,거창읍,127.917997849715,35.692833317316,MA010120220803444326,소상공인시장진흥공단_상가(상권)정보_API (data.go.kr 15012005),202606,2026-10-04
GN-GEOCHANG,거창군,세븐일레븐거창,터미널점,편의점,경상남도 거창군 거창읍 강남로 236,경상남도 거창군 거창읍 대평리 1005,거창읍,127.923002969989,35.6861618954645,MA010120220802270146,소상공인시장진흥공단_상가(상권)정보_API (data.go.kr 15012005),202606,2026-10-04
GN-GEOCHANG,거창군,GS25거창대평점,,편의점,경상남도 거창군 거창읍 강남로 216,경상남도 거창군 거창읍 대평리 1005-16,거창읍,127.920693444593,35.6860984693897,MA010120220802921132,소상공인시장진흥공단_상가(상권)정보_API (data.go.kr 15012005),202606,2026-10-04
GN-GEOCHANG,거창군,거창도립대학교매점,,편의점,경상남도 거창군 거창읍 거창대학로 72,경상남도 거창군 거창읍 대평리 1396,거창읍,127.91241610792,35.6732015872691,MA0101202603A0040019,소상공인시장진흥공단_상가(상권)정보_API (data.go.kr 15012005),202606,2026-10-04
GN-GEOCHANG,거창군,이마트24거창포르시엘,,편의점,경상남도 거창군 거창읍 성산길 109,경상남도 거창군 거창읍 가지리 1864,거창읍,127.900091077524,35.6929865740156,MA0101202604A0021161,소상공인시장진흥공단_상가(상권)정보_API (data.go.kr 15012005),202606,2026-10-04
GN-GEOCHANG,거창군,세븐일레븐거창상림,중앙점,편의점,경상남도 거창군 거창읍 상동2길 71-1,경상남도 거창군 거창읍 상림리 816-3,거창읍,127.907375688117,35.6884707250035,MA0101202506A0028448,소상공인시장진흥공단_상가(상권)정보_API (data.go.kr 15012005),202606,2026-10-04
GN-GEOCHANG,거창군,지에스25거창중앙센터,,편의점,경상남도 거창군 거창읍 하동1길 3,경상남도 거창군 거창읍 중앙리 301-3,거창읍,127.911997676053,35.6869036822427,MA0101202508A0012908,소상공인시장진흥공단_상가(상권)정보_API (data.go.kr 15012005),202606,2026-10-04
GN-GEOCHANG,거창군,GS25거창가조,가야점,편의점,경상남도 거창군 가조면 가조가야로 1108,경상남도 거창군 가조면 마상리 312-7,가조면,128.016089675476,35.7101600450432,MA0106202411A0486608,소상공인시장진흥공단_상가(상권)정보_API (data.go.kr 15012005),202606,2026-10-04
GN-GEOCHANG,거창군,지에스25거창삼교점,,편의점,경상남도 거창군 거창읍 강변로2길 20,경상남도 거창군 거창읍 상림리 571,거창읍,127.900446661624,35.6843229528578,MA0101202507A0001949,소상공인시장진흥공단_상가(상권)정보_API (data.go.kr 15012005),202606,2026-10-04
GN-GEOCHANG,거창군,세븐일레븐거창중앙,스타점,편의점,경상남도 거창군 거창읍 거열로 167-1,경상남도 거창군 거창읍 중앙리 346-7,거창읍,127.912026535234,35.6904093019323,MA0101202505A0022841,소상공인시장진흥공단_상가(상권)정보_API (data.go.kr 15012005),202606,2026-10-04
GN-GEOCHANG,거창군,씨유거창주공점,,편의점,경상남도 거창군 거창읍 강변로 255,경상남도 거창군 거창읍 대동리 95-11,거창읍,127.924040884871,35.6889928482629,MA0101202503A0002639,소상공인시장진흥공단_상가(상권)정보_API (data.go.kr 15012005),202606,2026-10-04
GN-GEOCHANG,거창군,지에스25거창여고점,,편의점,경상남도 거창군 거창읍 죽전1길 56,경상남도 거창군 거창읍 중앙리 436-6,거창읍,127.909022594073,35.6914684542084,MA0101202412A0066229,소상공인시장진흥공단_상가(상권)정보_API (data.go.kr 15012005),202606,2026-10-04
GN-GEOCHANG,거창군,지에스25거창승강기밸리점,,편의점,경상남도 거창군 남상면 승강기길 58,경상남도 거창군 남상면 대산리 1565-7,남상면,127.930566128136,35.6534695856965,MA010120220801615633,소상공인시장진흥공단_상가(상권)정보_API (data.go.kr 15012005),202606,2026-10-04
GN-HAPCHEON,합천군,씨유합천대로점,,편의점,경상남도 합천군 합천읍 동서로 131,경상남도 합천군 합천읍 합천리 347-1,합천읍,128.166390567452,35.5657362618408,MA010120220813786218,소상공인시장진흥공단_상가(상권)정보_API (data.go.kr 15012005),202606,2026-10-04
GN-HAPCHEON,합천군,씨유합천,중앙점,편의점,경상남도 합천군 합천읍 대야로 914,경상남도 합천군 합천읍 합천리 419-1,합천읍,128.163782399084,35.5699612395491,MA0101202409A0234451,소상공인시장진흥공단_상가(상권)정보_API (data.go.kr 15012005),202606,2026-10-04
GN-HAPCHEON,합천군,씨유해인사IC점,,편의점,경상남도 합천군 야로면 가야산로 490,경상남도 합천군 야로면 매촌리 407-1,야로면,128.166645444938,35.7169507044173,MA010120220811073652,소상공인시장진흥공단_상가(상권)정보_API (data.go.kr 15012005),202606,2026-10-04
GN-HAPCHEON,합천군,씨유합천군청교차로점,,편의점,경상남도 합천군 합천읍 대야로 884,경상남도 합천군 합천읍 합천리 396-4,합천읍,128.163366633009,35.5671443781006,MA0101202406A0046789,소상공인시장진흥공단_상가(상권)정보_API (data.go.kr 15012005),202606,2026-10-04
GN-HAPCHEON,합천군,씨유합천,가야점,편의점,경상남도 합천군 가야면 가야시장로 56,경상남도 합천군 가야면 황산리 18-1,가야면,128.138851076925,35.75953807392,MA010120220800311078,소상공인시장진흥공단_상가(상권)정보_API (data.go.kr 15012005),202606,2026-10-04
GN-HAPCHEON,합천군,씨유합천정양레포츠점,,편의점,경상남도 합천군 대양면 동부로 25,경상남도 합천군 대양면 정양리 102-5,대양면,128.164563568745,35.5561016568457,MA0101202306A0062981,소상공인시장진흥공단_상가(상권)정보_API (data.go.kr 15012005),202606,2026-10-04
GN-HAPCHEON,합천군,세븐일레븐합천,센터점,편의점,경상남도 합천군 합천읍 동서로 141,경상남도 합천군 합천읍 합천리 350-8,합천읍,128.167393113976,35.5656544579839,MA0101202310A0053240,소상공인시장진흥공단_상가(상권)정보_API (data.go.kr 15012005),202606,2026-10-04
GN-HAPCHEON,합천군,이마트24합천회양점,,편의점,경상남도 합천군 대병면 서부로 1971-6,경상남도 합천군 대병면 회양리 845-8,대병면,128.018953321172,35.5197297256561,MA010120220813797814,소상공인시장진흥공단_상가(상권)정보_API (data.go.kr 15012005),202606,2026-10-04
GN-HAPCHEON,합천군,GS25합천군청점,,편의점,경상남도 합천군 합천읍 동서로 141-28,경상남도 합천군 합천읍 합천리 360-4,합천읍,128.16758416572,35.5674190337807,MA010120220802282588,소상공인시장진흥공단_상가(상권)정보_API (data.go.kr 15012005),202606,2026-10-04
GN-HAPCHEON,합천군,세븐일레븐합천삼가,중앙점,편의점,경상남도 합천군 삼가면 삼가1로 71,경상남도 합천군 삼가면 금리 72-1,삼가면,128.12079979474,35.4147221237594,MA010120220812403799,소상공인시장진흥공단_상가(상권)정보_API (data.go.kr 15012005),202606,2026-10-04
GN-HAPCHEON,합천군,씨유합천정양캠핑점,,편의점,경상남도 합천군 대양면 동부로 14,경상남도 합천군 대양면 정양리 112,대양면,128.163279468064,35.5557715829693,MA010120220803374988,소상공인시장진흥공단_상가(상권)정보_API (data.go.kr 15012005),202606,2026-10-04
GN-HAPCHEON,합천군,gs25합천초계점,,편의점,경상남도 합천군 초계면 초계중앙로 84,경상남도 합천군 초계면 초계리 24-6,초계면,128.269225484223,35.558902467476,MA010120220811068875,소상공인시장진흥공단_상가(상권)정보_API (data.go.kr 15012005),202606,2026-10-04
GN-HAPCHEON,합천군,GS25합천,옥산점,편의점,경상남도 합천군 합천읍 옥산로 34,경상남도 합천군 합천읍 합천리 479-9,합천읍,128.158742362333,35.5684957145044,MA010120220811077930,소상공인시장진흥공단_상가(상권)정보_API (data.go.kr 15012005),202606,2026-10-04
GN-HAPCHEON,합천군,이마트24합천,대야점,편의점,경상남도 합천군 합천읍 대야로 919,경상남도 합천군 합천읍 합천리 1525,합천읍,128.163401983716,35.5703524440339,MA010120220805296333,소상공인시장진흥공단_상가(상권)정보_API (data.go.kr 15012005),202606,2026-10-04
GN-HAPCHEON,합천군,합천,센터점,편의점,경상남도 합천군 합천읍 동서로 95,경상남도 합천군 합천읍 합천리 322-5,합천읍,128.162819325924,35.566672002674,MA010120220811077898,소상공인시장진흥공단_상가(상권)정보_API (data.go.kr 15012005),202606,2026-10-04
GN-HAPCHEON,합천군,지에스25팔만대장경점,,편의점,경상남도 합천군 가야면 가야산로 1742-17,경상남도 합천군 가야면 치인리 산 21-1,가야면,128.094559587473,35.7935736355742,MA010120220808614520,소상공인시장진흥공단_상가(상권)정보_API (data.go.kr 15012005),202606,2026-10-04
GN-HAPCHEON,합천군,씨유합천,로터리점,편의점,경상남도 합천군 합천읍 동서로 55,경상남도 합천군 합천읍 합천리 568,합천읍,128.158579785362,35.5671634441174,MA010120220804799217,소상공인시장진흥공단_상가(상권)정보_API (data.go.kr 15012005),202606,2026-10-04
GN-HAPCHEON,합천군,이마트24합천청덕점,,편의점,경상남도 합천군 청덕면 의합대로 2894,경상남도 합천군 청덕면 앙진리 531-1,청덕면,128.358619076387,35.5238620246981,MA0106202201A1286026,소상공인시장진흥공단_상가(상권)정보_API (data.go.kr 15012005),202606,2026-10-04
GN-HAPCHEON,합천군,GS25합천,중앙점,편의점,경상남도 합천군 합천읍 중앙로 21,경상남도 합천군 합천읍 합천리 850-3,합천읍,128.157895925843,35.5625646832851,MA010120220811071584,소상공인시장진흥공단_상가(상권)정보_API (data.go.kr 15012005),202606,2026-10-04
GN-HAPCHEON,합천군,지에스25합천해인사점,,편의점,경상남도 합천군 가야면 가야시장로 106,경상남도 합천군 가야면 야천리 477-3,가야면,128.139302256168,35.7640398640362,MA0101202604A0047633,소상공인시장진흥공단_상가(상권)정보_API (data.go.kr 15012005),202606,2026-10-04
GN-HAPCHEON,합천군,세븐일레븐합천황강공원점,,편의점,경상남도 합천군 합천읍 충효로 12,경상남도 합천군 합천읍 합천리 893-3,합천읍,128.160526164288,35.5613948169071,MA010120220804914016,소상공인시장진흥공단_상가(상권)정보_API (data.go.kr 15012005),202606,2026-10-04
GN-HAPCHEON,합천군,씨유합천모이다점,,편의점,경상남도 합천군 대병면 서부로 1979-1,경상남도 합천군 대병면 회양리 855-14,대병면,128.018372645121,35.5200140201808,MA0101202604A0032025,소상공인시장진흥공단_상가(상권)정보_API (data.go.kr 15012005),202606,2026-10-04
GN-HAPCHEON,합천군,세븐일레븐합천초계점,,편의점,경상남도 합천군 초계면 초계중앙로 46,경상남도 합천군 초계면 초계리 93-2,초계면,128.265045630772,35.558910353516,MA010120220811065511,소상공인시장진흥공단_상가(상권)정보_API (data.go.kr 15012005),202606,2026-10-04
GN-HAPCHEON,합천군,포시즌황매산호스텔매점,,편의점,경상남도 합천군 가회면 황매산공원길 107-28,경상남도 합천군 가회면 둔내리 1462-1,가회면,127.996669282549,35.4845593468235,MA0101202502A0095316,소상공인시장진흥공단_상가(상권)정보_API (data.go.kr 15012005),202606,2026-10-04
GN-HAPCHEON,합천군,씨유합천청덕,행복점,편의점,경상남도 합천군 청덕면 의합대로 2911,경상남도 합천군 청덕면 앙진리 556-3,청덕면,128.35799717243,35.5255543147893,MA0101202509A0003632,소상공인시장진흥공단_상가(상권)정보_API (data.go.kr 15012005),202606,2026-10-04
GN-HAPCHEON,합천군,세븐일레븐,합천점,편의점,경상남도 합천군 합천읍 동서로 81,경상남도 합천군 합천읍 합천리 660-5,합천읍,128.161370308481,35.5671546158655,MA0101202409A0178834,소상공인시장진흥공단_상가(상권)정보_API (data.go.kr 15012005),202606,2026-10-04
