{"type": "FeatureCollection", "crs": {"type": "name", "properties": {"name": "urn:ogc:def:crs:OGC:1.3:CRS84"}}, "features": [{"type": "Feature", "properties": {"region_id": "CW-UICHANG", "region_name": "창원시 의창구", "sgis_sigungu_cd": "38111", "sgis_base_date": "20250630"}, "geometry": {"type": "Polygon", "coordinates": [[[128.60982051439063, 35.38533677489618], [128.61503527463395, 35.38167753979562], [128.62033180925093, 35.37808909951742], [128.62647885392516, 35.373783102395386], [128.6319979502856, 35.370082269791475], [128.63437892891508, 35.368567331355415], [128.637502436998, 35.36948917288197], [128.6429900476526, 35.37273833938707], [128.64848639460058, 35.374101517388915], [128.6507328945365, 35.37490077214003], [128.65949141544309, 35.37401915250581], [128.66498492313335, 35.37607846099537], [128.67048193568283, 35.37742989942447], [128.68148670838633, 35.37747901581846], [128.68936981857465, 35.37755288157405], [128.6964033850749, 35.374699861202835], [128.6980073358814, 35.37402229545464], [128.7035202562973, 35.37111233248743], [128.7099471409217, 35.369579574689205], [128.71453362246115, 35.3685333195917], [128.72628961404607, 35.361346651207484], [128.7310747827116, 35.35783387483777], [128.73249156243963, 35.35675905436119], [128.73659308984585, 35.35248662355719], [128.74329084928726, 35.348246207203644], [128.74760835776453, 35.34825796474238], [128.7535678247577, 35.3482227296785], [128.75861632297827, 35.345998507652915], [128.7641168028803, 35.34550695324557], [128.7603245476629, 35.34239664485058], [128.75973318477728, 35.341595178874215], [128.75925609254946, 35.34138695597402], [128.75855306487406, 35.340919403898894], [128.75840563816283, 35.34077779130194], [128.75816464113015, 35.340472630213426], [128.75808236278857, 35.34030725211662], [128.75802288229346, 35.340132526694916], [128.75791117124, 35.3393060409788], [128.75757723567654, 35.33835887628525], [128.75747212143222, 35.33813918177784], [128.7572752288236, 35.33787113579608], [128.75671662376456, 35.337229832363455], [128.75512167934085, 35.335723920686476], [128.75477966138754, 35.33553005968658], [128.75441112234503, 35.335174077279476], [128.75395900716165, 35.33479974176073], [128.75315129124294, 35.33437156899662], [128.7521544728807, 35.33445303440764], [128.75204836635606, 35.334473575198615], [128.75197113583508, 35.334525809085974], [128.7519335634405, 35.33460028094017], [128.75192604482172, 35.33477795227251], [128.75199008119841, 35.33502175670752], [128.75241326730318, 35.3356809477661], [128.75277252203924, 35.33632276467889], [128.75293417026884, 35.336885787671214], [128.75295638162146, 35.33745279121493], [128.75278030202722, 35.337750615175395], [128.7523753990861, 35.3382577772817], [128.7517610510162, 35.33893481255252], [128.7516080391976, 35.33915515037041], [128.7510733428069, 35.33965305444052], [128.75099171436662, 35.33970886669353], [128.75089336431523, 35.33972887814125], [128.75067377920814, 35.33973050490897], [128.75051779442876, 35.33969136283002], [128.7501896723882, 35.33944124002229], [128.75024704062506, 35.33794021959302], [128.7501781497342, 35.33729602526585], [128.75006573718505, 35.336720042353896], [128.7498376630085, 35.3359926782118], [128.74979542853168, 35.335164612195506], [128.74983922323457, 35.33486814225547], [128.75011059052454, 35.334510922639545], [128.75017045971725, 35.33435488355103], [128.7501897446003, 35.33419717422724], [128.75013769617783, 35.33372789859391], [128.75029640751902, 35.332990567163286], [128.7502841025614, 35.3327865778507], [128.7502070479184, 35.332480015195266], [128.75002282875337, 35.33225612783303], [128.74977818128693, 35.33213039802196], [128.74970640472918, 35.33212455734966], [128.74874562948784, 35.33225233848015], [128.74813825252997, 35.33243783880281], [128.74765754287574, 35.332537295118854], [128.74663110525393, 35.33258916146177], [128.74592953451474, 35.332486217267174], [128.74536333908682, 35.33236554053906], [128.74436034108643, 35.33205275852767], [128.74318565292668, 35.33192199739447], [128.74274319536624, 35.331834154909224], [128.74263468197304, 35.33180615251804], [128.74212489171546, 35.33154314356696], [128.74162971530012, 35.33071131177929], [128.74154947850045, 35.33025483122078], [128.74154214345012, 35.329896574944286], [128.74158089675404, 35.32965171412433], [128.74222392590028, 35.32793793548358], [128.7425414199367, 35.326942334683835], [128.74275471163634, 35.32639262976183], [128.74292299540951, 35.32545888033586], [128.7429473158426, 35.32433415719655], [128.7428475909179, 35.323321186194704], [128.74260677546079, 35.321513123456526], [128.74245936200305, 35.320727829724824], [128.74231793017057, 35.32041347078117], [128.74130428701048, 35.31945210135051], [128.74070133937778, 35.31852578571517], [128.73976018600902, 35.31759320317693], [128.73899224008738, 35.31716027398204], [128.7375914383345, 35.31685695465739], [128.73585526416727, 35.31635932621933], [128.73515128554345, 35.31621706103616], [128.734639696692, 35.31607316625381], [128.73413803462967, 35.315879279126285], [128.73365756333658, 35.31580675718683], [128.73302879942548, 35.315857580844956], [128.7325758009455, 35.31602838417861], [128.73204387158142, 35.31641295093506], [128.73087471166986, 35.31709545011473], [128.73023705402838, 35.317308879948875], [128.72967648502936, 35.31754318581267], [128.7289125574581, 35.31789388448072], [128.72693055727996, 35.318730158679706], [128.72634868583094, 35.31901459486005], [128.7244126034042, 35.320252060008755], [128.72306193743046, 35.320952830406235], [128.72216437605894, 35.32151913844642], [128.72193527569866, 35.321701794204316], [128.7210966587956, 35.32269855776593], [128.72080817269693, 35.323127914075435], [128.72065324131097, 35.32343850232575], [128.71989520365028, 35.32428274515225], [128.7196063519538, 35.32472773110536], [128.71930311747076, 35.32504534516672], [128.7188291162803, 35.325397206488056], [128.71844511233172, 35.32555178807472], [128.71787863979162, 35.32560065257827], [128.71745858044687, 35.3254079501269], [128.71696177040354, 35.325037895969224], [128.71668621938792, 35.32487678333954], [128.71493165774825, 35.3239665347523], [128.71396775608287, 35.323199957334005], [128.7136361088791, 35.322855439818476], [128.71330419798454, 35.32217212986883], [128.71322718424383, 35.321827663765795], [128.7133236626361, 35.32113955895484], [128.71353363109534, 35.320178785777735], [128.71371864762028, 35.31871960953775], [128.7137007326183, 35.31858693615684], [128.71354934547477, 35.31808806791653], [128.71342285849602, 35.31785851319669], [128.71302568117332, 35.317435079655475], [128.71277852194078, 35.31705528458261], [128.71176264268817, 35.31583867560312], [128.71155013922768, 35.31553768274127], [128.71144236822227, 35.31524899146451], [128.71142243270998, 35.31503636331403], [128.71144872047137, 35.31475155277682], [128.71168953069747, 35.31403056416554], [128.7121109009856, 35.31315635433783], [128.71261293829863, 35.3124416654791], [128.71299155276049, 35.31200034998658], [128.7132389204657, 35.31182099264458], [128.71372204911697, 35.31156278315919], [128.7147497389952, 35.31114198667497], [128.7148835213824, 35.31105010808087], [128.71497448569528, 35.31094885437615], [128.7150237919808, 35.310745667093045], [128.71494607599016, 35.31057919746095], [128.71476733893851, 35.310444719136925], [128.71423334028012, 35.31021263044413], [128.71298289958045, 35.309845219711384], [128.71138616736, 35.30916826108028], [128.71072218741318, 35.3090771006484], [128.7093919566807, 35.30896479773154], [128.7092462148862, 35.308922537074004], [128.7083886212762, 35.3091258430852], [128.7071431746275, 35.30951825947555], [128.70685397999472, 35.30957484292758], [128.70655341066885, 35.30954108576235], [128.70603915292332, 35.309412872195175], [128.70536708673836, 35.3093524995704], [128.70480895224574, 35.309376138985236], [128.70454889572872, 35.309433730353454], [128.7034042732716, 35.30957136505869], [128.7020538966188, 35.30958417505261], [128.7008543028247, 35.30971242591895], [128.69935786953337, 35.309737246851356], [128.69912526524706, 35.309759094914085], [128.6982466630102, 35.30993633078492], [128.69743274738224, 35.310199232946644], [128.69708744055518, 35.3103470124001], [128.69688785967273, 35.31038764292713], [128.6968104471301, 35.31034638321626], [128.6966782499463, 35.30995495693441], [128.69654980620845, 35.30980903301208], [128.69545754385837, 35.30929588037927], [128.69489131286608, 35.308766753300816], [128.69470309672286, 35.30867151990918], [128.69449355743222, 35.308655874791306], [128.69426972690516, 35.308746873103544], [128.69418149990665, 35.308816255928484], [128.69406496897852, 35.30897813537315], [128.69390853465435, 35.30935234825855], [128.69374321107625, 35.309480701384636], [128.6934446447481, 35.30951359906951], [128.69330409486167, 35.30944600773641], [128.69316834932974, 35.30927907203147], [128.69324109534088, 35.308744483061865], [128.69330234455055, 35.30869492176742], [128.69296989551486, 35.30842782779393], [128.69237408075668, 35.30820971564105], [128.69224117372968, 35.30812920299781], [128.6922172235296, 35.30805167330957], [128.69224726767723, 35.30799310274057], [128.69279934183317, 35.30744662960352], [128.69291664793164, 35.307288972347486], [128.69319801233536, 35.306595601301524], [128.69324249222194, 35.3061912704656], [128.69322172589673, 35.30595232984406], [128.69311943427647, 35.30580830069821], [128.6930071738898, 35.305769173842485], [128.69265272341602, 35.30578060111739], [128.69220414324582, 35.30596697787264], [128.69205938830243, 35.30598757731674], [128.6919459838532, 35.305979464311676], [128.69176016911317, 35.30589954832343], [128.69163803974547, 35.30580874026595], [128.69157885367298, 35.305721700990084], [128.69160359777882, 35.305639403114874], [128.69207924394803, 35.30530114310901], [128.69232785643075, 35.30517937701717], [128.69260719376965, 35.30516081849784], [128.69276685807674, 35.30510760894301], [128.69293545459902, 35.305004443528915], [128.69303233607542, 35.304872823030365], [128.69303648361642, 35.30482404522668], [128.69295414454197, 35.304697768756284], [128.6927689556144, 35.3045813734357], [128.6925515685578, 35.30453582473737], [128.6923403084241, 35.304437678858186], [128.69222895864033, 35.30431982606738], [128.692105788716, 35.30412991754649], [128.69212390558363, 35.30402643519044], [128.69218350842604, 35.30395195871659], [128.69236344369259, 35.30390775552921], [128.69277160900307, 35.303899377035904], [128.6931031047706, 35.30394811476103], [128.6935195799921, 35.304068033513424], [128.69377430686066, 35.30408601499468], [128.69449136327495, 35.3038189948905], [128.69454704415367, 35.303771175832686], [128.69452788440873, 35.303692163834846], [128.69439891553057, 35.30355400379238], [128.69412826942224, 35.30337515992363], [128.6940883780067, 35.30329122588319], [128.69406965260876, 35.30316673292838], [128.69415193072382, 35.30273019348268], [128.6941340598477, 35.30236714692344], [128.69420635215363, 35.302291637110834], [128.69438447021255, 35.302252831648175], [128.69456539458287, 35.30227760303222], [128.69481621591592, 35.30237772008845], [128.69502064377332, 35.302511040620956], [128.69519031474343, 35.30270748325593], [128.69527389347544, 35.30276136646107], [128.69579232384515, 35.302856856007224], [128.69584271905515, 35.30277043380808], [128.69578404963107, 35.30224715423224], [128.69589904970493, 35.30206163297454], [128.6959212604825, 35.301842081991985], [128.69598067849597, 35.30182070809624], [128.69673612806238, 35.30201695282733], [128.69693314214055, 35.30200744182991], [128.6972313231177, 35.30195200056443], [128.69735255883805, 35.301900173500876], [128.69772742779003, 35.301640467648134], [128.69785901816329, 35.301591729304086], [128.69796163394633, 35.301340626783855], [128.6981329457548, 35.301154047870085], [128.69844487226254, 35.30042940329995], [128.69867877722717, 35.300082257138534], [128.69874102104933, 35.29987157220501], [128.6992820709972, 35.29960825941899], [128.69980120586698, 35.299249507391295], [128.69997551847896, 35.299010206470406], [128.70026768308105, 35.29893611223365], [128.7006177203099, 35.29892585000932], [128.70077619447343, 35.29889108742454], [128.70105724696407, 35.29872971894066], [128.7015691428351, 35.298551155977115], [128.70167105666079, 35.29847988084532], [128.70177324344218, 35.29789673851428], [128.70196329992746, 35.29772044673289], [128.7021025138916, 35.29765921256486], [128.702281323802, 35.2976385367725], [128.70242558969028, 35.29766040964396], [128.70249879038911, 35.297632084598156], [128.70262097397523, 35.29698656246244], [128.70258195223323, 35.29689517144982], [128.70234667331505, 35.296667120110826], [128.7023332846074, 35.29651945747695], [128.70255861719005, 35.296158058535156], [128.7027213724923, 35.29569461072585], [128.7027922152369, 35.29558405654621], [128.70320755421105, 35.29511000802361], [128.7033652156478, 35.294780969636264], [128.70355846055432, 35.2946592609944], [128.70355264812972, 35.29459499269594], [128.7033402519279, 35.29442604473365], [128.70327350227012, 35.294190848743256], [128.7033452855579, 35.29376374113112], [128.70339890525275, 35.29369962619216], [128.70343669826798, 35.29353616622737], [128.70341378789186, 35.29350832995192], [128.70358587964674, 35.293098116012615], [128.7031303557447, 35.29240734818448], [128.7035538036275, 35.29186137555503], [128.7035298975826, 35.291310439194504], [128.7036500769708, 35.29104613375574], [128.7035278449552, 35.29058908023303], [128.703624621813, 35.29042043663911], [128.7038125957324, 35.29032653777954], [128.70392565649263, 35.290000797028966], [128.70410985489298, 35.28962829607492], [128.70406582589732, 35.28946091865109], [128.70392578187008, 35.289350245059715], [128.70392162324487, 35.289266942991574], [128.70411570992022, 35.289104242228724], [128.70436491780328, 35.2890794742803], [128.7045086846517, 35.28902337648257], [128.70485453000543, 35.28881138005459], [128.70518798384666, 35.288382841616226], [128.70556372870504, 35.28843382784309], [128.70569361689627, 35.288383733021426], [128.70576712717326, 35.2883018765479], [128.70586644254635, 35.28809164052683], [128.70620331033362, 35.2879397479752], [128.70625665541792, 35.287814088957965], [128.70643029862006, 35.28774095479037], [128.70659687574437, 35.28752795363321], [128.70658861427094, 35.28736264026803], [128.70662000256235, 35.287368862173956], [128.70646212952866, 35.287241317643755], [128.70606597772854, 35.28713707794353], [128.70594243482623, 35.2870599632127], [128.70597818913348, 35.28686470581702], [128.7059567129286, 35.28680685830755], [128.70589381032107, 35.28675592462039], [128.7056736318143, 35.286705794224154], [128.70558494747735, 35.286489772040476], [128.70558378797622, 35.28641853824436], [128.7057152979134, 35.28617011815283], [128.70562183601965, 35.286004442184385], [128.70576649220547, 35.28579427897959], [128.70553133261848, 35.28532446049228], [128.70510688149886, 35.284934760705816], [128.7051046659217, 35.284845656184785], [128.70495357227236, 35.28443674817831], [128.70511071835148, 35.2842983648644], [128.7051363067495, 35.28424112117762], [128.7050392652452, 35.28396973479702], [128.70503448287502, 35.283774632582485], [128.70507613563393, 35.2836312669815], [128.70508531941158, 35.28333147923201], [128.70523556966367, 35.28297902975272], [128.7051435339269, 35.282897097362834], [128.70508331755863, 35.28277712888117], [128.70492915903654, 35.28218986629766], [128.70521605883462, 35.28183476790899], [128.70539153238838, 35.28175133660055], [128.7054077356253, 35.281672249587416], [128.70529890507225, 35.28137906922891], [128.7053845497266, 35.2812870352003], [128.7056024064147, 35.28121314428644], [128.70585658390021, 35.28119772078762], [128.70627161314943, 35.28092630717397], [128.70633059223837, 35.28067609585748], [128.70613775342272, 35.280487867658195], [128.70604646110772, 35.2800653086994], [128.70618899999383, 35.27986883120496], [128.70624006106254, 35.279649994617735], [128.7062200493448, 35.279597055396636], [128.7060413509387, 35.27944439614515], [128.70604083810778, 35.27938652708289], [128.70611887228628, 35.27927559259607], [128.70635733397523, 35.27906820072134], [128.7063677189719, 35.27885935952174], [128.706215883143, 35.27867731697133], [128.70620760826534, 35.2783638485134], [128.70634466985692, 35.27815294697105], [128.70660996830588, 35.27786588712038], [128.7070217801398, 35.277703784917584], [128.70705315409845, 35.277660389895026], [128.70720252232067, 35.27715135778539], [128.70716484618967, 35.27707457902229], [128.70727187433945, 35.27688832752831], [128.70724973763896, 35.276635457523064], [128.70739420322695, 35.27638418318845], [128.70744532583623, 35.27620124674382], [128.70753255812025, 35.27613595048879], [128.70767524103246, 35.27570206187601], [128.7080049740058, 35.27547450018505], [128.7080771000189, 35.27537675485523], [128.70814947459962, 35.275160429269], [128.708107960093, 35.27496570284914], [128.70815174708653, 35.27481047449113], [128.70827979964014, 35.274677287967066], [128.70828535170514, 35.274598063470236], [128.70844345190525, 35.27435856589445], [128.70842313679768, 35.27432295225475], [128.70854476821052, 35.274080444931535], [128.70882849817056, 35.27387084858688], [128.70893382198156, 35.27371855382252], [128.7091309472149, 35.273555248486524], [128.70915031187766, 35.273463439697814], [128.70940830020726, 35.27317310355014], [128.7099624526747, 35.27261118590546], [128.71003274519217, 35.272394037869745], [128.7099599403041, 35.27214892241833], [128.71003396900662, 35.27178205278897], [128.71022739873524, 35.27154091375067], [128.71034487361584, 35.27149335286564], [128.71042164006457, 35.2714135221048], [128.7104651109486, 35.271442004403184], [128.71058449488223, 35.2713259232852], [128.71065162446337, 35.2712031663505], [128.7106447901746, 35.27107399783343], [128.71083280012832, 35.27085350544339], [128.7110271215073, 35.270703892115215], [128.71098552708384, 35.270603655254675], [128.71108080610549, 35.270225267514], [128.7110570990418, 35.27021822503792], [128.71140261370013, 35.26976302421733], [128.7114917875749, 35.26969441292267], [128.71145740718322, 35.26950245083612], [128.71155363607465, 35.269139348537955], [128.71160310093018, 35.26907456827281], [128.71158189017783, 35.26880027752873], [128.71179512655092, 35.268571127741424], [128.71124093164454, 35.26793642395758], [128.71099162574617, 35.26759242810647], [128.71073471775253, 35.26691986301845], [128.71055200670526, 35.266575484575505], [128.7105672566065, 35.26640178853707], [128.71067779625085, 35.26609016767186], [128.71090802917453, 35.26577106070199], [128.71126882179004, 35.26540619007004], [128.7114572758867, 35.2647335339323], [128.71138215822126, 35.26406798900279], [128.7112447263968, 35.26357355479258], [128.71123951905005, 35.26334185552752], [128.71130006173306, 35.26318399844717], [128.71189532481588, 35.26255628074752], [128.71249174362967, 35.261787741683456], [128.71267551994694, 35.26110599313597], [128.71318360206496, 35.260039753419804], [128.71318852890167, 35.259898733006544], [128.71312305224737, 35.259577196617016], [128.7131544220638, 35.259109810401554], [128.71338490925274, 35.258738747361754], [128.71364465109917, 35.25846950449613], [128.71384047092533, 35.25819650781614], [128.7140287260324, 35.25764678577583], [128.7140997099643, 35.257152933588394], [128.71406080073083, 35.257049707812655], [128.71380749544542, 35.256809126256], [128.71379574144163, 35.25670747270744], [128.71395243246852, 35.256501077420445], [128.71424904387828, 35.25628720978885], [128.71449253350463, 35.25576880730845], [128.71478816940146, 35.255475106326266], [128.71521851466338, 35.254764537321435], [128.7156358918813, 35.254237039415514], [128.715876825677, 35.253988606616296], [128.71625316354934, 35.2531100947494], [128.7163722653684, 35.25297787866422], [128.71678403401856, 35.252804753512024], [128.71708050180516, 35.252437812983686], [128.71703450450684, 35.25242228599635], [128.7172733666886, 35.25214106066898], [128.71742977132698, 35.2517756815484], [128.71821325104315, 35.25065299268462], [128.71878969706194, 35.24990469775563], [128.7193701867841, 35.24814501867861], [128.7189925011873, 35.24552196299414], [128.71940255447333, 35.24370683123444], [128.72000550024615, 35.243484934974724], [128.7205077037186, 35.24291628157212], [128.72214806190948, 35.24355502276632], [128.72260821171932, 35.24408174275369], [128.72328100574254, 35.244447305715674], [128.723345348279, 35.24424543660111], [128.7237307533007, 35.24357376103078], [128.72422608811283, 35.24303696811945], [128.7244098720961, 35.24260516055071], [128.72454104918785, 35.2416981479958], [128.72482934144512, 35.24137086228389], [128.72536570892433, 35.24105485386593], [128.7255985924095, 35.24065542464391], [128.72607961653003, 35.24028724755277], [128.72626026153466, 35.23980463275212], [128.7264191767646, 35.23863671911105], [128.72602009761692, 35.23804352428238], [128.72530948280175, 35.237473634303065], [128.72473584874254, 35.23738745383935], [128.72399226766152, 35.23702374644343], [128.72337591907643, 35.23698197886647], [128.7219226039075, 35.236604747441746], [128.72113055521015, 35.236731130862005], [128.7198762642259, 35.23586994513381], [128.71899577219878, 35.23570834572872], [128.71802343658607, 35.23531084661019], [128.7173167272168, 35.235212194676926], [128.7170970099926, 35.23545836857874], [128.71664967050916, 35.235809751049544], [128.7163110599344, 35.235936933652404], [128.71572203673932, 35.23666268216057], [128.71340069405983, 35.23637990972885], [128.71301884827773, 35.23624589115644], [128.71260844472494, 35.236340195104205], [128.71171302437085, 35.23669018046412], [128.70943463703523, 35.23592732053497], [128.70619060858894, 35.23488958794373], [128.70489258223373, 35.23435236105704], [128.70296721729684, 35.23340775043801], [128.70236315115517, 35.23358323666548], [128.70195984912115, 35.23348787987174], [128.70159354446434, 35.23353098390824], [128.70109452587613, 35.2339455264365], [128.70039568790213, 35.234109466479744], [128.69980529478968, 35.23409317650404], [128.69935403424523, 35.234186423213345], [128.69719360093862, 35.23359017014667], [128.69505162242794, 35.23262599854409], [128.69428115876292, 35.23220970871033], [128.69242093327716, 35.23466463939963], [128.69201514202194, 35.235180339270016], [128.69181842025156, 35.235374164422474], [128.69147306844744, 35.2356234033292], [128.68842869251634, 35.237365698372805], [128.68195701360577, 35.241968332237796], [128.68172502677444, 35.24195500842268], [128.68122535192583, 35.24218046574218], [128.66962009287678, 35.24593653702391], [128.66901663326405, 35.24597400066133], [128.6658742041092, 35.24599741443913], [128.66554763867552, 35.24597694984962], [128.6647763032999, 35.245852586987155], [128.65546510872431, 35.243449864591355], [128.6532696383641, 35.242517534664884], [128.65272825467105, 35.24222592668663], [128.65145204281475, 35.24145835760121], [128.65117646763784, 35.241389691531516], [128.65089792760662, 35.24142205370575], [128.64628332517373, 35.235766030340166], [128.64603079113476, 35.23594101814006], [128.64594594181335, 35.23583689678018], [128.64594423267542, 35.23587609859415], [128.64588891693953, 35.23591433288134], [128.6458009512771, 35.23580654596898], [128.64570883327863, 35.23586999965763], [128.64461644341554, 35.23453136180887], [128.6447612662392, 35.2344486859016], [128.64482875198206, 35.23446619052612], [128.6446480173815, 35.23424509994672], [128.6446381185296, 35.234298160010454], [128.64453778800166, 35.23435536902813], [128.64373641493208, 35.233373070698796], [128.6436920338749, 35.23339844773535], [128.64358461468225, 35.2332668194126], [128.64492886498306, 35.23249985591622], [128.6449664608255, 35.23250594073587], [128.6448453786216, 35.23236598621168], [128.64457157307703, 35.232171707156894], [128.64372440786687, 35.232655028077225], [128.63437379178123, 35.22230697906562], [128.63292415223447, 35.22075739105645], [128.63295711108455, 35.22054208732675], [128.63290811114587, 35.220386827065056], [128.63281674907145, 35.22022373835738], [128.63267652198533, 35.2200946753204], [128.63223343816645, 35.219808923201974], [128.6313425490622, 35.21958056196691], [128.6310612125478, 35.219481942720826], [128.62765754470897, 35.21730968202519], [128.62750486955866, 35.21728534393708], [128.62721263188433, 35.21731949353419], [128.62723331089055, 35.21741589143549], [128.62714750789206, 35.217409208478706], [128.62694292133574, 35.21710577301461], [128.6259869516196, 35.218025311205906], [128.6253298903304, 35.218756097635804], [128.62482465927192, 35.21946046514291], [128.62347030988315, 35.219505940198], [128.62272151007747, 35.21994026741799], [128.6221808553267, 35.22008859847107], [128.62069375538772, 35.21965564236131], [128.62005521563833, 35.2200770449715], [128.61929666672307, 35.21991680107463], [128.61909984717437, 35.21909621918925], [128.6184432273162, 35.21883166730123], [128.61739592839493, 35.21918375298956], [128.61578521856208, 35.22063368237579], [128.6146911680098, 35.22136615967859], [128.61355521785987, 35.22133383151661], [128.6118478102065, 35.22230693309981], [128.61181875809626, 35.22286973265867], [128.61166450108567, 35.22428672205682], [128.61188546809686, 35.22471707856768], [128.61175346137466, 35.22503609324639], [128.61178754115411, 35.22523206834615], [128.61201720419535, 35.22540897828618], [128.6123827374046, 35.22554817092557], [128.61303091817808, 35.22607788263332], [128.613324493219, 35.22656936607661], [128.61367334720197, 35.22704517973946], [128.61441852868086, 35.227688351371505], [128.61408052649548, 35.22878588349269], [128.61457062670482, 35.23048223579129], [128.6149842505794, 35.23134949964626], [128.61445792471847, 35.232227182430684], [128.61593686175755, 35.234421797731635], [128.61580417946283, 35.23460296725962], [128.61577860605672, 35.23540821189621], [128.61553082939017, 35.23551501540125], [128.6151916627912, 35.23577357175134], [128.61392011211814, 35.236479676030875], [128.6134817873081, 35.23668857563726], [128.61310926880606, 35.236303055172144], [128.6129494737987, 35.23717936837264], [128.61233177990871, 35.23854308389291], [128.612601052834, 35.23901897613736], [128.61175713982786, 35.23922018093761], [128.610850529164, 35.239514284499585], [128.61043091428414, 35.23987331573076], [128.60949792075738, 35.239927399084294], [128.6088724089053, 35.24008089112528], [128.60829544129734, 35.23994590101121], [128.60749566426017, 35.24104644091854], [128.60719426896534, 35.24151696110253], [128.6068548131467, 35.24232073817291], [128.6062062295898, 35.242716589524285], [128.60595249860464, 35.243027361738065], [128.6052382047046, 35.24355601218139], [128.6047565443781, 35.24318894972249], [128.60393691839195, 35.24375757666961], [128.60382159376098, 35.24429772873056], [128.6033955714232, 35.2450311111911], [128.60324881966235, 35.24516260255502], [128.602493709589, 35.245571808449576], [128.60200110160466, 35.2456259223049], [128.60211186466393, 35.24579456289096], [128.60209110140616, 35.245978182131914], [128.6023756778453, 35.246413338136456], [128.60215194933124, 35.24669849271834], [128.60211169401896, 35.247305374842355], [128.60238829402041, 35.24807637275084], [128.60283265305574, 35.247926927184984], [128.6029492612572, 35.24807961752095], [128.6027455723485, 35.248224549679456], [128.6030159223481, 35.2485808435399], [128.60283528354506, 35.24867611379565], [128.60310821256476, 35.24890523671634], [128.60292441379818, 35.24909087591084], [128.60447586733397, 35.2494219509023], [128.60400479396245, 35.24982092558462], [128.60394855016, 35.24991123048958], [128.60388311590228, 35.24991857178365], [128.60376986579868, 35.25000794137456], [128.60379828984912, 35.25003939314638], [128.6037729660901, 35.250096049436046], [128.6032396424675, 35.250734529974096], [128.6028102218717, 35.25159356611451], [128.60270610256535, 35.25195434204391], [128.60261732201258, 35.25269516887352], [128.60184464922636, 35.253892763504375], [128.60110856189738, 35.254086830744704], [128.60088464668723, 35.25493960311224], [128.60036086675217, 35.25526309634914], [128.60017561820538, 35.25563813796522], [128.59850488585997, 35.25675771928401], [128.5964857351476, 35.258953484992624], [128.59615714517142, 35.25919931459826], [128.59582533072026, 35.25931535836433], [128.59537016411068, 35.259402362345014], [128.5951250804401, 35.259412777808116], [128.59423765069278, 35.259895735785925], [128.5936764026577, 35.25995621228787], [128.59293957622833, 35.26032724083594], [128.59213462074882, 35.26044456047142], [128.5901999690678, 35.26082020977474], [128.58983617891914, 35.260859957184365], [128.5895994180435, 35.26094918454375], [128.5894606352374, 35.26104955183587], [128.58901713456547, 35.261498257498545], [128.5888134125748, 35.26165146730993], [128.58823443398816, 35.26173679429202], [128.58799936756478, 35.26188484591498], [128.58783758172612, 35.26202349581752], [128.58765110755618, 35.26230418985005], [128.5871584994188, 35.262610588137086], [128.58702460426434, 35.26272703295547], [128.58671453208035, 35.26315798338102], [128.58624527047516, 35.263447311024905], [128.5859915482888, 35.26366100863828], [128.5855976667991, 35.26381913964], [128.58543236833916, 35.26394484763171], [128.58518980589668, 35.264245901742726], [128.58505755977373, 35.26447308203233], [128.58499077443886, 35.264746711531], [128.58498797121555, 35.26492038099806], [128.58502059071336, 35.26506132927454], [128.58519522502252, 35.265371370589826], [128.58509617859164, 35.26596367207704], [128.58524135981185, 35.26638295896884], [128.58550764271277, 35.2664614246021], [128.5854259461482, 35.26725683853714], [128.58555601787077, 35.26772925946793], [128.58600386359487, 35.26910719589357], [128.58619932425287, 35.26923418494102], [128.5862752459315, 35.26964127335051], [128.58640128385687, 35.26983535769151], [128.58688145184283, 35.27093250313164], [128.58608951497104, 35.27209446869018], [128.5874905907027, 35.27219721893137], [128.5898510667201, 35.272732874232226], [128.59165027874423, 35.27324156513383], [128.59152601586774, 35.27354619841915], [128.59028663812998, 35.275552066539525], [128.58943754144462, 35.277885270886514], [128.583372577017, 35.278426337798415], [128.58279765307262, 35.2788320825953], [128.58187415835124, 35.28061900243147], [128.581703279967, 35.28115801855484], [128.58156706604004, 35.2825082511001], [128.58162053520005, 35.283067998490225], [128.5812000967147, 35.284091447357966], [128.58172807823968, 35.284996611033044], [128.58141174158874, 35.287294915513584], [128.5795845293337, 35.28832701317905], [128.57916654560546, 35.28875322651185], [128.5769115795739, 35.2906166059296], [128.57656919646604, 35.291401179468345], [128.57642932459527, 35.29325937949762], [128.57480245979795, 35.29545911619636], [128.57455213540857, 35.296582556525216], [128.57383195658235, 35.29898945508016], [128.5728942568301, 35.30029390453893], [128.5726903753941, 35.30039216680914], [128.57283428210383, 35.30111831417605], [128.5734962938225, 35.301402890236666], [128.57408018712843, 35.30175170449634], [128.57490106506793, 35.30232709678623], [128.5756434101102, 35.302732280366406], [128.57572572939108, 35.303452045108656], [128.5761504476773, 35.30398850971778], [128.57657168503994, 35.30436308533588], [128.57734972582168, 35.304959580472534], [128.5782259052734, 35.30530174657712], [128.57897638693547, 35.30553965443189], [128.57961800491753, 35.30577981532023], [128.58108804683604, 35.306695632755016], [128.58178369269058, 35.30791079082378], [128.58223514160636, 35.308334094568025], [128.58252292938494, 35.30843397596362], [128.5826606059953, 35.30851721839756], [128.58209763399717, 35.30871905238678], [128.5818388979856, 35.3093534255666], [128.58138182473937, 35.30973665007034], [128.58090475164673, 35.30983229910295], [128.5804804487793, 35.310169324577735], [128.57926162234736, 35.31072708836285], [128.57896711909862, 35.31118435364771], [128.57841437598333, 35.31251649052697], [128.57814485892305, 35.3128629000986], [128.57736060760288, 35.31319036997224], [128.57700468167144, 35.31315643006109], [128.57650057536492, 35.3127104144899], [128.57610348720152, 35.31262729751642], [128.5755054769041, 35.312884475417455], [128.5746256751292, 35.31368984385211], [128.5745434874888, 35.313934946035296], [128.5735281649495, 35.314644764411604], [128.5735490191339, 35.31510087165352], [128.57325996670968, 35.315025489731944], [128.5724373581342, 35.315307817395876], [128.57203326101103, 35.31569833980886], [128.57204796108715, 35.31626253958405], [128.5719865338237, 35.31715539814812], [128.5725349799192, 35.317939378064665], [128.5721196956772, 35.31846156151741], [128.57197630252875, 35.31904273061438], [128.5724793961699, 35.319914887547355], [128.57169640345018, 35.320525348504546], [128.5715085957499, 35.320782108835964], [128.57133559284514, 35.321271579023175], [128.57154480344164, 35.3218370453641], [128.57099538771322, 35.32159127565628], [128.5705960226171, 35.321551394120576], [128.56981375577087, 35.32223675322051], [128.569824349694, 35.32285677562175], [128.56978463674076, 35.32309512303533], [128.5694458867177, 35.32340170608858], [128.569140072864, 35.323918943623575], [128.5689500903496, 35.32417064476473], [128.56889898720297, 35.32458531245126], [128.56845843807372, 35.324977136984494], [128.56780445167448, 35.32456527654391], [128.56754385667074, 35.32512994826277], [128.5667554722003, 35.32610670776683], [128.56635812589496, 35.326351106202594], [128.56532693253598, 35.327088096962434], [128.56475981171164, 35.32735059803008], [128.56494164375349, 35.32785193752426], [128.56491957768344, 35.32825875134661], [128.56508234504437, 35.32841280578985], [128.565797441458, 35.32885557939639], [128.56599508853515, 35.329321654167906], [128.5663927476433, 35.32960926220759], [128.5672893053885, 35.33010528362569], [128.56815382724778, 35.33073887623517], [128.56844177130975, 35.33164452716783], [128.56839409616754, 35.331756669230316], [128.5685199112771, 35.33220268701993], [128.56858570624954, 35.33283382119858], [128.56879218546652, 35.333311032831205], [128.56966112183724, 35.33415353130104], [128.56976832206394, 35.33466751300083], [128.57016164952958, 35.33592045200974], [128.57011849850926, 35.33605309131352], [128.56959776783577, 35.33679772239655], [128.56946688863746, 35.33726411298368], [128.5686230149351, 35.337632303150926], [128.5681975178066, 35.337863553598716], [128.5679745050324, 35.338204680217224], [128.56787447370937, 35.338256669017056], [128.56737743147076, 35.33818312120138], [128.56655780893715, 35.33856225605186], [128.56608481588435, 35.33900475985311], [128.56570378663432, 35.33945748172387], [128.56569829425206, 35.339849868604475], [128.56558355170327, 35.340191981954796], [128.5654324383644, 35.34026941076088], [128.56513182537557, 35.34068645631224], [128.56506561599664, 35.34088909575481], [128.56466443862132, 35.341099178062095], [128.5650079272746, 35.34139086793954], [128.56511057842442, 35.34188463986819], [128.5659001116061, 35.34240262529463], [128.56461769036537, 35.343757943514845], [128.5645781998034, 35.343759578888196], [128.56458342619388, 35.343869909937894], [128.56453923729526, 35.34389624836428], [128.56462522963173, 35.343934847586745], [128.56456822304764, 35.344027125924576], [128.564377962887, 35.344159698156], [128.56440621882928, 35.34423579126317], [128.5643449165557, 35.34444357326132], [128.5643855250605, 35.34446304454607], [128.56439275191116, 35.344553078270486], [128.5642534261797, 35.34460064226459], [128.56422516362346, 35.344721550502236], [128.56415487995375, 35.344820179490576], [128.56426279990066, 35.34505169572226], [128.56404146335555, 35.345338577375], [128.5639163094933, 35.345407931506294], [128.5637098717427, 35.345879375302985], [128.56364016727602, 35.345971941668], [128.56347673776497, 35.346035730037265], [128.56304472248263, 35.34600273456089], [128.56297981457558, 35.34616648618149], [128.5628861411866, 35.34621135693878], [128.56286410682804, 35.34637006095753], [128.56279619134366, 35.34653865007884], [128.56272649239773, 35.34661361223884], [128.5627147530383, 35.34678907376024], [128.56252297400647, 35.34700503657592], [128.56231284486557, 35.346999299058545], [128.56226363396075, 35.34712202111112], [128.56227754490095, 35.347273215795134], [128.56237806863885, 35.34738781437629], [128.56277913538662, 35.34765257151595], [128.5627167185107, 35.34787388884614], [128.5627707381454, 35.3480378009527], [128.56288499406813, 35.348151789642834], [128.56327690643823, 35.348404000786545], [128.56384210795832, 35.34853371414558], [128.56400461798373, 35.34861863549055], [128.56405180105975, 35.34871264528629], [128.56395671645365, 35.348772599316185], [128.56388700142554, 35.34897261075953], [128.5639279321892, 35.34920597184013], [128.56397020222963, 35.34922373892932], [128.56408011899876, 35.34916556037133], [128.5642866545391, 35.34921654727092], [128.56464317671146, 35.349094345648055], [128.56480350594703, 35.349155503443036], [128.5649560229065, 35.3492397126676], [128.56493126110226, 35.34959531230407], [128.5648891487944, 35.349627823224], [128.56491280303334, 35.349651290070334], [128.5648670555593, 35.3497179132043], [128.5646269761754, 35.349695539710204], [128.56389173994833, 35.34996853885437], [128.56364859013925, 35.3502300772579], [128.5628513833809, 35.350476806124206], [128.56248900910722, 35.35108135569727], [128.56060291929114, 35.35149745510843], [128.56010901509347, 35.35173362540807], [128.56005362058104, 35.3520351220838], [128.55972253295218, 35.352497746763596], [128.55947832736737, 35.35263354156816], [128.55929236734005, 35.35268831972739], [128.5604221313896, 35.35368001693428], [128.5605919726313, 35.35387848594236], [128.56094341821563, 35.35415290249593], [128.5611709874975, 35.35461775733814], [128.56146748117345, 35.354679684799805], [128.56171267087714, 35.35479072735565], [128.56180312430038, 35.35486446670866], [128.5617270263214, 35.35568006237928], [128.56161147525907, 35.35585630932842], [128.56143181728598, 35.3562568502548], [128.56128722593442, 35.35697926035433], [128.56172605081005, 35.35697008795602], [128.5618987799177, 35.356888008835455], [128.5622662205914, 35.35695661949316], [128.56262542179462, 35.35686454641167], [128.56306033002096, 35.356884270493566], [128.56321959053133, 35.35697866589683], [128.5634310502304, 35.35696269465092], [128.56363421232993, 35.35705103817425], [128.56389035834636, 35.356980977500065], [128.56423574057604, 35.35701101667633], [128.56458593597088, 35.35718334249599], [128.56494565466951, 35.35710097223312], [128.56504195228027, 35.35713858120592], [128.56519774096105, 35.35714121772347], [128.56542181288503, 35.35704861152902], [128.56563794665152, 35.35711482017826], [128.5663451832032, 35.357154807846506], [128.5667711684819, 35.3572281392985], [128.5670289061892, 35.35718720972546], [128.56746333840783, 35.357217900487065], [128.56771407583258, 35.35750853588806], [128.56787491293684, 35.35777315766202], [128.5687432022993, 35.35760727946119], [128.56954439999072, 35.35767082109032], [128.5697626520934, 35.35775740493427], [128.57069339945346, 35.357693071294], [128.57081450237757, 35.357786414237786], [128.57105311092636, 35.35778781971669], [128.5712781542702, 35.358136089805825], [128.57145290839065, 35.35819535151653], [128.5713676632211, 35.35878224693799], [128.57152561865232, 35.35916320954566], [128.57154775455, 35.359738290781905], [128.57141736181, 35.36063922567272], [128.57149043362935, 35.36150047679056], [128.57178127802615, 35.36187281834141], [128.57293979780465, 35.362507895357446], [128.57329883826858, 35.362584060019714], [128.57355045659878, 35.36295449865807], [128.57401500910746, 35.36308265164972], [128.57412095142791, 35.3633509334596], [128.57451560429917, 35.363721634875475], [128.57479934445337, 35.36418711881616], [128.57486556899102, 35.36465869540589], [128.57506927118573, 35.36519845687689], [128.57590517736415, 35.365309795037234], [128.57720665836183, 35.36593662889164], [128.57705220243813, 35.36635742718535], [128.57703446961983, 35.36670096267021], [128.57648118417868, 35.3672276393729], [128.57621958470256, 35.36742495571659], [128.57624714773323, 35.36758666575506], [128.57596033128854, 35.36795539623547], [128.57594448645517, 35.36811260959097], [128.5757637415099, 35.36831366084902], [128.57565890132867, 35.368721553150536], [128.5749875063139, 35.369276087279815], [128.57504672659005, 35.36940431045282], [128.57483716338035, 35.369750210323325], [128.57480012974474, 35.37018002332525], [128.57475850932613, 35.37017888600439], [128.57477871814848, 35.37021114351035], [128.57499341137492, 35.370289178086125], [128.57496766242525, 35.37057395630693], [128.57491527111847, 35.37072685299617], [128.57454836019173, 35.37099086790736], [128.5743066260511, 35.371220029582176], [128.5742154772884, 35.37167970238204], [128.57415997556214, 35.371760686656984], [128.57406695001168, 35.372087464045435], [128.5740834916293, 35.37216046492102], [128.57431256325884, 35.3722171915948], [128.57435812894744, 35.37284646187736], [128.5744965767394, 35.37308840552051], [128.5745674531047, 35.37312649323869], [128.57460775216663, 35.37323509931086], [128.57476896666708, 35.37333973379639], [128.57498706957213, 35.37364584094112], [128.57520952378803, 35.37373363198179], [128.57526630663207, 35.3738069543848], [128.57525565915236, 35.37393157763691], [128.57520207583008, 35.37404069976527], [128.57530423151684, 35.37420200749998], [128.57541114559876, 35.37423638382061], [128.57551714801747, 35.37482557510999], [128.57556275645976, 35.37488946833875], [128.57577055210842, 35.37500153187322], [128.57583829357293, 35.37509006166663], [128.57577543687458, 35.37525310595224], [128.575844072008, 35.37542287593998], [128.57593156808443, 35.37589106435088], [128.57576818820863, 35.37629591797123], [128.57577391256194, 35.3763607612919], [128.57608474083264, 35.37639472771848], [128.5762087588076, 35.37684906421543], [128.576433882973, 35.37712649702319], [128.57660717391852, 35.37760342538405], [128.57661756633445, 35.37794335371603], [128.57639098501204, 35.38080394850544], [128.5769216454084, 35.38094126109452], [128.58511494326703, 35.38518344792418], [128.59337588156518, 35.391668581497896], [128.60151822111993, 35.39337760093618], [128.60308386681783, 35.39245454099567], [128.60620426587946, 35.38885942775183], [128.60982051439063, 35.38533677489618]]]}}, {"type": "Feature", "properties": {"region_id": "CW-SEONGSAN", "region_name": "창원시 성산구", "sgis_sigungu_cd": "38112", "sgis_base_date": "20250630"}, "geometry": {"type": "MultiPolygon", "coordinates": [[[[128.5953779847514, 35.17000552947068], [128.5956582020255, 35.169964010734866], [128.5957043604714, 35.169917168371676], [128.59568461340805, 35.16970409470878], [128.5956055029219, 35.16958665639596], [128.59542349579814, 35.16950663893907], [128.5951127824701, 35.169489224241396], [128.59499733795417, 35.16951773619941], [128.5949846462066, 35.16959372227092], [128.59509108210318, 35.16968377930578], [128.59502915147073, 35.16985418005012], [128.5951082989335, 35.16996164240661], [128.59523580328067, 35.16998685597959], [128.59530476169135, 35.17004655727895], [128.5953779847514, 35.17000552947068]]], [[[128.66944924710327, 35.24596220711876], [128.66974239831998, 35.24590505686506], [128.68122535192583, 35.24218046574218], [128.68172502677444, 35.24195500842268], [128.68195701360577, 35.241968332237796], [128.68842869251634, 35.237365698372805], [128.69147306844744, 35.2356234033292], [128.69181842025156, 35.235374164422474], [128.69201514202194, 35.235180339270016], [128.69242093327716, 35.23466463939963], [128.69428115876292, 35.23220970871033], [128.69505162242794, 35.23262599854409], [128.69719360093862, 35.23359017014667], [128.69935403424523, 35.234186423213345], [128.69980529478968, 35.23409317650404], [128.70039568790213, 35.234109466479744], [128.70109452587613, 35.2339455264365], [128.70159354446434, 35.23353098390824], [128.70195984912115, 35.23348787987174], [128.70236315115517, 35.23358323666548], [128.70296721729684, 35.23340775043801], [128.70489258223373, 35.23435236105704], [128.70619060858894, 35.23488958794373], [128.70943463703523, 35.23592732053497], [128.71171302437085, 35.23669018046412], [128.71260844472494, 35.236340195104205], [128.71301884827773, 35.23624589115644], [128.71340069405983, 35.23637990972885], [128.71572203673932, 35.23666268216057], [128.7163110599344, 35.235936933652404], [128.71664967050916, 35.235809751049544], [128.7170970099926, 35.23545836857874], [128.7173167272168, 35.235212194676926], [128.71802343658607, 35.23531084661019], [128.71899577219878, 35.23570834572872], [128.7198762642259, 35.23586994513381], [128.72113055521015, 35.236731130862005], [128.7219226039075, 35.236604747441746], [128.72337591907643, 35.23698197886647], [128.72399226766152, 35.23702374644343], [128.72473584874254, 35.23738745383935], [128.72530948280175, 35.237473634303065], [128.72618125362368, 35.23664126450801], [128.72571589134344, 35.235851315151336], [128.72509279416536, 35.23516555188472], [128.72541333452156, 35.234546476935336], [128.7252395938207, 35.23426845809307], [128.72459518676678, 35.233645520239534], [128.72499116232348, 35.23282823465111], [128.7247846482116, 35.23197376128561], [128.72512085251006, 35.231267860031394], [128.7251110810771, 35.23090315442049], [128.72466749638167, 35.23003741295111], [128.7243625752832, 35.22983644679068], [128.72425726085834, 35.228702848880026], [128.72391045354507, 35.22814354951989], [128.7236594836153, 35.22762103369906], [128.723108602451, 35.22701859197872], [128.72289186052436, 35.22689718688551], [128.7225344991728, 35.22638998932706], [128.7221417021111, 35.22620378648586], [128.72129463580896, 35.22537391196221], [128.72061001718455, 35.225248030471235], [128.72019151704617, 35.22498095966626], [128.71994144971694, 35.225007411702556], [128.72003448248788, 35.223608540710465], [128.72150764682294, 35.222606996589604], [128.72171475577534, 35.22163918933256], [128.72151102717714, 35.21876638378437], [128.721815926509, 35.21836734227752], [128.72207670150877, 35.217910215364384], [128.72238274687368, 35.21689863365772], [128.72326941384003, 35.21564334445228], [128.72316853173268, 35.21535075384518], [128.72251812541074, 35.21440359515937], [128.7234180433421, 35.21343523502069], [128.72425158040892, 35.21179457129488], [128.72504755132928, 35.211040875682286], [128.72562395429233, 35.209884755904795], [128.72647299723812, 35.20920815599856], [128.72682588093645, 35.20877632159529], [128.72723981084104, 35.20848893723142], [128.72752137572675, 35.20776874162833], [128.72799750414845, 35.20695298502271], [128.7296373889051, 35.20640293349869], [128.7305183683166, 35.20618631779803], [128.7318705365204, 35.20636143850741], [128.73344686160172, 35.205552220906135], [128.73514962044806, 35.205967829876556], [128.73693401924297, 35.20560672270775], [128.7396609439172, 35.20542932907166], [128.7413273196228, 35.2057177104511], [128.74281160422885, 35.205825634298314], [128.74323440275978, 35.20623184053419], [128.74460726287833, 35.20610844953043], [128.74542651776775, 35.20610706633504], [128.74500112694832, 35.205265228530294], [128.74593563567817, 35.2040701906604], [128.74712575975215, 35.20294033435756], [128.74829754414566, 35.20228553762297], [128.74888107060076, 35.20206086454515], [128.74922393968953, 35.20213486667718], [128.74984005353303, 35.201972066030734], [128.75019636047423, 35.20169163027549], [128.75069101746726, 35.20144679752229], [128.75046020929946, 35.20058750797242], [128.7504565438389, 35.20035183326366], [128.7505607321217, 35.200026735103535], [128.75091408643155, 35.19957709141852], [128.75108465170996, 35.19898743162111], [128.75120078979398, 35.198259159278855], [128.7513938144974, 35.19770916904449], [128.7508548844199, 35.19638499525773], [128.7507816272411, 35.19570422682756], [128.75053421649494, 35.19456537702152], [128.74896828552343, 35.19412838574154], [128.74872791933782, 35.19363788445355], [128.74781615976096, 35.19293922002027], [128.74738052327396, 35.19226958968263], [128.7462208782288, 35.19180078484304], [128.74626812756068, 35.191283456722715], [128.7463105033984, 35.1899120193104], [128.74565917434668, 35.188441735884815], [128.74520904034614, 35.18766867229433], [128.7450385600203, 35.18715604176333], [128.74468494903547, 35.18651747178266], [128.74422973341993, 35.18579487719757], [128.74394127276648, 35.185539371677095], [128.7436507222526, 35.185073792891906], [128.7435545317364, 35.184553321736026], [128.74388997653577, 35.18403678848186], [128.7439730716195, 35.18365468346467], [128.74406099232326, 35.181891834530234], [128.74399788562087, 35.181651805783424], [128.7433984206025, 35.18120856236318], [128.74330803102472, 35.18095977793362], [128.7432530315327, 35.180230018899444], [128.74309124662753, 35.17909443426023], [128.7432424598515, 35.17867417769762], [128.7430266906201, 35.17762836106264], [128.7429970624747, 35.17715592776373], [128.74270645158603, 35.17668584803571], [128.74275834930862, 35.17628856424455], [128.74269010700485, 35.1753890412441], [128.7427531639005, 35.174727009731605], [128.74224102717545, 35.174097475882995], [128.7420070396598, 35.173499694683976], [128.7413837564804, 35.17307748340582], [128.74117045427764, 35.17237125741737], [128.7412425152753, 35.17187357904535], [128.7411413432841, 35.17155171538075], [128.74112390367605, 35.1712164120348], [128.74098589536914, 35.170518541245414], [128.74045053638594, 35.17013308016627], [128.74126576621214, 35.16905315135611], [128.7411502153776, 35.168137120390696], [128.74120708206422, 35.16792452611757], [128.740988993844, 35.16712669205131], [128.74050245926884, 35.166329033715634], [128.73997470094778, 35.16505218620639], [128.73977552297544, 35.16409324950036], [128.73972281152703, 35.16301518431445], [128.7394741474112, 35.16190680544322], [128.73936602543662, 35.160697775945906], [128.73944260676365, 35.16002956233738], [128.73895044530892, 35.15950041346553], [128.7387887168008, 35.15846434805553], [128.7385504897519, 35.158171799607274], [128.7383489227911, 35.15769596105561], [128.73834225186968, 35.15725234934303], [128.73844902347216, 35.156565682536886], [128.73736720087783, 35.15706436833381], [128.73610756371545, 35.157012709744116], [128.7339028337852, 35.15742967461128], [128.73301334601172, 35.157432115184385], [128.7321914945909, 35.1577951866204], [128.73202020295736, 35.15799773525968], [128.7311398356403, 35.158382912618386], [128.73027354992794, 35.15833204518439], [128.729864344156, 35.158457163924346], [128.7286486535086, 35.159251938625246], [128.7282651418972, 35.15953889635941], [128.7278149673126, 35.15962445529827], [128.72692339350326, 35.159903722397395], [128.72636394334262, 35.15996252172886], [128.72595961523675, 35.16017372707548], [128.72562755221975, 35.16044473673549], [128.72477152766564, 35.1607845944177], [128.72347570958632, 35.16124672737183], [128.72327808678162, 35.16138937347409], [128.7227819948895, 35.16155864132965], [128.7225636968568, 35.161680308003454], [128.72234216431, 35.162087606478394], [128.72193066491425, 35.16241519820103], [128.72104646415224, 35.162476205454354], [128.7202055647082, 35.16273723403688], [128.71899216008458, 35.162882170379504], [128.7175503993777, 35.16324070099537], [128.71735818041486, 35.16336312412314], [128.7167918121425, 35.163584202892835], [128.71634683804314, 35.16387114652627], [128.7161858863211, 35.16414378893614], [128.71580575834355, 35.16439855149074], [128.7154969206386, 35.16466793008049], [128.71514640358046, 35.16530459236763], [128.71469975798303, 35.16518474723207], [128.7140965034896, 35.16521791062803], [128.7136079515355, 35.165487444637165], [128.7134917276619, 35.16578452454356], [128.7132643637647, 35.16607992429865], [128.71290555713276, 35.166452516524636], [128.7122137442929, 35.166662811190754], [128.71206833823365, 35.16687665196076], [128.71111780358424, 35.16695020779079], [128.7106769938097, 35.16692924932668], [128.71013610808285, 35.16717373074455], [128.70944551043166, 35.16734442409938], [128.7089928657047, 35.16749528091348], [128.70869492276748, 35.16776266901066], [128.7083333047154, 35.16780620394376], [128.70632353507855, 35.16728223788681], [128.70555285919127, 35.16767568058569], [128.70471286556278, 35.16754104518205], [128.70359710550736, 35.16753701850847], [128.7022954341511, 35.16820741960583], [128.7017612392929, 35.16826462990889], [128.70150011984592, 35.16845699193614], [128.699833016549, 35.16862612023359], [128.69879960634648, 35.16859131780951], [128.69789161676877, 35.16878357537917], [128.697867911808, 35.168814325329684], [128.69574849677556, 35.16893876229637], [128.69480766318404, 35.16880364344393], [128.68908297915786, 35.16979589796483], [128.68678080899733, 35.17123779438515], [128.68646060493512, 35.17169371273316], [128.6859978254727, 35.17202135609939], [128.68589159286552, 35.17214266236535], [128.68507190168836, 35.172428370996805], [128.68212012383395, 35.17309542825297], [128.68146874412565, 35.173110521054944], [128.68076416121386, 35.17344065098764], [128.68014003652445, 35.17341339800629], [128.67927397371952, 35.17346370282512], [128.67839270333616, 35.17374177367432], [128.6783442028906, 35.173936055980626], [128.67742914252506, 35.174473123117544], [128.67639686478572, 35.175166423560974], [128.6760386135034, 35.17544300462038], [128.6749958837464, 35.17606236447095], [128.6744652110466, 35.17657931554885], [128.6733069569794, 35.177957290167875], [128.67172047568573, 35.179464081883005], [128.6697902148255, 35.18070282513635], [128.66742412140164, 35.18080834360459], [128.665962027048, 35.18117331288247], [128.66377211183018, 35.18093681744042], [128.66177005686313, 35.18042411403641], [128.65822704726145, 35.180379423855065], [128.6561169248238, 35.18010045462985], [128.65452212888934, 35.1802658642589], [128.65063244376947, 35.17878329653772], [128.65015706542013, 35.178972831835374], [128.6490922655933, 35.177712082140395], [128.64744743566885, 35.17762376822925], [128.64710398177726, 35.17714276909079], [128.64674115051935, 35.17646543631742], [128.6454097088193, 35.176472112521196], [128.64510473453308, 35.17640147798523], [128.64390460090766, 35.17637073060597], [128.64358821341258, 35.17651739115807], [128.64260816947268, 35.17619018048886], [128.64221791298306, 35.17621165489907], [128.63978304006025, 35.17668088056095], [128.63938784269158, 35.176404870681374], [128.63821382809994, 35.176633229821846], [128.6377018696905, 35.17629895010279], [128.6359867876233, 35.17455007960283], [128.63315305656033, 35.1712969760803], [128.63141442544807, 35.170402678137734], [128.63050489649757, 35.16987305050214], [128.62951039174587, 35.169278509805956], [128.62900178160965, 35.168849665174164], [128.62645533457606, 35.16416999849538], [128.6233516945756, 35.161759685956774], [128.62100563471515, 35.15984314355869], [128.61919329526398, 35.158463269969], [128.61834701965137, 35.15708131917192], [128.61900299202486, 35.155796884741655], [128.61813150912772, 35.15476928883943], [128.6169316507516, 35.15398940029629], [128.61592071702356, 35.15407609626395], [128.61562941300522, 35.15387621604965], [128.6148588407051, 35.154187132267204], [128.6145444413753, 35.1547633133702], [128.6134861077611, 35.15415090850504], [128.61293884839725, 35.1518401865978], [128.61063755611625, 35.15128159386918], [128.60966063266505, 35.15091582936776], [128.60955376435672, 35.15139210958953], [128.6093439494286, 35.1515827772212], [128.60915914734693, 35.15184436401095], [128.60836070377718, 35.15227234896652], [128.60829191652599, 35.15251156038213], [128.6082749664981, 35.15272693995274], [128.60894798874597, 35.153045988970156], [128.609264511103, 35.15314558519895], [128.60931395386828, 35.15347814039635], [128.60943763301213, 35.153451398795745], [128.6094850103963, 35.153467614145065], [128.60965049897268, 35.15368834779295], [128.60988178047256, 35.15420536927539], [128.60991492025738, 35.1543605350242], [128.60990430837188, 35.15453076806277], [128.60949329922738, 35.15486163840865], [128.6093381185163, 35.15504871654335], [128.60927744292164, 35.155079176709435], [128.60933730884128, 35.1552842484105], [128.60911951577293, 35.15562507690344], [128.6088715648131, 35.155834247834974], [128.6089778938255, 35.155925725705394], [128.6089766496748, 35.15595604290755], [128.60890760262336, 35.15597725452013], [128.60874296829974, 35.15614154772981], [128.6083191934595, 35.15632349679718], [128.6080311225561, 35.1558328443934], [128.60795311954587, 35.15584771482667], [128.60822629522397, 35.15630851976047], [128.6081545565432, 35.15639059351534], [128.60801153813347, 35.156425719465815], [128.6080088669093, 35.15646846471689], [128.6079153540926, 35.15650144804091], [128.60778839831477, 35.15660035748168], [128.6077494911521, 35.15690736722508], [128.60790308165915, 35.15721543342927], [128.6079942202082, 35.1575194748464], [128.60881225248892, 35.15816669334261], [128.60889775273185, 35.15833567587879], [128.6090438739317, 35.158478850500245], [128.60916620665935, 35.158779952642334], [128.60928597780017, 35.15897302279333], [128.60934919086606, 35.159020556675806], [128.6094865388134, 35.15936265661563], [128.6095349498278, 35.1596778619845], [128.60944363502165, 35.160196091428936], [128.60930201008082, 35.160541858788754], [128.60935633287232, 35.16093357472903], [128.6094663754638, 35.16116294537071], [128.60950388547744, 35.16118262594658], [128.60959295757948, 35.161168174253035], [128.609620441471, 35.16124366126973], [128.60983612991078, 35.1614156395411], [128.61018749811115, 35.16184593112063], [128.61069835262316, 35.162303586436245], [128.61100853904543, 35.16268991113509], [128.61099295657831, 35.16291063852952], [128.6109074853775, 35.163136549449376], [128.61078244320046, 35.163270639022464], [128.61047521565573, 35.16345898911134], [128.6102155194605, 35.163555779007176], [128.610091772209, 35.163553723029864], [128.61009485894076, 35.163590183213415], [128.60940586180436, 35.16380690188259], [128.60925467800757, 35.16356990851305], [128.6092172006501, 35.1635874806625], [128.60932391513313, 35.16381554371529], [128.60908879120777, 35.163892481498735], [128.6088739005279, 35.16393325097089], [128.60855141065065, 35.16394887372621], [128.60828756564982, 35.16385483627949], [128.60806402760267, 35.16373620097841], [128.60799701044797, 35.1636448840914], [128.60802190059752, 35.16363207822928], [128.60795305884992, 35.16357728091139], [128.60793711784183, 35.163456468683215], [128.60798265870866, 35.16320654046622], [128.60809483412888, 35.16316005886181], [128.6084717268695, 35.163144651847766], [128.60896032842166, 35.16301989711308], [128.60892851661688, 35.16295624603864], [128.60845826089684, 35.1630710767797], [128.6079975731748, 35.163087096051456], [128.60794000881376, 35.16252807056072], [128.60779562686665, 35.16227316824013], [128.60788247824263, 35.16222487976428], [128.60778918837664, 35.16211269147583], [128.60768888400713, 35.162164166752355], [128.60604686664863, 35.16055546649182], [128.60581684582664, 35.160410736018754], [128.60544078805034, 35.16032816673992], [128.6050905106132, 35.160373507299575], [128.60491121698902, 35.16045608148417], [128.6042419504724, 35.16098175491791], [128.6035188166359, 35.16163599127453], [128.60349423682746, 35.16162292917769], [128.60344371255678, 35.161689073783656], [128.60337923856008, 35.161658969347485], [128.60330120484642, 35.161771551262525], [128.6031918918939, 35.161765418274165], [128.60317557159624, 35.16181728360344], [128.60332429063487, 35.16190633621908], [128.60311549298987, 35.16220042176942], [128.60290793491038, 35.16238213941918], [128.6025189113194, 35.162544683651014], [128.60174726965576, 35.16264818408669], [128.60156895576105, 35.16271007112318], [128.6014070999861, 35.162801250269624], [128.60039220238605, 35.16358205695134], [128.60011652880414, 35.16384647694453], [128.60006246062727, 35.163935948614544], [128.59999969514755, 35.16435801552413], [128.5999101492605, 35.164571212722976], [128.5996448319196, 35.164535337849145], [128.5992907008398, 35.16488303439562], [128.5985676449029, 35.164961952544914], [128.59844559221452, 35.16490152628757], [128.59833256663936, 35.16492399993566], [128.59832443985263, 35.16496030786571], [128.59824471669788, 35.16498326211343], [128.59806759959102, 35.16530987416965], [128.5980761705886, 35.16542372523766], [128.598158860843, 35.16555005062137], [128.5985839600725, 35.16575376877543], [128.5988427090078, 35.165822678440236], [128.5993051603631, 35.16582184020675], [128.5996626684948, 35.166174250746444], [128.60000068555536, 35.16637233904228], [128.60041631216637, 35.16656513909426], [128.6005731491348, 35.1667077999154], [128.60067606526033, 35.16689844108521], [128.60072008596626, 35.16726610342606], [128.60070445236556, 35.16733579073911], [128.60056248509775, 35.167332996191405], [128.60054755735007, 35.16737774429288], [128.6006529319629, 35.16751935053483], [128.60076331436883, 35.16755954624836], [128.60080249881906, 35.16769907770759], [128.6007466452124, 35.16792278106457], [128.60064833899443, 35.16810855850681], [128.60046921726354, 35.168331791236035], [128.59975329378352, 35.16892968318328], [128.59955435239837, 35.168792110276605], [128.59951808594366, 35.16883193772334], [128.59970437962394, 35.16897193918391], [128.59930299048224, 35.16930057801326], [128.59909017954527, 35.16941531805472], [128.59882544899463, 35.16951340977488], [128.5984319765505, 35.16955476732431], [128.59823454225034, 35.1695220347477], [128.5980515937014, 35.16940957895745], [128.59877249609482, 35.16871440115929], [128.5987152371532, 35.168674690168636], [128.59813217113782, 35.169209575589896], [128.59799952165275, 35.16938904406214], [128.5977582425477, 35.16939278728025], [128.59729090072642, 35.16967107688214], [128.59687127284943, 35.17022719296021], [128.59644597215149, 35.17063110417578], [128.5960761751103, 35.170846457274386], [128.59592104874153, 35.17087294521006], [128.5958163926402, 35.1709397729803], [128.5957470619442, 35.17106355831604], [128.59568625122816, 35.171391222641624], [128.59547317395513, 35.17178559865077], [128.59531663653217, 35.17195894697422], [128.59523253906386, 35.17200347234866], [128.59516613347273, 35.17196196875828], [128.59505499924683, 35.17199558670617], [128.59505380160513, 35.17204884432048], [128.5947664175508, 35.172126182825345], [128.59450544192643, 35.17214613102904], [128.59432590009513, 35.172097280037065], [128.59416977542014, 35.172176103668654], [128.59393279473696, 35.17254529490342], [128.59314091338751, 35.17352185622064], [128.5926420095607, 35.17448976101829], [128.59258678652554, 35.17465826416718], [128.5925831323723, 35.17480085358163], [128.59286725780584, 35.17551807468934], [128.59286849752957, 35.17586635402947], [128.59262097109712, 35.17633497753147], [128.59224856969948, 35.1769154652944], [128.59174496450996, 35.1776078804365], [128.59142277166882, 35.17816948848257], [128.59137549507142, 35.17840102855035], [128.59143588663287, 35.17865945069899], [128.59156839646118, 35.17884947014029], [128.5918045719108, 35.179023174385286], [128.59208433240929, 35.17906377313356], [128.59262193830358, 35.179025643897944], [128.59263139024142, 35.17919064029342], [128.5937364392889, 35.179172476898906], [128.5937463523215, 35.17951025445499], [128.59264756650876, 35.179541653773555], [128.59264938817694, 35.17958602614986], [128.592585264336, 35.1795881158388], [128.59264208103792, 35.18113407570688], [128.59267372785163, 35.181137048788884], [128.5926962012948, 35.18158776516447], [128.59232401070932, 35.18141294986128], [128.5916670338702, 35.18141886913691], [128.5916767297265, 35.18185893687331], [128.59207952597833, 35.18185916264641], [128.59240123013825, 35.191332747259565], [128.5892497765953, 35.19527396440464], [128.59068832453045, 35.19606893842725], [128.59052202222094, 35.19695294914688], [128.59029556391877, 35.19692038188819], [128.59031636059515, 35.196738640059785], [128.59050047282463, 35.19621823295433], [128.59042829984222, 35.19621129095048], [128.5904153013401, 35.19627402646603], [128.5904619123455, 35.196278555017614], [128.59029069358704, 35.19673988915098], [128.5901813254576, 35.19672641848416], [128.5901013441917, 35.19712131257524], [128.59021197533502, 35.19714007279333], [128.5901816380085, 35.197611969764196], [128.59014166503513, 35.19760775102938], [128.5901260692809, 35.1977003205529], [128.5901624473547, 35.19770258800794], [128.5900192689996, 35.198050393759125], [128.58991659088028, 35.19804571604025], [128.58984246210056, 35.19838683995984], [128.58994493691247, 35.198402085212216], [128.58994040979047, 35.198770238314744], [128.58989670710372, 35.198761589864866], [128.58988799079555, 35.198824492338524], [128.58996141463658, 35.19883453049882], [128.58997077711945, 35.19840430511768], [128.59000794144117, 35.19825476126222], [128.59025262915353, 35.19828931263172], [128.59024389583138, 35.19849048925566], [128.59033003828944, 35.19894162522527], [128.5893286134822, 35.199404670295735], [128.59976439416198, 35.20605623068347], [128.59979032680542, 35.20606388552037], [128.59998717798655, 35.205868530307725], [128.60013483549287, 35.20597228494842], [128.6000231864378, 35.206079149473354], [128.60359630811007, 35.208529643202496], [128.60336657437608, 35.2087648171629], [128.6035939262041, 35.20891849256294], [128.60381449239122, 35.208708110757875], [128.6080913308888, 35.21167444615538], [128.60842162690463, 35.21182342988714], [128.60841594596278, 35.211862799493346], [128.60888635117126, 35.21204071712861], [128.61071817437065, 35.212032582024804], [128.6110556182669, 35.21213516136489], [128.61138910429017, 35.21219266086946], [128.6117768640455, 35.21220021696983], [128.61407518824214, 35.211907644151076], [128.61480972234946, 35.21167972171372], [128.61587583933505, 35.21141973003685], [128.61639028378318, 35.2113911185119], [128.6172894516806, 35.21142306243497], [128.6176026082614, 35.21148509824122], [128.6179321254189, 35.21160389369145], [128.61837011096654, 35.21176707103104], [128.6186329410469, 35.211901344359994], [128.61863996758882, 35.211941359778834], [128.61875587539458, 35.21196803621901], [128.6188527327862, 35.21191608220932], [128.61909060298277, 35.21190434226605], [128.61974694402343, 35.21195222196435], [128.61981611121703, 35.211936389312214], [128.6198997211016, 35.21186472151487], [128.62110027049118, 35.212020825963194], [128.62226028453205, 35.21223417417802], [128.622674721779, 35.21219972219488], [128.6229105488876, 35.21211332591497], [128.62296221533833, 35.21217415823941], [128.6237019376781, 35.21237693605865], [128.62373999327812, 35.212356659870494], [128.62374361079105, 35.212399444933155], [128.62379027736725, 35.21242722178745], [128.62411111746243, 35.21255028523385], [128.62470444328883, 35.212836944506684], [128.62514972233816, 35.213138055369626], [128.62612443857364, 35.213930270961264], [128.62619499993698, 35.213895000080164], [128.626487504957, 35.21413695123839], [128.62594802176307, 35.214015746756665], [128.6260143984976, 35.213841020096226], [128.62465513546474, 35.21349094282657], [128.6246311990817, 35.213557064356586], [128.62546555588884, 35.21377916707591], [128.6253396923622, 35.21411528609864], [128.62449701844076, 35.21389857325431], [128.62446362077134, 35.2139892003148], [128.6258167897103, 35.214351874703716], [128.62589613258643, 35.21414430382115], [128.62678669441536, 35.21437409404495], [128.6284122982114, 35.215715430616385], [128.62907455913205, 35.2161375154264], [128.62901689710637, 35.216488247953066], [128.6294613265551, 35.21681409621782], [128.6294522947164, 35.21686814800527], [128.63000289285887, 35.21727634334787], [128.63036504020477, 35.21746312977229], [128.63096234056218, 35.217867858577634], [128.631316535263, 35.21799332649217], [128.63170283699165, 35.218183787244264], [128.63220702333942, 35.21829438850063], [128.63263437664727, 35.218272256641804], [128.63273232700834, 35.21822838721372], [128.6331024429447, 35.21920746703639], [128.6330426909369, 35.219427030377474], [128.63309484603406, 35.21955193311434], [128.6331606856655, 35.21961459653181], [128.63318975904522, 35.21991356999548], [128.63345116538122, 35.22001197954969], [128.63420316176402, 35.22092677907152], [128.6344657949842, 35.22111965173029], [128.63445250214895, 35.22116891451581], [128.6336279137567, 35.2215072988124], [128.64372440786687, 35.232655028077225], [128.64457157307703, 35.232171707156894], [128.64488393308596, 35.23240713883355], [128.6449664608255, 35.23250594073587], [128.64492886498306, 35.23249985591622], [128.64358461468225, 35.2332668194126], [128.6436920338749, 35.23339844773535], [128.64373641493208, 35.233373070698796], [128.64453778800166, 35.23435536902813], [128.6446381185296, 35.234298160010454], [128.6446480173815, 35.23424509994672], [128.64482875198206, 35.23446619052612], [128.6447612662392, 35.2344486859016], [128.64461644341554, 35.23453136180887], [128.64570883327863, 35.23586999965763], [128.6458009512771, 35.23580654596898], [128.64588891693953, 35.23591433288134], [128.64594423267542, 35.23587609859415], [128.64594594181335, 35.23583689678018], [128.64603079113476, 35.23594101814006], [128.64628332517373, 35.235766030340166], [128.65089792760662, 35.24142205370575], [128.65117646763784, 35.241389691531516], [128.65145204281475, 35.24145835760121], [128.65272825467105, 35.24222592668663], [128.6532696383641, 35.242517534664884], [128.65546510872431, 35.243449864591355], [128.6647763032999, 35.245852586987155], [128.66554763867552, 35.24597694984962], [128.6658742041092, 35.24599741443913], [128.66944924710327, 35.24596220711876]]]]}}, {"type": "Feature", "properties": {"region_id": "CW-MASANHAPPO", "region_name": "창원시 마산합포구", "sgis_sigungu_cd": "38113", "sgis_base_date": "20250630"}, "geometry": {"type": "MultiPolygon", "coordinates": [[[[128.57444056814964, 35.06341381555078], [128.57464126462256, 35.06317446813566], [128.57469000152832, 35.063010283928165], [128.5748681738282, 35.06289034147196], [128.57486562290615, 35.06286623871813], [128.57480390904175, 35.06285258415606], [128.5748684273918, 35.06268473264856], [128.57525847430037, 35.062359516108074], [128.57542179788032, 35.062121324663615], [128.57541211067334, 35.06204225924325], [128.5752987219544, 35.061939638032754], [128.57525790741482, 35.06184429370253], [128.57526213871893, 35.06168343245428], [128.57516679899402, 35.06160924879706], [128.5751097699549, 35.06141285794124], [128.57525024164292, 35.06111451977992], [128.57541055403516, 35.06090762350117], [128.57546041644068, 35.060677957940484], [128.57540842226237, 35.06057198276532], [128.57529783009446, 35.0605071838612], [128.57525671936415, 35.06044188071913], [128.57508248623415, 35.06040756896045], [128.57495586188205, 35.06040097647488], [128.5748724754433, 35.06044906994126], [128.5748157279928, 35.06038916562239], [128.57474434092944, 35.06036591267463], [128.57419095812998, 35.06033993953369], [128.57409073253993, 35.06037955431657], [128.57395070629113, 35.06036791282891], [128.57373120348228, 35.06039824831596], [128.5734461956453, 35.06031181479946], [128.57307374911713, 35.05990156349288], [128.57326434864498, 35.05946819911081], [128.57324573866353, 35.05927098760085], [128.57318924015595, 35.05914925742572], [128.5731476681767, 35.059139530023906], [128.5731158506417, 35.05901610268301], [128.57320986500085, 35.05884475936215], [128.57322621112843, 35.058745575875335], [128.57307774016454, 35.05838760740216], [128.57302400712777, 35.058151232741814], [128.5728609759119, 35.05803620290988], [128.57285612452853, 35.057932420825914], [128.57271639414014, 35.057694328803095], [128.5725424744471, 35.0575612061011], [128.57231639562235, 35.05748568562462], [128.5720158911543, 35.057486789188026], [128.57180702130356, 35.05754424532257], [128.57153871711418, 35.05745778580794], [128.57158766453594, 35.05743216942449], [128.57157490509996, 35.05741565694409], [128.5711283670599, 35.05722398122303], [128.57059006072464, 35.057063147053185], [128.57052272421453, 35.05701688637961], [128.5704992276343, 35.05703457735947], [128.57055143208493, 35.05708205722675], [128.57041020441187, 35.057116609933686], [128.57039580833776, 35.057081632704495], [128.5703127298542, 35.057085637118966], [128.57027656797715, 35.05711249630492], [128.57027080189891, 35.057183810692955], [128.57018059596572, 35.05727607860628], [128.57013077154042, 35.05762116977494], [128.5700187068172, 35.057763855885746], [128.57003830359088, 35.05781906248945], [128.57000398547268, 35.05789094973565], [128.5700465708205, 35.05799413579681], [128.56997276855483, 35.05810842037087], [128.56998293088773, 35.05823594571693], [128.56993243059935, 35.058270875099666], [128.56985200101997, 35.05850761231014], [128.5697286095972, 35.05862486603949], [128.5697749859313, 35.05871762957518], [128.56973176211687, 35.058757342138044], [128.56965916498416, 35.05904910106868], [128.5696642514982, 35.05919761003507], [128.56976489235572, 35.05930451666426], [128.56979446502382, 35.05941998845011], [128.56986053696008, 35.059488553820934], [128.5705545026475, 35.05970077100672], [128.57095284318262, 35.05974341695763], [128.5711749321119, 35.059817591961256], [128.57134265064988, 35.060000630689], [128.57136083173683, 35.060198670433614], [128.57132021081483, 35.06028812254019], [128.57119533540794, 35.060403966185575], [128.57105315346382, 35.06071027134366], [128.57071331770345, 35.06100211090527], [128.57048548131337, 35.061141512923555], [128.57027564070378, 35.06119747465232], [128.57011751261916, 35.0612889334113], [128.5697368300516, 35.06142085141436], [128.56961033594035, 35.061544052813666], [128.5695015455889, 35.06175891255469], [128.5695863396011, 35.06206832688195], [128.56988216909275, 35.0623008382631], [128.57008297434356, 35.062329330807515], [128.57026159937496, 35.06227676466573], [128.57054176560783, 35.062344276977306], [128.57060947423983, 35.062383420013816], [128.5706935064914, 35.06250210225446], [128.57108911407587, 35.06271746886116], [128.57179962432798, 35.06267041283064], [128.57224417168618, 35.0627144079313], [128.57278484294707, 35.062599019532335], [128.57307854227778, 35.062594690179324], [128.57322701323773, 35.06265259347471], [128.57343505847527, 35.06282593628515], [128.57354167443845, 35.062962318589655], [128.57356790303123, 35.063068448662506], [128.57347447668974, 35.06316823322215], [128.5734952501312, 35.0631957634113], [128.57364436385777, 35.06326529577295], [128.57369508722377, 35.063221080984746], [128.57422140990718, 35.0634059339136], [128.57444056814964, 35.06341381555078]]], [[[128.54238441337307, 35.06652160826125], [128.5423518912886, 35.06654622780882], [128.54234862089334, 35.066605570433865], [128.54239309097488, 35.06654390443723], [128.54238441337307, 35.06652160826125]]], [[[128.6371883789962, 35.065927040627436], [128.63728697237897, 35.06548051990649], [128.63772810217364, 35.06538572464458], [128.63764344118476, 35.06510402810721], [128.63724361972197, 35.06519406981112], [128.6368632776868, 35.06480635436983], [128.63685120953144, 35.06460796222948], [128.63697478582452, 35.0642729969951], [128.6372105839536, 35.064377349663], [128.63730708453502, 35.06419735615961], [128.63707271527622, 35.064104751708655], [128.63720604849564, 35.0638091231439], [128.63736251567153, 35.063725845276984], [128.63747585487616, 35.06370218100806], [128.63756683039315, 35.06373015245371], [128.6376117958943, 35.063899824230724], [128.6375764906975, 35.06391850263736], [128.63758988750533, 35.06397273347905], [128.6380945064802, 35.06391028857958], [128.63821795383097, 35.06513642684704], [128.6383719360306, 35.06512958422041], [128.63826188286177, 35.063811483160876], [128.63910911866014, 35.06358512360284], [128.6392460615597, 35.06358815275471], [128.63934305705234, 35.06362851662474], [128.6396690962807, 35.06363655296584], [128.63981446013784, 35.06384782048122], [128.63958529218687, 35.064217539362446], [128.6396445109065, 35.06424684724941], [128.63990285372918, 35.063849901234796], [128.63974068648363, 35.0636094188189], [128.63984903858218, 35.063517141274204], [128.6399729538033, 35.063468862387786], [128.63996142163012, 35.0634042720984], [128.64002932705165, 35.06323857707896], [128.64002686520047, 35.06312761141836], [128.63989114338298, 35.06292144444134], [128.6396919387405, 35.06283208696079], [128.63952485028292, 35.06269662779389], [128.6393573198952, 35.06266372530071], [128.63933734950373, 35.06262587128794], [128.63928190798268, 35.06261417801321], [128.63921009732024, 35.06263510232703], [128.63893353063153, 35.06260618264711], [128.6388975705143, 35.06265896888527], [128.63883919237702, 35.062626914336214], [128.63848571258413, 35.06266466422532], [128.6383871493044, 35.06264459481057], [128.63832795447337, 35.06267834642353], [128.63829165959297, 35.06265570339983], [128.63815262321495, 35.06265769528576], [128.63781546655787, 35.062714980799576], [128.63779725498705, 35.062740128012706], [128.63725124073682, 35.06247517154728], [128.63728375398128, 35.062443016848896], [128.63724680274638, 35.06241872328721], [128.6373187666779, 35.06231165817494], [128.63695261876626, 35.06213172662777], [128.63691612129688, 35.062129781207574], [128.6367985151037, 35.06227321372078], [128.63620150792522, 35.06204255218148], [128.63606228088037, 35.06194681459262], [128.63600792834663, 35.06184331917962], [128.63563457063032, 35.061546431834834], [128.6354811416483, 35.06137830847424], [128.63532674481175, 35.06111504929152], [128.63529372375373, 35.06087158170041], [128.6351922721952, 35.06082834382004], [128.63510299710748, 35.06062331265461], [128.63482321936516, 35.06046732614737], [128.63467595121836, 35.06030781816909], [128.634541721424, 35.060294407196224], [128.63443196706893, 35.06022537548234], [128.6343894948628, 35.06011869525875], [128.63432508398031, 35.060056074041306], [128.63418623140524, 35.06003988907136], [128.63416751460488, 35.06000166898294], [128.6341139786462, 35.06000071427871], [128.63399376461516, 35.06005538873534], [128.6339635562757, 35.05996377248317], [128.63384549111782, 35.059947039315944], [128.63379533191525, 35.05991104989243], [128.6336497049091, 35.06002320888968], [128.6335340423036, 35.06000559817605], [128.63358874387552, 35.060062314428926], [128.63357759272697, 35.060089853002864], [128.63343739470108, 35.0600657341917], [128.63340577506352, 35.06010109760279], [128.63333420886676, 35.06010935483707], [128.6333869355571, 35.06019091634517], [128.63332292022469, 35.060209470469815], [128.63332765137847, 35.060274087157424], [128.63337754952124, 35.06030618217368], [128.63332079103918, 35.06041540040207], [128.63287832474245, 35.0606767926044], [128.63275229658353, 35.06069969283477], [128.63268817254936, 35.06075709719886], [128.6324639396218, 35.06079087590905], [128.63229195078668, 35.06073996990767], [128.6322562992639, 35.060752778300206], [128.63220763277064, 35.060709643843765], [128.63210680432255, 35.06075525398645], [128.63208911195753, 35.06072588747442], [128.63193339233095, 35.06072579356636], [128.6319097760989, 35.06075799095853], [128.63182294612957, 35.060762243852786], [128.63180511085466, 35.060810547094036], [128.6315792032394, 35.060858815287084], [128.63158738410004, 35.06091906100515], [128.63151608793356, 35.0609645159528], [128.6312588430886, 35.06099212819082], [128.6314251955732, 35.061187545550084], [128.63163348454978, 35.061291421102446], [128.63167541433393, 35.06135273328709], [128.63183510667145, 35.061425966753205], [128.6320214311485, 35.06159026583462], [128.63228023000147, 35.061754730214986], [128.63247405372678, 35.06194165732119], [128.6326313020064, 35.06215656920534], [128.63266080021884, 35.06232328564915], [128.63259626339257, 35.062727452560146], [128.63245251076634, 35.06299636315182], [128.63240845532187, 35.06320081258742], [128.6323434927849, 35.06321965277053], [128.63233971224673, 35.06325337101424], [128.63241607655823, 35.063263986672375], [128.63252525510777, 35.063484160575186], [128.63286223894667, 35.06377967498906], [128.63294454373295, 35.063961909983696], [128.63308894176058, 35.064159008697864], [128.63344766042908, 35.06449606946195], [128.634595216182, 35.065387558035894], [128.63489430019774, 35.06555402191433], [128.63487569010394, 35.06559493367869], [128.63496618801778, 35.06563497411617], [128.63500167482718, 35.065604839898974], [128.63594118984503, 35.065904888707074], [128.635954652809, 35.065882738329556], [128.6361168649738, 35.06590667854099], [128.63671425869117, 35.0658974182738], [128.63703280227176, 35.06595906963474], [128.6371883789962, 35.065927040627436]]], [[[128.6320013145509, 35.06598434684377], [128.63039001885906, 35.065710345714], [128.6303777537812, 35.06576301140609], [128.63198813734533, 35.06603807435568], [128.6320013145509, 35.06598434684377]]], [[[128.6378194970234, 35.06612603017282], [128.63772346853617, 35.066141444385345], [128.6377354468115, 35.06622729034271], [128.6378693507079, 35.06626910884542], [128.63795782634838, 35.06624855010583], [128.63796176811297, 35.06617272206607], [128.6378194970234, 35.06612603017282]]], [[[128.57312505650495, 35.06518507159146], [128.57296548823857, 35.06477496549669], [128.57281721292597, 35.06471654083579], [128.57246406393222, 35.06470440766956], [128.57227016013894, 35.06477244432506], [128.57185334279723, 35.06482465893278], [128.57177145602432, 35.064873943485566], [128.57159595645533, 35.0648979947633], [128.57151595487719, 35.06498111517862], [128.57139365649684, 35.06503871292837], [128.57126137301222, 35.06503380229205], [128.5711265050285, 35.06507802526439], [128.57104136941504, 35.06518860901092], [128.57088746939414, 35.065266924613844], [128.57081756449867, 35.0653369117133], [128.57067541993234, 35.065386976402166], [128.57062026341782, 35.06555711087626], [128.57046958099411, 35.06567548626312], [128.57037942221584, 35.065900986165914], [128.5703481938576, 35.066084429125446], [128.57045893554348, 35.066422617008904], [128.57063604819072, 35.066574717997476], [128.57074193319488, 35.06672093384128], [128.57116919812293, 35.0669682031279], [128.5712467911457, 35.06713895243443], [128.57134834004486, 35.06725248585073], [128.57150596449608, 35.06734778591319], [128.57164870411455, 35.06736894951127], [128.57186588241427, 35.067302356391416], [128.5727668572693, 35.066894953255186], [128.57303874072753, 35.06667851987357], [128.57317009586416, 35.0664118976187], [128.57327539317808, 35.066349119604574], [128.57325831010627, 35.06620034208593], [128.57342682854716, 35.06603710371981], [128.57344314127832, 35.06598220391507], [128.57338598041827, 35.06591674470826], [128.57333298856236, 35.065629662487595], [128.5731711735152, 35.06543178522842], [128.57312505650495, 35.06518507159146]]], [[[128.57588572800245, 35.0666621611172], [128.57658732703277, 35.0665787928828], [128.57696241211357, 35.066231706388294], [128.5770250080176, 35.0661322957774], [128.57708125492488, 35.06592894538587], [128.57715629743447, 35.06586289452122], [128.57714337584437, 35.06574566287754], [128.57701485800447, 35.06553279051866], [128.57691152215202, 35.065506812813446], [128.5768651835416, 35.06542159894259], [128.57674275698758, 35.065413914360235], [128.57671184803183, 35.06532955709403], [128.57660125688344, 35.06529931727029], [128.57654370023516, 35.0651784782918], [128.57645365056493, 35.065151284010625], [128.57637226221985, 35.065170180609094], [128.5763664324048, 35.065139865571666], [128.57631695435805, 35.06512554236657], [128.57595958913558, 35.0651482057626], [128.57583705999096, 35.06522769198307], [128.5755741244353, 35.065251435350945], [128.5754477592194, 35.06530338002367], [128.57471922914533, 35.065243959352564], [128.57416384884868, 35.06523746056502], [128.57405171269323, 35.06529597905458], [128.57404443980622, 35.06545288170085], [128.57410884882847, 35.065579199325626], [128.57419470370678, 35.06563127559177], [128.57427661394857, 35.06564033331674], [128.57435633934503, 35.06570360131081], [128.5745308852834, 35.06574311570891], [128.57470488352337, 35.06592572951694], [128.574786469687, 35.06614804067964], [128.57479259075774, 35.06626343572907], [128.5749234197122, 35.066475931109345], [128.5747946540418, 35.066848627518134], [128.57471743813653, 35.066899769787916], [128.5746408741762, 35.06713619241793], [128.57465592367205, 35.067312263527484], [128.57485533642406, 35.06776389700933], [128.5748903958498, 35.067971152945816], [128.5749584866757, 35.06797586394032], [128.57499773111473, 35.06789237220922], [128.5752880734704, 35.06783042812072], [128.57561398351805, 35.0675773760964], [128.57568035978852, 35.06745377845437], [128.57570292850303, 35.067278812925174], [128.57580895971756, 35.067129367586745], [128.57577911424872, 35.066941498658835], [128.57582268583383, 35.06671399346661], [128.57588572800245, 35.0666621611172]]], [[[128.63823986384375, 35.066469063978005], [128.63815401697624, 35.06651025378599], [128.63810696189935, 35.06658256413843], [128.63819050588515, 35.06686690723112], [128.63820088385552, 35.06714866927089], [128.6383085899426, 35.06736704810124], [128.63854519893755, 35.06754086251669], [128.63860918690855, 35.06765377882006], [128.63879170440316, 35.06778548929268], [128.6392851260818, 35.068027936908436], [128.63947547339126, 35.06801538805897], [128.63958867966886, 35.067773346861365], [128.6395642204781, 35.06757875041068], [128.63900770170238, 35.06719598844182], [128.6386969728724, 35.066777485918685], [128.638413415939, 35.066622255924734], [128.63823986384375, 35.066469063978005]]], [[[128.55187752277814, 35.07012606622823], [128.55218395612184, 35.06999737457098], [128.5524236686539, 35.07003845089474], [128.5524988778387, 35.07000659462053], [128.55270115841574, 35.069993928610614], [128.5527334416183, 35.069920018866995], [128.55283016211763, 35.06991412803217], [128.55287065755266, 35.06985456304521], [128.5529848365391, 35.06981952424317], [128.55301409547914, 35.069755670989835], [128.55311410705218, 35.06969317804852], [128.55311573903242, 35.06960883500735], [128.55321421219372, 35.06958078695677], [128.5534207754198, 35.069584846627535], [128.55361031448984, 35.069717449692725], [128.55374443869482, 35.06965736311379], [128.55378415867332, 35.06976422071018], [128.55389389872744, 35.06978549176568], [128.55398312528865, 35.06976435819004], [128.55407856712088, 35.06967917819354], [128.55408112804753, 35.06958288700766], [128.55419414785948, 35.06950707409358], [128.55432295879962, 35.06946439043363], [128.55448116771197, 35.06947551765757], [128.55491254114398, 35.06919795798373], [128.55508433072177, 35.06878330229744], [128.55509276117945, 35.068646020075285], [128.55526304890932, 35.068513664828906], [128.5554314118679, 35.06845316126125], [128.55550125099123, 35.068456733659886], [128.55572609406585, 35.06864987344442], [128.55591109049695, 35.06889671221919], [128.55601352006573, 35.0688281509822], [128.5560489900457, 35.06890432094147], [128.55609163345525, 35.06884868194867], [128.5560670922156, 35.0688150699748], [128.55630781301926, 35.068669732476], [128.55663040961977, 35.06833326952144], [128.5568826262945, 35.06836285611574], [128.5570088313171, 35.068292514319985], [128.5571532011404, 35.06826546788824], [128.5572326025203, 35.06817694656578], [128.55737070128708, 35.06811743810943], [128.5578187809234, 35.06814181464691], [128.5581255025966, 35.068210615254266], [128.5583378487996, 35.0681969215286], [128.55846846939903, 35.06822694370639], [128.55872390661972, 35.06810845131536], [128.55879559497384, 35.06804318395084], [128.55883876591616, 35.067921323533604], [128.5588244812843, 35.06753845189719], [128.55860051726583, 35.06734219397929], [128.55832186055008, 35.066901341294454], [128.558395080643, 35.06678377228546], [128.55839168442787, 35.066706062551965], [128.55815391398082, 35.06614934357864], [128.55819619714396, 35.0661369606565], [128.5583762217413, 35.06655600981103], [128.55850716124834, 35.06671388402468], [128.5585314710486, 35.06657877669557], [128.5586322824736, 35.066404232924924], [128.5587862952645, 35.06633848859883], [128.55900937333237, 35.066106018839584], [128.55918095257573, 35.06600457995062], [128.5592477290135, 35.066014613159496], [128.55951616924912, 35.06619211054943], [128.55954537837368, 35.06625676381689], [128.55965800946532, 35.06625157435279], [128.55990841563568, 35.06633952915275], [128.55998004482672, 35.06632942287025], [128.56025499718402, 35.066162332833834], [128.56043624617922, 35.066107998045254], [128.5605337660068, 35.06610732386973], [128.5607301592555, 35.06617609802334], [128.56082574347977, 35.06627323148728], [128.56090211480623, 35.06647730642843], [128.5609919976956, 35.066551714958315], [128.56107914451164, 35.066731790133524], [128.56119061310943, 35.06682043655472], [128.5612489373154, 35.06692308755762], [128.56153152547733, 35.0668668815027], [128.56164899613407, 35.06678100146125], [128.5617591357092, 35.06674749922487], [128.56179166709032, 35.066664771912], [128.5617773189145, 35.06646331046835], [128.5620090408406, 35.066166435460204], [128.56223595674783, 35.065979022923464], [128.56231648511226, 35.06572957260204], [128.5623411537889, 35.06551940906201], [128.5622664633491, 35.065324652700035], [128.5621604828747, 35.06523232179335], [128.56216242161454, 35.065009079169656], [128.56227664274175, 35.06481814864249], [128.56253565420954, 35.06453225952214], [128.5627051894959, 35.06444894476868], [128.5629372965007, 35.06444410297115], [128.56311977950222, 35.06452943465282], [128.56334858611189, 35.064580346704155], [128.56342734490318, 35.06455738464075], [128.56354519835273, 35.064447734709745], [128.56365961367177, 35.063989225454364], [128.5636145940362, 35.06392636370876], [128.56333511113053, 35.06385640389054], [128.56324353059074, 35.06387029737245], [128.56320360114165, 35.06393041986693], [128.5631650512923, 35.06388406692637], [128.56312654405826, 35.063887515268235], [128.56312488226473, 35.063933921344045], [128.56265591146345, 35.06413634520857], [128.56252115779017, 35.064181351121746], [128.5623171125199, 35.06419691258104], [128.56217504993032, 35.064278368583324], [128.56204875769913, 35.06429078523789], [128.56189646603147, 35.06423286200187], [128.56167851769914, 35.06421155172817], [128.56160468978257, 35.06416966925319], [128.56137750752626, 35.06421255422906], [128.560978234611, 35.064164951157025], [128.56055324889024, 35.06415949980538], [128.56043973792708, 35.06410881153989], [128.56039096467984, 35.06399617971292], [128.56023454699974, 35.06385328710553], [128.56027960956249, 35.06359656128877], [128.56055570705138, 35.063291611467704], [128.56082247885826, 35.063384544744245], [128.56084322891584, 35.063323624168405], [128.5607274757355, 35.0632619570543], [128.56089345163932, 35.06294835216506], [128.5608547076354, 35.06288329567759], [128.56111876877245, 35.06247279619124], [128.56138615826944, 35.06228608066625], [128.5620115006836, 35.06201751579588], [128.56209474946124, 35.061923199475146], [128.56220013264303, 35.06186546885605], [128.56228890355, 35.061730595084775], [128.56249153176967, 35.06120700973217], [128.56264863757968, 35.06106867512663], [128.56268244073252, 35.06091515976735], [128.56283588422383, 35.06068850660754], [128.56291687567676, 35.06031573224841], [128.56290739833292, 35.06003498464371], [128.5632237066085, 35.0598819470362], [128.56318080452286, 35.05983401999705], [128.5629971857462, 35.05990855019569], [128.5627856817448, 35.05974579435852], [128.56215733031115, 35.05943543201936], [128.56202531623197, 35.05913932501467], [128.56207372877032, 35.05896625781684], [128.5623036834795, 35.058733389957005], [128.56249055699013, 35.0587100532639], [128.56282446815098, 35.05875613608076], [128.5631420256533, 35.058873736672204], [128.56342603180207, 35.05892928287396], [128.56384159642016, 35.05912048681627], [128.56389212642443, 35.059164610150205], [128.56392478658347, 35.05926293162011], [128.5640152047875, 35.05931613119539], [128.56417821424105, 35.059298824298715], [128.56438028252734, 35.059182858640085], [128.56468149183644, 35.05891558582842], [128.56487164863566, 35.05880884352607], [128.5649556288437, 35.058566911684046], [128.56494699578212, 35.058454544127216], [128.56487258459123, 35.05828495444695], [128.5649005047447, 35.05800644302232], [128.56481454716166, 35.057881196595474], [128.56483635726534, 35.057656987610805], [128.56464507838277, 35.05741194118494], [128.56464857563938, 35.05712222703856], [128.56482810466073, 35.05700347751834], [128.56518639924155, 35.05684687791311], [128.56537505762608, 35.05682501071887], [128.56594351844353, 35.05693222718602], [128.56631255615372, 35.05713570497749], [128.566536311966, 35.057353084509124], [128.56654807508485, 35.057460777162056], [128.5669730728744, 35.057636367722075], [128.5670479693614, 35.05760825085175], [128.56714942831636, 35.057627848080834], [128.56714142575646, 35.057563397734604], [128.5672249665482, 35.05754093759744], [128.56731493288225, 35.057394758792164], [128.56734777976988, 35.05722575244071], [128.56732354450688, 35.05704232012933], [128.56726366944517, 35.0569780016132], [128.56727927182135, 35.05688020495368], [128.56722053891295, 35.0568425517247], [128.56722783336008, 35.056797897564465], [128.56705392183588, 35.05653065241005], [128.56708217623947, 35.05647329130688], [128.5670665877104, 35.056363484539936], [128.5671440856333, 35.05614747024237], [128.5672300947233, 35.05605365632018], [128.5674000535046, 35.05595015532722], [128.56738361952975, 35.05587550721186], [128.56743403378792, 35.05581301521442], [128.56759026801024, 35.055747132088804], [128.56770362808217, 35.055544206195684], [128.56778421322664, 35.05550764594988], [128.56790247463783, 35.05533542047985], [128.56789078759687, 35.05527140835774], [128.56798164817243, 35.05523392797118], [128.56820830512044, 35.05499333982204], [128.56836031428355, 35.054692914886225], [128.56835887789683, 35.05451360999041], [128.56825813635763, 35.054321080982234], [128.56808780899183, 35.05420580221424], [128.5681222854361, 35.05408079776973], [128.5680948094145, 35.05402536443165], [128.56799429333108, 35.05395287957805], [128.5677938152129, 35.0538748546549], [128.56771172210625, 35.05380033549201], [128.56775057318757, 35.05374955519983], [128.5677311016706, 35.05369610714913], [128.56729642412844, 35.05343101476303], [128.56728019036075, 35.053385438687954], [128.56691551969098, 35.05337266350221], [128.56689311090742, 35.0534252411417], [128.56680814097342, 35.05348302168203], [128.56681926747257, 35.05354280456544], [128.56673575656004, 35.053567175705425], [128.5667071540847, 35.053717277857636], [128.56647770939784, 35.053727769367114], [128.56644218383207, 35.05380262740642], [128.56633248508, 35.05376683921692], [128.56631297525638, 35.053841195753606], [128.5662470038883, 35.0539084172222], [128.56631814402098, 35.05401813436928], [128.56614649900735, 35.054051438262015], [128.56598048017153, 35.054175107786136], [128.56586299284297, 35.05418381712832], [128.5657500452698, 35.05415101808929], [128.56566171439889, 35.05422840830177], [128.5656049869399, 35.05420598769071], [128.56554750601987, 35.054286444833096], [128.56500757758624, 35.05423043661403], [128.56494913158204, 35.054143542440556], [128.56479393619853, 35.0540348851587], [128.5647982241424, 35.05398078262467], [128.56443593139738, 35.05368281474803], [128.5643432463404, 35.05318252142391], [128.56426487106415, 35.05308375707768], [128.56418580330245, 35.0530471373272], [128.56405805053188, 35.05280977372947], [128.56394658982953, 35.052802811186766], [128.5638912840238, 35.05274439292294], [128.5638114969906, 35.052725915681535], [128.56373217575492, 35.05273084018922], [128.56367710728185, 35.05278245392136], [128.56338703024875, 35.05274915891305], [128.56320419428874, 35.052759686450116], [128.5630591334167, 35.05262184073843], [128.56313973607212, 35.05250758538681], [128.5631012924947, 35.05246883254921], [128.56313335218186, 35.052411729308844], [128.5630942885139, 35.05235169316489], [128.56312767356155, 35.05232959427121], [128.56313381897073, 35.05224994523755], [128.56295540804194, 35.052169053433516], [128.56283195093133, 35.0521835450317], [128.56239799467102, 35.05212681649134], [128.5621689480259, 35.05216013416125], [128.561751062767, 35.05228978297009], [128.56166038607216, 35.05229451156384], [128.56162870114727, 35.0523598904004], [128.56149901606287, 35.052339781661395], [128.56152784577208, 35.05238006003683], [128.56137360939644, 35.052407280764484], [128.5613482042392, 35.05244370383069], [128.5610245883344, 35.05252298862501], [128.56061325496938, 35.05257263479115], [128.56057544919145, 35.05264214609114], [128.56030302176652, 35.05273377449057], [128.55999656209517, 35.05290208487814], [128.55959568410026, 35.05294981665094], [128.55946620772707, 35.05301755312757], [128.55935940412306, 35.05299625401046], [128.5591021349361, 35.053054962140266], [128.5590567135395, 35.05302791868223], [128.55892598240902, 35.053029507226384], [128.55886300545149, 35.05305670713271], [128.55880286897522, 35.053160911223415], [128.5587509120017, 35.05317758781507], [128.55842629546768, 35.053242124711154], [128.55789571260684, 35.05322400371214], [128.55738453123362, 35.053260539037744], [128.55696053051042, 35.05337733968469], [128.55675985853708, 35.053355280019595], [128.55650166813768, 35.05346435692357], [128.55643755150476, 35.053529841973294], [128.55630770197465, 35.05352834888987], [128.55626161208562, 35.053574429529036], [128.55614493838414, 35.0535967882897], [128.5560446101578, 35.05374031534541], [128.55585725363431, 35.053738864368526], [128.5558487511431, 35.05380538885305], [128.55580399188273, 35.053820450641815], [128.55579098634473, 35.0537663834764], [128.55573732794062, 35.05376715166386], [128.55564936780362, 35.05383708173297], [128.5553698839863, 35.05395440621356], [128.55523520379248, 35.054058957748424], [128.55523054855487, 35.054191882967956], [128.55515330220837, 35.054305406048066], [128.55483471628867, 35.05453761030767], [128.55470953582662, 35.05454400252689], [128.5545678533678, 35.05466986148468], [128.55426671701917, 35.05484790351476], [128.55423904103043, 35.05491424107136], [128.55417786136763, 35.054928968888674], [128.5539706808979, 35.05508758827061], [128.5537958443922, 35.055150192762305], [128.55369125029173, 35.05524055742012], [128.5536098509808, 35.055461336601944], [128.5533067020483, 35.05571043199192], [128.55311152730448, 35.055921822193596], [128.55308127608677, 35.05600196858622], [128.55294859774517, 35.056055894135696], [128.55293859295244, 35.05615968541407], [128.55259772785502, 35.05654567362724], [128.5522216641102, 35.0567948201694], [128.55205403376578, 35.056929667471664], [128.5519877304195, 35.05702708514533], [128.55188873962706, 35.05706015177662], [128.55175575595635, 35.05718375176867], [128.55118435513012, 35.05754908090079], [128.55080079696575, 35.05789140488327], [128.5504642242297, 35.058395014247104], [128.55012464562324, 35.05908827452574], [128.54984162494662, 35.05942593073738], [128.54974760828642, 35.059602691740636], [128.54956765869892, 35.05979724893318], [128.54948291244656, 35.0599445869307], [128.54949409030664, 35.06018066091609], [128.5494577018287, 35.06046474452012], [128.5492956661221, 35.06090593701192], [128.54936763775262, 35.061170591359634], [128.549384750583, 35.06143803581681], [128.54925459897242, 35.061807968241624], [128.54914274246207, 35.061958820825545], [128.54900638609735, 35.062073282280956], [128.54867118989662, 35.062273635053565], [128.5484296881133, 35.06234096865332], [128.54841953493923, 35.06240302729494], [128.54803421938988, 35.06270419772933], [128.54793364780244, 35.062885385302316], [128.54784655079803, 35.06292287236597], [128.5477389081048, 35.06287737642423], [128.5476962126007, 35.06295043532613], [128.5474794553786, 35.06303659865196], [128.547471268827, 35.063161153919], [128.5472789365772, 35.063269042092706], [128.5472596020533, 35.06329819274094], [128.54730157484602, 35.06335825390321], [128.54716682630462, 35.06341523155535], [128.54702786327445, 35.06360971424019], [128.54696437337103, 35.06364234780315], [128.54698005453687, 35.06374481134844], [128.5469215473017, 35.06386759362596], [128.54700271215555, 35.06400104539657], [128.54691733859903, 35.06411548819149], [128.54667843807144, 35.06423034885016], [128.54646840020712, 35.06419304986693], [128.54628126464883, 35.0642727519113], [128.54608467509237, 35.06441207875215], [128.54562760531874, 35.06459193848874], [128.54534464584194, 35.064759594818945], [128.54510372875035, 35.06496435676207], [128.54485419517457, 35.065084113254066], [128.54470852973967, 35.06522884748176], [128.5445354545889, 35.06528071161022], [128.54437003172873, 35.065247848771186], [128.54428415380372, 35.06526065816175], [128.54425313867412, 35.06535735840969], [128.5440112558135, 35.06544727012539], [128.5438772540439, 35.06554844905145], [128.543779078461, 35.06567883159902], [128.54362559854775, 35.06573751023515], [128.54359512254211, 35.06581632890794], [128.54340284569403, 35.065925840754886], [128.54321233304512, 35.06610646910048], [128.54297782746823, 35.06618456278018], [128.54272900918156, 35.066137592986564], [128.54262604365405, 35.06624164516782], [128.54256029678774, 35.06622412800122], [128.54252155313134, 35.06625390640517], [128.54242478283905, 35.06658561260976], [128.54248261678816, 35.066608609764415], [128.54249303913016, 35.06669566604439], [128.5422628871707, 35.06738744067259], [128.54228000909401, 35.06755117621394], [128.54223171621237, 35.06830114401234], [128.54211732385136, 35.06882171813541], [128.54207131375026, 35.068911086129084], [128.54208765017088, 35.06896609448174], [128.54219821779043, 35.06907183689043], [128.5424101364076, 35.069211779953875], [128.54332461181798, 35.069295799652906], [128.54372558095142, 35.06926194841541], [128.54416779960982, 35.06935893913009], [128.5443170552015, 35.069430300743846], [128.54454249455165, 35.069385278697695], [128.5451651470562, 35.069469494648025], [128.54529661592503, 35.069543709769675], [128.54553944473585, 35.06958518225543], [128.54564689272888, 35.06965367280815], [128.5457586657495, 35.06960415706749], [128.54583269203496, 35.06960388300502], [128.54639018597024, 35.06974464537238], [128.54651377143023, 35.06969614510576], [128.54663196413355, 35.06971885922948], [128.5469007003229, 35.0696934440258], [128.5470615515198, 35.06975004619065], [128.54769260031418, 35.06983537224704], [128.54869823451318, 35.06973670531094], [128.54878695946815, 35.069709778463185], [128.5488990498516, 35.069591954686615], [128.54903936062615, 35.069556195847795], [128.54917042498036, 35.06956878928642], [128.54916675450767, 35.069510456966874], [128.54921316122955, 35.069489076961084], [128.54954845852308, 35.06950509661617], [128.54978114227163, 35.06955761824679], [128.54980001901126, 35.06972973199972], [128.54982345614536, 35.06973006111276], [128.54985747640296, 35.069546499763874], [128.55011106866831, 35.06939945444235], [128.5503141126678, 35.06932148240265], [128.55072723568273, 35.06927998996154], [128.55098204117968, 35.06935539527254], [128.5512869974339, 35.06961004165227], [128.55125557085685, 35.069749302904576], [128.55129897384103, 35.06988412843876], [128.55140711974852, 35.07002552859038], [128.55139916493022, 35.07008930677733], [128.55148693895958, 35.07008533219953], [128.5516641065032, 35.070137707544355], [128.55187752277814, 35.07012606622823]]], [[[128.49652229160753, 35.0724993242178], [128.49657708265423, 35.07235753279574], [128.496699254339, 35.072278630269466], [128.49673282977454, 35.07222259762723], [128.49670050892513, 35.07209208983979], [128.49677073418448, 35.07196859654457], [128.4967142585713, 35.07168479495363], [128.49672872102795, 35.07144003584968], [128.49678450417278, 35.07136331811423], [128.49704316743367, 35.07121198071847], [128.4972343675156, 35.071166453233516], [128.49731969694045, 35.071016549442604], [128.49734432140932, 35.070852126331], [128.49738774892722, 35.07081807134833], [128.497369610077, 35.07075960727262], [128.49742036273406, 35.070564474213036], [128.49742267252077, 35.07032705549413], [128.49731610189878, 35.07011708325596], [128.4971651129455, 35.06995051725952], [128.4970450933351, 35.0698509424779], [128.4969570292083, 35.06982120203744], [128.49690958527194, 35.06975944235898], [128.49672007975207, 35.06966860949037], [128.49665218565374, 35.06950234272695], [128.49623512217403, 35.06948294407615], [128.49622486227526, 35.06944008640792], [128.4961892218763, 35.069432628262575], [128.4958529262548, 35.06944709584638], [128.49583696422064, 35.06941495012065], [128.49573036318947, 35.06938876395439], [128.49573671206906, 35.069358323167286], [128.495607917268, 35.069380880372805], [128.49546227177, 35.069317973178705], [128.49538298066386, 35.06938995104199], [128.4952946126487, 35.069420545571155], [128.49529714778197, 35.06953233217509], [128.49524210144452, 35.06956586861772], [128.49527889568554, 35.069588871676416], [128.49522977471293, 35.06965192400577], [128.49527077709038, 35.06974492657574], [128.49524050009958, 35.070014829990534], [128.49515637123167, 35.07016900011802], [128.4944957120829, 35.07054521662245], [128.49417522898523, 35.070793359200394], [128.49397035706903, 35.07105172716046], [128.49392808410045, 35.071212786717965], [128.49394216794371, 35.071367932786956], [128.49406034526214, 35.07168434358478], [128.4943956003305, 35.07211889165062], [128.49455637339676, 35.07251705301832], [128.49470013736695, 35.07259459119813], [128.4947410750059, 35.072564512376275], [128.49465554560558, 35.072495093317606], [128.49471996844775, 35.07245262025558], [128.49485602356316, 35.072444615335606], [128.49505774984226, 35.072496084113396], [128.49520313024766, 35.07258856380691], [128.49542023466233, 35.0728203513232], [128.49552387884594, 35.072875441204275], [128.49560948196694, 35.072884739974235], [128.49610077050053, 35.07283006696628], [128.49639584115704, 35.07276582696833], [128.49650890125642, 35.072680406361], [128.49652229160753, 35.0724993242178]]], [[[128.5553876379903, 35.07386003863661], [128.5555609015328, 35.073840266197564], [128.5560443256705, 35.07360596112623], [128.55637333200713, 35.073545889414866], [128.5564347790351, 35.07349232089072], [128.55659342677143, 35.07347458586969], [128.55670867243234, 35.073423168751354], [128.5570092732164, 35.07343932025125], [128.55742513401825, 35.0736003886282], [128.55750393216604, 35.07359854917193], [128.55754624194842, 35.07352765797293], [128.55761414222073, 35.073494870420774], [128.55780788591787, 35.07352575472459], [128.55783758928163, 35.07349100814943], [128.5578406540235, 35.07333526298187], [128.55813096318934, 35.07325521641577], [128.5583240932665, 35.07312087769896], [128.55861860072088, 35.07306944513697], [128.5591904628007, 35.073107281647204], [128.5593112911265, 35.072919066250265], [128.5594356503302, 35.072860577122974], [128.5595066616453, 35.07276718464099], [128.55959728380023, 35.07272347288469], [128.55997187123822, 35.07276321136616], [128.56009177755004, 35.07271724515863], [128.56034129799653, 35.07274939972778], [128.56069814394118, 35.07298810258849], [128.5610802434072, 35.07336762604725], [128.5612427871268, 35.0734351407991], [128.56132187074044, 35.07340217577346], [128.56152524076776, 35.07346209415039], [128.561854237147, 35.07349932062354], [128.5619273682759, 35.0734926804818], [128.56199117716193, 35.07342140474061], [128.56207577783428, 35.07339423740621], [128.56246805429424, 35.07337214550505], [128.56260286060535, 35.073332664613815], [128.56305493749457, 35.07308011839397], [128.56343434723763, 35.0728203414868], [128.56344959887693, 35.07276884804465], [128.56321234629894, 35.07256568246323], [128.56286494208086, 35.07239748060306], [128.56265581798584, 35.07225576213734], [128.56236003205524, 35.07232820137096], [128.56182583170244, 35.072343948867484], [128.5615553575152, 35.072310476762446], [128.56087906498124, 35.07215828690883], [128.56059724418606, 35.07213080169109], [128.56038640897657, 35.072212620828836], [128.56001392135198, 35.07220073439223], [128.55986629950272, 35.07209344966124], [128.559449277353, 35.0722815016197], [128.55921512005577, 35.07219197413055], [128.5590526294949, 35.07218309063406], [128.55897413776793, 35.072252597738164], [128.5588908412845, 35.072265418408605], [128.5588226697136, 35.072324462370865], [128.5586209470774, 35.072397333570535], [128.55854680305276, 35.072541201922014], [128.55849038482995, 35.072569136113536], [128.55830482801457, 35.07259003889196], [128.55810209868727, 35.072518319096524], [128.5580313340061, 35.07255547620591], [128.55802209780046, 35.072639999182336], [128.5579818188611, 35.07266372034314], [128.55743146362158, 35.072677731974714], [128.55717481477868, 35.07263234818041], [128.5569788545077, 35.07256190378159], [128.55678878709114, 35.0725547994794], [128.5565833319006, 35.07246430985572], [128.55611160231467, 35.07211188160556], [128.55578702649947, 35.07194635669664], [128.55537622616626, 35.07189307776597], [128.5552355058027, 35.07190119654908], [128.55502200915765, 35.07199995952532], [128.55489839963622, 35.072196445325645], [128.55471811994167, 35.07232548040656], [128.554178118943, 35.07233525028923], [128.55401794549113, 35.07227745255333], [128.5537566954631, 35.07223394632125], [128.55352996899626, 35.07224677601218], [128.55333426946706, 35.07238876852304], [128.55300577237094, 35.07234009381671], [128.55292743021516, 35.072352928694876], [128.55287520554256, 35.07243825736771], [128.55280814073714, 35.07270114407114], [128.55285681684023, 35.07280804499067], [128.5529626052751, 35.07285096264519], [128.55294760766523, 35.073104171314206], [128.5529757589328, 35.073173419449375], [128.5534074855638, 35.073229866318094], [128.55393555938448, 35.073575509057456], [128.55401556880702, 35.07357659541102], [128.5540665636441, 35.073512174313784], [128.55412779903057, 35.07352202580909], [128.55433395682806, 35.0736106037109], [128.5546873941156, 35.07384849018092], [128.5547975406573, 35.07382002371021], [128.55487686176704, 35.073764116628084], [128.55502052078984, 35.073760289916784], [128.5553876379903, 35.07386003863661]]], [[[128.54999679941764, 35.07494920087757], [128.55020932987375, 35.074897304589705], [128.55033976716143, 35.074806111394906], [128.5503421860475, 35.07472509603464], [128.550250468845, 35.07458933618234], [128.54989860609183, 35.074443830985544], [128.5495841422032, 35.074274261609204], [128.5492395730183, 35.074206684975834], [128.54896109452247, 35.0740454695646], [128.54855560496495, 35.07372967284638], [128.54831049537336, 35.07366539569354], [128.54826482136951, 35.0735976233858], [128.54768871148127, 35.07353080279795], [128.5474518325932, 35.07364625891876], [128.54727166851677, 35.073785602679116], [128.5471411510537, 35.07397625959362], [128.54714346542661, 35.074232181916635], [128.54726085255655, 35.07438033702408], [128.54760307766247, 35.07464008785187], [128.5476916371558, 35.07477052103802], [128.54809126364742, 35.074994601732286], [128.54827117681953, 35.07518379193148], [128.54844914320762, 35.07524448566074], [128.54889861795846, 35.07527318196696], [128.54953827060933, 35.07515362288217], [128.5498968427281, 35.07502453614825], [128.54999679941764, 35.07494920087757]]], [[[128.5490074811641, 35.075864980260626], [128.5490027460099, 35.07578510161724], [128.54891812410497, 35.07578483993998], [128.54889974208774, 35.07585568171924], [128.5490074811641, 35.075864980260626]]], [[[128.50005865277407, 35.07604594383418], [128.50012306403136, 35.07603758240127], [128.5001112793294, 35.07599584678011], [128.50018618464645, 35.07585048679543], [128.50027613043738, 35.075729299530735], [128.5003581942826, 35.07567964844385], [128.50034530167144, 35.075555235588126], [128.5003779673322, 35.07556710462102], [128.50038295047997, 35.0755125836552], [128.50043825913806, 35.07551692255247], [128.50044466869772, 35.07533252180579], [128.50050122108235, 35.0752103583144], [128.500439099859, 35.075177679753665], [128.5003904832844, 35.075042790058994], [128.5002975234179, 35.0750436596668], [128.5001879033484, 35.07500250197347], [128.50004285993973, 35.07506501820091], [128.49994918490285, 35.07497113345864], [128.49996880416901, 35.075062063606104], [128.4998976511142, 35.07501617920777], [128.4998146437802, 35.0750303564207], [128.49980708874563, 35.07515244206597], [128.4997060172074, 35.07531646964216], [128.49974193452806, 35.07555050368339], [128.49972179642774, 35.07589665017812], [128.4996789269296, 35.07604169169783], [128.49932790030877, 35.07667965843572], [128.49964430899018, 35.07636381217791], [128.49992914082154, 35.07617894646997], [128.50005865277407, 35.07604594383418]]], [[[128.55484518158406, 35.0789996553297], [128.55519850740086, 35.07897190050453], [128.5554702154073, 35.07877143315416], [128.55559367978734, 35.07871453184298], [128.5556509001683, 35.07855748223293], [128.55557159017698, 35.07838405640734], [128.55545351822275, 35.078279986107184], [128.55509513843504, 35.07812232083426], [128.55481041159797, 35.077958210628125], [128.5545633165017, 35.07784848103368], [128.55410110791155, 35.077890301743636], [128.55395140918998, 35.07787385063705], [128.5537610022471, 35.077963691520694], [128.55364294054615, 35.07808541091404], [128.55352840729347, 35.07811116435782], [128.5533809750405, 35.07822984392291], [128.55333414121188, 35.07836967216377], [128.55332145031338, 35.07858793493355], [128.5534117642477, 35.07869500760382], [128.55392516619895, 35.078700798707615], [128.55415797123942, 35.07878309304255], [128.5542555687971, 35.078881404144376], [128.55442952097226, 35.07895658499146], [128.55454320759296, 35.07898438703304], [128.55472060146042, 35.07896517129498], [128.55484518158406, 35.0789996553297]]], [[[128.56252160587658, 35.081490049069615], [128.56273323324857, 35.081504188496034], [128.5628584526279, 35.081551294741686], [128.56316345716706, 35.08145717445794], [128.56282020770524, 35.08130694134739], [128.5625460974856, 35.081258460030085], [128.56239251336396, 35.08129267192955], [128.561973395766, 35.0813092949558], [128.56191233417013, 35.08133114720697], [128.5618545745924, 35.08141828994516], [128.5618705340922, 35.08159000299609], [128.56216685174357, 35.08168079465094], [128.56252160587658, 35.081490049069615]]], [[[128.5344144096963, 35.08215443791319], [128.53428028075956, 35.08211618216514], [128.5341958276779, 35.0821509391611], [128.53401722241676, 35.08208450798913], [128.5339150087025, 35.08208575465976], [128.53383147082252, 35.08215410927628], [128.5337501344836, 35.082288468003405], [128.5337553912724, 35.08236657374205], [128.53400557783462, 35.08244872076603], [128.53441055614226, 35.082332720619284], [128.5344523528523, 35.082314133860685], [128.5344741123951, 35.08224177402568], [128.5344144096963, 35.08215443791319]]], [[[128.5531449615086, 35.08262573743812], [128.5530433704328, 35.0826778333406], [128.5530215782424, 35.08275696465023], [128.55307080869895, 35.082831977047576], [128.5531699673388, 35.082882313225035], [128.55324012943504, 35.08285715288156], [128.5532412343961, 35.08278285750092], [128.5531449615086, 35.08262573743812]]], [[[128.55728455093188, 35.083146973014586], [128.55763948505333, 35.08303158795939], [128.55842708365392, 35.0828719424068], [128.55856165032907, 35.0827924352505], [128.55859290124937, 35.08271703452057], [128.55857426990335, 35.0825422822314], [128.55826962490198, 35.08228177909212], [128.55826650751743, 35.082176470322466], [128.55811333220288, 35.08221951151949], [128.5579096389759, 35.082143206982956], [128.55781960055907, 35.08213741744018], [128.55732782233304, 35.082196833449316], [128.55726033931344, 35.08222987510398], [128.5569882258516, 35.08223618231501], [128.55653340187794, 35.08231870762838], [128.5563988660467, 35.082390153070286], [128.5562318402867, 35.082542917111546], [128.5560943531071, 35.08273639597351], [128.5560686475453, 35.08300596231218], [128.5561197755542, 35.08306950558729], [128.5562484123308, 35.08312560028081], [128.55650907215383, 35.08315515510235], [128.55678938987643, 35.08324040247958], [128.55728455093188, 35.083146973014586]]], [[[128.4882872954707, 35.0840617320757], [128.48856125325617, 35.08400934715011], [128.48874719821356, 35.08390834988725], [128.4889866171744, 35.08367440267606], [128.4891139477444, 35.08367410888135], [128.48916958304227, 35.08363240292169], [128.4898461539671, 35.08348484109851], [128.49011811646756, 35.08352701611327], [128.49014835170868, 35.0835774385493], [128.49014448575008, 35.08352911812643], [128.49032000084105, 35.08348952006175], [128.4904829304999, 35.083379220585265], [128.49061040989406, 35.083420127433094], [128.49055856626467, 35.08327908189075], [128.49081485901655, 35.082901379982005], [128.4909307703718, 35.082815183833645], [128.49098329583035, 35.082806156107324], [128.49142927327804, 35.08308194381973], [128.49147520609716, 35.083044885882714], [128.49100789879773, 35.082744768451086], [128.49133929417596, 35.082383614308995], [128.49174479967027, 35.082130419730596], [128.49229076184895, 35.082690699682225], [128.4918127363031, 35.08301291276854], [128.4918643757019, 35.08307231721809], [128.49243381130867, 35.08271037325338], [128.49189874746943, 35.08213989781487], [128.49200819417382, 35.081928897106636], [128.49212853719686, 35.081834777423836], [128.4926578530523, 35.081513062959885], [128.4936849904171, 35.081274051416194], [128.49375477564425, 35.08128222949116], [128.4938283165174, 35.0814173701478], [128.49393552168672, 35.081390650962156], [128.49397622678703, 35.08136543799944], [128.49391056202293, 35.08121750287941], [128.4942691331982, 35.081129575860274], [128.49472604287553, 35.08091824616255], [128.4946523287436, 35.08015497339585], [128.4946833667522, 35.080038089362525], [128.49474976346357, 35.07996798687083], [128.49475078908452, 35.07986940977916], [128.49480128377536, 35.079833521427446], [128.4951999081247, 35.0798640872495], [128.49523198552671, 35.07979907934696], [128.4948225763603, 35.0797552724843], [128.49477895839237, 35.079680683091844], [128.49480712219747, 35.07954084584214], [128.49460927393756, 35.07934706803769], [128.49439656409612, 35.07929430739713], [128.4941798411377, 35.07932355515255], [128.49377032209165, 35.07916661378003], [128.49351615863523, 35.078909611367045], [128.49340982703131, 35.078736691528135], [128.49341001290693, 35.07869773536523], [128.49347867197454, 35.07863962367596], [128.4934661497937, 35.078574087127365], [128.49322396887175, 35.07842765883873], [128.49303518860296, 35.07826495916401], [128.49281555183092, 35.078217747307185], [128.49257352669193, 35.07806932729678], [128.4924090279012, 35.078056749787116], [128.49234544059007, 35.07800219335449], [128.49213417779742, 35.07792939039735], [128.4918432319726, 35.077764944018995], [128.49171926351897, 35.07753382055301], [128.49182112913144, 35.07746413107498], [128.49221248726312, 35.077420120165336], [128.492619075044, 35.07759827515474], [128.49266349246005, 35.077530940626005], [128.4922558399011, 35.077343728037924], [128.4917744392677, 35.077413261081446], [128.49167965513757, 35.077478706982575], [128.49137808051753, 35.07717638474085], [128.49134525221527, 35.077164347797925], [128.49122867451965, 35.077247182898695], [128.49115974761244, 35.077054645616194], [128.49108982574796, 35.0770038317814], [128.49089243541212, 35.07696244161153], [128.49020875715763, 35.0769046231141], [128.48965807965305, 35.0769766150686], [128.48896571916572, 35.07716981785042], [128.48869708113463, 35.07731885165019], [128.48833573045687, 35.07761491212498], [128.48802491835062, 35.07798705165631], [128.48794215046374, 35.078198574586295], [128.48794543803564, 35.078506214090666], [128.4881389641197, 35.07883604495549], [128.4883420068074, 35.07936310674596], [128.4885193817631, 35.07965711291917], [128.48866542992198, 35.08001266544612], [128.48889879145528, 35.08120857155246], [128.48884420319789, 35.081738304630655], [128.48858274433428, 35.082730365049194], [128.48846036047905, 35.08298691675685], [128.4884607263505, 35.08321291592643], [128.48840295112632, 35.083405860739084], [128.4884638200019, 35.08355009054887], [128.48835091409492, 35.08374242434696], [128.48833863545858, 35.08387904506407], [128.48827448935532, 35.08397548200531], [128.4882872954707, 35.0840617320757]]], [[[128.56299164960276, 35.08354107174], [128.5631319921608, 35.083543958405905], [128.5632087436454, 35.08346474202899], [128.56326645291935, 35.08329638672528], [128.56344079943486, 35.08314832600316], [128.5634236837358, 35.08303520723947], [128.56298714568433, 35.08286012201806], [128.56267121869644, 35.08293330865783], [128.56223474405215, 35.08316771936775], [128.56214154330067, 35.08346412050919], [128.5622830318405, 35.083543815735794], [128.56258349309192, 35.08364463631505], [128.56299164960276, 35.08354107174]]], [[[128.54743349820023, 35.083780770876174], [128.5478786143723, 35.08362438782687], [128.5479273805944, 35.08353229617594], [128.547913851755, 35.08337899763195], [128.5479897095298, 35.08315440796769], [128.54804349812056, 35.08308992739037], [128.54810066344893, 35.082318042256915], [128.54794723477383, 35.082070109631005], [128.54791744279643, 35.081765887678706], [128.54775822610915, 35.08136138651317], [128.54785045151186, 35.08092021606673], [128.54781305294614, 35.08089009669796], [128.5476955817092, 35.08091832262902], [128.5476108767343, 35.080882808702896], [128.54754759435127, 35.08092488140133], [128.54737049076846, 35.08095818466253], [128.54731320148022, 35.08101320590476], [128.5472735120042, 35.08109802894592], [128.54729792411325, 35.081275995584775], [128.54703862991025, 35.08157604543077], [128.5469239690734, 35.081764146764144], [128.54685105488065, 35.082134099169224], [128.54663963958677, 35.08268032634866], [128.5465874789972, 35.083149956908585], [128.5466484628892, 35.083363051212054], [128.54673842053586, 35.08349203008525], [128.54681033717014, 35.083524838139546], [128.54704230035168, 35.08353634073368], [128.54710465405182, 35.08366458386608], [128.5472142230034, 35.08376115975354], [128.54743349820023, 35.083780770876174]]], [[[128.54672405076957, 35.085592237379664], [128.54706470607573, 35.085277439351486], [128.54712450289247, 35.08506682613144], [128.54704111785372, 35.08476789268907], [128.54707968409176, 35.084505767681655], [128.5470188640134, 35.084375780090674], [128.5468747382503, 35.0842223268623], [128.5467173925409, 35.08421318426234], [128.54584841723403, 35.084693088932895], [128.545707801748, 35.08471956677207], [128.54542105903715, 35.08464955686255], [128.54517082453242, 35.08452550226553], [128.54498120168617, 35.08429572756772], [128.54498278777615, 35.08421350229591], [128.54508243194817, 35.08396625396132], [128.54536704135361, 35.08396986352117], [128.54528912554142, 35.08347085643708], [128.5454010808144, 35.083433888981396], [128.5448520821724, 35.08205926247432], [128.5449754729555, 35.08164048480643], [128.54471821230564, 35.08158073262383], [128.54474307541264, 35.081431966512966], [128.54438408432526, 35.08134409560803], [128.54428353995715, 35.08126622857186], [128.54427973288855, 35.07986452446445], [128.5443212035307, 35.079777681686274], [128.54432678537697, 35.079430560355256], [128.54440109350742, 35.07907578333602], [128.54434498627398, 35.07892771459378], [128.5441302942603, 35.07880169958045], [128.54397089413087, 35.078795420313796], [128.5439418928683, 35.07874382512063], [128.5438508350648, 35.078692178033], [128.54375408523902, 35.078717132604375], [128.54358540669784, 35.07867930892667], [128.5434357412843, 35.07870419925255], [128.5432642919521, 35.0786637678622], [128.5431849097148, 35.07859653254265], [128.54303872156115, 35.07858007382083], [128.54301512407272, 35.07865714151448], [128.54290505880834, 35.07869852315674], [128.54282559073638, 35.07878044626356], [128.54274632820585, 35.07901421248253], [128.54280829773663, 35.079710224720394], [128.54291202334426, 35.07990731119569], [128.5430011031076, 35.07996800181326], [128.54312813763912, 35.07995893642703], [128.54318421503933, 35.080076341608084], [128.54318389445743, 35.08027155831588], [128.5430839687612, 35.08029173192248], [128.54305701917457, 35.08033487834699], [128.54312177049022, 35.08040899677553], [128.54310822072696, 35.08048508356726], [128.54302815005718, 35.08060578246117], [128.54285759737235, 35.080728236916414], [128.54276556465413, 35.08072896345519], [128.54269484737262, 35.0806745798369], [128.54263241809784, 35.08066768317897], [128.54256890597424, 35.080746978473215], [128.54246056712287, 35.08079488387273], [128.54240208074322, 35.08088142686732], [128.5423236718445, 35.0809042786235], [128.54214136483193, 35.0812560133831], [128.54203824879477, 35.081326714906275], [128.54201603833596, 35.0813768733234], [128.54208263232508, 35.08147255188368], [128.5421206270213, 35.08167629379353], [128.5424482269118, 35.08199572062061], [128.54261754767703, 35.08222583634421], [128.54260178106009, 35.08242809628652], [128.54254201894747, 35.08252885177653], [128.54261155140418, 35.08299583851895], [128.54272013132075, 35.08316464084078], [128.54286462435536, 35.0832837599634], [128.5429222838908, 35.0834459326455], [128.5428007181515, 35.08421311992034], [128.54287612875157, 35.08435477277511], [128.54310119576013, 35.08460445978153], [128.54317732979098, 35.08476745078733], [128.54309935170915, 35.08532033232261], [128.54323216959813, 35.08536335757481], [128.54347793839813, 35.08523190036505], [128.5437191919383, 35.085226201006996], [128.54389431826013, 35.08533121974837], [128.5442053704798, 35.085634634817815], [128.54435618492647, 35.08571853209277], [128.5444977918137, 35.08575501880363], [128.544799308315, 35.08565154834381], [128.54526945638446, 35.0856025205096], [128.5456339509733, 35.08564089657173], [128.54608242416504, 35.085783134720664], [128.54623243977508, 35.08579039373579], [128.54647733436235, 35.08574106664399], [128.54672405076957, 35.085592237379664]]], [[[128.54410921037567, 35.08580048298537], [128.5439517297533, 35.08583055566116], [128.54400543653125, 35.086079488961325], [128.54407538624716, 35.08612088872432], [128.54409121265587, 35.086187640879736], [128.54423649277032, 35.086267236238996], [128.5443997683042, 35.086334830146384], [128.5445087465503, 35.08633461817083], [128.54457327522005, 35.08623507043451], [128.54441296417167, 35.08593759493486], [128.54424066167942, 35.0858350755524], [128.54410921037567, 35.08580048298537]]], [[[128.51082791016492, 35.09040398613892], [128.5105386306397, 35.090404188381754], [128.51001316294918, 35.09121953482497], [128.50985355918013, 35.09136786559654], [128.50975193518727, 35.0916808132009], [128.50975035332627, 35.091827827691965], [128.5096518583352, 35.091909299842065], [128.50966440481147, 35.0919937263018], [128.5097434032173, 35.09210037044482], [128.5101854567845, 35.09244069804255], [128.51023394193163, 35.09243305174741], [128.51042485814094, 35.092244285978765], [128.51057117700722, 35.09201590382333], [128.51071877992595, 35.09164609450454], [128.51085183140296, 35.09155494507531], [128.51095940626857, 35.09138478790633], [128.510937966609, 35.091215967914096], [128.5109890768599, 35.091051504045424], [128.51093771772923, 35.090761862787595], [128.5109531029067, 35.090670174043304], [128.51091206354909, 35.090448509324084], [128.51082791016492, 35.09040398613892]]], [[[128.49295861274803, 35.09424025589492], [128.4935912046904, 35.09371590184831], [128.49387018781832, 35.09338005893132], [128.49394827059461, 35.093129690266885], [128.4939178202097, 35.09306510701832], [128.49360901549795, 35.092761213450196], [128.49347842624977, 35.09255207578716], [128.4933789154102, 35.09223660922771], [128.49337245278167, 35.09201545201604], [128.49344822186686, 35.09194767016701], [128.49367482022018, 35.09188399019759], [128.49388322342406, 35.091756902853895], [128.4940268260079, 35.09172345794655], [128.49426889834527, 35.091522788790066], [128.49425528091584, 35.09145130854336], [128.49431940657988, 35.09142018131804], [128.49433870372823, 35.091326763677614], [128.49410277384376, 35.09107823209335], [128.49405958753934, 35.09089341630434], [128.49395708184318, 35.09084103566221], [128.4937935607693, 35.0906655972631], [128.4935853355731, 35.09052660317163], [128.4933211352694, 35.0901953503032], [128.49331122707494, 35.09005097442169], [128.49337192758875, 35.09000088808682], [128.4933706537907, 35.089924978498445], [128.49343848939685, 35.089887936951094], [128.49341915744853, 35.08975113849649], [128.49348506505603, 35.08958589679789], [128.49329490979233, 35.089183727309454], [128.4932780387553, 35.08904990585268], [128.49336817013236, 35.088854812958346], [128.4936636313653, 35.088593572415014], [128.49377766567554, 35.08831679988845], [128.49379357209617, 35.088163076557805], [128.49390009874446, 35.087962166462404], [128.4942242740405, 35.087544360504396], [128.49432631298535, 35.08749643599593], [128.49428563535085, 35.0871011572016], [128.4943363770715, 35.08689779710996], [128.49442906423855, 35.086740859775915], [128.49468060328945, 35.08651759706151], [128.49514168914098, 35.086184796174216], [128.4952942388841, 35.086027253255004], [128.4954788186405, 35.086085238391966], [128.49553533849115, 35.086015357252386], [128.49534868743856, 35.085894862770935], [128.49532870066196, 35.08577494405785], [128.49524573471027, 35.08569488279398], [128.4952285134378, 35.0855374781564], [128.49534674940506, 35.08532831401462], [128.49537951889897, 35.08506947243744], [128.4953491874371, 35.0849395686116], [128.495256923814, 35.08484878688316], [128.49525550734091, 35.08475114602545], [128.49515819074855, 35.08476144851262], [128.49509940261044, 35.08468517414097], [128.49499114602833, 35.084777022694894], [128.4947467143304, 35.084853350481154], [128.4945579907025, 35.08498958867533], [128.4944290461741, 35.08531690111843], [128.4941331594686, 35.085629791940654], [128.49414435772965, 35.08582292760781], [128.4940435097916, 35.086127968472226], [128.4934582209706, 35.08706739955498], [128.49333726739016, 35.08719851084104], [128.49329603489858, 35.087454250845525], [128.4931290618469, 35.08767131239942], [128.49311218878364, 35.08775969307786], [128.4928969799537, 35.08799412810331], [128.49287926374546, 35.088108184812725], [128.4927148824153, 35.088416743765656], [128.4925102677182, 35.088684313036154], [128.49232746539977, 35.088821914955155], [128.49218185730524, 35.088889221678286], [128.49192134406508, 35.08910561149026], [128.4917893170775, 35.08930836771632], [128.49155680328644, 35.089438802753385], [128.49144597134492, 35.08946662977095], [128.49150273900565, 35.08958405542844], [128.49148391585905, 35.08961318769348], [128.491093453893, 35.08968931906604], [128.49094503257152, 35.08968134942721], [128.49061477231814, 35.08947723052604], [128.4904405462567, 35.0893145508265], [128.4903228976454, 35.089285060102334], [128.49021743490061, 35.08918843308459], [128.49007137406798, 35.088947822824], [128.49004977790892, 35.08882850969018], [128.48990984679904, 35.08863897830237], [128.48980588632818, 35.08826637074086], [128.48982854820568, 35.08803796205357], [128.4899119975651, 35.087948556784404], [128.49013683747566, 35.08781702978649], [128.49018440799765, 35.08764610562524], [128.49015489883507, 35.08755641434045], [128.48981817922584, 35.08732941600516], [128.489456273994, 35.087211516952365], [128.48915520100135, 35.08729507641037], [128.4888860643741, 35.087471284310354], [128.48887716106688, 35.08757141512419], [128.48900188117696, 35.08760227066135], [128.48907214094652, 35.08765806370103], [128.48934871259095, 35.08810674365473], [128.48942201181265, 35.08840523086312], [128.4893984353252, 35.08845447130661], [128.48923817761087, 35.08852335478194], [128.4892170342118, 35.08856042964264], [128.48937001774993, 35.0885888180132], [128.48946255718994, 35.08865992717084], [128.48957830437223, 35.08887792067819], [128.48954719950893, 35.08900356644845], [128.48961839162084, 35.08910571076365], [128.48986784351834, 35.08927888270304], [128.49018534780083, 35.08932622370429], [128.49057113504463, 35.08949878745155], [128.4907434048361, 35.0896219332435], [128.49082947265325, 35.089829129571264], [128.4908174005485, 35.09008483959238], [128.4907201329355, 35.09021495582361], [128.48965813258712, 35.0902005637465], [128.48966786232552, 35.08993663424042], [128.48955560385886, 35.08993357224838], [128.48953689407907, 35.09056859485316], [128.48965064863486, 35.09057410624256], [128.489655105421, 35.09030721267326], [128.49064295853645, 35.09031100446636], [128.49071071339282, 35.090472507027656], [128.49063188959963, 35.090643001397346], [128.49028592017498, 35.09080611646765], [128.48989728455405, 35.090920830231], [128.4897877141347, 35.09098363622067], [128.48959995206403, 35.09085625230462], [128.48953068525495, 35.090932315687446], [128.4897724002968, 35.09116372485416], [128.4896813289045, 35.09120184850274], [128.4894520722641, 35.09139975846736], [128.4892244803277, 35.09147998638575], [128.4891135809048, 35.091604086508354], [128.48893178175575, 35.09166695616704], [128.48878433831342, 35.091624861602234], [128.48869056880892, 35.09153642261912], [128.48852030871265, 35.09145153588718], [128.4883775707314, 35.09127913426789], [128.48827750462286, 35.091254484570655], [128.4881899967624, 35.09116776505675], [128.48819448740102, 35.09108605746059], [128.4881257363892, 35.09094819294375], [128.48789085250405, 35.0909788562749], [128.48774521553773, 35.09090065306842], [128.4873750993351, 35.09089424868853], [128.48719780316603, 35.090857949651834], [128.48702658720347, 35.09091581250008], [128.48703383426724, 35.090950960691195], [128.48711985440232, 35.091007019652274], [128.48721779356455, 35.09118401826387], [128.48755704527235, 35.091498360006675], [128.48789644323253, 35.09164760651754], [128.4880321062594, 35.09175700072298], [128.48813097891647, 35.09189564951065], [128.48834395114292, 35.092416326221375], [128.48873142615744, 35.092624379404306], [128.48902956357318, 35.0926667380292], [128.48916742117032, 35.092997730808605], [128.4892282439905, 35.09340173196385], [128.4892794974775, 35.09351861027458], [128.48962560376845, 35.09372998441875], [128.48980667861218, 35.09376298848731], [128.48988612195882, 35.09369765848065], [128.49029069681336, 35.09359683028322], [128.49050749800477, 35.09366715434508], [128.49061108308564, 35.09383042898399], [128.49072015920584, 35.093883130221435], [128.49096740156634, 35.09391887938681], [128.4918417647892, 35.093915706071265], [128.49211780802926, 35.09402880176408], [128.49224829407518, 35.094049484348965], [128.49258397940037, 35.09425417440359], [128.49280485546325, 35.09429725354868], [128.49295861274803, 35.09424025589492]]], [[[128.51333711101347, 35.09638052506995], [128.5137875263242, 35.096356850407815], [128.51379608800545, 35.09627832350109], [128.51393081123695, 35.09606863070003], [128.51391140057234, 35.09600564646664], [128.51413190782094, 35.095822075456056], [128.51344613765437, 35.095444254270376], [128.51280488581165, 35.095158966537184], [128.51276435182476, 35.095061286914856], [128.51253111038173, 35.09485101700682], [128.51248317435645, 35.094781069913935], [128.5124929576372, 35.09473488701937], [128.5124171144357, 35.09463850660973], [128.5123377430434, 35.09464648742583], [128.51227676224482, 35.09461801292621], [128.51218332659064, 35.09448345235476], [128.51211130800306, 35.0944852257716], [128.51207312986813, 35.094430188413725], [128.51197475428998, 35.0944143068207], [128.51184880827685, 35.0942601731158], [128.51174839803357, 35.09424332728722], [128.51165406956767, 35.09427511785318], [128.5114617368009, 35.094273106813475], [128.5112346754558, 35.09423131618477], [128.51110036771456, 35.094266161047166], [128.51100665707258, 35.094240310437115], [128.51098782866748, 35.09426195813461], [128.51102448775833, 35.094339577613624], [128.51090366152522, 35.09444880320718], [128.51079313855706, 35.094454370163774], [128.5105103506762, 35.09458779237183], [128.51041319889916, 35.09473974744006], [128.5104030282678, 35.09482114409155], [128.5105017095211, 35.09491264307716], [128.51054936167338, 35.095172922185114], [128.51061928015952, 35.09529891750721], [128.51072696981478, 35.09535845412094], [128.51112392313217, 35.095317311442805], [128.5113145438405, 35.09535709971839], [128.51145490363874, 35.0954975127271], [128.51158741553294, 35.095521589325365], [128.5116918756795, 35.095595281372276], [128.5119428247702, 35.09593717685153], [128.51225457176918, 35.09626141418098], [128.51258681402538, 35.09632114970894], [128.51279427900138, 35.09630635320292], [128.51332818146312, 35.09634778751147], [128.51333711101347, 35.09638052506995]]], [[[128.52068418355827, 35.09652956408202], [128.52124211424814, 35.096593079589375], [128.52151567751784, 35.09653123512926], [128.52167225805724, 35.096436443878815], [128.52185074963268, 35.096385275012196], [128.52191670086293, 35.09618905799593], [128.5219941219471, 35.09610001000879], [128.5219772791919, 35.09585313471671], [128.5218910585684, 35.09575148283333], [128.521712848187, 35.09565711808497], [128.52158628914623, 35.09570787079563], [128.5212943243158, 35.09572136538795], [128.52091087594238, 35.095657297033455], [128.5205115800039, 35.095497999068805], [128.5203702430654, 35.09536246136112], [128.52026771913435, 35.09535760211093], [128.52022631588838, 35.09530200482093], [128.52011057429047, 35.095278995816926], [128.51995657241332, 35.095186168609956], [128.51979984649387, 35.095024681257094], [128.51972426919693, 35.09481432174209], [128.51980434513612, 35.094541742628685], [128.51991008137747, 35.094514625084365], [128.51994553847044, 35.09447319390789], [128.5199515465278, 35.094365055225026], [128.51991624505868, 35.094282783440406], [128.5198472454819, 35.09425966948742], [128.5197333283695, 35.094296013258784], [128.51962620361894, 35.09423449442878], [128.51949777263403, 35.09423068554121], [128.51934977067887, 35.09414196562618], [128.5190340604254, 35.094035272692956], [128.51888958517569, 35.09395130508198], [128.5188810796936, 35.093795309929774], [128.51877796514893, 35.093772087112264], [128.5186029742544, 35.09364609391658], [128.51850654126957, 35.09362235667623], [128.51840668839193, 35.09355561984251], [128.51840473573947, 35.09332252992354], [128.51829529192702, 35.093256602110834], [128.5182855768713, 35.093151989455855], [128.51821912368518, 35.09305032211419], [128.51822058613456, 35.09292669649393], [128.51811988293233, 35.092726510447726], [128.51815447511464, 35.092271128577956], [128.5182220936429, 35.092213504109246], [128.51843438438732, 35.0917808019547], [128.51852209666532, 35.09169432242892], [128.51934360008036, 35.09146325506617], [128.51945277468258, 35.09129243867021], [128.51942014145354, 35.09103568325091], [128.5192328190843, 35.09066712310786], [128.51891144255399, 35.09058639345208], [128.51871602554962, 35.090593261660985], [128.51849745887125, 35.09094189556051], [128.51843052907137, 35.09097964132956], [128.51811579638436, 35.090955279217745], [128.5177566008331, 35.09087207065833], [128.5175173700543, 35.090789924582275], [128.51742946588388, 35.09071735911574], [128.51744217566255, 35.09062601125593], [128.5171686332006, 35.090195966051894], [128.51719125399754, 35.090097932946065], [128.51704680671568, 35.09005137176414], [128.51700757328194, 35.08989252149062], [128.51690611608626, 35.089725068063274], [128.51690634339738, 35.08961206553556], [128.51686196445254, 35.08950403208337], [128.51697316185863, 35.08940350504738], [128.51698197874305, 35.089243503315906], [128.5170888192036, 35.08921019165549], [128.51715663877107, 35.08912772653825], [128.51721596406293, 35.08911107069549], [128.51726047706518, 35.08902334767456], [128.5171954700615, 35.08888581123196], [128.51724102865347, 35.08878423862029], [128.5172228937173, 35.08861997439976], [128.51711688374743, 35.088608961519334], [128.517055311416, 35.08851210893862], [128.5169494104421, 35.088502970495256], [128.516924049881, 35.088520976998616], [128.51698544530444, 35.0885997037084], [128.5168991014074, 35.08856033909328], [128.51682425648053, 35.08864436338813], [128.5165581515851, 35.08870606427698], [128.51648216392672, 35.08886653716717], [128.51623089095233, 35.089118474384044], [128.51597333622234, 35.08928259296928], [128.5158299459126, 35.08945856207888], [128.51573756526275, 35.08971852281087], [128.5156500213795, 35.08979653755846], [128.5156073789967, 35.09008715530822], [128.5155718356924, 35.0901299799702], [128.51565898434907, 35.09023027085248], [128.51566149739924, 35.09028006413991], [128.51563609800465, 35.09049336786374], [128.51553502932444, 35.090827647506245], [128.51538381440395, 35.0909815543327], [128.51529375955803, 35.091190788214114], [128.5150671974151, 35.09136100402219], [128.51494177944562, 35.0916229971706], [128.5150043676003, 35.091902218300866], [128.51489421556013, 35.09209766929038], [128.5149247615707, 35.09216743101185], [128.5147600413793, 35.09278042609759], [128.51477076032037, 35.09282617609234], [128.51486390624746, 35.09289520466803], [128.5148793306301, 35.09297221625203], [128.5148539426571, 35.09308696581415], [128.51478705506466, 35.09318913621242], [128.51478372078319, 35.09328553408067], [128.51488637467156, 35.09361594013597], [128.51488980543803, 35.09372937184846], [128.51481026340386, 35.093847799105625], [128.51465421302984, 35.09398564144361], [128.51436629000344, 35.094635286918205], [128.51453112200645, 35.09564883881301], [128.51452913519765, 35.09603239471241], [128.5147156369769, 35.0960364676141], [128.5147844272795, 35.09566923206215], [128.51486993320697, 35.09565142225594], [128.51495529729053, 35.095729460523025], [128.51505997943198, 35.095734764250246], [128.51510780546246, 35.09579402087429], [128.51513721268438, 35.09577832884472], [128.51507065695787, 35.095677813011704], [128.51509168955099, 35.09561154005021], [128.5153542165292, 35.095502173256236], [128.51553460803868, 35.09549010368357], [128.51595519475234, 35.09559662840868], [128.5162378525929, 35.095703559484754], [128.51683405636865, 35.09616698942203], [128.517108635575, 35.096281122092236], [128.51745024539804, 35.0964937430989], [128.5177667048188, 35.09653193124123], [128.51787265464273, 35.0966163588335], [128.51796859535344, 35.09654567842603], [128.51810616874815, 35.09651736277321], [128.51843600332572, 35.09656199206542], [128.5190410222284, 35.096334539202296], [128.51933908065263, 35.09630182002786], [128.51952985325505, 35.09636882661496], [128.5196951417478, 35.09654025270939], [128.51996628462467, 35.096678089503335], [128.52068418355827, 35.09652956408202]]], [[[128.5252903321122, 35.102444902166795], [128.5253522182466, 35.102436555774986], [128.52536980389968, 35.10237716127456], [128.52533598604626, 35.1023077240306], [128.52509410193667, 35.1021883476361], [128.52497913438864, 35.10209448828044], [128.52488493814624, 35.10198181909773], [128.5248021415451, 35.10179830227054], [128.52480914434003, 35.101738921563], [128.52489012049475, 35.10168392342464], [128.5249263660972, 35.10159202797211], [128.52483949188598, 35.101364788913486], [128.5249186709547, 35.101348919013915], [128.52481494377815, 35.10130657299261], [128.5247661398431, 35.10119104394933], [128.52489900600472, 35.101116516798704], [128.52486957529277, 35.10100971817782], [128.5249286607937, 35.101003503813224], [128.52493571195575, 35.100905400944114], [128.52485098485286, 35.100830184970704], [128.52485509425972, 35.10077386557004], [128.52480794892548, 35.10074840574087], [128.52477809538215, 35.100650230723446], [128.52459514504292, 35.10058011877926], [128.52468127850958, 35.1005547118037], [128.5246759999554, 35.10053479863615], [128.52457421539904, 35.100469439528425], [128.52449208353534, 35.1004553172261], [128.52450382186998, 35.100518882042344], [128.52431811606158, 35.10056278875079], [128.52427721037114, 35.100620549741585], [128.52412979780257, 35.10070678929407], [128.52408893364074, 35.10080297586349], [128.52412012523166, 35.10088608530351], [128.52411480967461, 35.10104408288865], [128.5237756855507, 35.10123306298111], [128.5237346896779, 35.10130262213032], [128.5237055592725, 35.10151563391798], [128.52374377726284, 35.10157120812393], [128.52378332572258, 35.101822157888606], [128.52395578592484, 35.10208413790446], [128.52395456306127, 35.10215480025302], [128.52387093030032, 35.102330849075116], [128.52395632333108, 35.10255189956531], [128.5239930929264, 35.10258495293616], [128.52407849456947, 35.1025838365961], [128.52421955671167, 35.1023831356306], [128.52441995019598, 35.10230020466927], [128.52499524649645, 35.10252735664809], [128.52507162313523, 35.10262425454972], [128.52508816485414, 35.102707027719866], [128.5251230739368, 35.10260739268531], [128.5252903321122, 35.102444902166795]]], [[[128.60016346367735, 35.13785863932823], [128.6003767151526, 35.13780062829496], [128.60035335749066, 35.13769868874289], [128.60027882940167, 35.13760029392837], [128.60020024689157, 35.13759082402144], [128.6003024958283, 35.13754671476599], [128.6002966178723, 35.137521503428694], [128.60016251233466, 35.13750322162828], [128.60006012493454, 35.13735297948091], [128.59994878524247, 35.13733081736914], [128.59985239741766, 35.13744377312013], [128.59984013903733, 35.13734128368099], [128.5997274409732, 35.137356695344934], [128.59974189021477, 35.13764395978732], [128.59983858871132, 35.13763339101516], [128.59987871091593, 35.13773058180542], [128.60000000316884, 35.13783602537064], [128.60016346367735, 35.13785863932823]]], [[[128.57996498312312, 35.18002522514253], [128.5801566410736, 35.18004295939651], [128.58020033821865, 35.18009551711735], [128.5803471440768, 35.18012893248693], [128.58053090096075, 35.18023787671677], [128.58078263669475, 35.180177319948996], [128.58118666882467, 35.18029144021325], [128.58172442546538, 35.18021358375939], [128.58223901308295, 35.18010010529678], [128.5825514283967, 35.180096900186925], [128.5832536736202, 35.17999492400205], [128.58340790869235, 35.17995368546641], [128.58363037003187, 35.1798380604574], [128.5836962761247, 35.17977072967444], [128.58373180209938, 35.17964605085634], [128.5836333382755, 35.17916348197009], [128.5836526473418, 35.17905215221293], [128.5837025160826, 35.17900345982567], [128.58364991765768, 35.178885221143496], [128.58381753198913, 35.178422495503206], [128.58385464599726, 35.17813457798965], [128.5840438066654, 35.17765219588681], [128.58408533757472, 35.177328466165605], [128.58406026160475, 35.177210509644986], [128.58395048656226, 35.17704795392804], [128.58390027364396, 35.17702446235564], [128.58379855977856, 35.177042094833126], [128.5833576408989, 35.17739519782845], [128.58301853233365, 35.177614292580955], [128.58280644248012, 35.1776992447325], [128.58243879589912, 35.177751680748614], [128.58184387246277, 35.17775253853173], [128.58125969239012, 35.17795049483103], [128.5811083033517, 35.17790806693352], [128.58105359212462, 35.177837103895584], [128.58098419984216, 35.17785816217134], [128.58099416762963, 35.17791378336932], [128.58089641208676, 35.17810561369099], [128.5806059756026, 35.17823849393497], [128.57901354819617, 35.17837280398439], [128.57856781495724, 35.17851788640634], [128.57847800217976, 35.17864955903635], [128.57847340284718, 35.178842925635045], [128.57852970197396, 35.178963542924365], [128.57864651398893, 35.179088614668785], [128.57918693426063, 35.17934675601234], [128.57952545549023, 35.179688704574154], [128.57960817476044, 35.179819074449554], [128.5795880868116, 35.17984618980027], [128.5796651499212, 35.17988134754304], [128.5796470455013, 35.17991329075802], [128.57956721301233, 35.179878989023514], [128.5794986631057, 35.179975374706174], [128.57980248265306, 35.18011475033495], [128.57966645872403, 35.180300849038126], [128.57975225888524, 35.18034042632453], [128.57996498312312, 35.18002522514253]]], [[[128.58245005634873, 35.20200323136664], [128.58039029618257, 35.20064213383498], [128.58036035782152, 35.200675225904455], [128.5816075574321, 35.201503305509085], [128.58241376239536, 35.20203475325805], [128.58245005634873, 35.20200323136664]]], [[[128.58461452248918, 35.22250907622682], [128.5853460501405, 35.22192445294612], [128.58546986525377, 35.222009378779155], [128.58574737166066, 35.22184428705669], [128.58654067726326, 35.22122367820697], [128.58726079994364, 35.22071773781504], [128.58767668394094, 35.220439176763335], [128.58770147962528, 35.22047968989834], [128.58863006883783, 35.21971053015706], [128.58860794830966, 35.21965404916062], [128.58928450981279, 35.2191039341242], [128.58936260195586, 35.21910609143975], [128.58949522401792, 35.21901760851781], [128.58959657499713, 35.21911238728666], [128.58968997526156, 35.21911523612383], [128.5896884117088, 35.219170222387724], [128.58971981068598, 35.21917081614442], [128.58971895081416, 35.21922600165106], [128.5897663068253, 35.21928552466813], [128.58971476663783, 35.219506600523545], [128.58968225936366, 35.21995359895191], [128.59004496086598, 35.22001663760172], [128.59038301426378, 35.218635726871106], [128.5905169748026, 35.214698593893935], [128.58898214902598, 35.213667939506415], [128.587827347325, 35.21072138446974], [128.58647742479064, 35.21068006186652], [128.5851607354801, 35.207384093403306], [128.58498379007793, 35.20692488301515], [128.5849918743192, 35.20685112702086], [128.58488658509808, 35.206599606110004], [128.58474204579383, 35.20636468916131], [128.58488726982912, 35.206221712992004], [128.58505766244858, 35.20618293489425], [128.5853883171482, 35.20583683219952], [128.58547476800123, 35.20554500349573], [128.58541454692119, 35.20530872540847], [128.58521719107446, 35.205132170764806], [128.58481191211678, 35.20486465947764], [128.58461589427733, 35.204753103248926], [128.58453817039688, 35.20474488389809], [128.58445991777694, 35.20477984968379], [128.583353462213, 35.20405101864975], [128.58416941678013, 35.203217015984265], [128.58459025008568, 35.203473350336886], [128.58462087135334, 35.20344193722721], [128.58376393030986, 35.202876266466454], [128.58373140571652, 35.20290813370441], [128.58412496551227, 35.20316333970457], [128.5841301597133, 35.20319113823692], [128.58331495416166, 35.20402571731419], [128.58050305925784, 35.202166392622544], [128.58023641926565, 35.2019053402065], [128.57998650821986, 35.20151147042224], [128.57968819641823, 35.20119196149678], [128.57811463250502, 35.200118784660546], [128.5786500204226, 35.199571060810364], [128.57920178997816, 35.19995754672005], [128.5792562062801, 35.19990147163076], [128.57822839109588, 35.199224713143245], [128.57817389941388, 35.1992805909864], [128.57858092097453, 35.19952580619572], [128.57804527931347, 35.200073793486425], [128.57606104827963, 35.19878552377761], [128.57630949617527, 35.19743539578143], [128.57734677625268, 35.1985396011796], [128.57739395883246, 35.19851424863775], [128.57270984313251, 35.19350669638503], [128.57172941336208, 35.193984543152645], [128.57128502680285, 35.1940551777217], [128.56877125155233, 35.191342940549006], [128.56936423356132, 35.19096937089849], [128.56984702585711, 35.191109610497804], [128.570705838327, 35.19111482987925], [128.57095048819298, 35.1911717343482], [128.57101578698064, 35.19108543669298], [128.57101124013897, 35.19096060208237], [128.5714855393975, 35.190674976679965], [128.57164387564964, 35.19051664664071], [128.57177193439344, 35.190367711002665], [128.57190752212236, 35.19010414877281], [128.57218993145918, 35.188847049335365], [128.5726175548885, 35.187770416492604], [128.57305977364183, 35.18710227546143], [128.57369575880787, 35.18637886885988], [128.57374914623452, 35.18637344898616], [128.57399154927046, 35.1860715660252], [128.57436528678159, 35.18548483275153], [128.5745730572772, 35.18499984502061], [128.5746409225458, 35.18465333428125], [128.57467650788715, 35.18462338985756], [128.57477601150566, 35.183843479045976], [128.57474934692803, 35.18320413271983], [128.5746526249452, 35.182740597552844], [128.57451963412166, 35.18232016528109], [128.57437827271426, 35.182044669210434], [128.57405643592986, 35.18156045886509], [128.5741079279413, 35.18142725119057], [128.57406846925971, 35.181318139202524], [128.57395916427623, 35.1812388325428], [128.5738291442113, 35.18132146157261], [128.57353846344031, 35.18103598956599], [128.573111103314, 35.18070886469562], [128.57246447200845, 35.18035503161959], [128.57069494357452, 35.17962095121426], [128.57013896528738, 35.1794823616809], [128.56948036974293, 35.17946965725894], [128.56890388042171, 35.17957770494479], [128.5688573335165, 35.179461250149316], [128.5686615761614, 35.17946851114524], [128.56862118489425, 35.17950817830088], [128.56860480763612, 35.17960360076243], [128.56848941712514, 35.17974445704231], [128.56805470040416, 35.18005117946592], [128.56774128943684, 35.18040807611932], [128.5664968629905, 35.18252661785219], [128.5664502869177, 35.18292446796842], [128.56650128534167, 35.18312266715912], [128.5666228156842, 35.18334265238806], [128.56675750115062, 35.183485447378985], [128.56723699578612, 35.18386122268322], [128.5673848556282, 35.18407740627594], [128.5680745148769, 35.186583832690694], [128.56805187871655, 35.18680758350996], [128.56753362893033, 35.18783067282131], [128.56745528294337, 35.18811614833975], [128.56743091185857, 35.18839718974275], [128.56754056309404, 35.18895863547529], [128.56768631542644, 35.1892572381851], [128.56880693408365, 35.19049650634482], [128.56828266648185, 35.190821415706836], [128.56742007517795, 35.18989265453568], [128.5674465224093, 35.18986822438412], [128.56722227771178, 35.189631442336406], [128.56735516009252, 35.18953923928004], [128.56713844516057, 35.18931341802408], [128.56697801653613, 35.1894200773725], [128.56449065643707, 35.18673956542847], [128.56579494645143, 35.18533102529058], [128.56579278534494, 35.185291854399395], [128.56548822526224, 35.1850922497189], [128.564587180452, 35.184542328928984], [128.56846566819755, 35.17792737377617], [128.56937335395295, 35.176474326372556], [128.5694570034795, 35.176347711786654], [128.56951592174195, 35.17634163005486], [128.57005981941302, 35.17546544823075], [128.57037093329146, 35.175080595315855], [128.57035930671944, 35.17503054747322], [128.5703919712815, 35.174989759628666], [128.57243777450336, 35.175193331155], [128.57242106938105, 35.175297675416786], [128.5735182322083, 35.17540532357841], [128.5735760058142, 35.175017092205415], [128.5736176536446, 35.17498531265511], [128.5736718980654, 35.17472393160375], [128.57468584472304, 35.174616387152014], [128.57483533858382, 35.17466254765031], [128.57477958927223, 35.174693177796634], [128.57480164446662, 35.174722215841584], [128.57488387956718, 35.174722007221966], [128.5748892261418, 35.17467118164547], [128.57496429814964, 35.174665395729946], [128.57500933805986, 35.174689133530876], [128.57500970925472, 35.174742018257156], [128.5751058680614, 35.174755928591935], [128.5751630418249, 35.17468787019059], [128.5752361441337, 35.174678943963215], [128.57525878309653, 35.17462354309478], [128.57544441311373, 35.17451397658085], [128.5757989657852, 35.174412627636386], [128.57584055009886, 35.17443346000255], [128.57614855704554, 35.17435758974119], [128.57627804999473, 35.17435944887247], [128.57638143677437, 35.174278743655336], [128.57659973061178, 35.174201565015494], [128.57684930960542, 35.17446327061918], [128.576893556098, 35.17444280257055], [128.5769492160932, 35.17449939383131], [128.57976217958802, 35.17274323543771], [128.58576486435817, 35.165236978375425], [128.58569356084803, 35.16520075202376], [128.5856104308909, 35.16530341944151], [128.5830060167521, 35.16389969108766], [128.5827343861149, 35.16371999738969], [128.58276353386447, 35.16363967260069], [128.58305382156533, 35.16348811522405], [128.58346723213975, 35.1631209660761], [128.5837577721478, 35.16292824736598], [128.5838468170578, 35.16275681776997], [128.5838389227892, 35.162634685726744], [128.58401655511415, 35.16196238180816], [128.58427173776053, 35.16154749237637], [128.58479333129694, 35.16103370093187], [128.58538774382387, 35.16093217063761], [128.58556404635314, 35.161057860902076], [128.5858420747042, 35.16101447494902], [128.5862697023114, 35.16053959137077], [128.58645327804317, 35.16040371599093], [128.58655930820277, 35.16039867865277], [128.58684937736837, 35.16048694634348], [128.58804249141738, 35.16039500675786], [128.588097984983, 35.16041024778068], [128.58810747517649, 35.16044615339873], [128.58841804583622, 35.160534821047506], [128.58858009388024, 35.160191965740246], [128.58848858854455, 35.16005927303617], [128.58864990369145, 35.1599119917517], [128.58896588049123, 35.15983782643741], [128.5891721033679, 35.159682718260385], [128.58926984809958, 35.15951534334372], [128.5893944349922, 35.15939211954139], [128.5895105838776, 35.159140044217466], [128.58985563558426, 35.15860124857842], [128.59054706390327, 35.158238224663855], [128.59077011828543, 35.158056038549674], [128.5908899267091, 35.15790023039644], [128.59092658816337, 35.15773296417176], [128.59086850971505, 35.157532733227235], [128.59033338357852, 35.15686188425529], [128.59012878467897, 35.15651985199934], [128.59041767214882, 35.15612148410049], [128.59038572367956, 35.156057984242175], [128.5867695382186, 35.155625945333085], [128.584979779838, 35.156019567366975], [128.5848405175645, 35.15581422299706], [128.5844368082595, 35.155365839460565], [128.5846014529764, 35.15525811501228], [128.58454983468047, 35.15517024630616], [128.58457907869868, 35.155139376541506], [128.58477518155559, 35.15506259492261], [128.58486890022075, 35.15516789624173], [128.5849153742007, 35.155143142288225], [128.58481923646318, 35.15501539855646], [128.58520734569157, 35.15463408391225], [128.58547020501814, 35.15444398769395], [128.58553722451555, 35.154416301139534], [128.58608970165534, 35.154385929692516], [128.58648771878825, 35.154274611736064], [128.5866537490882, 35.15413093529438], [128.58719087489698, 35.15377587494817], [128.5882087487044, 35.15362866958747], [128.58885287256615, 35.15363896783637], [128.58926452243864, 35.15360016369939], [128.58986127144362, 35.15336911345382], [128.59091390454773, 35.15304874504715], [128.5909510035575, 35.153069665044484], [128.59095687392818, 35.153201830649806], [128.59047985474783, 35.15562468830102], [128.5905129770763, 35.155663944412], [128.59057601782482, 35.155666420949274], [128.59112406440752, 35.15302131366932], [128.59127334773441, 35.152897484993105], [128.59132701949105, 35.15281100966154], [128.5913778904808, 35.15254014363024], [128.59137240124943, 35.152055287996504], [128.5913966573239, 35.15196686852889], [128.5914638027968, 35.15193132768273], [128.59149301803149, 35.15184318270769], [128.59143556927472, 35.1512505663595], [128.59127327571287, 35.15080054067315], [128.59136789751685, 35.15064488129241], [128.59134367848995, 35.15051522888052], [128.59139541743457, 35.15041714843504], [128.5913951181735, 35.15027076743561], [128.59112480984518, 35.14997028198199], [128.59116388536165, 35.149931969912046], [128.59074298091434, 35.14953399913339], [128.59061188227898, 35.14957587513053], [128.59044298818668, 35.14943145704929], [128.59022790990596, 35.14941507258], [128.59013050344728, 35.14935559872354], [128.59003977782697, 35.149377905334454], [128.5897153986727, 35.14933059511215], [128.58959380756187, 35.14927980679262], [128.5895024065562, 35.14929015937151], [128.5893505158849, 35.149390064688184], [128.5891350702238, 35.149363718163265], [128.58893492511118, 35.14928886653834], [128.58867390210182, 35.14908224746276], [128.58859913257092, 35.149102471035306], [128.588407031465, 35.14889476140763], [128.58825880021084, 35.14885021614903], [128.58808785522692, 35.148697606165705], [128.5878757103559, 35.14862199853215], [128.5877489987108, 35.148538182978115], [128.5877684571517, 35.14849224508295], [128.58773863536027, 35.14845864802306], [128.58754596308592, 35.148354094590744], [128.587466268661, 35.14843483646385], [128.58729467186365, 35.1483424769522], [128.586602846674, 35.14807517373304], [128.58572665129856, 35.14728852655294], [128.58536304745732, 35.14708621862676], [128.58522284249446, 35.146956754411406], [128.58527450555573, 35.146939708191375], [128.58533304543536, 35.146856387314536], [128.58533025979477, 35.14663766417958], [128.5853757983625, 35.14649967984781], [128.58546488633993, 35.146434708282676], [128.58568658941394, 35.146406523015536], [128.58601656204044, 35.14628676198474], [128.58638281640958, 35.146099404960424], [128.58659373820248, 35.14609846751933], [128.58694360292446, 35.14619194840821], [128.58722664053235, 35.1463175700858], [128.5872062189371, 35.14641966877329], [128.5872453795015, 35.1464271853152], [128.58728213946688, 35.146314803461735], [128.58782855253793, 35.14639417939513], [128.58831095831854, 35.146414359909734], [128.58855446748322, 35.14636599078509], [128.58886530235662, 35.14636544286734], [128.5891452865213, 35.14643152334871], [128.58945545771093, 35.146591683970506], [128.5899985501305, 35.14668419738165], [128.5905179238777, 35.146720809305876], [128.59087125688453, 35.14668177648645], [128.591152772706, 35.146551713377754], [128.59141716267004, 35.14635901182242], [128.591833143341, 35.14617487830042], [128.5919270287341, 35.14609242326847], [128.59212793808783, 35.14573402672183], [128.5921405172744, 35.14567380462307], [128.5920937093935, 35.145591164996546], [128.5921776063502, 35.145403695212], [128.59221534317842, 35.145379917111974], [128.59235717377896, 35.145393671081216], [128.59236292890878, 35.14536201757798], [128.59212840517273, 35.14531018503305], [128.59220458998576, 35.14510438352382], [128.59235217690016, 35.1449962469851], [128.5928348172723, 35.14487079726932], [128.59340369192716, 35.14481737345344], [128.59351119695668, 35.14481565306402], [128.59366013586532, 35.144883077090654], [128.59368266527844, 35.14483642707406], [128.5939061971751, 35.144801572241875], [128.59417404551044, 35.14464557101087], [128.59430320504796, 35.1446299688685], [128.59461405450367, 35.144481655423064], [128.59503639953766, 35.14434300570084], [128.59607257123466, 35.14387970885839], [128.5963775114488, 35.14370670806042], [128.59650039616778, 35.14361004824646], [128.59678459806017, 35.14329022999211], [128.59691252824638, 35.14302007769772], [128.5970781789175, 35.142786699940864], [128.59720998147836, 35.14268137299772], [128.5973195185645, 35.14247453414904], [128.59743698312897, 35.14235914617323], [128.59744512590288, 35.14227442936357], [128.59762672668603, 35.14208627825872], [128.59776673710635, 35.14203874532946], [128.59782329871663, 35.14191263610919], [128.59776139028097, 35.14179849057815], [128.59768997219984, 35.141832531727445], [128.59758135865184, 35.14177329332271], [128.59758746402827, 35.14174303939486], [128.59747894689397, 35.141716808239195], [128.5973368771673, 35.14175253502657], [128.59704522336716, 35.14152498227423], [128.59701168784196, 35.14142723684314], [128.59691009860086, 35.14136261619589], [128.59690369229523, 35.141268680828844], [128.5967808044382, 35.141224241030336], [128.59680515866373, 35.14116522829052], [128.59674774554819, 35.14118588580623], [128.59666313192716, 35.14110313024718], [128.5966716887809, 35.14103482727027], [128.59661051158528, 35.140928380141446], [128.59652205771624, 35.14088205592147], [128.596306422657, 35.140677819332346], [128.596220805327, 35.14065472141179], [128.59614422603315, 35.14056102409112], [128.59603929017936, 35.14056351158378], [128.59544656259524, 35.140037324459236], [128.595469700508, 35.14000922490614], [128.5954432269266, 35.139981709125095], [128.59560914250136, 35.13986996399341], [128.59556641724657, 35.139816270107595], [128.59537216936914, 35.13992791244438], [128.59515206230782, 35.13968228974706], [128.59527476713077, 35.13962136946468], [128.5951772299973, 35.139514647904164], [128.59499126369028, 35.13964075867566], [128.59495460696738, 35.13963756080375], [128.5949003761806, 35.13962712264006], [128.59476629161253, 35.13946433349275], [128.59458114802615, 35.13908324108085], [128.59451971206232, 35.13879987538035], [128.59461882828026, 35.13868294084636], [128.59454900912246, 35.138439133089165], [128.5945810393489, 35.13830651683063], [128.594646935413, 35.138256800511485], [128.59462587673502, 35.13821701802361], [128.59465339594868, 35.13817971268894], [128.5946169992486, 35.138120127479226], [128.59467872095587, 35.13792719190645], [128.59464749369548, 35.13786051256766], [128.59451460712802, 35.137793683941794], [128.59452496097757, 35.13763286455506], [128.5944471736194, 35.13741673051298], [128.59437119295808, 35.13734506873795], [128.59438770581187, 35.13726978002507], [128.59429705890201, 35.137161880988174], [128.59407349985992, 35.13702792098367], [128.59400372098483, 35.13693866192623], [128.59401052828173, 35.13689532762604], [128.59389940396284, 35.13683921560296], [128.59377879989745, 35.13684442671846], [128.59335550571475, 35.13658808679217], [128.59326135031077, 35.136605600942424], [128.59297249762295, 35.13657929379477], [128.59246531638473, 35.13647597741508], [128.59178683707435, 35.135916457955105], [128.5916846932472, 35.13595006008618], [128.59119726740226, 35.13557640791967], [128.59129755129757, 35.13549146031816], [128.5911154565489, 35.13534171720149], [128.59102802872212, 35.13539891998301], [128.59064165653476, 35.13492859480997], [128.59055230339814, 35.13496685249209], [128.59037900501912, 35.1348554545719], [128.59033079966673, 35.13478642017676], [128.59029104076188, 35.134789935555496], [128.58999111485923, 35.134616790357995], [128.58976314634845, 35.13455068719145], [128.58978019248357, 35.1345167808314], [128.58973055146603, 35.134497936955675], [128.58957462950073, 35.13455569151496], [128.5893617325961, 35.134580794708405], [128.58915416856254, 35.13465771537975], [128.5887832011184, 35.13495554669236], [128.5887394328182, 35.13495554140652], [128.58846382174576, 35.13477218886558], [128.58841028034618, 35.13483039641509], [128.5886553901296, 35.13500691254361], [128.58839955227842, 35.13538572228823], [128.58827345557336, 35.13565883592993], [128.58820862117335, 35.13593544958694], [128.58814147052541, 35.13600289510029], [128.5881286312947, 35.136443091348724], [128.5879397739528, 35.13663040818193], [128.5877462446035, 35.13673392051161], [128.58763833846922, 35.136725991436855], [128.5876839709113, 35.1365785756142], [128.5875009303089, 35.13631911149545], [128.58737489404578, 35.13630275559471], [128.58732803301635, 35.136370025803735], [128.5873094329379, 35.13635931858118], [128.58720775966873, 35.135927222537795], [128.5872409922438, 35.135760539449784], [128.58721277455894, 35.13570555099386], [128.5871711152484, 35.13571361960094], [128.587037451822, 35.13564163388873], [128.58698914884968, 35.13553106095183], [128.5870387328408, 35.13550515483771], [128.58699726102108, 35.13542377616448], [128.58692466514213, 35.135391763500685], [128.5868720365539, 35.13511939418985], [128.58775102557573, 35.1342008486989], [128.58784390882823, 35.134050025899015], [128.5879621743333, 35.13373251985808], [128.58821159222364, 35.133595513262364], [128.58832369753392, 35.133431360323414], [128.58838035722965, 35.133444226801664], [128.58846502066316, 35.13322997281172], [128.58864592736242, 35.13301431678392], [128.58863033677494, 35.13296381551058], [128.58866925537922, 35.132906801395265], [128.58874079697958, 35.132868807920666], [128.5887902652255, 35.13290048812584], [128.5888235263351, 35.13287988008415], [128.58877218721545, 35.13280149221781], [128.5888099712403, 35.13275836493622], [128.5888238460109, 35.1326371172781], [128.58889145645608, 35.13256290292894], [128.5886650429835, 35.13226533602669], [128.5886700889912, 35.1321828366687], [128.58863745168227, 35.13215546666497], [128.58867108729567, 35.13210414084656], [128.58861121938426, 35.1320792498019], [128.58859992167643, 35.13202586789014], [128.5886267827277, 35.13193625675804], [128.58841430357256, 35.13171119720973], [128.58839769695533, 35.13154868885696], [128.588032743286, 35.131121918600954], [128.58773103025095, 35.13093663990129], [128.58738097140426, 35.13055075623913], [128.58728594824018, 35.13051314362462], [128.58725882055606, 35.130449189956636], [128.58720565383734, 35.13041836279464], [128.58710660856798, 35.13045152930207], [128.58710943966346, 35.13050169082596], [128.58700292168587, 35.13069387598149], [128.58695006151842, 35.13072394471211], [128.5869036825707, 35.130932999783276], [128.58673197843228, 35.1313664537468], [128.5866494581453, 35.13142533698244], [128.58632606667464, 35.13180878776419], [128.58597942669687, 35.13209445261199], [128.5855851158498, 35.13266003036424], [128.58545047366897, 35.13318249146052], [128.58544284773726, 35.13373671843094], [128.58540979127767, 35.13393541779836], [128.58536834048292, 35.134090966322056], [128.58524254102906, 35.13423045413371], [128.58519531108178, 35.134393707718694], [128.5851291362333, 35.134471591392426], [128.58504549475973, 35.13452173739586], [128.5849414658972, 35.134662360820926], [128.5847219064435, 35.13470464002555], [128.5844130748999, 35.1349239453729], [128.5841939885577, 35.135017215994], [128.58316632523622, 35.13531869318123], [128.58283298766202, 35.135445439046634], [128.58270405682669, 35.13555598881631], [128.58246915840624, 35.135653200861206], [128.581582549091, 35.13623216644199], [128.58111359805523, 35.1363924752911], [128.58091728244648, 35.136509694395585], [128.58071954970367, 35.13673615943975], [128.58074206117368, 35.13728469466869], [128.58052440086524, 35.13768021252447], [128.58018477002827, 35.137835465778004], [128.57998953854863, 35.13780642480789], [128.57992445794503, 35.1377257283842], [128.57989390972924, 35.13773880613754], [128.57979311508265, 35.13759318674475], [128.57972229002579, 35.13761857588623], [128.5798993407334, 35.13787310102433], [128.5801647403667, 35.137902286689815], [128.58034230209083, 35.138104949806596], [128.58034507663504, 35.13864391573957], [128.58024553143062, 35.138930327511716], [128.5801215195206, 35.139066750075735], [128.57992847247266, 35.13919749956393], [128.5792057427045, 35.13948225322544], [128.5790124168675, 35.13958940166412], [128.57852113314837, 35.13901582187461], [128.57825014858275, 35.13863095402802], [128.57742636766935, 35.13792399364968], [128.57764185208654, 35.137534420945265], [128.57878773842265, 35.13733546029147], [128.57879891851653, 35.13738434303933], [128.57885334994208, 35.137376473758856], [128.57884213788404, 35.137325337127585], [128.5796714474537, 35.13718600047623], [128.57965568080326, 35.137117821479414], [128.57846920538896, 35.13731800994883], [128.57843109746398, 35.13719050862694], [128.57802659501172, 35.13725809041424], [128.5780648855048, 35.137382167506324], [128.57752855052715, 35.13747057865673], [128.57736145036884, 35.13729835243908], [128.57664984870485, 35.13708988149337], [128.57655553087588, 35.137087551014645], [128.57624770898383, 35.137182107839955], [128.5762193588936, 35.13724096635533], [128.57596587615913, 35.137425966003555], [128.57593312320643, 35.13741534302071], [128.5759151779429, 35.13734235892359], [128.57581353446588, 35.13733287595103], [128.5752534403897, 35.137482428228424], [128.5750611483323, 35.13746905488156], [128.57504059781536, 35.13319510159422], [128.57497231076246, 35.133139518891966], [128.57481392356277, 35.13311754711071], [128.5731978622635, 35.133109973861536], [128.5723232117255, 35.133219965308086], [128.57216353406506, 35.132639227191774], [128.572291160296, 35.132582784053206], [128.57253184784088, 35.13240515469044], [128.57262029166844, 35.13228724486146], [128.57263632839906, 35.1322103436922], [128.57268479799856, 35.13217994132065], [128.57269425469343, 35.13210881317702], [128.57293313168907, 35.13188403626528], [128.5731048763932, 35.13182074388623], [128.57320581698596, 35.131743249458864], [128.57322918338707, 35.13159464375967], [128.57342216326404, 35.13179295572882], [128.57347659572025, 35.131803133110004], [128.5735990853629, 35.13167662741322], [128.57359691700847, 35.13158569149967], [128.5736792170814, 35.131463647974876], [128.57368255225276, 35.13140050147938], [128.57381729740433, 35.13134747232058], [128.5740600887937, 35.13134427834671], [128.5742426185983, 35.13124256957939], [128.57423172506608, 35.13118514316608], [128.57426512402364, 35.13114254431667], [128.5743173533494, 35.131156816405635], [128.57442652319912, 35.131118721353324], [128.57448238275117, 35.13102150748222], [128.57465498106535, 35.13102691806706], [128.5747386557251, 35.130863642670235], [128.57470002273743, 35.13068246095174], [128.57473411489443, 35.130550990771596], [128.57515681750138, 35.130217736539336], [128.57558870759487, 35.1301068270299], [128.5756514990559, 35.1300579924525], [128.57601299548622, 35.129922378313026], [128.57632628722791, 35.12989322410721], [128.57647187258686, 35.129922306460365], [128.57671904769833, 35.130211260007016], [128.57683220675486, 35.130233090251544], [128.5770243197375, 35.130381666231855], [128.57710284374403, 35.130400577856136], [128.57725270341328, 35.130362775026974], [128.57745380877626, 35.13037872843163], [128.5777316286279, 35.130230773493004], [128.57798555566387, 35.13013674477052], [128.5782727621639, 35.1301175015057], [128.5784783807335, 35.130170451871294], [128.57866533051288, 35.13010391189518], [128.5786783664555, 35.130029460354876], [128.5788456570712, 35.13005340548912], [128.5788808925128, 35.129986168026136], [128.57907725896575, 35.12991010039129], [128.57921961692324, 35.1298904855137], [128.5793537567885, 35.12978806212981], [128.5793707521119, 35.129734578761315], [128.57947797100528, 35.12969751004111], [128.57949626634024, 35.129666277315465], [128.57945813188562, 35.129659421673956], [128.57952212675215, 35.12962147197939], [128.5795140555208, 35.12959070855565], [128.57957818310527, 35.12958261015083], [128.57960153820937, 35.12951721673576], [128.57965110877248, 35.12949337857742], [128.57969628051495, 35.129345666641655], [128.57965014423127, 35.129286107584164], [128.57979611322773, 35.12912094289445], [128.57975361934558, 35.12896084041716], [128.57968545417674, 35.12893740559871], [128.57958978149023, 35.12879679305781], [128.57959942069465, 35.128643598134474], [128.5795575150404, 35.12842531635334], [128.57965372362074, 35.12830340640313], [128.57991098291603, 35.12830494632215], [128.57993968825573, 35.128329778602925], [128.58033044761123, 35.12835714555022], [128.58033100446718, 35.12838326919172], [128.58064173002862, 35.128452866883855], [128.58130880913365, 35.128723496779735], [128.58158402125153, 35.12875071301134], [128.5816854017417, 35.128803648688915], [128.58187384552582, 35.12874992934649], [128.5822266534301, 35.12876564755654], [128.58226700023644, 35.12872148590984], [128.58235721600948, 35.128704670143804], [128.58248752924194, 35.12860653879439], [128.58250300475547, 35.128560379314735], [128.58254465181042, 35.128558422159735], [128.58255236521597, 35.128405839351785], [128.5823896881114, 35.12821306543663], [128.58233752834605, 35.12805039930456], [128.58224507434096, 35.127994051872506], [128.58216430947834, 35.127887385969785], [128.58213185073586, 35.12777491111572], [128.5822101400583, 35.12753910688811], [128.582301415094, 35.12745413527115], [128.58239791291126, 35.12742489426725], [128.58235490382077, 35.127485695718605], [128.58239813672213, 35.127519356663775], [128.58264301832807, 35.12752233041627], [128.58305182644273, 35.12761799841227], [128.58309000433138, 35.127601246815246], [128.5832393610818, 35.12766911147266], [128.58325075441778, 35.1277001118461], [128.58332589417415, 35.12771376411462], [128.5834961038253, 35.127817238347205], [128.5835052723941, 35.12785650706444], [128.5836771758996, 35.12794381697888], [128.5838894538372, 35.12793006161863], [128.5840035481241, 35.12797262605183], [128.58421629284587, 35.127946641100344], [128.58464572795577, 35.12803466953433], [128.5849887182457, 35.12827321795028], [128.5851276645855, 35.12826166780076], [128.58537561519591, 35.1283636677887], [128.58569163681256, 35.128389589481756], [128.58579754760495, 35.128423491947295], [128.5858757400451, 35.128492820434985], [128.58644008946433, 35.128496649229874], [128.5864485155191, 35.12845759450517], [128.58648564589663, 35.12845264687824], [128.58683599257745, 35.12857260495368], [128.587612786618, 35.12865615820449], [128.58813878725735, 35.128661044571935], [128.58851817220412, 35.12859676035416], [128.58878492082542, 35.128592311888276], [128.58902022771085, 35.128677313284456], [128.58914577018962, 35.12867805512095], [128.589513110572, 35.12884508572691], [128.5904020319177, 35.12897580714534], [128.59077761149163, 35.12917900864571], [128.59091213051823, 35.12940523482929], [128.59125480747343, 35.129716563406156], [128.59130092597087, 35.12980762063533], [128.59142274280467, 35.12991116408503], [128.59145344571374, 35.12999351651634], [128.59155626264007, 35.13007898837813], [128.59162953261452, 35.13027208804112], [128.59170405412326, 35.13033099180186], [128.59172512556358, 35.13070574658554], [128.59181649066812, 35.13080617727], [128.591910002228, 35.13105018471981], [128.5920707947342, 35.13121265379186], [128.59208820412658, 35.13164466855678], [128.59218319845257, 35.131721612022154], [128.5922087103192, 35.13178276408841], [128.5923887572276, 35.131798548816384], [128.59238651110104, 35.13188134044747], [128.59243657279228, 35.1318840954933], [128.59245700340298, 35.13179580385456], [128.59249702190624, 35.131768620240514], [128.5926777309624, 35.1317192818602], [128.59281837395278, 35.13171599569191], [128.59293807177417, 35.13173256005285], [128.59318518840047, 35.13184784373293], [128.59327677148127, 35.131858679707264], [128.59370009080257, 35.132235486625206], [128.59385585860173, 35.13231331749535], [128.59397357249108, 35.13246423831348], [128.5941279162495, 35.13252368584095], [128.59436512763253, 35.132572666651086], [128.5946336210553, 35.1325375759905], [128.59499512424594, 35.13255998227447], [128.59542524531378, 35.132544654552774], [128.59589227000208, 35.13271911012498], [128.59635093007617, 35.13263511145124], [128.5967531878662, 35.13260977732557], [128.59683918453476, 35.132668164636804], [128.59693300228275, 35.13267971697372], [128.5971409883156, 35.13265285428258], [128.59736964089032, 35.1326915429043], [128.59832905330887, 35.13275354898091], [128.5985811176917, 35.132705765948714], [128.5987714775645, 35.13272214375071], [128.59906317427823, 35.13265355774223], [128.59918618394795, 35.13270663226766], [128.59934437076996, 35.13256012615933], [128.5993474085384, 35.13251797087378], [128.5996232429633, 35.132338773757446], [128.59975469594374, 35.13229641971476], [128.60004927119496, 35.13208102090924], [128.60010645454705, 35.13208347189622], [128.60011099176856, 35.13202863093941], [128.6001656301003, 35.131977497240804], [128.6001380734828, 35.131938250754345], [128.6001599384849, 35.131812628444465], [128.60011777375885, 35.131788181102195], [128.60010259052453, 35.13171592221732], [128.6001335372657, 35.131620282678455], [128.600090160245, 35.131415045674395], [128.6001033850338, 35.13120789363304], [128.60014679289608, 35.131133279666464], [128.60006221801456, 35.130967835760664], [128.60016216030394, 35.130799358879194], [128.60010446160825, 35.130666975005724], [128.60010101731126, 35.13056749277293], [128.60017535642257, 35.13047684224702], [128.60022826861888, 35.13030481229818], [128.60036857268895, 35.13008067489305], [128.60030141737423, 35.12998350415146], [128.6003591043705, 35.12996394615115], [128.60030554361512, 35.12979696383934], [128.60022986781354, 35.12976248946591], [128.60019946529772, 35.12970140335656], [128.60025487638202, 35.12959295436989], [128.6002185935548, 35.129572599511555], [128.60027681217755, 35.12948447747988], [128.60027358531644, 35.12942393090202], [128.60021572801762, 35.129411546103434], [128.60026985889436, 35.129373895097494], [128.60021244047857, 35.12936802537367], [128.60030308884117, 35.1293093585449], [128.6002815392287, 35.12926451587284], [128.6002370020009, 35.129258601340425], [128.6002122281231, 35.129193458915054], [128.60001764129728, 35.12917278824471], [128.60009736517782, 35.129138304291295], [128.6000544588621, 35.12911320541765], [128.6000889805489, 35.12907550707384], [128.60003489507736, 35.12905042491626], [128.6000857219836, 35.12901716084407], [128.60002429693225, 35.128964624586345], [128.60001376825952, 35.12889655583318], [128.5999719491978, 35.12891165064714], [128.59996405207272, 35.12886616102512], [128.59989981401927, 35.12884168310321], [128.59989964532775, 35.12875731552502], [128.5997705961669, 35.12872628814042], [128.59974204644246, 35.1286483437228], [128.59955244533674, 35.12848956718111], [128.59931910931053, 35.128399418128296], [128.59915124588974, 35.127869511733806], [128.59911613381172, 35.127840480876394], [128.59900312476591, 35.127830561308464], [128.5990231495894, 35.12776281768151], [128.5989566378083, 35.12778794442472], [128.59890764804263, 35.12774463429249], [128.59892073971616, 35.1277010533482], [128.59885303250007, 35.127694870513054], [128.59890944037303, 35.12762708553404], [128.59887872600416, 35.12756993676564], [128.5988209218586, 35.12756703274866], [128.598892614519, 35.12752080513903], [128.59878898942176, 35.12750343544613], [128.59877119579397, 35.12744699722979], [128.5986981207115, 35.12738768976804], [128.59871588587956, 35.12735597571301], [128.59866534468745, 35.12736398449099], [128.5985874866984, 35.12722066135237], [128.5985191032973, 35.126898496442], [128.59853214832154, 35.12669697964906], [128.59859270422737, 35.12655670271082], [128.59868849967884, 35.12647520344887], [128.5987785412681, 35.12601887482956], [128.59885795624342, 35.126001614571244], [128.59883628445925, 35.12596691287898], [128.59885866576442, 35.125932781948784], [128.59881905182857, 35.12590335539891], [128.59886645765368, 35.12562173110141], [128.59894533586447, 35.125474844516056], [128.5990442866922, 35.125391022515565], [128.59913584732945, 35.125380418057865], [128.5991458260677, 35.125410674125874], [128.59923006326258, 35.12540815726339], [128.599381143295, 35.12531220357867], [128.59932521309537, 35.12529190943023], [128.59933071952088, 35.12522276639432], [128.5991975920558, 35.125134452619356], [128.59913209756567, 35.12486960609814], [128.5990290384165, 35.12467886212379], [128.59903745197363, 35.12453135752435], [128.59895311879683, 35.12447764522792], [128.59892110018694, 35.124358118165574], [128.59869330406138, 35.12415613577036], [128.59847805503628, 35.124102892167315], [128.59797990560537, 35.12383496331499], [128.59789938471343, 35.12372846086041], [128.59776228259446, 35.12368387454863], [128.597664107182, 35.123726139572334], [128.5974806667042, 35.12359634649264], [128.59723054043903, 35.12347239017233], [128.5970623127116, 35.12332628997683], [128.5970372577253, 35.123066839573696], [128.59673189365608, 35.1230125384315], [128.59672232779326, 35.123047865847155], [128.59698874732163, 35.12311128735619], [128.59698486567316, 35.12327997255215], [128.59666057698126, 35.12332534897435], [128.59642514795416, 35.123271512456945], [128.59644682877206, 35.12318198069993], [128.5963984335283, 35.123165117285446], [128.59633363011787, 35.12324945779659], [128.59616702095863, 35.123204591970406], [128.59604457913466, 35.12309708423635], [128.5959394040404, 35.123121576146026], [128.59590165915213, 35.12310295354369], [128.5955696538119, 35.12277196777712], [128.59541263228806, 35.12267858554775], [128.59544328081836, 35.122401818723034], [128.5953883297988, 35.12231083197722], [128.5953954663857, 35.12216992846036], [128.5953235320756, 35.12206544569897], [128.59517493871783, 35.12211630282742], [128.5950634946708, 35.12204861520614], [128.59480615994755, 35.12212590308978], [128.59464939522653, 35.12213546477815], [128.59453327109878, 35.12218721986453], [128.59445679402089, 35.122262444344706], [128.59431724640504, 35.12223654073401], [128.59410642509556, 35.12231816435918], [128.59399451823174, 35.12232645283245], [128.59353086557482, 35.12255418458828], [128.5934199260393, 35.12251992121523], [128.59322633275028, 35.122580835224504], [128.59314047619043, 35.12255616452172], [128.59269164689036, 35.122593885723866], [128.592505826323, 35.12255233846884], [128.59238823363378, 35.122411159986235], [128.5923467575542, 35.12243199631937], [128.592490146719, 35.122616489364425], [128.5924702041831, 35.122627680324044], [128.5918322980531, 35.122631122314104], [128.59112146265423, 35.122563983800895], [128.59111035269189, 35.122523456368356], [128.5909111889578, 35.122533077546905], [128.59089883059025, 35.122578256065864], [128.59065237772327, 35.12256489510729], [128.5902876164863, 35.122455031882225], [128.5900930406374, 35.12231536597522], [128.58997505673017, 35.12229028769356], [128.58985824435993, 35.1222107919729], [128.589766375377, 35.12219610212491], [128.5894638605536, 35.12205808014482], [128.58935957459857, 35.12197961645105], [128.58930754627818, 35.12199840422804], [128.58923966756424, 35.12196607627595], [128.58866162718053, 35.121429747361546], [128.58817381926934, 35.12113076103435], [128.5886055691667, 35.12054215218984], [128.58860498598887, 35.12049815589703], [128.5883477644825, 35.12045090834687], [128.58797309830985, 35.12094671427453], [128.58718453392896, 35.12064280782207], [128.5869645488129, 35.12060338162598], [128.58686060581732, 35.12063525913061], [128.5865314050593, 35.12058832136208], [128.5864808835636, 35.12052115075285], [128.586514241506, 35.12046766935874], [128.5864645441372, 35.120446191642806], [128.58640624424223, 35.120499020176815], [128.586307902259, 35.120497827811874], [128.58590819971727, 35.12038901278627], [128.58596210140658, 35.12028012373014], [128.5859022946935, 35.12024440520164], [128.58685189790322, 35.118985843744035], [128.58688317763293, 35.118996388708226], [128.5869369779572, 35.11889523285516], [128.58698723722426, 35.11888108934188], [128.58753589838184, 35.118129892167204], [128.58790528787227, 35.118479325286266], [128.58822078784306, 35.1187078094535], [128.58835727765654, 35.11875836144748], [128.58842131529624, 35.11883297673422], [128.58849483697185, 35.118827097597524], [128.5885894216612, 35.118863427609625], [128.58873892049783, 35.119021529046506], [128.58882661385337, 35.119054393436585], [128.58898608645075, 35.119353642677645], [128.58940165203447, 35.119704463104945], [128.5896231720014, 35.1197687608129], [128.58985555002258, 35.1199274735953], [128.59003484145555, 35.11999645483564], [128.5900879988819, 35.12006787776207], [128.590250010256, 35.120150144223246], [128.59054841239677, 35.12020539552406], [128.59071047059174, 35.1201934850584], [128.59118314269193, 35.1202446741415], [128.5918837790969, 35.12022980008235], [128.59204262901272, 35.12025823222657], [128.592140979666, 35.12023641644536], [128.59218058686884, 35.12017800638766], [128.5923514138976, 35.12016763951977], [128.59249941600572, 35.12009901204821], [128.5925721046507, 35.12010547459363], [128.5925809068217, 35.12007168719972], [128.59287555204318, 35.11995830197336], [128.59305723953747, 35.119967403332296], [128.59342832497438, 35.11986669552405], [128.59358666585973, 35.11989860347331], [128.59377177298228, 35.11989064305947], [128.59444787999755, 35.11949912970522], [128.5949817382877, 35.11906824512616], [128.59508117515995, 35.119062980843985], [128.5951044379585, 35.11903298848817], [128.5952225049177, 35.1190786137378], [128.59525592208266, 35.11902035420218], [128.59540383884604, 35.11908307569641], [128.59542257893125, 35.1190248676147], [128.59525337716744, 35.11895632074148], [128.59545392166416, 35.1181881318565], [128.59560538304217, 35.11807753627982], [128.5957855553887, 35.118030823970166], [128.59624762660107, 35.1181189224717], [128.59643654919537, 35.118217987839735], [128.59658645954775, 35.118338782677206], [128.59665935682503, 35.118481106364214], [128.59665640323396, 35.11865293191323], [128.59671103324297, 35.11884663390288], [128.59668147271574, 35.11886807800708], [128.59679740902746, 35.11900980656872], [128.59673884665344, 35.119073013400104], [128.59740105152582, 35.119422390943605], [128.59740479706576, 35.11971180210076], [128.59747499525793, 35.11970923148833], [128.59752776384798, 35.119447922181365], [128.5981630639262, 35.11932383241807], [128.59832363369716, 35.11937343359313], [128.59843930660077, 35.119363830262934], [128.59858715221557, 35.11933014013922], [128.5987189300164, 35.11923518636897], [128.5992466862974, 35.11922088113357], [128.59945041071848, 35.11918147690703], [128.59946376090244, 35.11909648703439], [128.5995437781537, 35.11906673638802], [128.59960118705507, 35.11899306849615], [128.59960983956188, 35.11884743884721], [128.59948969511944, 35.11869505377973], [128.5991446000731, 35.11767098879086], [128.59910474651275, 35.11759932479697], [128.59900685625806, 35.117589022727685], [128.5990177016465, 35.11737030004828], [128.59905316591707, 35.11727221398705], [128.59926092521087, 35.11698996458261], [128.59958737903398, 35.11680594079996], [128.59955837671512, 35.11678314820528], [128.59961768262255, 35.11670377354587], [128.59963477742136, 35.11659778401934], [128.5997015399273, 35.11660171730315], [128.59984741738975, 35.11638664914271], [128.59991508324387, 35.115934888037124], [128.59982463923723, 35.115606801096504], [128.59956464988696, 35.11512402886038], [128.5995242311367, 35.115116567221975], [128.59947819784642, 35.11503261550458], [128.5998654589615, 35.11498959442576], [128.59985475543672, 35.11489683573457], [128.59942821715586, 35.1149614600128], [128.59932662671832, 35.11455817161833], [128.6001085910257, 35.11321991908236], [128.6001148277586, 35.11306380674077], [128.60016086622196, 35.11301618642622], [128.60010668510458, 35.1129816392675], [128.60008291888292, 35.11277595126501], [128.60022452286123, 35.11192471514688], [128.60033214782675, 35.111584509819785], [128.6003525489339, 35.111076204256364], [128.6008111052763, 35.111113678044184], [128.6008705271058, 35.11056980776082], [128.60070873022812, 35.1103672307757], [128.60079667276256, 35.1096802677684], [128.60098115795014, 35.10947359013551], [128.6010894427596, 35.109505737553114], [128.6011242455017, 35.10945816122444], [128.60091734302102, 35.1093859574581], [128.6010297146628, 35.10905336711568], [128.60114078275447, 35.10890958400512], [128.60111396444927, 35.10888028346695], [128.60118395494084, 35.10882423275964], [128.60110906318084, 35.10876275728974], [128.60091188157486, 35.10809365984338], [128.60071812284673, 35.1069304293995], [128.60078798852948, 35.10665468059011], [128.6010938902782, 35.106690841913625], [128.60109683859008, 35.10662982968435], [128.60088295833881, 35.106610979728124], [128.6008721184848, 35.106442714469274], [128.60091605195208, 35.10630218490656], [128.6010757815626, 35.10610928584446], [128.60117325461513, 35.10585588371996], [128.60119283890683, 35.10550555428971], [128.6012722957108, 35.10507938954171], [128.60134040435415, 35.10478321903709], [128.60141283689805, 35.104659232098186], [128.60137877446905, 35.10458184633395], [128.60138877284194, 35.104427430774045], [128.60125041171725, 35.104316487369765], [128.6012923988453, 35.10425528817206], [128.6011888716697, 35.104180875944394], [128.60123981734995, 35.10409332968563], [128.6011950199338, 35.104030836009805], [128.60121548420798, 35.103981527031536], [128.60117984690058, 35.10392805702138], [128.60108233576287, 35.10391325186627], [128.60101486684462, 35.103821840043764], [128.60120925684055, 35.10365232912005], [128.60122759264584, 35.1035633082044], [128.6009678070413, 35.10350370498056], [128.6009456715295, 35.103326585021115], [128.601122841027, 35.1026682268716], [128.6016558332277, 35.102836083429786], [128.6016753353186, 35.102793341875426], [128.60128204087158, 35.1026840477346], [128.60114714892805, 35.10258240854858], [128.60125521490602, 35.10244724547297], [128.60175511302666, 35.10218061421846], [128.603049488736, 35.101741308554296], [128.6035347425159, 35.101493543620926], [128.60385753526757, 35.10142568983972], [128.60450190697495, 35.101079751549435], [128.6048937254306, 35.1009559467471], [128.60508262276377, 35.100926267722166], [128.60513641063517, 35.10087547132033], [128.60533453307812, 35.1007953638625], [128.60564255884253, 35.10070942983629], [128.60565090971062, 35.100617410198744], [128.60576664171688, 35.10054889514633], [128.605992791728, 35.10031724125939], [128.60646375751278, 35.10002180825188], [128.60661569566454, 35.099778834680954], [128.6067550206893, 35.09963402386632], [128.60717562930554, 35.09945348442285], [128.6071601319147, 35.09940306380702], [128.60725369181694, 35.09924785572246], [128.60732250621484, 35.09899313786383], [128.60805435718757, 35.09800946061478], [128.60837144304514, 35.09746842440906], [128.60842885189896, 35.097265443517195], [128.60850583992118, 35.09715360671941], [128.60869144485213, 35.09701414482948], [128.60899662332042, 35.09691467269548], [128.60943759963197, 35.09661584900852], [128.60950999230855, 35.09658629333262], [128.6096137415785, 35.096606827037256], [128.60970991133064, 35.096572325250165], [128.60989809164005, 35.09657124460475], [128.6099568382186, 35.096539887620956], [128.60996397120593, 35.09645601010298], [128.61009540754708, 35.09641559295506], [128.6105968532051, 35.09611914181894], [128.6109308464319, 35.096086232811025], [128.6110901190465, 35.09604290138477], [128.611200846993, 35.095907825963494], [128.6115452277433, 35.09570561051139], [128.6120359386813, 35.09553858230425], [128.61234389675204, 35.09548631490133], [128.6124434606428, 35.09542080558937], [128.61331062861052, 35.09525894997264], [128.6137772963522, 35.094957930720064], [128.61430434083832, 35.09475608147637], [128.61449879838753, 35.094741602110375], [128.6145331632841, 35.0946934254633], [128.61488896579112, 35.09454822010755], [128.61524300015128, 35.09451044072067], [128.61558539000714, 35.094514222707794], [128.6157079046595, 35.09447598611169], [128.61581202091025, 35.0943876234791], [128.61589868558679, 35.094405510269915], [128.61609594728228, 35.09432824799907], [128.61641313646427, 35.09431694745807], [128.61667634840026, 35.094202766616625], [128.61682727296096, 35.094102452223616], [128.61701545059424, 35.09407466391373], [128.61712147939267, 35.09397545166883], [128.61723080715782, 35.09392661056931], [128.61738564662545, 35.09394069054911], [128.6173596824163, 35.09381756494356], [128.61754610183965, 35.093654314064146], [128.61748633673804, 35.09353596331788], [128.61760321783984, 35.09337206749629], [128.61753782625195, 35.09289731258038], [128.61743682403701, 35.09288043551657], [128.61744123424677, 35.092943643531434], [128.6173872204735, 35.093016989211186], [128.61716879220032, 35.092985257960336], [128.61679579142935, 35.09308405701975], [128.6166487574229, 35.09307588606845], [128.61620494214662, 35.09283102311962], [128.6162056591134, 35.09279001389364], [128.6156618498597, 35.09228704436921], [128.61548832095295, 35.09221573727343], [128.6155507656133, 35.09184148099234], [128.61552296384875, 35.09180234815264], [128.61539896432996, 35.09181399526873], [128.61534458591788, 35.092247738121856], [128.61509882549868, 35.09231776117603], [128.6145379917565, 35.09263033955903], [128.61442537182253, 35.09265023416995], [128.61442752334594, 35.09269854581833], [128.61435637468028, 35.092716508284035], [128.61434136812403, 35.09276656818714], [128.61426347146178, 35.092780416075804], [128.61419726172423, 35.09268113732986], [128.61416574534263, 35.09268052348523], [128.61353486041156, 35.09275256174293], [128.61345961485526, 35.09224420477352], [128.6133728755202, 35.0922616967056], [128.6134655072653, 35.09274784276606], [128.6117178050754, 35.09292029587258], [128.61153287233896, 35.092289614394424], [128.61153402444114, 35.092122541967235], [128.6116249991676, 35.09191538539311], [128.61201840203563, 35.091565256042585], [128.61219713945744, 35.091485553360286], [128.61250059932544, 35.091534855248504], [128.61310893795476, 35.091268785765855], [128.61321128866666, 35.09154256758992], [128.61326088029836, 35.09153777700308], [128.6131988981587, 35.09123135012063], [128.6139576937798, 35.090795193793475], [128.61426971395755, 35.0910797004026], [128.61425303937907, 35.091099704864504], [128.61429115197885, 35.09113599494875], [128.61431775290995, 35.091127561480334], [128.6146455329695, 35.091425027139366], [128.61475358061415, 35.091423160933026], [128.61479438084393, 35.09137567341972], [128.61477466961023, 35.0913047451818], [128.61446987693827, 35.09102311833404], [128.61444400439635, 35.09096551207236], [128.6140875255207, 35.09067794300196], [128.6143014216857, 35.0904828643828], [128.614717888192, 35.090216961422065], [128.6148318583292, 35.09001715788796], [128.6152229962774, 35.08961490437422], [128.6153514026362, 35.08956081488062], [128.6156830465896, 35.08952449728708], [128.61627442781383, 35.089370802870796], [128.6168932967926, 35.089334929967876], [128.61704720140787, 35.08935462388005], [128.61826172400853, 35.089811994790715], [128.61852869864987, 35.08984703268078], [128.6187616289078, 35.08991594255137], [128.6196900128266, 35.0900121756301], [128.62011237144128, 35.09009864177154], [128.62057622858418, 35.09011952842092], [128.6215526632611, 35.09006938014142], [128.62188228682913, 35.09002450200926], [128.6221837198784, 35.08980462599159], [128.62231164277296, 35.08965256160728], [128.62261417038394, 35.089404435845545], [128.62295077844576, 35.08918967113144], [128.62333350990554, 35.08887892442004], [128.62361710823274, 35.0884513874143], [128.6239767500958, 35.088119214348204], [128.62414225167427, 35.08801104110689], [128.62424037313352, 35.08788022388834], [128.6245347081582, 35.08775123148574], [128.62472295657102, 35.08759906852389], [128.62477637189178, 35.087481750631675], [128.62490264071133, 35.087405956864245], [128.6248815954558, 35.0873561904847], [128.62492434725954, 35.08720878889751], [128.62505460290555, 35.08697260107717], [128.62519938427096, 35.086877494539586], [128.62543355935202, 35.08662514331122], [128.6255676653485, 35.086555196491176], [128.62558994001895, 35.086453636396506], [128.62571728063108, 35.086411305503], [128.62571982856872, 35.08636953444484], [128.62579736995892, 35.08633569249149], [128.62581102134988, 35.0862880259965], [128.62623432888367, 35.085988059762556], [128.62637752450186, 35.08558779935461], [128.62649205148446, 35.08546955051181], [128.62652283409668, 35.08538525034718], [128.6268575635581, 35.08512396609069], [128.62720715021112, 35.08493078853811], [128.62723815377544, 35.08480449528288], [128.6273588744558, 35.08470541890477], [128.62749633210106, 35.084369955966835], [128.62760403281447, 35.084360408392925], [128.62761829793655, 35.084292875760994], [128.62749196822662, 35.08416683905228], [128.62746727607058, 35.08405290256505], [128.6274826620835, 35.08395570172998], [128.62754856547406, 35.083934135852616], [128.62753988983775, 35.08388343616891], [128.62738542714882, 35.08379558165538], [128.62738825389116, 35.08371642283869], [128.62730736053183, 35.08366108372904], [128.62730402146866, 35.08358757620883], [128.62716093900366, 35.08359604039914], [128.62715624959444, 35.0835043406674], [128.62738594196057, 35.08327474047108], [128.62765694784383, 35.08312601792828], [128.6277461412026, 35.083164382283634], [128.627961816928, 35.0831722999681], [128.62812376684116, 35.083093756281734], [128.6281698562212, 35.083028078877625], [128.62837865033032, 35.08290909001159], [128.62820104613172, 35.08296916376974], [128.62812459601835, 35.08280265278047], [128.6280786989457, 35.08279170789846], [128.62800011724576, 35.08280210126391], [128.62793078366724, 35.08288756291532], [128.62773376401648, 35.08287400572231], [128.62763752067983, 35.08304035401068], [128.62736658691827, 35.083171022561515], [128.6271452622561, 35.083388201048926], [128.62701571725609, 35.083438939449785], [128.62694116789848, 35.0835338480497], [128.62678234091888, 35.0835954710284], [128.62670392966734, 35.083594717310675], [128.62663183615882, 35.08348775459513], [128.62654843561208, 35.08350921203689], [128.6265856066928, 35.08366588385518], [128.62626126919488, 35.08379640413847], [128.62603771176654, 35.083944123925846], [128.62585577492823, 35.084013123194765], [128.62548461102767, 35.084055203789475], [128.62460113655303, 35.084011497211684], [128.6239886655662, 35.08389325218017], [128.62329613965494, 35.08368881725904], [128.62311152334905, 35.083484462793855], [128.62322368943146, 35.083341486138245], [128.62304875747307, 35.083267481396966], [128.6229660558305, 35.08342281745168], [128.62280407012446, 35.08335492842556], [128.6227370856691, 35.08343990735276], [128.62224479756574, 35.08316290114024], [128.62202059501666, 35.082841244856816], [128.62152638954643, 35.0824398297575], [128.62067753508197, 35.082134862496666], [128.62004550464434, 35.08169577348067], [128.61974353035666, 35.081628722440534], [128.6196342237253, 35.08164393673695], [128.61942613967744, 35.08161786457234], [128.61901489960803, 35.08151499064117], [128.61880649635063, 35.081505267687916], [128.6186840870714, 35.081447510588596], [128.6184522965977, 35.08140037055133], [128.61841898715213, 35.081359767067475], [128.61793556723183, 35.081333773619264], [128.6178820651334, 35.08136325025754], [128.617628894685, 35.08137914515785], [128.61714707496606, 35.08136037425189], [128.6168520911838, 35.08126458195826], [128.61659090886153, 35.08109001045371], [128.61658575752895, 35.08102655482906], [128.61569880255573, 35.08094253727448], [128.61561962534813, 35.08089758517147], [128.6153699161948, 35.080980098821065], [128.6153143627238, 35.08104885748286], [128.61456837088366, 35.081136102728735], [128.61455701279908, 35.081116759830444], [128.61384548675125, 35.081145899174054], [128.61382573961717, 35.08120585792804], [128.6131340233133, 35.08122401629969], [128.61310873730977, 35.08103559480967], [128.61303357361857, 35.08103746415319], [128.61305101023072, 35.081294851002156], [128.61256183272826, 35.08132801892099], [128.61182300168335, 35.08108524469019], [128.61180260247056, 35.08089871307961], [128.6117405674754, 35.080900181725454], [128.61174122610348, 35.08108017686753], [128.61129746664196, 35.08109521438082], [128.61103630847109, 35.081016736396734], [128.61122755632243, 35.080213810413234], [128.61109569594717, 35.08018962576861], [128.61100389690185, 35.08062884643493], [128.61096150434852, 35.080657047879136], [128.61093206530077, 35.080656646747855], [128.61093495682584, 35.08053756861317], [128.6108879257705, 35.080534794937364], [128.6108821789404, 35.080496180191005], [128.61080253068937, 35.0804911012562], [128.61079261997463, 35.08053257708463], [128.6107362954681, 35.080534200288106], [128.61072829688268, 35.080646340833574], [128.61063253499455, 35.080639939659186], [128.61064107488005, 35.080476442012596], [128.61055782065066, 35.080469296847134], [128.61054295749594, 35.08056945388612], [128.61040020840284, 35.0805646405974], [128.61038582382687, 35.081151789248665], [128.61035151001533, 35.08119881919889], [128.61012836809806, 35.08124307145992], [128.60990098919387, 35.081251489889866], [128.60938759499743, 35.08116827297781], [128.60744358657803, 35.080689779506585], [128.60740651642283, 35.0805771238166], [128.60727851669895, 35.08054151341205], [128.6073132933307, 35.07996043897632], [128.60723869425033, 35.0799589002495], [128.60721189266565, 35.080457108289465], [128.60702070894268, 35.08045690440832], [128.60699458703866, 35.08058544395906], [128.6066775548378, 35.08056987690223], [128.6061942109413, 35.08059850438337], [128.60602696892073, 35.08057209065534], [128.6059247913, 35.07984583726234], [128.6058460919862, 35.07985069999462], [128.60590959396433, 35.08041098508879], [128.60556272065173, 35.08045912638937], [128.60552571895616, 35.08033679269715], [128.60542355790741, 35.08035025914208], [128.60546624659457, 35.08048404458713], [128.60540795438774, 35.08051015650954], [128.60541930609307, 35.08056179653167], [128.6041234398393, 35.080861810693634], [128.6036410845368, 35.08100972682842], [128.60356729483212, 35.08099765954534], [128.60333280604374, 35.080854989813574], [128.60303044622705, 35.08076648749937], [128.60286166876767, 35.08044600567702], [128.60287865084567, 35.080288086949146], [128.6030133379672, 35.08016935017078], [128.60315410817958, 35.08013691312404], [128.6032759980278, 35.08006180190503], [128.60370969015935, 35.07965434302042], [128.60379746860326, 35.07964902303294], [128.60394655952481, 35.079501136408275], [128.60440147599067, 35.07921126585192], [128.60453171391657, 35.0791664421593], [128.60463501974937, 35.079181038797046], [128.6049218124178, 35.07891075106051], [128.6053147559474, 35.07861716784598], [128.6053950879547, 35.07862552446937], [128.60543529389878, 35.0785637935611], [128.60562485175305, 35.078537226044915], [128.60583261283486, 35.07844994475837], [128.60651809036352, 35.07797814431514], [128.60658747541123, 35.07787692931655], [128.60662125248277, 35.07769976834903], [128.6065737539285, 35.07757890306689], [128.6065798096062, 35.0770300450804], [128.606686052803, 35.07695531489751], [128.60672310804907, 35.07689001463282], [128.60679667708067, 35.07689085799568], [128.606813021603, 35.07685931789902], [128.60668383293043, 35.07677338613422], [128.60659175016292, 35.07678347043667], [128.6064774235373, 35.07671490253588], [128.60627060247984, 35.076691553407], [128.60595577488888, 35.07675434682342], [128.60565227996906, 35.07686751909178], [128.60493121021625, 35.076845306349625], [128.60435551270908, 35.07677845803142], [128.60432720107974, 35.076670013483806], [128.6039109865178, 35.076638729751515], [128.60388203392313, 35.076689806329696], [128.60380410895002, 35.07669209178898], [128.60342875463147, 35.07665519933862], [128.6030580572649, 35.07649456970788], [128.6028062517759, 35.07645714112055], [128.60245757455107, 35.07620588032166], [128.60251176252962, 35.075764118415776], [128.60239520728518, 35.075580065814265], [128.6027283649114, 35.074748620309876], [128.6028959574967, 35.07454400095304], [128.60315189939908, 35.074363754297515], [128.60361656121776, 35.074202847689115], [128.60374339239866, 35.074054157580655], [128.60390303275966, 35.07393944859729], [128.60435327518525, 35.07369417981808], [128.60504638761364, 35.073491883102605], [128.60530118232217, 35.0732870212496], [128.60540711794567, 35.07304971201672], [128.60563021419662, 35.07302685674202], [128.60572614702883, 35.07304515170531], [128.60580962066152, 35.0731242646209], [128.60595427934226, 35.073507293742416], [128.60591148782106, 35.073719325296814], [128.60599070554395, 35.07417962237367], [128.60608801097482, 35.074494649543055], [128.606199517638, 35.0747019375117], [128.60671277655211, 35.07505802925873], [128.607575332015, 35.075436314780596], [128.60766747946388, 35.07544071366425], [128.60775078818494, 35.07538728763602], [128.60784033387242, 35.075382673566395], [128.60850180313702, 35.075443670219734], [128.6087949945389, 35.07558476008609], [128.60901998964957, 35.07565721707056], [128.6094540791802, 35.0757282188779], [128.60962980143873, 35.07568964962267], [128.60984634370718, 35.075693290835616], [128.61027761515004, 35.07556115008413], [128.61066202314032, 35.075522417748665], [128.61074673289139, 35.07541858223794], [128.61115879511598, 35.0752772098499], [128.61121824033043, 35.07523405379225], [128.61122318780525, 35.075159535521], [128.61138691452294, 35.07504397323839], [128.6114109030462, 35.07493125321328], [128.61147234309925, 35.074883821040785], [128.61149041617412, 35.07477399368886], [128.61155318403206, 35.07468408582691], [128.611544949636, 35.07458237663096], [128.6113709213017, 35.074375497187255], [128.6113084127456, 35.07422996983071], [128.61148067751387, 35.073652465974426], [128.61154006771457, 35.073616188242354], [128.6116036140827, 35.07344489703405], [128.6115873687423, 35.0733677597641], [128.61187313480872, 35.07280990111308], [128.61187838116052, 35.07264467874388], [128.61179268852075, 35.07239209546075], [128.61168118721872, 35.0722667821108], [128.61158686419498, 35.07221590318525], [128.61138233673404, 35.07216424887618], [128.61102852115994, 35.07212948525437], [128.61068753188184, 35.07204505966981], [128.61064060672874, 35.072005303563145], [128.61065632463078, 35.07192559216866], [128.61056947269043, 35.071901670834954], [128.61053197605216, 35.072021756706995], [128.61029482263945, 35.07200244305602], [128.61018139774404, 35.07194511239647], [128.61023386055953, 35.07182983440227], [128.61012053512712, 35.07178695302235], [128.61006656464116, 35.07182703421462], [128.60979395434856, 35.071722392165114], [128.6101790995957, 35.07099165845057], [128.6101114472629, 35.07095882197307], [128.60970051715879, 35.07165871788457], [128.60893771695913, 35.07139321450047], [128.60887636781712, 35.0714891204596], [128.6085466031537, 35.07136860749933], [128.60829618506435, 35.07122278703568], [128.60849873185214, 35.0707308984829], [128.60842661098044, 35.070709078901224], [128.60829862971033, 35.07104652314789], [128.60819891967694, 35.071155375753364], [128.60777637818353, 35.07095803446639], [128.60773687261323, 35.07088534695644], [128.60761152505557, 35.07079620162395], [128.6077468281761, 35.070761450512336], [128.60780721087104, 35.07069671224663], [128.60783896569578, 35.07055548842452], [128.60778837392542, 35.0704348843476], [128.60780343974832, 35.070368331081305], [128.60842740723083, 35.070204270198744], [128.60849979583716, 35.07045054151201], [128.6084607572981, 35.07063156351651], [128.60853306090624, 35.070648247266256], [128.6086772489951, 35.07025912383089], [128.60921002219294, 35.07005703397125], [128.60923234205697, 35.06996546301368], [128.60966332513044, 35.069877022451344], [128.60963541603493, 35.07048187305949], [128.60973739276022, 35.07048572604401], [128.60975006040806, 35.06991818557363], [128.60985810754778, 35.0698577727787], [128.6108495379202, 35.06960933133611], [128.61183481272175, 35.06957127935655], [128.6119421617439, 35.06950086432395], [128.61232248663134, 35.069368750808096], [128.61258855405285, 35.06933946009261], [128.61309766801452, 35.0693390298775], [128.61343234128879, 35.06945019818757], [128.6134951496092, 35.069401986012515], [128.61374806327404, 35.06933271060831], [128.6141466304714, 35.06931412333862], [128.61444972533423, 35.06937055689631], [128.6145499865781, 35.0694194945567], [128.61459832946397, 35.069478961182654], [128.61478915609916, 35.06951060887741], [128.61492031527786, 35.069476852685916], [128.61588181327934, 35.070008309551056], [128.6161282502379, 35.07021005838221], [128.61629728271595, 35.07019935420792], [128.61675792818187, 35.070380614819854], [128.61704596374457, 35.07063904387477], [128.61755887092255, 35.07122757899222], [128.61825147029845, 35.07156726991254], [128.618349522783, 35.071694307953976], [128.61855361970032, 35.07184824582957], [128.6194448956828, 35.0722974431142], [128.6196099926299, 35.072308436048864], [128.62026665094848, 35.07245457624508], [128.62068263308316, 35.072734329198525], [128.6210498121212, 35.073030877391645], [128.62131301362, 35.07315280470568], [128.62207561744344, 35.073263071359065], [128.62265719499425, 35.07323156548427], [128.6228351106203, 35.07326141556931], [128.6240159863372, 35.07386828673381], [128.6242493962351, 35.073943194538835], [128.6248727415533, 35.07391060910925], [128.62530762388204, 35.0739242165586], [128.62633819337643, 35.07381545954863], [128.62650536167115, 35.07375080767153], [128.6267370211754, 35.0735614265993], [128.6270557770016, 35.073362399262315], [128.6278877897281, 35.07293897975756], [128.62823260571625, 35.07272191335465], [128.62898656124077, 35.0723187969062], [128.6293152257079, 35.07203569679265], [128.62970424344687, 35.07176476882806], [128.630265122951, 35.07145605743804], [128.63035077495542, 35.07154275210143], [128.63038450069985, 35.07152768456622], [128.6303192579867, 35.07143954818053], [128.63062727995634, 35.07135314764656], [128.63088239314365, 35.071307777159866], [128.631584617714, 35.07125962537727], [128.6323195017961, 35.07138401895982], [128.63327084806022, 35.071678453521635], [128.63348058410347, 35.07164961450677], [128.63395915908964, 35.07164595561814], [128.6342514568648, 35.07159600330729], [128.6354225346009, 35.071287211231926], [128.63570986647696, 35.07082154234836], [128.63543708801927, 35.07051592640381], [128.63551590217176, 35.07030670003276], [128.63622033538374, 35.070067266803086], [128.63618377365987, 35.07001243597547], [128.6359701192551, 35.0700856335562], [128.6358974075296, 35.07007546388973], [128.63570327982535, 35.070126718934176], [128.63533266319078, 35.06936853590711], [128.63516166578646, 35.068778057380655], [128.63422874204025, 35.06815688966781], [128.63434957472134, 35.06771056636789], [128.63401573493613, 35.06684269244946], [128.63390698277342, 35.06686941059101], [128.63395118392182, 35.06698811562602], [128.63400652158398, 35.066977153221245], [128.6342855868293, 35.06771042457648], [128.63412024326743, 35.06831643476582], [128.6300084952524, 35.06757866957519], [128.63017222353417, 35.06695870194385], [128.63011690117878, 35.06694893477705], [128.6299561532984, 35.06753532328022], [128.6290215802721, 35.0673634903596], [128.62883442820723, 35.06753547576795], [128.62879420753708, 35.0675150629324], [128.6287619699347, 35.067540382632906], [128.62806170522668, 35.06685845360272], [128.62819663790285, 35.06677662846129], [128.62805534697492, 35.06657824531212], [128.628088526634, 35.06654687942321], [128.62792575402898, 35.066354437782415], [128.62819000502628, 35.06620760922089], [128.6281721221456, 35.06618191915753], [128.62820705756815, 35.06619806325901], [128.62842695821328, 35.06607891067494], [128.62838857282335, 35.06603544914738], [128.62785992221487, 35.06630397105927], [128.62782763124153, 35.06630762106967], [128.62779898777006, 35.066261041839894], [128.62831038578122, 35.065987052448556], [128.63021872940098, 35.066321632536535], [128.6302485903214, 35.066356029037244], [128.63041806106207, 35.06638754280686], [128.63044083180625, 35.06629164490612], [128.6282808945306, 35.06592406533459], [128.62824012672263, 35.06594550951099], [128.62820658528182, 35.06590290724073], [128.6276670182663, 35.06615378851735], [128.62746269445114, 35.0660990792266], [128.62731120621953, 35.066017454015984], [128.62692633906227, 35.06563212590756], [128.62641435189263, 35.06538696677248], [128.62567375945545, 35.064866143071335], [128.62531452545144, 35.06471251498517], [128.62428036551577, 35.06440174986063], [128.62237646489214, 35.06441008939919], [128.62177508599225, 35.064322089940994], [128.62017578916175, 35.064482420102294], [128.61986671937206, 35.06448367832662], [128.61955968302692, 35.06442456063458], [128.6191905849676, 35.06408489405753], [128.61913231534942, 35.06398864408041], [128.61908204102238, 35.06398869139648], [128.61898697722464, 35.06372533966115], [128.61887408539673, 35.06360459723496], [128.61867779064272, 35.06349068686834], [128.61853707596063, 35.06326161372349], [128.6182466296529, 35.06306395042708], [128.61787368167862, 35.06291545783283], [128.61786970340103, 35.06282812751019], [128.61777191312626, 35.06281728355685], [128.6176205045906, 35.06272603704985], [128.61727315036325, 35.062325158426994], [128.61708178026942, 35.06227289812788], [128.61703192995813, 35.062224300661235], [128.61700605806232, 35.06226437498668], [128.61694150898504, 35.06226451319592], [128.61689707527788, 35.06229869736802], [128.61679390813586, 35.06224616534596], [128.61645143134453, 35.06218413077225], [128.61625156198537, 35.06218937695155], [128.61611245923143, 35.062244748650215], [128.6158628785008, 35.062225751118795], [128.6155942503219, 35.062389867568605], [128.61551974633184, 35.06236464587252], [128.61545733480625, 35.06241414122868], [128.61520742812633, 35.06247094566925], [128.61507823705054, 35.06255457014936], [128.61424899454028, 35.06267801873628], [128.61361801550845, 35.06256693857557], [128.6136165554241, 35.06254203505477], [128.61356290922583, 35.06252928198072], [128.61354415240223, 35.062561986677565], [128.6130632099397, 35.06251609678973], [128.6129544814019, 35.06224677373711], [128.61296208160388, 35.0621556797463], [128.61290011819128, 35.06198895305337], [128.6128494386606, 35.06197990357435], [128.61281358014529, 35.06191243912492], [128.61287327603375, 35.061867671373506], [128.6128568441245, 35.06183453765275], [128.61307489141873, 35.06166891313978], [128.61302485918222, 35.06160646951772], [128.61282308280028, 35.06172944683197], [128.61234498020679, 35.06141103586637], [128.61218934741945, 35.06137606961509], [128.61182822182994, 35.061364739108576], [128.61160983941068, 35.061313651861774], [128.6111534536476, 35.06105504908107], [128.61099488488097, 35.06086465005711], [128.61081174478247, 35.060751859573095], [128.61064170134034, 35.060689138027286], [128.61022683579202, 35.06062107617912], [128.61021740352024, 35.06057804251612], [128.6101540626442, 35.06056891483299], [128.61012746134298, 35.060611782390005], [128.60946717306615, 35.06064273737595], [128.60921806033113, 35.060694357405815], [128.60897952043987, 35.06066916195376], [128.60878798241455, 35.06060535754621], [128.60871811617403, 35.06050542314146], [128.60873307435875, 35.06043992382198], [128.6086963955809, 35.06040995373215], [128.60862172293955, 35.06043734757265], [128.60842348916242, 35.06013197409522], [128.6083258911189, 35.06007701787637], [128.60826281264198, 35.059912405161334], [128.60828354037486, 35.05982329955375], [128.60824902301334, 35.05975589176261], [128.60830025858775, 35.05969684703372], [128.60811718870758, 35.05950836495151], [128.6078698044991, 35.059047957844584], [128.60787545341458, 35.05899936533821], [128.6079769490781, 35.058919490956754], [128.60793462919165, 35.058686999461756], [128.6081116527271, 35.0585659046331], [128.6081206658629, 35.05850555055253], [128.60797094023, 35.05839455308285], [128.6077676663546, 35.05830364876672], [128.60766431234669, 35.058302241080504], [128.60752363105024, 35.058200572162875], [128.60746847752068, 35.05805034229124], [128.6074034458268, 35.05801466335429], [128.60746615821566, 35.05785447758327], [128.60742009026185, 35.05773203017272], [128.60705466419435, 35.057736310949316], [128.60678499378997, 35.057884315376015], [128.60675417368068, 35.05794721992983], [128.60656379808066, 35.05802024533719], [128.60656590349512, 35.058099644109085], [128.60650218343628, 35.05814302806173], [128.60649521567896, 35.05818333170308], [128.60651801978364, 35.05824223045428], [128.6066024200667, 35.0582709958245], [128.60660192501248, 35.058337434157245], [128.6064929119054, 35.058441872761115], [128.60635975306178, 35.058513730279515], [128.60633519213488, 35.058653725183206], [128.60623996347888, 35.05874743590226], [128.6060029060264, 35.05879150953101], [128.60576918063677, 35.058744239409926], [128.6055436639067, 35.05865429875463], [128.60538478656025, 35.058463772337525], [128.60533836130634, 35.05834048521071], [128.60535948752158, 35.058098493322035], [128.6052864917859, 35.058019250015235], [128.60527751623562, 35.057932103477505], [128.60481362916124, 35.05766796148945], [128.60468924470482, 35.05753588407691], [128.6046752434077, 35.05738867378343], [128.6045414730517, 35.05725969329302], [128.60443536957362, 35.057253354058744], [128.60430425735058, 35.057169286932684], [128.60389682622704, 35.057080443770325], [128.60365109810152, 35.05695255868798], [128.60336216536703, 35.056912142996666], [128.60334148902533, 35.05686473508528], [128.60268226037905, 35.05673939679785], [128.6024421057231, 35.05660662195967], [128.6023735004383, 35.056601377363314], [128.6023239940517, 35.05655233415187], [128.6020139498654, 35.056475818129], [128.60187283186573, 35.05637753861171], [128.60171765760708, 35.056350366735714], [128.60158895550902, 35.05629226651784], [128.6014740460201, 35.05629148325083], [128.60140584395913, 35.05634735021851], [128.6012187792268, 35.056350422841014], [128.60115599685446, 35.05641426720852], [128.60102913626704, 35.0564679145473], [128.60099002115805, 35.0565231403494], [128.60092224418196, 35.056550181933765], [128.60086015982958, 35.05653159015677], [128.60081916208387, 35.05671885857908], [128.60070554639074, 35.05674932043879], [128.6006808284685, 35.05683042531381], [128.60071324903328, 35.05688301816944], [128.60065864680573, 35.056896656521985], [128.60064641765112, 35.05700383461212], [128.60057748712552, 35.057024951625436], [128.60054069642092, 35.05707962420201], [128.60061872450763, 35.057099638583985], [128.60061172027528, 35.05715786221144], [128.60045167371578, 35.05723699035081], [128.6001802416701, 35.05729451273226], [128.59994425357053, 35.05729300479985], [128.5997740384464, 35.05724299387738], [128.59964088545792, 35.05706967217365], [128.59962772530267, 35.05698353148669], [128.59951718263954, 35.05696157864992], [128.5992909474599, 35.056828294453], [128.59924129910232, 35.05684641911002], [128.59918893453957, 35.056925006085464], [128.59905456597554, 35.056886686862704], [128.59886239042558, 35.05696124578828], [128.59846017804867, 35.057022152750974], [128.5981930500468, 35.05693904555493], [128.59804625177733, 35.05684916433387], [128.59785588886632, 35.056815413626865], [128.5976403667039, 35.056833612403146], [128.5973429951, 35.05680232057511], [128.59730784938662, 35.05683863715989], [128.59714124581325, 35.056861762894414], [128.59704040261576, 35.0569078202644], [128.5969810859486, 35.05690369324919], [128.59689119559675, 35.05684205769086], [128.59661028200554, 35.05680326654589], [128.59646375329416, 35.05681903068704], [128.59638640504588, 35.05685978424864], [128.59594390419446, 35.05689628693069], [128.5957423179375, 35.056777779085294], [128.59557966339435, 35.05676541117543], [128.5955764704564, 35.056721430858765], [128.59550287479595, 35.05667011557337], [128.5953085132185, 35.05663867641188], [128.595180725529, 35.0566595932822], [128.59506655579324, 35.0566091327761], [128.59494564590486, 35.056627765567725], [128.59468796511445, 35.05660109880486], [128.59455262082378, 35.0566521614294], [128.59447398778119, 35.056641729827085], [128.59386085813895, 35.056770799752194], [128.59343992566528, 35.056772661855085], [128.59324972593225, 35.05668264484431], [128.5931473229905, 35.056719853152444], [128.59291801454563, 35.05667292406669], [128.59285442077314, 35.05657006359967], [128.59247144243375, 35.05649884187882], [128.59237675899078, 35.05652220956161], [128.59212967011413, 35.05649984576339], [128.59195348943905, 35.056564233920774], [128.5917935058377, 35.05655490619449], [128.59147011266114, 35.05672441097367], [128.5914152385113, 35.05678158792806], [128.59135922672326, 35.05676300335167], [128.5912953658328, 35.05678224810241], [128.59124792680402, 35.0568671604764], [128.5911551322095, 35.056894338749395], [128.59114254419532, 35.056985534250344], [128.5910493797631, 35.057044519812685], [128.59056542526034, 35.05717198915683], [128.59013272076578, 35.05719156626406], [128.58992472800475, 35.05714565179906], [128.58961944292787, 35.05699847955234], [128.58948784015257, 35.05674326364408], [128.58958149770345, 35.05664457388089], [128.58956372737754, 35.056552827089455], [128.58946037685467, 35.05652509281355], [128.58941743745953, 35.056396116278584], [128.58928519762662, 35.05631457298405], [128.58917533663904, 35.05612933016876], [128.58880874557565, 35.05592344968225], [128.58848355630246, 35.055912136157275], [128.58835926819367, 35.05583472771299], [128.5881845804191, 35.055806876791564], [128.58799764839836, 35.05564145430608], [128.58787617621195, 35.05563838345954], [128.58769787201754, 35.05556683097522], [128.58719472552744, 35.05555258138722], [128.58719332816943, 35.055475374019835], [128.58701798445867, 35.055312396074676], [128.58682651408435, 35.05525455220885], [128.58596448312076, 35.055150462753865], [128.58589834445308, 35.055201992593666], [128.585748893969, 35.05523887106375], [128.58563767067542, 35.055222709407715], [128.58541335684967, 35.05526943658897], [128.5852737304032, 35.05524287269692], [128.58522822280457, 35.05530021556182], [128.5847178306294, 35.05526793098763], [128.5844086456496, 35.055142871473336], [128.5843462503332, 35.05505876687982], [128.58435883206434, 35.05497251325439], [128.58432798764224, 35.05493544318133], [128.58411935636627, 35.05495304235362], [128.58376799089177, 35.05488648951611], [128.58340058417824, 35.05472235117073], [128.58301864699214, 35.05462841464849], [128.58258119669753, 35.05458682623435], [128.5822496914657, 35.05431279528569], [128.58174221512735, 35.05422119919994], [128.58141378831283, 35.05426399817341], [128.58113660857384, 35.05405532233647], [128.5808311489586, 35.0540548615557], [128.58077801896982, 35.0541022079418], [128.5806727979735, 35.05405480989688], [128.58051762656237, 35.05408386482748], [128.58022168074646, 35.05404430743293], [128.58005123678979, 35.054133152998276], [128.5791895196651, 35.05420225779779], [128.5790369303796, 35.05414584275174], [128.57901119950913, 35.05404416903799], [128.57894803501662, 35.05398529927997], [128.57874924875262, 35.05388928897625], [128.57856470686067, 35.0538848454617], [128.5785480649053, 35.05383364268484], [128.57848494122243, 35.05388199845616], [128.57828314972997, 35.053933756390286], [128.5780530725783, 35.05386466957609], [128.57784322604104, 35.05384827354893], [128.5773093639947, 35.053698906150814], [128.5768387970791, 35.05364917656403], [128.5764856541177, 35.053704082002625], [128.576448631447, 35.05379258419075], [128.57626588284216, 35.05384573149811], [128.57621262108998, 35.053843616237806], [128.57618377753192, 35.053802117073246], [128.57607624707987, 35.053765593548455], [128.57588728627059, 35.053733205975846], [128.57577013901488, 35.05378258772668], [128.5755348151928, 35.0537898411366], [128.57537311857803, 35.05383942634752], [128.5752832685214, 35.05377628642578], [128.57512253413353, 35.053775146786734], [128.57510835677817, 35.05385433730307], [128.57507547329638, 35.05386915664623], [128.5749565095956, 35.05383069385255], [128.57481540371444, 35.05382861523305], [128.57478183344193, 35.05389780297202], [128.57467090393686, 35.05392921215994], [128.57445136398417, 35.053887827582265], [128.574320841015, 35.05379444773442], [128.5741100928875, 35.053794799257034], [128.57409253017605, 35.05372364617072], [128.57381649034357, 35.05373383558109], [128.57362011864615, 35.05376960688663], [128.57347762810613, 35.05386514602333], [128.57344094197575, 35.05394895199096], [128.5732935891724, 35.05394035001647], [128.57326494626608, 35.05407111648714], [128.57311078105758, 35.05412859751576], [128.5729889770068, 35.05413114115929], [128.57299007535562, 35.054191212307636], [128.57303626720298, 35.05422294144036], [128.57300634993624, 35.05429572835798], [128.5728880720176, 35.05435275639347], [128.57279940268188, 35.05448131255627], [128.5727696448732, 35.054609490121194], [128.5728023299013, 35.054687925083954], [128.57309848944266, 35.05500395973], [128.57337619843773, 35.05507363892821], [128.57378640062757, 35.05524030173018], [128.57408357021058, 35.05543859239], [128.574225293969, 35.05549726310909], [128.574540465819, 35.05574429858998], [128.57471602710743, 35.05578275262332], [128.57479836333232, 35.055838872292284], [128.57495827283685, 35.056037462609105], [128.57502241358839, 35.05624209880489], [128.57519435849665, 35.05632470705473], [128.57522883407034, 35.05641979572621], [128.5752321481303, 35.056624318154874], [128.57526349514092, 35.056663349970336], [128.57532830895565, 35.05667417625023], [128.57537135449385, 35.05683341024014], [128.5754220924848, 35.05738968540427], [128.57547945037348, 35.057466248940784], [128.57560606500715, 35.05751851296084], [128.5757131999259, 35.057498434610515], [128.5762255612865, 35.05766122898186], [128.57657763232893, 35.05782374880748], [128.57684778327723, 35.05813696968564], [128.57709847586418, 35.05832157745418], [128.57749601982135, 35.0585008389052], [128.57815371395853, 35.059132893945375], [128.5783450325834, 35.05938977352844], [128.57840159519057, 35.05962185552879], [128.57833282172075, 35.059864849509914], [128.57806798714037, 35.06027120165475], [128.5780739915484, 35.060384678869056], [128.5781708162088, 35.06050941147736], [128.57857094559122, 35.06060411190442], [128.57872260237204, 35.06071853534885], [128.57885948933142, 35.06076336664469], [128.57952872377544, 35.06082890986106], [128.57997667383577, 35.06099627017429], [128.5802590100103, 35.060988178094], [128.58078208431272, 35.06128043425105], [128.58101707693902, 35.0613442979414], [128.5811089307495, 35.06134626362432], [128.58119830414287, 35.06128702727842], [128.5818076823794, 35.061061327623655], [128.58201509299087, 35.0610262956801], [128.5825903419287, 35.06112333370075], [128.5831385688779, 35.061162643103], [128.58328724088506, 35.06114089048682], [128.58342836623086, 35.061072934501084], [128.583768123108, 35.06106249992709], [128.58418951567518, 35.06098465187616], [128.58459850598035, 35.06119741462313], [128.5848713912866, 35.06123455783736], [128.5850870400236, 35.06134779489332], [128.5851582448428, 35.061652825413844], [128.585118959114, 35.06174471179254], [128.58482073771992, 35.062084968311986], [128.5847617709273, 35.06222532455721], [128.5847720963298, 35.06229881286098], [128.5848262504294, 35.06241859270651], [128.58524007291126, 35.062646456348425], [128.58534865383777, 35.06266272846393], [128.58563537498642, 35.062611563653896], [128.58593427737713, 35.0626120797615], [128.58635089423328, 35.06274346913335], [128.58682765430268, 35.06282677620319], [128.58781030864174, 35.06274640956615], [128.58827512424932, 35.06278120313167], [128.58830243826904, 35.06280375790238], [128.58836035946274, 35.06290561840488], [128.58831139266854, 35.062952750343904], [128.58841051580742, 35.06310854201469], [128.5884280096682, 35.06335110618116], [128.5883167864771, 35.06363854421114], [128.58819018375436, 35.06385134028519], [128.5881516885734, 35.064033267562706], [128.5880328365547, 35.064313702798145], [128.5880063858012, 35.06456184946456], [128.58807847643217, 35.06473656303115], [128.5881552359509, 35.06480022537957], [128.5883228992347, 35.064852956964266], [128.58855328683904, 35.06481136700517], [128.5887725898749, 35.06464893395206], [128.58903934678503, 35.06454693051447], [128.5896772960409, 35.06407566562097], [128.58993448237254, 35.06360289297177], [128.58999456701963, 35.0633706882855], [128.59003694953716, 35.063341924341266], [128.59028411546805, 35.0633151247607], [128.59034309377498, 35.06342089167094], [128.59047091316324, 35.06352029232137], [128.59054652521763, 35.063524676300524], [128.59075849957947, 35.06345662658863], [128.5909338088281, 35.063462472468], [128.5909108226589, 35.06366619530775], [128.5909642922105, 35.0638388691152], [128.5910839577323, 35.063953557368414], [128.59123599702818, 35.06396764428865], [128.59095381315922, 35.06424755000866], [128.5907315561735, 35.064793675943115], [128.5906499334514, 35.064854027148684], [128.5905329850338, 35.06488637061189], [128.59013869887593, 35.06480828628445], [128.58993416173, 35.064830904650755], [128.5896374496777, 35.064911960878085], [128.5893735007256, 35.06503136444601], [128.58928109880785, 35.06494966733458], [128.58924777997404, 35.06496321944917], [128.58942770246247, 35.0652042613653], [128.58909156321093, 35.06542683000598], [128.58898334949117, 35.06553546572425], [128.58900544165573, 35.06575579809622], [128.58950768323677, 35.0662061534907], [128.5900563531372, 35.06656971947516], [128.5907194763765, 35.06685773534715], [128.59097535558658, 35.06704270339548], [128.5914643382477, 35.06717592327935], [128.59197760380536, 35.06714268737337], [128.59214391790027, 35.067071866991974], [128.59242767724052, 35.066908475449324], [128.59252684278664, 35.06668949691936], [128.5926311669272, 35.06656196149721], [128.59275693324872, 35.06650041595961], [128.59296537664042, 35.0664650331226], [128.59332386007944, 35.0661707691796], [128.59354643428316, 35.06605966308267], [128.59381036989384, 35.06603491416331], [128.59399518567417, 35.065913720774006], [128.59413656657875, 35.06590401831183], [128.5944226581529, 35.065975091476645], [128.59463905185012, 35.06592954966991], [128.59464829807968, 35.06596191940888], [128.59453803520412, 35.06610516687386], [128.59460567554729, 35.06631414062235], [128.59418563778527, 35.066628456139306], [128.5940790257086, 35.066908649544324], [128.59388676986995, 35.067011582664016], [128.59384836992925, 35.06710157201609], [128.59368895527197, 35.067269378287264], [128.59352285685986, 35.06735711791565], [128.59335757286834, 35.06764483851361], [128.5933019944141, 35.067672333984135], [128.59328710393223, 35.06774137443654], [128.5933312858881, 35.06784762118359], [128.59363508772978, 35.068122239895864], [128.5938194841498, 35.06839337772802], [128.59400993566035, 35.06845429581175], [128.59422850672902, 35.06857030485855], [128.59434117181786, 35.06856499269146], [128.59451482447304, 35.06849077926285], [128.59464416211793, 35.0683241883664], [128.59490451639354, 35.06823778737416], [128.59511930701566, 35.068233961732865], [128.59539230216453, 35.06832565851023], [128.59555784669408, 35.06834854634726], [128.596031991652, 35.06824159184773], [128.59649362629878, 35.06820613982345], [128.59662673259533, 35.068238723970936], [128.59665903682668, 35.068280248054144], [128.5966249386619, 35.068376725686356], [128.59663199126675, 35.068498280158316], [128.5967289283427, 35.06852127098176], [128.5967524471399, 35.06863150475292], [128.5968338887911, 35.06865719457985], [128.59703553037713, 35.06887543592321], [128.59696266971503, 35.069019602323635], [128.59698881227402, 35.069205885008], [128.59690681013944, 35.06925178812434], [128.59683617182472, 35.069452334254215], [128.59687149686357, 35.06967547561809], [128.59673895808416, 35.06981140288774], [128.5965623875799, 35.06956038927328], [128.596507712802, 35.06956920249768], [128.5964610053108, 35.06966333790777], [128.59653030815153, 35.069798972774954], [128.5964126178727, 35.07008089664815], [128.59615552991832, 35.070266291753654], [128.59601589973553, 35.07031929557752], [128.59450930754352, 35.06970430482048], [128.5945930971282, 35.06945225650786], [128.59452090701143, 35.06943113975038], [128.5944281203743, 35.06970230181508], [128.59347902182427, 35.06981640980476], [128.59341399895987, 35.06937185589871], [128.59333618306178, 35.0693796067686], [128.59340227290718, 35.06989711303982], [128.593371551026, 35.06996814645599], [128.5930292696119, 35.07023703916183], [128.5926511292411, 35.07061537861021], [128.59246542394445, 35.07069775356198], [128.59236047225835, 35.07067942829276], [128.59227063749674, 35.07071874988161], [128.59219759582152, 35.07083608658828], [128.59221155512174, 35.07098736514041], [128.59216718074654, 35.071211268973805], [128.59200498933555, 35.07129349458285], [128.59174274136475, 35.071508354031394], [128.59143282155395, 35.07191012147919], [128.5908375297322, 35.07230984420786], [128.59027538350404, 35.072545672916974], [128.5896185078366, 35.07256411000404], [128.5893021014309, 35.07251840436346], [128.5886854808066, 35.072657918151954], [128.58852886147636, 35.07266203811276], [128.5884149504002, 35.07263113211728], [128.58820325499204, 35.07267965404771], [128.5877339869744, 35.07268194524508], [128.5875596643311, 35.07277953916871], [128.58729443830862, 35.07273740880723], [128.58704108543995, 35.07275906251713], [128.5868908233366, 35.0726630678057], [128.58674843339634, 35.0724658431266], [128.58642880729204, 35.07242366815017], [128.58650141825626, 35.07231547271431], [128.58640168267402, 35.07228685611183], [128.58619044730202, 35.07212464107348], [128.5861807511664, 35.07209114943211], [128.5862497559197, 35.072041375495594], [128.58615014866547, 35.07191133679683], [128.58630228102516, 35.071787721061725], [128.5866506015551, 35.07139210006973], [128.5873722562503, 35.0710785868795], [128.58766600127473, 35.070791669909916], [128.58779965586047, 35.070607488219025], [128.5878254940832, 35.07050302608781], [128.5878184912693, 35.07036318454548], [128.58766035386768, 35.070057498585236], [128.5877526350394, 35.06989876545639], [128.5875249297889, 35.06983372454201], [128.58734190227185, 35.0696683676753], [128.58731402721028, 35.069571755721086], [128.58692545038187, 35.069342450854144], [128.58660807704587, 35.068714648419764], [128.58606521091667, 35.06858266698565], [128.58559923997444, 35.0683209429764], [128.5854234763448, 35.0680889615829], [128.5853772713499, 35.06787554022037], [128.58542792085947, 35.06775702112795], [128.5852326957337, 35.06741236670647], [128.58445215537267, 35.0670644803094], [128.58402490792741, 35.066770711588234], [128.58373969192684, 35.06648816590505], [128.58355091521634, 35.06621674667581], [128.58347056324033, 35.0661852222899], [128.58329677487552, 35.06600638839911], [128.5831135879737, 35.06567973575176], [128.5830127879878, 35.065572910492676], [128.58237178252318, 35.065121266780174], [128.58210509820483, 35.06498808980007], [128.58192566255744, 35.064935364432955], [128.58163712410763, 35.06475140040273], [128.58133752075008, 35.06464636635514], [128.58076989395227, 35.06456360947734], [128.58074811376312, 35.064507170870506], [128.5807024394483, 35.0644991525666], [128.58065836573988, 35.06456830736148], [128.58037262178178, 35.06458262357213], [128.58027293468461, 35.064673253890064], [128.58026186298738, 35.06479712606078], [128.5801762392367, 35.06490948414371], [128.5802216364793, 35.06514500426961], [128.58012467153236, 35.06536066234833], [128.58003194310703, 35.06548153954972], [128.58002395818642, 35.065621150966386], [128.57989312442882, 35.06574555572319], [128.57978941015085, 35.065958224143635], [128.5797945355807, 35.066167106653154], [128.57972685710635, 35.06637714226675], [128.5798153150894, 35.06676707583276], [128.5799581251921, 35.06701871447045], [128.58016610872997, 35.06726468700823], [128.58076043202647, 35.06776272038578], [128.58088706617477, 35.06792146494759], [128.5809372247636, 35.06817269455535], [128.58087896797986, 35.0682599174263], [128.5808993536858, 35.06835515321462], [128.58082198349268, 35.068392409446616], [128.58070700244633, 35.068374679171384], [128.58058582943832, 35.06840387864263], [128.58046937285388, 35.06831446698501], [128.58046883469876, 35.06840677305575], [128.58041825601725, 35.06847448890716], [128.58039389351217, 35.068600977070524], [128.5798742457453, 35.06863428400153], [128.57948294825542, 35.06875681983361], [128.57941860001688, 35.06875355142238], [128.57924361433393, 35.06862439952965], [128.57913463365065, 35.06848888031727], [128.5790915170351, 35.068279237635615], [128.5790175794649, 35.06812548472226], [128.5790089967042, 35.06776036656166], [128.57895284584225, 35.06763550384295], [128.57874126235959, 35.06749355371587], [128.57856559521454, 35.06731740049601], [128.57838139953395, 35.06721309652457], [128.57825290872387, 35.06708200405794], [128.57799849616038, 35.067018105839686], [128.577708748586, 35.067093046101554], [128.5776018168107, 35.067169037636624], [128.57755798571102, 35.06728398906485], [128.57741280300584, 35.067357665739436], [128.57738195060472, 35.06743861849276], [128.5772203736631, 35.067613434087455], [128.57720523531162, 35.0679212955147], [128.5771378469344, 35.068082234285], [128.57711171657635, 35.06810860604544], [128.57693310201395, 35.068123847275814], [128.57685696481457, 35.068371727766554], [128.57642991116862, 35.06844968385648], [128.5762543325033, 35.068377710154905], [128.57620583429463, 35.068324223704956], [128.57544397026683, 35.068347203192154], [128.57520932354268, 35.06815197638018], [128.57500321354823, 35.06813072951429], [128.5749493946698, 35.068063497620805], [128.57487252972297, 35.068052989041114], [128.5746610071036, 35.06830133046332], [128.574428422492, 35.068455585704385], [128.5738751557286, 35.068601124531476], [128.57374127993546, 35.068587042641255], [128.57362497076747, 35.068653885935404], [128.57357028123565, 35.06872612573719], [128.5734397080695, 35.06875965903534], [128.57333624686362, 35.06883766834896], [128.57243099996137, 35.069148776271675], [128.57228927162365, 35.069153612740394], [128.57228143514396, 35.069073345967716], [128.57222482348445, 35.06904544718403], [128.5720663351745, 35.069163164982335], [128.571702215453, 35.06925163880996], [128.57152555631617, 35.06923577211646], [128.5714214781731, 35.069009910140956], [128.57142741680877, 35.06895770631622], [128.57139977850295, 35.06895386767746], [128.5713008462333, 35.068750361457425], [128.57121822450716, 35.06878140754555], [128.57141112015293, 35.0692605171622], [128.57110592963502, 35.06948746433813], [128.5709764204079, 35.069472069471885], [128.57086651965227, 35.06962760228978], [128.5704824345736, 35.06977417268335], [128.5699689248043, 35.069874495111], [128.56975485516395, 35.0699720211485], [128.56906369528897, 35.07000018710133], [128.56866452247502, 35.069843877012644], [128.5685112155353, 35.06971989971292], [128.5683689536686, 35.06935478237872], [128.56841078934724, 35.06899519708332], [128.5684919759429, 35.068721588326575], [128.56852140769902, 35.06872479327654], [128.56854432706209, 35.06865857933587], [128.56851899521908, 35.068642022255816], [128.5686569443601, 35.06822096102352], [128.57035040542195, 35.06840254560176], [128.57035936861536, 35.06833507402687], [128.56884858290016, 35.068179280912446], [128.56889687527328, 35.06783548102546], [128.5687316580468, 35.06781504606286], [128.5686571416923, 35.06775839910185], [128.56864723788075, 35.06765723127522], [128.5687545696476, 35.06758801024637], [128.56878847306126, 35.067491758259465], [128.56876937815767, 35.06745523716], [128.56863295669336, 35.06739188257887], [128.5686252012345, 35.06713900431711], [128.56850722667585, 35.06714269469718], [128.56844514834265, 35.067101749878574], [128.56819355086782, 35.0671334023779], [128.56813574721406, 35.067155640173354], [128.5681020135008, 35.067245100840324], [128.56796621518504, 35.067319680891174], [128.56723103305288, 35.067510510112996], [128.5671444151039, 35.06758068907247], [128.5669846615436, 35.06756177437195], [128.5668427428864, 35.067613664833544], [128.5665938731785, 35.067615920496884], [128.56643231585068, 35.06754838067477], [128.5659659594624, 35.06757561223708], [128.56595145364628, 35.06755117795234], [128.5659098492196, 35.06755524771843], [128.56590708730354, 35.0675865945739], [128.56575536505778, 35.06759475005547], [128.56537204921455, 35.067517879107484], [128.56528855659778, 35.06752747783654], [128.5650476947833, 35.067473730533074], [128.56504336540664, 35.067444132110374], [128.56499356421884, 35.06743731271219], [128.56497082474397, 35.06746261157658], [128.56474333373706, 35.067407803095236], [128.56474296292268, 35.06737823843508], [128.56460926131973, 35.06735678357425], [128.564571224607, 35.06732260292112], [128.56457583351718, 35.06721437339274], [128.56445758900117, 35.06713496329971], [128.5642745394563, 35.06709770190056], [128.56427891872545, 35.067069918751116], [128.56423125680098, 35.06705814626626], [128.5642110500955, 35.067081211844446], [128.5641648096793, 35.067070382641745], [128.56386089087815, 35.06689697593207], [128.56384370453713, 35.066921234028506], [128.56362493750422, 35.066885590573456], [128.56361566656435, 35.066860273329546], [128.5635646481703, 35.06686306511303], [128.56356489104343, 35.06689184644265], [128.56340693981028, 35.0669111893611], [128.56338628749452, 35.066884442641125], [128.56333546069376, 35.06689093134383], [128.56333228916364, 35.066920197057605], [128.56308345336012, 35.06697270489828], [128.56290664546992, 35.067095014907224], [128.5628724690861, 35.06707920679592], [128.56263701614273, 35.06728211224744], [128.56255641229433, 35.06727200730237], [128.56246763548737, 35.067335414016874], [128.56231083069954, 35.06753861806549], [128.56226851408755, 35.06784829955226], [128.5621947697079, 35.06796888884834], [128.56215499694414, 35.067998904288], [128.56197251333194, 35.068017255561315], [128.5618717755677, 35.06807193912162], [128.56188858368236, 35.06818639920998], [128.56180422882707, 35.068312240590465], [128.56165951468296, 35.068387613035945], [128.56150797635746, 35.06859095388922], [128.56143492215207, 35.06876845619275], [128.5612883161071, 35.068891945827275], [128.56116572690692, 35.069052971309134], [128.56117572864042, 35.06923492234196], [128.5611207541277, 35.06950809688939], [128.56115812404917, 35.06975454011122], [128.56135011960197, 35.06985649379349], [128.5619648064805, 35.06984335474627], [128.56233419718043, 35.069874776588435], [128.5630975002751, 35.06975562854146], [128.5638610706237, 35.06970930570483], [128.5639722011793, 35.0697559810038], [128.5639263547649, 35.07006673261632], [128.5640248035606, 35.070073729758406], [128.5640741343467, 35.06966238131151], [128.56458954760114, 35.06950631437927], [128.56497925201313, 35.06953955699011], [128.56514716267532, 35.069598774493144], [128.56540513613874, 35.06979070700129], [128.56516142177537, 35.07024846504464], [128.565221750793, 35.07026807869963], [128.5654071391405, 35.069931741064345], [128.56591529942563, 35.07009589725424], [128.5660394606028, 35.07056185101934], [128.5661100385994, 35.07056691659591], [128.5661246491487, 35.070640592480935], [128.56609094111104, 35.07083813133443], [128.5660157202492, 35.07098907738589], [128.5657217352039, 35.07119927664438], [128.56563754922908, 35.07135762288668], [128.56564417620623, 35.07143948229196], [128.56579594928155, 35.07158997705048], [128.56594360220268, 35.07190829063698], [128.56603682515043, 35.07229806634204], [128.5660496075653, 35.07266915936352], [128.56599946701874, 35.07285795202383], [128.56589805556604, 35.072950302596375], [128.5659059548353, 35.07318174667686], [128.56584186630104, 35.07332300447284], [128.56579241285596, 35.07337146437479], [128.5656731388424, 35.07338557609506], [128.5656500325215, 35.073423595591635], [128.5654807603922, 35.07349373682816], [128.5650579523102, 35.07429836433908], [128.56471882932553, 35.074655276781314], [128.56458365087607, 35.07471989671534], [128.5642974122773, 35.07476641656113], [128.56421486648568, 35.07476994160032], [128.5640283557076, 35.074705797065484], [128.56346534827017, 35.07476711949366], [128.56309513990166, 35.0749915691705], [128.56301946413194, 35.075257063132455], [128.56301684903377, 35.07565296134866], [128.5629381768985, 35.07573011159278], [128.56319254960724, 35.076160873686185], [128.56294697572554, 35.07626898375733], [128.56297082959793, 35.07631626523312], [128.56292672581824, 35.07633551315493], [128.562962548415, 35.07641045875088], [128.56311619394626, 35.076363353434004], [128.5633501886615, 35.07697977646954], [128.56342744448114, 35.0769922256568], [128.56338987872647, 35.07704190760702], [128.56348369292093, 35.0770106965016], [128.56376500665084, 35.077043805754506], [128.56394036294245, 35.07732386005201], [128.56394073071195, 35.07752690240296], [128.56382549206222, 35.0777435356151], [128.56375579500147, 35.0777716518592], [128.56365519906555, 35.07772915086357], [128.56352634836597, 35.077722133416955], [128.56342929820488, 35.07779082869934], [128.56343951616932, 35.07804218320781], [128.56354367996727, 35.07812876504283], [128.56357221665806, 35.07821386592072], [128.56369967754043, 35.07830692292127], [128.56386710270763, 35.07835301596447], [128.56404744667998, 35.078514576268724], [128.56437280657642, 35.07859040503349], [128.5645019920126, 35.078699834954605], [128.56454296103246, 35.0789133085114], [128.5645279552359, 35.07918698804494], [128.56447839637912, 35.0793723015738], [128.56431052711412, 35.07957612808415], [128.5638700569583, 35.07944884946385], [128.56379192112897, 35.0797082861964], [128.5636770220088, 35.07973061522285], [128.56368881001, 35.07975503027858], [128.56381938938964, 35.07976788425263], [128.56379403291666, 35.079902556066955], [128.5637349009306, 35.07991044873414], [128.56373117239238, 35.079935185644764], [128.5638310473588, 35.080486654595624], [128.56254727901688, 35.08052627727809], [128.5625139286657, 35.08023953619003], [128.56246158055987, 35.08024227340801], [128.56250259338574, 35.08059168530205], [128.563892187182, 35.08054221885482], [128.56389367116392, 35.08073702619416], [128.56380161151327, 35.080854016993214], [128.56385782455848, 35.0809482884778], [128.56423021848175, 35.081013374317465], [128.56424747843351, 35.08103806679218], [128.56409720955466, 35.08225091181524], [128.56414997548796, 35.08237450711831], [128.5642250522332, 35.08244883182169], [128.564709755665, 35.08265419904966], [128.56487480128865, 35.08268771863433], [128.56501669178198, 35.082650307950196], [128.5654191373432, 35.08223926073856], [128.5656399122052, 35.08214166705174], [128.5658189463744, 35.08211585280161], [128.5660520779789, 35.08212397074828], [128.5665811637805, 35.08223935311454], [128.56675981274998, 35.082217829246744], [128.56685942558957, 35.08214207207847], [128.5672682544237, 35.0822309992233], [128.56761981317075, 35.08216794099809], [128.5677195477337, 35.08219771990186], [128.56799535213403, 35.08238564252619], [128.5681090318276, 35.0825161239426], [128.5682339002771, 35.08250861843595], [128.56842409773907, 35.082426370548724], [128.5688374214712, 35.08241767314979], [128.56914403103565, 35.08244466778445], [128.56934959633898, 35.08251775210015], [128.56970666351054, 35.082719200616204], [128.5698750836163, 35.082935468165985], [128.57018256059004, 35.083527454713376], [128.5701651269219, 35.083767362924455], [128.57027494758722, 35.084020024782234], [128.57048229667075, 35.08410105318327], [128.57104998225464, 35.084102297752096], [128.57144859584534, 35.08415066766753], [128.57166049216417, 35.084281013494234], [128.57177777231624, 35.08444776467889], [128.571852440321, 35.084722258783515], [128.5717841101355, 35.08494129236906], [128.57221183912893, 35.08525907245486], [128.5723884346611, 35.08545338211557], [128.57278324447572, 35.08579350267572], [128.5730029476974, 35.086114809940746], [128.573546966922, 35.08655677009783], [128.57400822318397, 35.08658400774584], [128.5749635582979, 35.08677697109274], [128.57567144016426, 35.086693603430085], [128.57595841150106, 35.08668954241424], [128.5762562383157, 35.086718210809856], [128.57661948784025, 35.08681646426497], [128.57725629275492, 35.0870715370371], [128.57773669467355, 35.0873997566494], [128.57817301959966, 35.087571452003054], [128.57817208259672, 35.08771096231303], [128.57827802343726, 35.08773224293628], [128.57820432649325, 35.08819998293872], [128.5782844214008, 35.0882044697315], [128.57834067954337, 35.087780168857094], [128.5783902515033, 35.08778313631003], [128.5783988806883, 35.08774283216799], [128.57861851147743, 35.08777171588696], [128.5786480809506, 35.08762337412051], [128.57928914712116, 35.08764724079406], [128.57930792755732, 35.08834413975653], [128.57940488555488, 35.08834513408404], [128.579385810972, 35.0876434570747], [128.5797115014658, 35.08763436455508], [128.58023817443055, 35.08755683422239], [128.5807181735049, 35.087436981783476], [128.5809967247158, 35.08750027416178], [128.5810978148846, 35.087462350024914], [128.5813164510335, 35.08724799613598], [128.5816501775717, 35.08716823272251], [128.58195954623147, 35.08720291009181], [128.5822857489972, 35.08728207478596], [128.58241374033585, 35.08737084018305], [128.5825747925013, 35.08737576636582], [128.5837708820814, 35.08698610856195], [128.58378828302617, 35.0870467043489], [128.5829410529023, 35.08736293789063], [128.5833324533544, 35.088114236209144], [128.58314664213273, 35.08817561245176], [128.58257892492546, 35.08849746311617], [128.58242925817353, 35.08865083813962], [128.582387129135, 35.08883113645197], [128.58233732693395, 35.08887057851443], [128.58235946729027, 35.088980567469065], [128.58259096712752, 35.08898815221011], [128.58262860732134, 35.089047429519155], [128.58256577391862, 35.08971613953427], [128.58243721708317, 35.089985007463056], [128.58249650597654, 35.0900356518416], [128.5825222123317, 35.09029124756042], [128.58265462926707, 35.09051576545277], [128.58288415860721, 35.090773264773354], [128.5831065833437, 35.0910926856496], [128.58316484210144, 35.09120205058111], [128.58315951474682, 35.091287977353446], [128.58248005760615, 35.091434211016384], [128.5821009821759, 35.0914511127934], [128.5808642679142, 35.091662278341666], [128.58063199861283, 35.091657968511576], [128.5800669844074, 35.09149569720349], [128.57945060890344, 35.091546127801216], [128.57919460846378, 35.09141571433084], [128.5790742717706, 35.09125153706093], [128.57898014151075, 35.0911781560416], [128.5787130025223, 35.09109262509425], [128.57839476318642, 35.09092947374912], [128.57728279723634, 35.090625285295495], [128.5770333703365, 35.0905886858911], [128.5767489763011, 35.090614924151225], [128.5764833408013, 35.0899104191953], [128.57640491662713, 35.08994537194913], [128.57665901928831, 35.09066603293441], [128.57598151081925, 35.09106803471695], [128.57553566913992, 35.09116167665832], [128.57517080735482, 35.09113002147717], [128.57489514569485, 35.09105798361421], [128.57443556189958, 35.09104845812466], [128.57405102886406, 35.09114276856469], [128.57368387808572, 35.09127237417332], [128.5735037727135, 35.09129846572366], [128.57326365559487, 35.09128721964521], [128.57320685567632, 35.09109880677996], [128.57285070736125, 35.09116044149013], [128.5728986096427, 35.091345505090054], [128.57288283137467, 35.09139971103886], [128.5725753844659, 35.09167777078784], [128.57165597844983, 35.09223529953979], [128.57108635122975, 35.09267795460099], [128.57003847555342, 35.093168215709056], [128.5699379718741, 35.09306469936113], [128.56983902733364, 35.093176269521344], [128.56965734315642, 35.09322166881385], [128.5695789535406, 35.0932846013168], [128.56938217136224, 35.09332697752435], [128.56870562833026, 35.09343327793282], [128.56782368908588, 35.093480562077694], [128.56772275032034, 35.09350977271753], [128.56691471804848, 35.0935001130923], [128.56687903367475, 35.09347262210162], [128.56681420891394, 35.093174232553324], [128.56676506277654, 35.09318034555027], [128.5668175316742, 35.09345072235205], [128.5667802852535, 35.093521194228046], [128.56619206004504, 35.09370073118502], [128.56568655785958, 35.09378994038011], [128.56418542187293, 35.09377310636481], [128.56365487201217, 35.09383696261426], [128.56326316078653, 35.093931906116474], [128.56254904560285, 35.09421800223871], [128.5619418939644, 35.094422193936886], [128.56154417466917, 35.09449148674306], [128.5612208055133, 35.09451380651439], [128.56055496628537, 35.09443803286618], [128.5595385739297, 35.09465188170682], [128.55929796699422, 35.09465277233962], [128.55893786496523, 35.094601067273295], [128.55860290902845, 35.09465959165029], [128.5584383347279, 35.094353114678775], [128.5581826006324, 35.09446239235873], [128.558332457965, 35.09478668906069], [128.5573060028476, 35.09547837354519], [128.55725637228343, 35.09554069209077], [128.5570930315996, 35.09552392415259], [128.55689515934725, 35.09562227123086], [128.55558734287374, 35.0957886346639], [128.55560215175225, 35.09551715306242], [128.5555534210872, 35.09481880779705], [128.55595318110278, 35.09444471818955], [128.55589706819632, 35.09440668001348], [128.55553514029629, 35.0947437120296], [128.55547949357359, 35.0947643210362], [128.5552395285801, 35.09472958536133], [128.55523191614745, 35.09479456340109], [128.5554361250157, 35.09482841113536], [128.5554913602797, 35.095404681201295], [128.55546811391744, 35.09552545050587], [128.55533683123306, 35.095785353192554], [128.55459508377103, 35.09583056533784], [128.55397475149644, 35.09581569546815], [128.55397424984088, 35.0957606902731], [128.55381861228597, 35.09573934256431], [128.5538109000635, 35.09570969571071], [128.55373137360186, 35.095726680255616], [128.5538411179298, 35.094999913588616], [128.55376708071717, 35.09498576779833], [128.55365605682164, 35.095679641500084], [128.55325554760952, 35.095698455532364], [128.55323719516804, 35.095882427402714], [128.552840004322, 35.09592622017957], [128.5525071413353, 35.09600299744005], [128.55116501394141, 35.09641011930678], [128.55099257698762, 35.096506304886944], [128.5508665938944, 35.09665916018093], [128.55055439754517, 35.09673037536626], [128.55017299996243, 35.09675916293777], [128.54981551157465, 35.09674749858401], [128.54986530760803, 35.096241803062064], [128.54979187493052, 35.096237539220425], [128.54973586524883, 35.096700502092226], [128.54968968930993, 35.096733104432204], [128.5491128692104, 35.09669218385135], [128.5490382451011, 35.09665669032686], [128.54913621878603, 35.09625869118966], [128.54907620641487, 35.096246854802594], [128.54896898866562, 35.0966425705787], [128.54883932447143, 35.09671236600898], [128.54855666369033, 35.09664163083815], [128.54844361823328, 35.09655933852116], [128.54829808486832, 35.09635064663393], [128.5485432830573, 35.09620606107116], [128.54848400408497, 35.09613290302483], [128.54832005636624, 35.096212918259276], [128.54816081187192, 35.096072064390796], [128.54811179750934, 35.09587759397846], [128.54841027272886, 35.09549890159242], [128.54840432211375, 35.09491066020227], [128.54865336044162, 35.09445448967338], [128.54869437801395, 35.09424940337913], [128.54860970057285, 35.093995067165196], [128.5483013757391, 35.093584043341096], [128.5479591592973, 35.093306329073876], [128.54794228801745, 35.0932633981025], [128.5479798174707, 35.09317948629328], [128.5479565850172, 35.09312854388913], [128.54780249856316, 35.093052311434654], [128.54779328120912, 35.0930114981581], [128.54768195882681, 35.092945869394306], [128.54758308875415, 35.09290336198246], [128.5474426437916, 35.0928928409588], [128.54730595402015, 35.09274015569917], [128.5470467074654, 35.092767183783465], [128.54683074896795, 35.09283136363565], [128.54681943632073, 35.09287051302327], [128.54672296578917, 35.09286386920294], [128.54665390335578, 35.09289100363557], [128.54663241516417, 35.09293330475379], [128.54641556387966, 35.092989919278956], [128.54629930900433, 35.09312222147214], [128.54622303255107, 35.09332064854027], [128.5462037864908, 35.09349324086293], [128.54627305492238, 35.093698505410096], [128.546151251926, 35.09390938073907], [128.54621464181204, 35.093933036610096], [128.54630735179487, 35.09414509405742], [128.54644991734895, 35.094835041811265], [128.54657295932105, 35.09493312831719], [128.54666290975302, 35.09508807530084], [128.54667747302037, 35.09535895266937], [128.5467947700141, 35.095617836165346], [128.54737619877062, 35.09611714494829], [128.5474725102581, 35.09632599816329], [128.54747855622662, 35.09644632719375], [128.54741443357045, 35.09661482959539], [128.54723376631193, 35.09683812383462], [128.54691353514235, 35.097125507915436], [128.54568906720317, 35.09763998200599], [128.5454761637329, 35.09829007436458], [128.54553591946416, 35.09836207380386], [128.54579549737508, 35.09850397355769], [128.54597765791416, 35.09864977412908], [128.54605696323236, 35.09874695801418], [128.54612602733923, 35.09891647446762], [128.54599795682108, 35.09901401760569], [128.5459726696486, 35.098998003772465], [128.54592436348787, 35.099030255185255], [128.54593610145892, 35.099053599349666], [128.54537121290318, 35.099453861067985], [128.54546779709645, 35.09951520791315], [128.5461943774999, 35.0989972845392], [128.54650820394414, 35.09897863786456], [128.54697711551233, 35.09910031738197], [128.54746052531075, 35.09908042719813], [128.54757876548794, 35.09915384084882], [128.54769095684549, 35.09938730578562], [128.5478887697158, 35.09956522476911], [128.5479508417199, 35.10009460785065], [128.54802470739486, 35.100235729280925], [128.54817986090555, 35.1003486358711], [128.5480594592721, 35.10036196849335], [128.54797913491092, 35.100417012408236], [128.54759334547296, 35.10093567538444], [128.54743919569188, 35.100929474739], [128.54739698650803, 35.10096846368781], [128.5471330845615, 35.100977691780585], [128.54664361998084, 35.101221057942965], [128.546523188031, 35.101216173619555], [128.54653632899607, 35.10113696500983], [128.54649704036115, 35.101115555703345], [128.54631796981485, 35.10114312739859], [128.54631178010098, 35.10107653781946], [128.54625131565683, 35.10106657675699], [128.5461865145945, 35.10111100442013], [128.54609533068765, 35.101043242134054], [128.54596954751904, 35.101010736352286], [128.5459350998006, 35.10096682790668], [128.5459774235712, 35.100856192957245], [128.54576874320185, 35.10079252425704], [128.54564355585853, 35.100848216921776], [128.54557355436444, 35.10081190058337], [128.54546254753066, 35.10085383919287], [128.54534664284265, 35.100992025355666], [128.54531635644926, 35.10108351646828], [128.54525816708127, 35.101120180890426], [128.5452726247081, 35.1011710010316], [128.54520508069552, 35.101215473465395], [128.54511555134516, 35.101199750034056], [128.54498002198807, 35.10127666109573], [128.54481792646314, 35.101216237390325], [128.54475925313642, 35.10129866229104], [128.54463413245622, 35.10131446131466], [128.54460387110691, 35.10128690170397], [128.54462115656614, 35.10117843419352], [128.54459345558078, 35.10116769405658], [128.54455068869277, 35.101206084510466], [128.54447184720857, 35.101193222408746], [128.5443728875133, 35.101242065876605], [128.54437240804114, 35.10129685776012], [128.54429940591518, 35.10128316078182], [128.54407881884782, 35.10135677662799], [128.54383960524785, 35.101295051905005], [128.54372666974686, 35.1011865010615], [128.5436046858761, 35.10119473038164], [128.54355179580375, 35.10113633856142], [128.54333939211796, 35.10114692385635], [128.5433156167079, 35.10112273267181], [128.54313096613117, 35.101232562693404], [128.54308053821876, 35.101349935218586], [128.5428521217949, 35.10137429441899], [128.54276188944254, 35.10135090562072], [128.54268842455454, 35.10120401396262], [128.5426220734221, 35.10114987981714], [128.5425594079455, 35.101139793373896], [128.54249503309123, 35.101174515162604], [128.54220415669297, 35.10101743175274], [128.54187437491947, 35.10107916764057], [128.54172136831693, 35.101037686163544], [128.54157234687622, 35.10111437575749], [128.54145188630272, 35.1012828324673], [128.54143173284353, 35.101475302897335], [128.54179399175732, 35.10192363170183], [128.54260045553127, 35.102398328031974], [128.5427490946947, 35.10255048090576], [128.5427603139921, 35.10270344241627], [128.54284904662364, 35.10276763961099], [128.5429790237664, 35.102782326029875], [128.543083093934, 35.10288723890019], [128.5432391191707, 35.10316133541246], [128.54323341566035, 35.103202812980555], [128.5431704227756, 35.10320341276668], [128.5431661279473, 35.103234034633246], [128.54329425514055, 35.103273276685826], [128.543390238276, 35.10335979792393], [128.54351810138874, 35.103369688793904], [128.5435632678726, 35.10340907840389], [128.54367004131677, 35.1036236782006], [128.54369451075993, 35.103757586669744], [128.54381114924033, 35.10385931054073], [128.5440202136566, 35.10420744405354], [128.5444367024732, 35.10438022995189], [128.54442093537997, 35.10459642754659], [128.5447792649275, 35.104614959310176], [128.54479094514318, 35.10444588069231], [128.54513899342388, 35.104417237686654], [128.54568024702692, 35.10442794726027], [128.54575639093255, 35.104365597658585], [128.54604538188272, 35.10429610427177], [128.54671200537288, 35.10419060842734], [128.54699080052757, 35.10411568978021], [128.54725461298713, 35.104110682533964], [128.54737944477446, 35.104157946577644], [128.54759752222182, 35.104390671382276], [128.54792380706266, 35.104639655405066], [128.54798493578488, 35.104778086216264], [128.54796984567295, 35.105006497850525], [128.54804009201987, 35.10516613839459], [128.5481741194168, 35.10527450267712], [128.54842387857514, 35.10534802058561], [128.54847774865655, 35.10544063657742], [128.54851744739724, 35.105642752130684], [128.54849815952406, 35.10595639773652], [128.54852619471194, 35.106081214213404], [128.54862956009075, 35.106097156205486], [128.54857998876287, 35.106142147682206], [128.54859179793834, 35.10626008043204], [128.5486876650012, 35.10660954352134], [128.54874583905797, 35.106632058245076], [128.54871385861307, 35.106670905042655], [128.5487844097973, 35.107068729355035], [128.54877004760013, 35.10730258803149], [128.54871820933306, 35.10742607930273], [128.54853925970752, 35.10731453724445], [128.5483993377019, 35.10744480264462], [128.5483393549853, 35.10741218478834], [128.548272533561, 35.10747187657764], [128.54778881024674, 35.107118284207615], [128.54773559682494, 35.10718279205629], [128.5485158655912, 35.10772291056141], [128.54817507645998, 35.108124339350766], [128.54797035008198, 35.10802399456661], [128.54773967275023, 35.10824174899954], [128.5476560987169, 35.10818889731689], [128.54768865778777, 35.108142365315885], [128.54765076908228, 35.10811300237308], [128.5476015085581, 35.1081510352313], [128.54741014477534, 35.10803471171693], [128.5473788129232, 35.10807923312253], [128.54789718309456, 35.108420670486986], [128.54741313911552, 35.108955423853565], [128.54702533622597, 35.10919141209806], [128.54698360292707, 35.10924667204154], [128.54691825293799, 35.109242298887466], [128.5464837258556, 35.1093981584145], [128.54638751520773, 35.10935714757813], [128.5463304582929, 35.10940410349187], [128.54625258515765, 35.109418881486036], [128.5462367640029, 35.109467071990935], [128.54628154952286, 35.10952075356563], [128.54566377919625, 35.109978258829955], [128.54473772400013, 35.11045035842504], [128.54412900692054, 35.11062080671735], [128.54358861438433, 35.11071027026842], [128.54342949960997, 35.11070035105385], [128.54341721692862, 35.11059553949203], [128.54323886022982, 35.110597833860766], [128.5432382552256, 35.11064919857082], [128.54316195353886, 35.11064776695362], [128.54288978619283, 35.110607252189574], [128.54273715442918, 35.11054806277], [128.5425984342176, 35.11016031593173], [128.54238790772615, 35.11001333000755], [128.5421377707429, 35.109892062855934], [128.54194560361367, 35.1097220084936], [128.54188280652576, 35.109612527447204], [128.54187068858414, 35.109500315114246], [128.54197746053853, 35.1090769725056], [128.54199447729198, 35.10879134265709], [128.54194818512465, 35.108620081099595], [128.54177191582738, 35.10829255610091], [128.54179175540554, 35.108238333656665], [128.54166827944027, 35.108240606637374], [128.54130865391366, 35.10805205218865], [128.54128323249316, 35.108082566918355], [128.5411643834926, 35.10808921064264], [128.5410441925201, 35.108070746850736], [128.54096454116214, 35.10801556115289], [128.54050004912744, 35.10802015679579], [128.5400995010622, 35.107966763365404], [128.53972189594054, 35.10789825266789], [128.53948046402977, 35.10780273829134], [128.5393099457358, 35.10767611711245], [128.53930659235812, 35.10731122435392], [128.53926409591327, 35.10720870548712], [128.53918145083628, 35.10715937450482], [128.53921006442894, 35.107115100291715], [128.53916963115813, 35.10710404069316], [128.53918168831888, 35.107068483369765], [128.5391091616858, 35.1070419339403], [128.53910153098306, 35.10708217630063], [128.53887231793024, 35.10699523367739], [128.53884850739576, 35.10690908226349], [128.53856874919043, 35.10679182319942], [128.53847018222237, 35.10669148857953], [128.53841440945666, 35.10667364606912], [128.5382239679861, 35.10668239333233], [128.53823537698514, 35.10678136114478], [128.5381691743098, 35.106798333263754], [128.53821389066692, 35.106872702981704], [128.53819039656938, 35.10691353559825], [128.5381466788844, 35.106951830965265], [128.53805253520142, 35.10695991732909], [128.53805022771812, 35.10704428362731], [128.53795548642162, 35.10698880495269], [128.53790739389734, 35.107046399332944], [128.53790727662798, 35.10710984418339], [128.53786042527247, 35.10714573896253], [128.53786885146994, 35.10721717527013], [128.5378241072643, 35.107250860917475], [128.53779034963537, 35.10726420081006], [128.5377190695152, 35.10723019021423], [128.5376946756208, 35.10729043454213], [128.53762207909435, 35.107338161421275], [128.53754785785975, 35.10732177123906], [128.53752760640668, 35.1073769469129], [128.53734024902562, 35.10743213526716], [128.53723089739543, 35.10743298803821], [128.53705570927596, 35.10748913219998], [128.53695619328175, 35.10755477629082], [128.5369666106164, 35.107632911325815], [128.53688191417692, 35.1077503850554], [128.53689071965823, 35.10796218415494], [128.53677427824556, 35.10804544738704], [128.53666241733464, 35.108237422678904], [128.5363861512399, 35.10841603591892], [128.53632573254654, 35.108582500827815], [128.5362355577246, 35.108611991956295], [128.5362011959875, 35.10865776631278], [128.53619529164908, 35.10874158804639], [128.53612038733107, 35.10883445551299], [128.53605224154765, 35.10918406655429], [128.53600841655646, 35.10923538410022], [128.53602241831967, 35.109439333899054], [128.53592102174528, 35.109605813392584], [128.5360056753139, 35.109649068332544], [128.53593193642857, 35.10968480444731], [128.53599091100443, 35.109809850005604], [128.53630813979646, 35.11003496159573], [128.5364403152667, 35.11021307056445], [128.53670172078296, 35.11045459643076], [128.53670830344547, 35.11052780502152], [128.53677883402986, 35.11049083713508], [128.5371516717785, 35.11047504577286], [128.5373323075986, 35.11037621630832], [128.53741165508754, 35.11029298147952], [128.53751743696432, 35.10995964933219], [128.53746454322717, 35.10974422065649], [128.5374617409724, 35.109291115683526], [128.5375693204688, 35.109161343389665], [128.53766142722029, 35.10910853178073], [128.53773967281901, 35.108977450538134], [128.53803669228253, 35.10881119164035], [128.53810737670213, 35.10858734721663], [128.53850992086302, 35.108226768191074], [128.53880058705371, 35.108229090795746], [128.53894485921927, 35.10819974365682], [128.53916137856368, 35.108282039467724], [128.53926564647028, 35.108498274898736], [128.53927054967258, 35.10874169476121], [128.5392283178932, 35.10877710322459], [128.53923613424564, 35.10912518283592], [128.53931019682113, 35.109241612610816], [128.5395095273577, 35.10928779869173], [128.53964244166377, 35.10937020099811], [128.53981836439976, 35.10936756854655], [128.54014744990815, 35.109584539781316], [128.54043268977884, 35.10960294762884], [128.54044734108848, 35.10969535377792], [128.54075260834233, 35.10984713634953], [128.54086658179168, 35.10996891744901], [128.54086550266877, 35.109989501180934], [128.54068872652374, 35.10999346434932], [128.5406848856133, 35.11032604120738], [128.54055126272638, 35.11048243547117], [128.54052846101388, 35.11061431571362], [128.54043582187828, 35.11074694328591], [128.54028508718486, 35.11081859665987], [128.54017996808685, 35.11093888980396], [128.5396690414438, 35.11097387064255], [128.53944563580427, 35.11087423252724], [128.53908909241434, 35.11080331225045], [128.5388636340957, 35.11087539159999], [128.5388005892458, 35.11097386845991], [128.53870046656016, 35.111033598759455], [128.53862347985537, 35.11130144157862], [128.53864197328227, 35.111425925536565], [128.53875344036007, 35.11151577284204], [128.5390579693025, 35.11153632144525], [128.53929708673218, 35.11166269010158], [128.5393452208061, 35.11176187661615], [128.53934608541007, 35.11204304991957], [128.5394133251692, 35.11216186257754], [128.53941710303772, 35.112326966879394], [128.5394785997568, 35.11243558028187], [128.53954148616796, 35.112455234925896], [128.53971627390877, 35.11267646076163], [128.53959136112428, 35.1128650538618], [128.53929465050558, 35.11311096262638], [128.53911135349742, 35.113182832438696], [128.5390113180098, 35.11316059442532], [128.53889777802374, 35.11318928696947], [128.53876873292788, 35.113510381774816], [128.53874322907987, 35.113736569529735], [128.53869754463875, 35.113782706688234], [128.53868146894874, 35.114065969106626], [128.53863806566596, 35.114162861907694], [128.53859831502015, 35.11447148935363], [128.53887119600026, 35.11492662182117], [128.539260705442, 35.11530423922316], [128.53941791623757, 35.11536384990146], [128.5396868509581, 35.11556771165089], [128.5398464700894, 35.11579468287761], [128.5404439590805, 35.11625437137978], [128.5406465620015, 35.11631676467466], [128.54087971905628, 35.1162938257121], [128.5411159202853, 35.11675771832171], [128.5409470277503, 35.1169986901395], [128.54100051594924, 35.11702750456878], [128.54098398938748, 35.1171294583488], [128.54110995785504, 35.11730599392664], [128.54106149997446, 35.1180659115702], [128.5411076962569, 35.11811702389837], [128.54134016755424, 35.11809189161703], [128.54139694739973, 35.118168367209286], [128.5412193690668, 35.11825590370262], [128.54095679923353, 35.118322708229314], [128.54067524654386, 35.11831843377625], [128.54052150309545, 35.11830263452792], [128.53967338354525, 35.1180576020114], [128.53964604814507, 35.117885762450726], [128.5395816536028, 35.11787608978018], [128.53954369832323, 35.117059002706135], [128.53943527198155, 35.11706321289463], [128.53949841028415, 35.11778918066732], [128.53927932522154, 35.11782693531498], [128.53928777501335, 35.11815352925342], [128.53921927873733, 35.118202132617746], [128.5388958565781, 35.11794995455417], [128.53882689607767, 35.1179993389226], [128.5391351455239, 35.11825962528081], [128.5391485470659, 35.11830699624564], [128.5390778395922, 35.118664565125464], [128.53876098544333, 35.11946911081891], [128.5386960774084, 35.119589553913364], [128.53853465945926, 35.11976125109186], [128.5384427777726, 35.11995477516957], [128.5383655573497, 35.12018428929016], [128.5383859540239, 35.12029878605996], [128.53827758307173, 35.12030562947076], [128.53810306442648, 35.12040193197487], [128.53795994919722, 35.120501698233], [128.5378860049588, 35.12061554587638], [128.53771760474646, 35.120695260505684], [128.5371132019418, 35.120543639688265], [128.53741302573667, 35.11971373021126], [128.53664195574223, 35.11966270514123], [128.53667315943378, 35.11928228081536], [128.53662307194352, 35.1192829057807], [128.5365811840267, 35.11966032872448], [128.53587586590362, 35.11961803268832], [128.53583614349012, 35.11933174557052], [128.53585224794136, 35.1191307235063], [128.53562545961134, 35.11850251968566], [128.53563863481324, 35.11778475751153], [128.53556810880124, 35.11727320248625], [128.53552605521335, 35.11717574070411], [128.53544897009235, 35.11711946199664], [128.53514466196205, 35.11714727396955], [128.53495832939282, 35.11720902323559], [128.53479026593678, 35.117169087467445], [128.53459583089528, 35.117168413757184], [128.53461299795845, 35.11697362410015], [128.5345769863584, 35.116888200078094], [128.53426675992267, 35.11668022863371], [128.53409889660284, 35.11663430845975], [128.53398619031145, 35.11653287738133], [128.53392533829432, 35.11644457230613], [128.53382784377354, 35.116158962852175], [128.5335602582059, 35.11593391053951], [128.53431220393517, 35.11545862427854], [128.5345972747538, 35.11563919746105], [128.53464651222328, 35.11559191162106], [128.5344695651688, 35.1154833398181], [128.53462667115582, 35.11479261101], [128.5346684836289, 35.114797413492], [128.53467836992547, 35.114750483378096], [128.53463762570726, 35.114741295040936], [128.5346804676837, 35.11457044387035], [128.53546938867302, 35.11446356029604], [128.53544840922217, 35.11437540223329], [128.5345912748722, 35.114520374077514], [128.5344217485806, 35.114274310627614], [128.53436208500943, 35.114285665160544], [128.53376505768463, 35.11364897900206], [128.53432055119075, 35.11331862828283], [128.5342803362563, 35.11327467744929], [128.53375089787596, 35.1135852231517], [128.53345220853294, 35.11321060579308], [128.53319568212976, 35.11301618734704], [128.5324441878012, 35.113015772178606], [128.53223354095738, 35.11312376938656], [128.53182835184543, 35.11300986956895], [128.53174704945485, 35.112963063071405], [128.5316460507299, 35.112877641205515], [128.53158239333416, 35.11270371920743], [128.53159443617318, 35.112491019190855], [128.53176484677056, 35.112126474046896], [128.53181340002433, 35.11193198727781], [128.5317501308903, 35.11189903211457], [128.53176503862414, 35.11185078809784], [128.53168428690802, 35.11166458830984], [128.53169405311678, 35.111535246088614], [128.53163941797254, 35.111406708069026], [128.53157011682072, 35.111398688643376], [128.53154303421275, 35.11131030404011], [128.53130823558442, 35.111190743180316], [128.53117451319295, 35.1109817682693], [128.53074264588665, 35.11066137836693], [128.53047657785208, 35.11053817748267], [128.53027819301906, 35.11059888225278], [128.53016985857417, 35.110573143988006], [128.5298019636869, 35.11033152217033], [128.5295896085009, 35.10999534106212], [128.52939802153364, 35.10999380332227], [128.52916979849266, 35.10984215658727], [128.52912742206723, 35.10969801883697], [128.52921835831737, 35.109552154116116], [128.52931018681133, 35.109579360681124], [128.52946057481475, 35.10954968792664], [128.529500056019, 35.10958520875216], [128.52958685453936, 35.109554476314266], [128.52970920355204, 35.10956709206646], [128.5297293916118, 35.10948042439172], [128.52985344115754, 35.10930988209828], [128.53010728186686, 35.109235259156776], [128.5304207250682, 35.1091912621884], [128.53059615103535, 35.10908955653116], [128.53073377526434, 35.108936751161245], [128.53076973412763, 35.10878507527425], [128.53072295401938, 35.10870042677193], [128.5305896449899, 35.108628760534486], [128.53060351060364, 35.10858662805264], [128.53021608927776, 35.10827850326934], [128.53007581703585, 35.10806130163418], [128.53007276576727, 35.10796775499274], [128.53012554469964, 35.10785954510723], [128.530269704196, 35.10771415601478], [128.5302931261111, 35.107652260506086], [128.53036636091068, 35.10760867486499], [128.5303400034788, 35.107532362636356], [128.530379216631, 35.10751107071673], [128.53039858589077, 35.10733364331951], [128.53023512377678, 35.107088560675], [128.53015577727135, 35.1070196326374], [128.529751241164, 35.10685486525482], [128.5297459912966, 35.10681032545485], [128.52954690362395, 35.10673211875565], [128.52935439110522, 35.10656299734673], [128.5293130238856, 35.10649708244474], [128.52933601069168, 35.10648030899511], [128.52931062195256, 35.1064058836202], [128.52935916138014, 35.106353008186936], [128.5293642478755, 35.10615909326549], [128.5294036619433, 35.10613164689913], [128.5294076450911, 35.10601665806119], [128.52936387706652, 35.10591057754002], [128.52926858510443, 35.10583813609981], [128.52919992452965, 35.10571764524421], [128.5290439750649, 35.10561891890025], [128.52883171793755, 35.105576523842835], [128.52872609271554, 35.105576689886824], [128.52849490318962, 35.1056948960227], [128.52831808135733, 35.1057064299878], [128.52807877679427, 35.10568125248026], [128.52778899841488, 35.10556644456642], [128.52765941619717, 35.10547393806517], [128.52762573734083, 35.10536653605428], [128.52740726635366, 35.105059359027415], [128.52740835955885, 35.10499731424609], [128.5274466591497, 35.10498824155063], [128.52744500800662, 35.10493588602761], [128.52748720122878, 35.10491725678492], [128.5274870929403, 35.104801098000074], [128.52754564047297, 35.104717553496464], [128.5276401197253, 35.104704671921944], [128.52755218499738, 35.10464191026769], [128.52759062337674, 35.10463149645633], [128.52758181327906, 35.104605485561834], [128.52751418405802, 35.104573005963765], [128.5275063330292, 35.1045973565303], [128.5274174201071, 35.104584978073305], [128.52738237758425, 35.10467049636031], [128.52737805119887, 35.10455533991782], [128.5273406227092, 35.10451630062876], [128.52734743241814, 35.10456564952257], [128.52724414647764, 35.104552249415335], [128.52715800567225, 35.10448918733738], [128.5270950776822, 35.1044975056173], [128.52707442968926, 35.104534353651644], [128.52707183860264, 35.10447597204451], [128.52697548595322, 35.10442416455081], [128.52692101645172, 35.10447403980522], [128.5268471659483, 35.10442315065186], [128.5268048860015, 35.1044283832579], [128.52681745156812, 35.104463054588884], [128.52677683205525, 35.10444495930459], [128.52671888409216, 35.10446647366173], [128.52668570099377, 35.1044103690974], [128.52664718240504, 35.10445936074315], [128.52657022614935, 35.10439912927496], [128.52651796996642, 35.104411327877855], [128.5265746447983, 35.1045362607025], [128.52648571313637, 35.104557375493194], [128.52649380440258, 35.10458821473766], [128.52644967407872, 35.10459079211528], [128.5264733844101, 35.10463697011935], [128.52639808007663, 35.104680148960114], [128.52621417877037, 35.104713746163654], [128.52585361325788, 35.104698309925624], [128.52585554449547, 35.10472266416832], [128.52570142188796, 35.104769806087575], [128.5256435422439, 35.104837802722635], [128.5255810198091, 35.10484209349563], [128.5255018469908, 35.10489603449453], [128.525498267507, 35.10496467715313], [128.52536500650714, 35.105199103076295], [128.5250188610381, 35.10536701428293], [128.52487686018213, 35.10554555716614], [128.52476542807054, 35.10585651274067], [128.52447332309023, 35.10579536283936], [128.52435084440705, 35.105677870327504], [128.5242354314827, 35.105668717864575], [128.52418839301927, 35.10562447495578], [128.52410289427308, 35.10571351135657], [128.52403931249344, 35.105726329354944], [128.52395210498193, 35.105650524265606], [128.52388425800189, 35.10563691031682], [128.52380413875088, 35.1057435938232], [128.52361606945342, 35.10566350973256], [128.52340790238716, 35.105678455289684], [128.52325942063422, 35.10576579926953], [128.52308261103622, 35.10581667117852], [128.52298701682003, 35.105744178608454], [128.52284887901763, 35.10572244340515], [128.5226965973868, 35.10578005252409], [128.52263211668577, 35.105868320881875], [128.5225411950214, 35.10587086597091], [128.52245731701515, 35.10580379062527], [128.5224346510325, 35.10572757348855], [128.52238031308195, 35.10570147010806], [128.5222196232728, 35.105694681269014], [128.52199707696647, 35.10576387527774], [128.5218801192013, 35.105707954465146], [128.52164492928043, 35.10569986867329], [128.52089869476964, 35.10550019204096], [128.5207135650279, 35.105332989030885], [128.5202301090856, 35.10530029551785], [128.5199577844122, 35.105161021602164], [128.51982834231652, 35.105019643434424], [128.52009492200645, 35.104268012615776], [128.5204748454705, 35.10438058348923], [128.52114396078906, 35.1044991175356], [128.52116744656956, 35.104432883384256], [128.52050845608434, 35.10431429398414], [128.52011081533703, 35.104204196835106], [128.5201000823095, 35.10411559612043], [128.52020844260542, 35.1036033686271], [128.5202477450048, 35.10358987694267], [128.5208352267884, 35.10374328606196], [128.5215014266211, 35.10384318698449], [128.52151497075053, 35.1037652993696], [128.52072646780903, 35.10365525294926], [128.52030496210756, 35.10355452742541], [128.52002993729195, 35.103317130248904], [128.51984346644412, 35.103101084054074], [128.51957433583686, 35.10245200662314], [128.51959379797447, 35.101639869103316], [128.51971992225504, 35.10104417537646], [128.51959338436927, 35.10037013533857], [128.51960119807194, 35.10003441907181], [128.51950833916982, 35.09968823515162], [128.51941064289147, 35.099508451879096], [128.5193305587093, 35.09943904483868], [128.51928717466268, 35.09928931044153], [128.5191335214185, 35.09918801259324], [128.51898608553984, 35.098990487222096], [128.51897656800017, 35.09883876025473], [128.51892349828518, 35.09873566088923], [128.51872962321636, 35.09869183284534], [128.51860479365936, 35.09860749255519], [128.5182771263795, 35.09848002081143], [128.51816380260638, 35.098315602521026], [128.51808627004613, 35.098103916804895], [128.51783598007523, 35.09797282929635], [128.51759008266436, 35.097968965842774], [128.51743873710194, 35.09799634334327], [128.51684919915536, 35.09827572331224], [128.5165890357988, 35.098338298833475], [128.51639860714522, 35.09849886365493], [128.5162939006334, 35.09869962789244], [128.51626313726456, 35.09897970082527], [128.51631655424538, 35.09921083535617], [128.51657800761194, 35.099502382043994], [128.51656975554874, 35.09969066990112], [128.51648220343972, 35.09990463890888], [128.51636472395836, 35.100118874984474], [128.51629826447507, 35.10017379808016], [128.5161045188555, 35.10020581777452], [128.51582383786925, 35.100303881594485], [128.51575654779464, 35.10046638908798], [128.51549677411626, 35.10045980824218], [128.5154975053915, 35.10052337241704], [128.51572757993745, 35.10053504772779], [128.5155309817495, 35.10060236596875], [128.51539949470998, 35.100590555271346], [128.51536018062995, 35.10033231494866], [128.5152502480479, 35.10007923392727], [128.51525613160507, 35.09986364144148], [128.5149699791466, 35.09952975195397], [128.5146976678358, 35.09936917884773], [128.51392808641296, 35.099224104571334], [128.5137030678737, 35.09914257537559], [128.51351582150625, 35.09902032204482], [128.51350615505123, 35.098923556883385], [128.5132644821675, 35.09868633211929], [128.51293993820497, 35.09866544178689], [128.51284985927737, 35.09872903075224], [128.5127184387082, 35.09890551286372], [128.5126759326351, 35.099511361322854], [128.51245759862803, 35.09982001800419], [128.51246784216684, 35.09988262093911], [128.51251060487303, 35.09988406535907], [128.51257001818948, 35.09975688653526], [128.51263411121946, 35.099740651121195], [128.51265523671998, 35.09991151456387], [128.51211103317928, 35.10002257288292], [128.51210539276275, 35.09993496573867], [128.5118417053432, 35.099930434890474], [128.51183297593167, 35.09988076199442], [128.51143592700765, 35.09983304906293], [128.51114822475154, 35.09955817478298], [128.5110589413506, 35.099252766131094], [128.51086232378617, 35.09911924186823], [128.51068376807868, 35.099103955678224], [128.5097274269764, 35.0991997015023], [128.5097409437691, 35.09916758644161], [128.50969493892617, 35.09913967483542], [128.51013435814, 35.09851837688784], [128.51058640827065, 35.09811762256803], [128.51052808478843, 35.098068069902915], [128.51008665075577, 35.0984449230492], [128.5095496629615, 35.09920182032176], [128.50895336080106, 35.099186337924216], [128.50856790369235, 35.09926591587314], [128.50821817018965, 35.099233428466476], [128.5081127001754, 35.099183533652436], [128.5080047582743, 35.099208937097146], [128.50771835069088, 35.09912962575183], [128.50739318285315, 35.09879320024371], [128.50725518235137, 35.09872043241173], [128.50696867658772, 35.09845878377322], [128.50660463642092, 35.098361965488024], [128.50627988270466, 35.09835502969666], [128.50578511575827, 35.098523685137636], [128.50495786324038, 35.09824187183547], [128.50400129209368, 35.09832927708693], [128.50400308598267, 35.098413308930844], [128.50404365746894, 35.098436368879895], [128.50494828484125, 35.09833132055612], [128.50576133478094, 35.09861858248172], [128.50558265743135, 35.09905593232188], [128.50532546738305, 35.09917288010481], [128.50515740325488, 35.099312660197114], [128.505203814042, 35.09935498806589], [128.50536775698095, 35.099213124937265], [128.50563066008172, 35.0991084322237], [128.50560181510195, 35.099139510814744], [128.50566906425993, 35.09930951964249], [128.50558850263468, 35.099460436959895], [128.50537729593665, 35.09958158577746], [128.50515983672346, 35.09965050925878], [128.50512957040888, 35.09948458021882], [128.50506588893106, 35.099481806218726], [128.50504684217523, 35.09955882890036], [128.50460803438108, 35.099725807406706], [128.50417702290198, 35.098788209743354], [128.5040914037761, 35.09881514612078], [128.50439110566265, 35.09951391339845], [128.50438876830134, 35.099588743514964], [128.5044247061268, 35.0995836271839], [128.50453215462565, 35.09981174790505], [128.50452323197243, 35.09986580192896], [128.50432055261857, 35.09990722007229], [128.50398941933872, 35.09989990905859], [128.50382800522243, 35.0998395418029], [128.503684670111, 35.09985955207325], [128.50357559468526, 35.09997966103], [128.5033839626071, 35.100043890688305], [128.50332692516704, 35.100164151203735], [128.50302174186706, 35.10024578291029], [128.50271146730154, 35.10055481598735], [128.50240955207403, 35.10067189851877], [128.50223796924672, 35.100878388487494], [128.50213017549103, 35.100923941702824], [128.50204577115358, 35.10086964038736], [128.5019138552535, 35.10091574444856], [128.50177566966704, 35.101040914572636], [128.50171219263598, 35.10128883358543], [128.50156173918313, 35.101346325397635], [128.50155305609678, 35.10141430641204], [128.50166683776115, 35.10144989347965], [128.50166947847976, 35.10150091046717], [128.50060018739043, 35.101271052946885], [128.50059118404536, 35.10130337501624], [128.501040588005, 35.10141428138123], [128.50096200031984, 35.10173704175917], [128.50073972804373, 35.102071844517745], [128.5006600403548, 35.1023390376937], [128.5002912959929, 35.102589475341226], [128.50002684105215, 35.10269345523684], [128.49989881200074, 35.10270975693455], [128.49983377997876, 35.10268858621353], [128.4997319406277, 35.102609991516836], [128.4997369403594, 35.10250439939057], [128.4991436513412, 35.10208882363498], [128.49855767682186, 35.1016262124128], [128.49836614335504, 35.1015122825985], [128.4958163179848, 35.101019280861394], [128.4948788601241, 35.101120307275586], [128.49479227532998, 35.1011865196369], [128.49478195489803, 35.10128075982987], [128.49481733945137, 35.10133898867311], [128.4949177184471, 35.10137593099683], [128.49508229148816, 35.101370143983786], [128.4952570999918, 35.10128591830415], [128.49577081015426, 35.10122807137828], [128.4982507033049, 35.1017066512882], [128.499056970531, 35.10229757590857], [128.49679780682436, 35.10417214849805], [128.4953567763773, 35.10300096653365], [128.4953003869798, 35.10303721818646], [128.495137188343, 35.10262014938099], [128.49505264217652, 35.102635559730246], [128.49523080425962, 35.10310518930533], [128.49520071092994, 35.10313519457789], [128.49664037719336, 35.104312820383434], [128.49510113114545, 35.10557649688004], [128.49533056172754, 35.10577853320372], [128.49534079128142, 35.10583846426003], [128.49527564328227, 35.1059393617678], [128.49515192202423, 35.105971964306974], [128.49480635832066, 35.1058091886976], [128.49461294501663, 35.10566727126632], [128.49450712160044, 35.10554178947463], [128.49433805361897, 35.105454623072575], [128.49418535470517, 35.10531887570712], [128.49405542680668, 35.10509609950905], [128.4938679018328, 35.10488737832336], [128.49374040207948, 35.104686258293285], [128.49363513072467, 35.104423973345675], [128.49358944685235, 35.104200991157995], [128.49363368870078, 35.10384427645471], [128.49365594750043, 35.103784779537875], [128.4938474543165, 35.10365563333393], [128.49394071595376, 35.10342676921894], [128.49382833730942, 35.103275510005034], [128.4938285565566, 35.10317624739611], [128.49410280031705, 35.10224940006184], [128.49416227006355, 35.102256567668704], [128.49419838933673, 35.102104683291316], [128.49403489594232, 35.10207625854098], [128.49350013307418, 35.103725847655134], [128.49346727027537, 35.104069037607914], [128.4935513401001, 35.10456013336855], [128.4937124586212, 35.104879284150655], [128.4941262496672, 35.105356563828764], [128.4941133256621, 35.10546021898808], [128.49521987038312, 35.106166479054835], [128.495911310429, 35.10632259737511], [128.49604782184204, 35.10639383935513], [128.49605429717394, 35.10643437445332], [128.49588517023324, 35.10672200649257], [128.4954436321749, 35.10688824417875], [128.49465082843153, 35.10700241629656], [128.4946582068144, 35.106933465459406], [128.49481088548552, 35.10687545172423], [128.4947256292685, 35.10675947011163], [128.49464280553804, 35.106754267145355], [128.4944935612463, 35.10655486018346], [128.494553741401, 35.10665681916327], [128.49458108945615, 35.10681616723223], [128.49442472492365, 35.10688672265292], [128.49433430436574, 35.10688969873612], [128.49429790226353, 35.106953298996366], [128.49452326771666, 35.1069574825267], [128.49455764069708, 35.10697741081784], [128.49455239129506, 35.10701568880301], [128.49419887343922, 35.1070907755334], [128.49384463216225, 35.107114644423355], [128.49378984757908, 35.10703933966233], [128.49380251565248, 35.106800127794614], [128.4939421165065, 35.10676550559422], [128.49416442455004, 35.10657724544782], [128.49418420711416, 35.10648232545081], [128.49412232379416, 35.10645041208205], [128.49375295964694, 35.106731237992285], [128.4933081648654, 35.10682730229723], [128.49329274076277, 35.106870242346886], [128.4935170297808, 35.106892073470306], [128.4936369026858, 35.10695618156821], [128.49365742671904, 35.107046313172674], [128.49362493501073, 35.107123144921566], [128.49263768288984, 35.10718518440055], [128.49259101408984, 35.10716159983658], [128.49263784009884, 35.107081962164294], [128.49259906474143, 35.10698850113716], [128.49262289241338, 35.10694686832807], [128.4931135872284, 35.10692793728123], [128.4932501600852, 35.106864908844905], [128.49319490596477, 35.106802213167434], [128.49278798946622, 35.106784304594655], [128.49270969417512, 35.10674734565147], [128.4925427523094, 35.1068183946399], [128.49254205167105, 35.1067334583195], [128.49262928529652, 35.10668176113145], [128.49323379457024, 35.10664884844664], [128.49314585184652, 35.10661836536294], [128.49266673478505, 35.10661938087385], [128.4924875609052, 35.10666434870979], [128.49241343082656, 35.10675028900289], [128.4924559871224, 35.1068882928918], [128.49246135078351, 35.107105713046366], [128.4925040921466, 35.10720375284676], [128.49245515272136, 35.10719796077689], [128.49242789396112, 35.10713814815211], [128.49233243123962, 35.10718177037233], [128.49221148453844, 35.10717729800298], [128.4922080770786, 35.10700679257082], [128.49203415932968, 35.107014212156905], [128.4920137993159, 35.10697929973402], [128.49205131529223, 35.10684774928362], [128.49201530838678, 35.10682259487367], [128.49191805501368, 35.10692289673226], [128.49190150899574, 35.107079230509854], [128.49194350593513, 35.107100498377484], [128.49192899662194, 35.107135869266735], [128.49198473887523, 35.10715868193582], [128.49190872913996, 35.107211462617], [128.49087914870267, 35.10746871649997], [128.49058315654543, 35.10748069525094], [128.49030492457658, 35.107544387538944], [128.49024760016607, 35.10758360832739], [128.48962498016175, 35.10775284952328], [128.48932209523048, 35.107907850402626], [128.48839739299274, 35.10824193249298], [128.48778110244916, 35.108085325833805], [128.48785297247832, 35.10784960846995], [128.48770909609624, 35.10780998334183], [128.48766178555522, 35.10774512849295], [128.48770464775177, 35.10760027203547], [128.48764801116803, 35.10757820045113], [128.48755160739805, 35.10758209305822], [128.4874879919827, 35.108173781310605], [128.48743803493394, 35.1082204571886], [128.4871744381952, 35.108162458291844], [128.48650288052937, 35.107692370809026], [128.48603391990986, 35.10748299069847], [128.4859207863608, 35.10745891444689], [128.4858677516617, 35.10749971951722], [128.48603371838524, 35.10753057232309], [128.48609092033408, 35.10760052662363], [128.48608216477226, 35.10777017728023], [128.48557972687468, 35.10778967131188], [128.48546289927418, 35.107859625078554], [128.48537450981286, 35.107858628606394], [128.48522399557453, 35.108052889620545], [128.48502453925485, 35.10822953614552], [128.48492121405525, 35.108161469130145], [128.4847625497253, 35.10828748973441], [128.48473106160816, 35.10824690291795], [128.48462974812423, 35.10824298304332], [128.48451181045237, 35.10833388920001], [128.48462304695877, 35.108195805536965], [128.4845713345619, 35.108181154841276], [128.4844060730949, 35.108335476478416], [128.48432042679426, 35.10850662063154], [128.48411291795622, 35.10819753873313], [128.48411910375359, 35.10816627767144], [128.48497382511965, 35.10742844075512], [128.48648380188865, 35.10622626392892], [128.48660341241265, 35.10603533121143], [128.4866064124169, 35.10590333110068], [128.48649626391634, 35.10566460892929], [128.48539324337113, 35.103995147629696], [128.48539442703182, 35.10387853414841], [128.48529213090697, 35.10382205463893], [128.48523625563328, 35.10373569290203], [128.4851219209369, 35.103757056012604], [128.48509956260042, 35.10371441676516], [128.48543086387227, 35.10361005755643], [128.48553331291393, 35.10347927414688], [128.4855919863714, 35.10330370468991], [128.48552973763734, 35.10306193929676], [128.4856427384723, 35.10277948442739], [128.48565974002145, 35.102620132370504], [128.4854756387498, 35.101687232619284], [128.48524397254394, 35.10164820261706], [128.48503316094008, 35.10166018768753], [128.48476630208725, 35.10182987948345], [128.48467312209948, 35.10185915660936], [128.48420592545455, 35.10169402363867], [128.4840876969603, 35.10154018237805], [128.4840241857638, 35.10135866782672], [128.48404790076538, 35.101224167748754], [128.4839913131907, 35.101114060809884], [128.48402384600695, 35.10084708412217], [128.48385187780843, 35.100564480125485], [128.4836269661734, 35.10040405438974], [128.48336027343663, 35.100392714311575], [128.48321394559096, 35.100427252625714], [128.48305412389718, 35.100382395111666], [128.4830358368487, 35.10034166646059], [128.48310379203247, 35.10013985416093], [128.4830409203317, 35.10012337085117], [128.48295245416378, 35.10040866861929], [128.48247642222907, 35.10026899190055], [128.48225688347253, 35.10003648811618], [128.48223259081658, 35.09988744361245], [128.48214556539995, 35.09976564947733], [128.48198433613717, 35.099699325624194], [128.4817902438378, 35.09971321461223], [128.48163731584816, 35.09978031559353], [128.4809746015011, 35.09895707714631], [128.4808929376764, 35.09891737310745], [128.4805864035043, 35.098863275764835], [128.48054436827724, 35.098954206172046], [128.48087080093615, 35.09905303928939], [128.48132151461903, 35.09961479292521], [128.48125425553502, 35.09995852552289], [128.48137053545338, 35.09998227782264], [128.48119059134615, 35.10069367886173], [128.48109459739248, 35.10201873726467], [128.48117129831954, 35.102031865386074], [128.48109875157206, 35.102418894351466], [128.48102035487392, 35.102477443932166], [128.47965933935345, 35.102360726490446], [128.4796028375285, 35.10197143019352], [128.47968909201768, 35.10193812648538], [128.4795251176439, 35.100732922485754], [128.47999590623004, 35.100683847756095], [128.47999727681764, 35.10060805553736], [128.47937065519733, 35.100618112836294], [128.47933334045436, 35.10035829822412], [128.47923307036348, 35.10034666313385], [128.47921773106302, 35.100370429193674], [128.47787493941712, 35.09950642829083], [128.4778989430364, 35.099211546149654], [128.47785983696792, 35.09916105346153], [128.47790003836604, 35.09889370433664], [128.47940993121776, 35.09895159297866], [128.47944752478435, 35.09898471651214], [128.4798684586087, 35.09902864448845], [128.4799331058416, 35.09897468634621], [128.47992883587708, 35.09882818813327], [128.47988247540675, 35.098805827781774], [128.47786137589213, 35.09875925401979], [128.47734939302882, 35.09796098052634], [128.47736456475496, 35.09794154954083], [128.4772608080149, 35.0978858845782], [128.47714393158807, 35.09796295227773], [128.47735239867265, 35.09822899290012], [128.4777111631294, 35.09884603899366], [128.47764753310483, 35.09954384642081], [128.4775734901725, 35.09957997887797], [128.4772647364659, 35.09959679229671], [128.47693961101538, 35.099563581558805], [128.47637593473993, 35.099382166311884], [128.4762236091011, 35.09918133447985], [128.47637584382886, 35.098802764313724], [128.47596369634908, 35.09865811100267], [128.47614680102376, 35.09812756246825], [128.47605693777095, 35.09809776214604], [128.4760223832083, 35.09811787559934], [128.475731177438, 35.0989764288673], [128.47565569698324, 35.099031905652765], [128.47555043508484, 35.09904865663631], [128.4749599427992, 35.098815473793074], [128.4748497435404, 35.09856364113191], [128.47480127830093, 35.09852268136448], [128.47447592269285, 35.09849366406363], [128.47427695140613, 35.09842747994483], [128.47402994924607, 35.098505287351266], [128.47385178838164, 35.09861399206373], [128.47381245645516, 35.098851860508866], [128.47373179414, 35.09906824914086], [128.47361847589224, 35.099111148901564], [128.47317010514726, 35.09916433073457], [128.4730919538524, 35.099093820510646], [128.4727554046679, 35.09907413793738], [128.47224668252179, 35.0989105828542], [128.4722799321018, 35.09884328854173], [128.47205402118254, 35.098750367252514], [128.47209553639564, 35.09864423245104], [128.4720340396373, 35.098620928258775], [128.4719451120872, 35.09876453848162], [128.47160285622743, 35.0986726500188], [128.47131407020427, 35.098521677580464], [128.47134716102738, 35.098341425267975], [128.4711990147914, 35.09824442401981], [128.47089246153914, 35.09817429371153], [128.4707901854795, 35.098219311535445], [128.47070333005382, 35.09818302347024], [128.4706529694008, 35.09819633160443], [128.4705547856241, 35.09828857199086], [128.47039338113618, 35.09837160629309], [128.4702593483, 35.098571742307854], [128.47015910178183, 35.09857977606644], [128.47019965612068, 35.09868329321807], [128.4702992574279, 35.09874987002885], [128.47035576159658, 35.09885185283928], [128.47029416004222, 35.099048007969486], [128.47014698908433, 35.09907685667135], [128.47005175288479, 35.09900498979245], [128.47007879846188, 35.09906916813974], [128.4700395686832, 35.0990832110967], [128.46974478032982, 35.0990873114982], [128.46955772084485, 35.09905495475425], [128.46945430197405, 35.09899155113767], [128.46953980868798, 35.09896060318655], [128.469610295647, 35.09897914617851], [128.46960531856868, 35.0989433421898], [128.4694188105579, 35.09878015529123], [128.46925793744037, 35.09874716488994], [128.46903443503592, 35.09877383987552], [128.46862505743638, 35.09890233741921], [128.46844736634804, 35.09892732703705], [128.46835099790454, 35.09897964255748], [128.46807226167078, 35.09901350154507], [128.46804563983716, 35.09915709653053], [128.4680026103993, 35.09919704573922], [128.46802438177554, 35.099125555799326], [128.4679794305845, 35.0991267460679], [128.4678224223964, 35.099335928235035], [128.46748875048644, 35.09950088947304], [128.46728850102707, 35.099559183543946], [128.4673045055267, 35.09959739010195], [128.46777648053254, 35.09951620466581], [128.4678918613014, 35.09952923263139], [128.46800224771667, 35.09957825597031], [128.468111925752, 35.099760187872185], [128.4681117808495, 35.099855206824756], [128.4680428370258, 35.09999210119277], [128.46778426787898, 35.10039695381237], [128.46765549847376, 35.100515025851195], [128.46705068871952, 35.100761763169615], [128.4667545479334, 35.10078566273527], [128.46670226084058, 35.10038377113093], [128.4666297460421, 35.100386814545935], [128.46663742736678, 35.10065365035971], [128.46592667725807, 35.10104990205232], [128.4659869780836, 35.101152428311806], [128.46554194681516, 35.10125926882694], [128.4653185155271, 35.10139819988204], [128.46526531972773, 35.10150984092504], [128.46525675249492, 35.10181711151998], [128.46517879380895, 35.10232736832799], [128.46489927458492, 35.10242192959191], [128.4646155032893, 35.102752772791206], [128.46448284247026, 35.10283049678618], [128.46398205159085, 35.102648813968], [128.46390051010553, 35.10258632452851], [128.46380713733296, 35.102431057310234], [128.4638014249384, 35.10235701304458], [128.4638672048458, 35.10234091795716], [128.4638515492369, 35.10212740070916], [128.46376451775987, 35.10202032860315], [128.4636544988121, 35.102017327745536], [128.46345433675916, 35.10207411082486], [128.46302091946527, 35.10226685800107], [128.46275979024657, 35.102463611362126], [128.46248174740208, 35.10279903519796], [128.46240418220663, 35.103146424760254], [128.46247135919364, 35.103449018208636], [128.46244935246838, 35.10350677815551], [128.46213807431326, 35.10361116292896], [128.46197103033063, 35.10362803363126], [128.4612947671805, 35.10398295080403], [128.46123645554127, 35.10394543058979], [128.46116114676335, 35.103790773716334], [128.46111162873325, 35.10379740417254], [128.46109807173016, 35.10376544411507], [128.46091760329293, 35.10379534275329], [128.460942282911, 35.10388033295133], [128.4610339798833, 35.1038664180058], [128.4611292303671, 35.10403239350614], [128.46108544927617, 35.10449671180138], [128.46061304663579, 35.10488205832496], [128.4602862287849, 35.10519861084176], [128.46003073373194, 35.10550271706393], [128.45965774986323, 35.105831373434604], [128.45944596257883, 35.105861380784226], [128.45925847355926, 35.10595891926782], [128.4591527178489, 35.10606513061777], [128.45892318673978, 35.10617076473521], [128.45858122506755, 35.106451415562], [128.4582246169849, 35.10650819357888], [128.4580822831883, 35.106565794741584], [128.45810929148882, 35.10652873481432], [128.4583650055606, 35.10643309870462], [128.4586038244353, 35.10638081343537], [128.4589398630728, 35.106017375182354], [128.459236916837, 35.10575043086347], [128.4589675746666, 35.1055716801597], [128.4591244305656, 35.10541437373096], [128.45909010272135, 35.1053905847541], [128.45878067292944, 35.10570193181525], [128.45860158359844, 35.105581862252414], [128.4589115239766, 35.10527099490522], [128.45888551646732, 35.10525151142415], [128.45962894089354, 35.10451020962591], [128.45960892685076, 35.10447980813344], [128.45956890943387, 35.10448235206071], [128.45883645094267, 35.10522454599187], [128.45846497218247, 35.10497907562129], [128.45921327510902, 35.10422924929109], [128.45916813456654, 35.104200950894075], [128.45911627877987, 35.1042459576371], [128.45859084840475, 35.10477045462622], [128.45847212814817, 35.104411025717575], [128.45843702005294, 35.10436974009809], [128.45834551269385, 35.104348668892875], [128.45826005300162, 35.10412884536471], [128.45821313400467, 35.10414946087924], [128.4582701629827, 35.104390127123864], [128.45793354205978, 35.10462791920893], [128.45675605944697, 35.10495962288555], [128.45626734707702, 35.104994650254824], [128.4559017805212, 35.10509156298883], [128.45555811169746, 35.10531615202945], [128.45542648905567, 35.10523948580736], [128.4553293224506, 35.10530354991137], [128.4549347314652, 35.1051400652312], [128.45607389898734, 35.10479009221207], [128.4563404016602, 35.104810306815054], [128.4563377094044, 35.10471546531204], [128.45606539459848, 35.10468045839862], [128.45479286734508, 35.1050646421613], [128.45456080450785, 35.105075730013404], [128.45427291445677, 35.10514137788346], [128.45405202957056, 35.105522277134625], [128.45372314336674, 35.105743188421854], [128.45324027788251, 35.105763923616614], [128.45311308130442, 35.10550730128767], [128.45347744566655, 35.10541241894855], [128.45393690413357, 35.10533528623644], [128.45406710606764, 35.10527790803445], [128.45405843994908, 35.10520896842058], [128.45291605018292, 35.10545134974401], [128.45201536113566, 35.10547261898195], [128.45185132847584, 35.105526859473635], [128.45149453373745, 35.10573607442609], [128.45132576871708, 35.10577330047385], [128.45124113066055, 35.10585094699205], [128.4510125413633, 35.1059098532885], [128.45055090706543, 35.10610591718564], [128.4504741637452, 35.10592594728538], [128.45069168424908, 35.10571073317061], [128.4507673835919, 35.10554267474697], [128.45075994775408, 35.10537592655464], [128.45066722377828, 35.10517943515817], [128.45078574415496, 35.10453871424416], [128.45136243821275, 35.10431299360215], [128.45160753851732, 35.104152932143755], [128.4525673807045, 35.1031217960544], [128.4508309725919, 35.100704864743065], [128.4507804245334, 35.10069508294267], [128.44977754724812, 35.10095401145761], [128.44953943600459, 35.101151613043854], [128.44929520757137, 35.10129504904903], [128.448749125741, 35.10144341162256], [128.4486532891635, 35.10154279892016], [128.4485203075361, 35.1015492856368], [128.44843827444487, 35.10151429097315], [128.44851153763068, 35.101437983304784], [128.44869560067727, 35.10138541741788], [128.44863339166363, 35.10111577506438], [128.44875182174908, 35.10107329315651], [128.44889692356782, 35.10092531420071], [128.4489308105444, 35.100771174287615], [128.44891358611454, 35.10069552773353], [128.44831315095388, 35.099814812595696], [128.44802157018216, 35.099485481362215], [128.44775065543965, 35.09876484130834], [128.44749542537255, 35.09841795361163], [128.44725758182247, 35.09825803324444], [128.4470478670102, 35.0979280742644], [128.447104008835, 35.09785176951503], [128.44728852730262, 35.097806938713354], [128.44817829886676, 35.09711331754266], [128.4483138365422, 35.09689255227644], [128.44831272286925, 35.09632057367881], [128.44847720701827, 35.096092413381434], [128.44865002404066, 35.09596712792594], [128.44986622079364, 35.09546847977376], [128.4501980788966, 35.09526272734211], [128.45067214886657, 35.09492050305386], [128.45086500426564, 35.09463820697542], [128.4510344903791, 35.094568848900984], [128.45153040451365, 35.09410103780368], [128.45193676561726, 35.093774609152476], [128.4532768184346, 35.09284629582461], [128.45408745501715, 35.09220792125466], [128.45419194540227, 35.09227672548623], [128.4542263238486, 35.092263836708014], [128.4544940080776, 35.092080578826234], [128.45444890499869, 35.091981434455896], [128.45476045116104, 35.091831227407816], [128.45535625092887, 35.09165730192688], [128.45592227584874, 35.09154440908186], [128.45602199524407, 35.09175856532397], [128.45609884234372, 35.09174627349071], [128.45604994102257, 35.09150702299655], [128.45700501209612, 35.09128733566867], [128.45807203583513, 35.090913170035094], [128.45842534627255, 35.0908550429707], [128.45952738872234, 35.09075963839977], [128.459942598007, 35.09058371473952], [128.46033694817433, 35.0902488485344], [128.4609233478356, 35.09072492274709], [128.46099561081942, 35.090655865066346], [128.46047924779268, 35.09020714544418], [128.46049991188568, 35.090149749847036], [128.46045313456068, 35.090110990769894], [128.46053692003238, 35.08982391144336], [128.46078639821636, 35.08943584126016], [128.46085989714038, 35.08947709893049], [128.4609554309778, 35.08967753533932], [128.46170475624308, 35.09014826225718], [128.4617423107583, 35.09039279591948], [128.46184558874947, 35.09038622390617], [128.46180343071825, 35.09009814283869], [128.46108789389788, 35.08966317292249], [128.4610210477468, 35.089551475139224], [128.4615250208238, 35.08901523514531], [128.46136952987231, 35.08890090963884], [128.46136552428615, 35.08886077302305], [128.46223360982867, 35.08831921704423], [128.46243128880002, 35.08814274058627], [128.4627002674082, 35.08777044811543], [128.46292621706874, 35.08757206801868], [128.4631079695989, 35.08746749668216], [128.4637807710798, 35.087240923517605], [128.4641540822485, 35.0869067820687], [128.4652928509456, 35.08567577640311], [128.4658919777343, 35.08537144310369], [128.46615055130152, 35.085283147493065], [128.4663272834117, 35.085337025254184], [128.466668079545, 35.08532549936264], [128.46702089219878, 35.08535640026479], [128.46736360369962, 35.08546696005339], [128.46743401992148, 35.08544096886857], [128.46829679480763, 35.08536407334232], [128.4685950715634, 35.08516781203869], [128.46917768276296, 35.08458202100002], [128.46958025380084, 35.08424705383242], [128.46969903499655, 35.08418031326876], [128.4699946979845, 35.084047259705024], [128.4703472919636, 35.08393373124871], [128.47058171943323, 35.0837999039149], [128.47101050524623, 35.083720491243625], [128.47148207167464, 35.0835551281257], [128.47176490547795, 35.08340831231836], [128.4721199313995, 35.08329033015973], [128.472539201564, 35.08303117390774], [128.4728173503877, 35.083001540456294], [128.47311064226585, 35.083021337971985], [128.4739295018456, 35.08277275454894], [128.47418286300658, 35.082766353367035], [128.4742874087951, 35.08280900178659], [128.47441356695356, 35.082778840129635], [128.47472007576357, 35.08281851073739], [128.47537204200373, 35.0827674048503], [128.47602585409933, 35.08258899485098], [128.4760314060173, 35.08239095410259], [128.47624173054834, 35.08234027774597], [128.47614658835383, 35.08220694657731], [128.47616783159248, 35.08216204827806], [128.4763180737184, 35.08208509157586], [128.47679035362933, 35.082050661419586], [128.47727005182045, 35.0821064772054], [128.47759799184965, 35.081929988538576], [128.47779426176118, 35.08187904229775], [128.4785678532902, 35.08183884437102], [128.47889802082892, 35.08177219397069], [128.4790704144467, 35.0817045570329], [128.47921889498863, 35.08154217614536], [128.47928273638553, 35.081307158862636], [128.47936713900944, 35.08115080997367], [128.47966140041248, 35.08079964245585], [128.47978654866608, 35.08042436629483], [128.47979231047916, 35.080278217581444], [128.47963339858072, 35.079829254827295], [128.4796026970525, 35.07953693781865], [128.47955880500885, 35.07942816298277], [128.4795252862183, 35.07892580981746], [128.47933608739203, 35.07879348245438], [128.47926895275256, 35.07839936146486], [128.47843111440824, 35.078121771895006], [128.4783691248465, 35.077950377935885], [128.4783596663531, 35.07765349967677], [128.47829652346442, 35.07748284353186], [128.47819203806552, 35.07733329211678], [128.47817504691335, 35.07722808320088], [128.47809491167857, 35.07724447844343], [128.47791681329272, 35.07716570786063], [128.47692965066204, 35.07724956852784], [128.47641248753754, 35.07685835979654], [128.4763156822064, 35.07686534101391], [128.47623018536362, 35.0767467305898], [128.4762521771364, 35.07647142692167], [128.4765470660154, 35.076130081059254], [128.4763258636962, 35.076043747384986], [128.4762331649035, 35.07589963567317], [128.47610913250958, 35.07585205834626], [128.47558295620692, 35.07576462322451], [128.47503733393, 35.07577341162464], [128.47390723155965, 35.07562235101226], [128.47282100427532, 35.07614161449634], [128.4724865861683, 35.07691084178793], [128.47286459345673, 35.07771338704022], [128.47176103489335, 35.07983677852066], [128.47102420440675, 35.08102574232164], [128.47094027513924, 35.081375380154526], [128.47007771796922, 35.08156936938009], [128.4696303899821, 35.081635118515415], [128.46833538802284, 35.08164368860657], [128.4681689299501, 35.081504980202595], [128.46795625712986, 35.081407638425475], [128.46781869617374, 35.08127183312225], [128.46717816566877, 35.08080097857474], [128.4668355613506, 35.0804947778691], [128.46646222755078, 35.08026953660556], [128.46624707981206, 35.079979163624685], [128.4660170354764, 35.079910215701865], [128.46581902506665, 35.079805543389206], [128.4655704682129, 35.07958614745619], [128.46532738656393, 35.07885242572845], [128.46525652994777, 35.078772072222726], [128.4651269378441, 35.07848994459819], [128.4650055233867, 35.07766072601898], [128.46492177009637, 35.077438109071174], [128.4649337642002, 35.07715109623671], [128.46483010440036, 35.076048450280275], [128.46487461183042, 35.075941880802915], [128.464895222686, 35.07565020974747], [128.46494870768296, 35.07551376437544], [128.46494099695656, 35.07537811971166], [128.46487899190961, 35.07522407436402], [128.46494177017098, 35.075058295232495], [128.46489125108857, 35.07477044879629], [128.46486302472167, 35.074146691767716], [128.46475900723428, 35.073873057686775], [128.46434666637046, 35.07355371459544], [128.46436003752865, 35.07352566130612], [128.46404929945572, 35.07341604466484], [128.46400995850507, 35.07348161086087], [128.46305306510095, 35.073261309640884], [128.46306710275843, 35.073210975856334], [128.4628104554359, 35.07307040786155], [128.4629441818219, 35.07293156973884], [128.46280890771223, 35.07283836489812], [128.46266781016428, 35.07297266637573], [128.4625732139683, 35.07291400850989], [128.46252745803523, 35.07295659960604], [128.46240690705227, 35.07283643956518], [128.46216174125314, 35.072439502582576], [128.4621516236976, 35.07241513984427], [128.46221902452564, 35.07238777440993], [128.46208987922162, 35.07213238906729], [128.46199661321992, 35.07215555394662], [128.4619364985835, 35.072026762714565], [128.4617898665322, 35.07185371738771], [128.46148235821346, 35.07166629407535], [128.4612352569259, 35.0716092318299], [128.46084084006011, 35.07159412876783], [128.46008689200877, 35.07174007813207], [128.45984481261476, 35.07182820671681], [128.459368285211, 35.072092309650486], [128.45839275743927, 35.072698429458576], [128.4572528777519, 35.07317513707967], [128.45675592271897, 35.07327067220602], [128.4563932232424, 35.07328216225337], [128.4555976991873, 35.07346093929957], [128.45393902973035, 35.07372562887494], [128.45351902564863, 35.073879799142794], [128.45327575769264, 35.074007407254605], [128.45307962817088, 35.07400338716247], [128.45309609342294, 35.074100914438894], [128.453051499323, 35.074179953618106], [128.45299561025783, 35.07418693007895], [128.45300205831612, 35.07412834347091], [128.45305041445593, 35.074087975296436], [128.4530274491494, 35.07403474504289], [128.452925936668, 35.07412618787434], [128.45277788132543, 35.07419474530533], [128.4524387011326, 35.0742515146325], [128.45218252974445, 35.07424430917692], [128.4518701041882, 35.07417940733652], [128.4519598838812, 35.0738735651433], [128.45186759720815, 35.073852472228424], [128.4518295455512, 35.07387502821766], [128.45173646768134, 35.07415719797216], [128.45161202247797, 35.07413158549237], [128.45143648740435, 35.0740399696179], [128.45127096687827, 35.073908500457215], [128.45120083734383, 35.073837071280515], [128.4512219755643, 35.07377814951867], [128.45108300869038, 35.07364850061322], [128.4509793187392, 35.07365564722897], [128.4507491525243, 35.07348544717334], [128.450353257131, 35.073261081603945], [128.44956416740368, 35.07300111057817], [128.44908361159102, 35.072951388521865], [128.44875333485263, 35.07287194415787], [128.4480343088096, 35.072515416408216], [128.44760522220164, 35.07221038072033], [128.4474238788614, 35.072142340265174], [128.4472889724827, 35.072002268603306], [128.4467416806946, 35.0718254249552], [128.44642078679215, 35.0717649554615], [128.44623030051136, 35.07168266569109], [128.44610257072998, 35.071692430250735], [128.44561070290308, 35.071892214773875], [128.44431497070974, 35.072161352421766], [128.4440116587882, 35.07216775155617], [128.4435577683694, 35.07205648583477], [128.44295300968727, 35.071989966683304], [128.44235420088913, 35.07207704472953], [128.44215650157128, 35.072143466488036], [128.44214882832637, 35.07205537852542], [128.44178354646658, 35.072053593642664], [128.44178260951657, 35.07207743263026], [128.4416942353275, 35.072077255056925], [128.44173867051165, 35.0719681515676], [128.4417958474264, 35.071425329152774], [128.441488655407, 35.071167983781095], [128.44108056023887, 35.07114648088693], [128.44106228274512, 35.07129944776656], [128.44139262138927, 35.07130696313421], [128.44160042037112, 35.07148313562719], [128.44154417712463, 35.072073842259385], [128.441168668009, 35.07197723276898], [128.44079858950946, 35.07176753938394], [128.44070555588112, 35.071746279609705], [128.44044635700124, 35.07130237255934], [128.44034287477942, 35.07124867851206], [128.4401272670717, 35.07130930990235], [128.44008998269513, 35.07137944397952], [128.4402521141642, 35.071642568575335], [128.4405080802072, 35.07188749409523], [128.44050008271284, 35.07192651461364], [128.44026303551345, 35.07201486100325], [128.44017256228196, 35.071896122508086], [128.4401469787445, 35.07189994383495], [128.43984661213636, 35.07204341376676], [128.43984062337702, 35.07214478148908], [128.4397860078411, 35.072087949095106], [128.43957179213996, 35.07225551298678], [128.43940029553568, 35.072334275209016], [128.4393727289942, 35.072296192078596], [128.43945576962327, 35.07217893843689], [128.43935266802967, 35.07208116951345], [128.4393465238389, 35.07191023467392], [128.4392070277175, 35.07177288190156], [128.43904078656408, 35.071718291363034], [128.43875680198425, 35.07143670939458], [128.43905086679888, 35.07116978077427], [128.43923740618118, 35.07094776434321], [128.43946882188177, 35.0708344524487], [128.43978253544952, 35.07084584482886], [128.43999117180525, 35.070781251951615], [128.43997855033538, 35.070921669287465], [128.44004538751867, 35.07103033171493], [128.440119051499, 35.07105276287244], [128.4403337771929, 35.07103787215564], [128.4404185537124, 35.070903708488295], [128.44046249299143, 35.0704737656202], [128.44058380012913, 35.07015459430327], [128.44048090178913, 35.069937153947365], [128.44048160863142, 35.0693257578952], [128.44030135030616, 35.06923038598436], [128.44028303449846, 35.06917873658831], [128.4402486924459, 35.06918191710546], [128.43971460950144, 35.06857059196631], [128.43965743092065, 35.068437855016775], [128.43971246889853, 35.06824664309189], [128.4396624143462, 35.06800726367443], [128.43944127307566, 35.06772040274984], [128.4390852729119, 35.06698248239158], [128.43888779418882, 35.066772569753475], [128.4386902849148, 35.06665875221622], [128.43854630775442, 35.06664084253989], [128.43841194647445, 35.06669976547232], [128.43774108945382, 35.066630434730385], [128.43755793806147, 35.0666384186042], [128.4372731172513, 35.066726989557964], [128.43641298354936, 35.067118512143246], [128.4362032659473, 35.06713204071952], [128.43600313931645, 35.06709612001463], [128.4357083684488, 35.06694738621588], [128.4355848585877, 35.06680745130636], [128.43550873403518, 35.066628529458185], [128.43552028477004, 35.06642055863555], [128.43567862163027, 35.06598262200327], [128.43569436632612, 35.06551409619121], [128.43566105550758, 35.06533632827599], [128.43521588826124, 35.064421017348565], [128.43504833250174, 35.06368125965427], [128.43498490844266, 35.063530913297335], [128.43433289532874, 35.06271885180028], [128.43417354375163, 35.0623838141802], [128.43407269486346, 35.06194938113522], [128.4340277490775, 35.06142979974026], [128.43411092000213, 35.0614047251414], [128.43409497578472, 35.06132740504692], [128.4340069903111, 35.061327606512066], [128.43386292180918, 35.06103614678084], [128.4337226728484, 35.060886073737045], [128.4335988266508, 35.060796774688704], [128.43332664967355, 35.06067696570766], [128.43297712063458, 35.06063205792527], [128.43215757994963, 35.06068817397061], [128.43161013920053, 35.060656099322514], [128.43145416087046, 35.06062885959869], [128.43134318379316, 35.06054927163058], [128.43142427236018, 35.06026594256086], [128.43137783920673, 35.06027232964612], [128.43127258174022, 35.060537204428364], [128.43100359230144, 35.06051039893505], [128.43053650808082, 35.06031253925458], [128.43083957109803, 35.05945882495917], [128.43084734939356, 35.059252558553865], [128.4307350718274, 35.05920290721401], [128.43073968337197, 35.05915587731223], [128.43113481968504, 35.05921450795035], [128.43156410485332, 35.05948782095437], [128.43158954922018, 35.05945313031379], [128.43125905233433, 35.059234956827495], [128.4312603568635, 35.05918933730112], [128.43147241226552, 35.05914254857403], [128.4316282035768, 35.05905453334889], [128.4318854928314, 35.05902640599356], [128.43205800179302, 35.058882764290736], [128.43208037154977, 35.05871150849259], [128.43219494805945, 35.05856689068145], [128.43212263260014, 35.05825843750924], [128.4321173721772, 35.05787028038199], [128.43199216014355, 35.05758689310831], [128.43147663996504, 35.05736287391531], [128.43115280105846, 35.05729764303008], [128.4305232266051, 35.05742982791421], [128.43031411924503, 35.05732782532872], [128.42974732887023, 35.05693683735483], [128.42955881297962, 35.05673458746386], [128.4293791319978, 35.0564442713512], [128.42885968383555, 35.05606580698785], [128.42861200019584, 35.05576310893011], [128.42843780984163, 35.05548481218008], [128.4282156261757, 35.055340006912395], [128.42811515493574, 35.05523340721837], [128.42794249081595, 35.055154509770816], [128.4273787714414, 35.05503396126023], [128.42721427779617, 35.055064677124214], [128.42687402897815, 35.05535069476226], [128.42642049127696, 35.055852970125244], [128.42619949338103, 35.056039786653464], [128.42610949656265, 35.05605559342495], [128.42596685469053, 35.05600061135869], [128.42537903193877, 35.056187773448215], [128.42529920687014, 35.05631791094256], [128.42511508464221, 35.0564412912666], [128.42506626550835, 35.05651754846761], [128.42470815171143, 35.05682639739514], [128.424411995692, 35.05697210365372], [128.42412371991105, 35.05702118298836], [128.42388341229298, 35.05701532027811], [128.42377898647516, 35.05688501809379], [128.42358856049285, 35.05644815397137], [128.42323647071208, 35.05632197478279], [128.42313046974252, 35.056321037647336], [128.42291706878484, 35.05693778921898], [128.42273584795808, 35.057669985818094], [128.42270631228953, 35.057686159686334], [128.4226932323321, 35.057986384002064], [128.42271200772063, 35.05804423281794], [128.4228483969814, 35.05814490556647], [128.42284758442523, 35.05820113786539], [128.42259992598304, 35.058359215307895], [128.42267150495866, 35.0583500037538], [128.42285327777094, 35.05840713374199], [128.4229549696419, 35.058492653151994], [128.42335534353964, 35.05904469232707], [128.42334017016884, 35.059058852636376], [128.42319064228224, 35.058893380957066], [128.42316323987075, 35.05891809218095], [128.42317867391924, 35.05922595953626], [128.42313835563652, 35.059451367378955], [128.42320956496224, 35.05951658874171], [128.42342203698934, 35.05988455907111], [128.4234079425765, 35.05993553459745], [128.4235238712215, 35.06008708443699], [128.42347539645908, 35.06038744473749], [128.4235898985224, 35.060930065043564], [128.42451928697832, 35.06295896525399], [128.4245915042914, 35.06318692759937], [128.4246208881015, 35.06352593098171], [128.42453966097702, 35.06422649135109], [128.42464359170393, 35.06435219236599], [128.4247029606425, 35.064369998158995], [128.42499341301252, 35.06494263782671], [128.42531727427163, 35.06538131502673], [128.4254893047784, 35.06596782131801], [128.4254394042633, 35.066310748416505], [128.4254713827281, 35.06654029209421], [128.42544942948862, 35.06656114627001], [128.42558241008936, 35.06699033506949], [128.42572526792617, 35.06784463116166], [128.4258121571532, 35.06805925000008], [128.42623176761288, 35.06841291306218], [128.42610300735407, 35.06933140197598], [128.42649668107796, 35.06959677075125], [128.42663129000374, 35.069821899679134], [128.42667969702777, 35.07022323960432], [128.4270417721543, 35.07106250065502], [128.4274543277963, 35.071299508748275], [128.42768393087505, 35.07151185427256], [128.42701061646568, 35.072403302086194], [128.42647976384353, 35.07255987822846], [128.42623288729823, 35.073622497492664], [128.42633210416093, 35.07383774199905], [128.4261391332564, 35.074336796953304], [128.4259006841673, 35.07455452533367], [128.4258458311655, 35.0747565779385], [128.42509468066092, 35.07582259172759], [128.4254592242832, 35.076382645903706], [128.42548879779335, 35.07863390992145], [128.42528824103178, 35.079257943389436], [128.42555388260323, 35.08004886955972], [128.42574902384334, 35.08102901946911], [128.42617865511883, 35.08132232144951], [128.42662893113263, 35.08148816508867], [128.42737909170475, 35.082066409124316], [128.427735705233, 35.08247215474185], [128.42812997076206, 35.08315172703381], [128.42800183473645, 35.08350115550284], [128.42800062938133, 35.08417921306874], [128.42827819492985, 35.08460191035579], [128.42743356482495, 35.085610854619745], [128.42704387563126, 35.0864645439172], [128.42628216473832, 35.08701660769636], [128.42513141756973, 35.08732165080614], [128.42472832792257, 35.08740268580641], [128.42421511566127, 35.08777539571756], [128.42323644665223, 35.088311770722505], [128.4223454487333, 35.08815472163439], [128.42133614501316, 35.0881201706483], [128.42066062115313, 35.0879896314741], [128.41996918354533, 35.08812053742998], [128.4192609064415, 35.08876483144459], [128.41887787437477, 35.08918041722304], [128.41877416274886, 35.08946338379669], [128.41848470066742, 35.0898984012414], [128.41815292854943, 35.09021762942433], [128.41826590029933, 35.0903492359302], [128.41775605832035, 35.090897781540775], [128.41761962527656, 35.091096669523694], [128.4169949406663, 35.09149633449775], [128.41625854672526, 35.09153574208856], [128.41480125887406, 35.09144540309489], [128.41350035056954, 35.092027366957936], [128.4127954235813, 35.09244216106765], [128.4110737157854, 35.09265264599622], [128.41011203132337, 35.09232954469162], [128.409130455672, 35.09176771047887], [128.408679216669, 35.091734531309136], [128.40809600695337, 35.091442545302606], [128.40768435735035, 35.09153869131187], [128.40702550680567, 35.09135803919891], [128.40649515722504, 35.09143338069066], [128.40575047306086, 35.091208184032084], [128.40537354972972, 35.09105331484525], [128.40402596489247, 35.09101016647357], [128.40345232155687, 35.09076021005395], [128.403112288823, 35.09065417407235], [128.40169178405114, 35.090634062574814], [128.40052232588988, 35.090340186385916], [128.39974756090797, 35.09044387996999], [128.39911518881667, 35.08889703888697], [128.39939721511593, 35.08806839955733], [128.40104291238626, 35.085814732894896], [128.40095530861313, 35.08516796084366], [128.4008658984873, 35.083993419239235], [128.39956457125714, 35.08356159833469], [128.39739583440965, 35.08502046429588], [128.39565709364138, 35.08637717705519], [128.39466776436444, 35.08661150375201], [128.39414446376705, 35.08683055293692], [128.3936792647071, 35.087089542295026], [128.39302970444587, 35.08723844029305], [128.39282681875181, 35.087586760022916], [128.392521914594, 35.0877966161019], [128.3923039853754, 35.0882733350461], [128.39240634798972, 35.08923412425303], [128.39235480163725, 35.089397495534854], [128.39188411261588, 35.090149784425286], [128.39182649743532, 35.09037516447856], [128.39169639273, 35.09051263142902], [128.39151925932302, 35.09082583962281], [128.39131208625057, 35.09108055462318], [128.39104067842973, 35.09125949956747], [128.39046906721398, 35.091355725754084], [128.39048724475333, 35.09170664669918], [128.3903279302054, 35.0923815726622], [128.39047351557073, 35.09303254487072], [128.39003973380383, 35.094055353619105], [128.38997910027712, 35.09474148748048], [128.38989288145908, 35.09498537542781], [128.3900939598215, 35.095686404622974], [128.38997891499415, 35.09584205357871], [128.3898331661604, 35.096134833580706], [128.3898463965863, 35.0962172611933], [128.38980853744775, 35.096265020386866], [128.39036928867696, 35.09704999552306], [128.39026725062473, 35.097437313927706], [128.39014692068565, 35.09772444513625], [128.38991946407228, 35.09812289025392], [128.38995827995262, 35.09837772385244], [128.38993101978437, 35.09870950958401], [128.3893884182189, 35.09912004812901], [128.38929301651467, 35.0994514057239], [128.38776635135093, 35.10047242680246], [128.3875018225898, 35.10111852527603], [128.38744931617887, 35.101334157983175], [128.3869634274859, 35.10189464574937], [128.38632523929792, 35.10250530258544], [128.386016836341, 35.102972325077495], [128.382597933982, 35.10370675511776], [128.38146080500718, 35.10400983860551], [128.38025878744796, 35.10443872148815], [128.37955568326691, 35.10430852946883], [128.3794402523619, 35.104715068937146], [128.37918094603936, 35.10523595753963], [128.37777774700353, 35.10656169759031], [128.37724612322035, 35.106805076768545], [128.3760563117587, 35.10819712836497], [128.3742472260545, 35.10923889329112], [128.3731577781283, 35.109654721489456], [128.3719236590969, 35.111147957490125], [128.36899550045956, 35.11089636940701], [128.3660062673208, 35.10894597639948], [128.36289549873123, 35.10878031902194], [128.36070735967775, 35.10988587150759], [128.358793532558, 35.109160021557564], [128.35853284158253, 35.10922723188722], [128.35747139379808, 35.10893048995435], [128.35691270536674, 35.10796955721104], [128.35489633895332, 35.10956011853338], [128.35310499772447, 35.11025598874453], [128.35249673908075, 35.110169647709334], [128.3521299293789, 35.11036935866892], [128.35137693024427, 35.11152621701815], [128.35011958113645, 35.11182985112233], [128.35092713723367, 35.112958162767356], [128.35273344618898, 35.11464504172721], [128.35296547779998, 35.11512441818379], [128.35298187058552, 35.11679931532992], [128.35311582941208, 35.11717619800868], [128.35360063977535, 35.11805408371345], [128.35367465943236, 35.11840233253213], [128.3534266598047, 35.11848621140926], [128.353108388344, 35.11881540019963], [128.3529557423087, 35.1194044770854], [128.35276407376003, 35.1197764176703], [128.35249369506994, 35.120171498963], [128.35194296844304, 35.123110182304785], [128.35168004232742, 35.12353920848278], [128.35126733092716, 35.12376964985145], [128.3506097672757, 35.124697458294435], [128.34870786048478, 35.12615605195848], [128.34827450418493, 35.12709076865531], [128.34870727467236, 35.12915844328898], [128.34822234790147, 35.13001238192537], [128.34813638814114, 35.13081594304818], [128.35016606843794, 35.13177003638843], [128.35081899411165, 35.13259586975541], [128.35210256735132, 35.13369098562162], [128.35215525738266, 35.13415869335352], [128.35427849711348, 35.13500506027235], [128.35490992312236, 35.13539276132596], [128.35482187352872, 35.13577423098266], [128.35526561829556, 35.13615811782048], [128.35532314925786, 35.136232505122756], [128.35533082624585, 35.13634521444108], [128.35550830543545, 35.13635735711216], [128.35695301235742, 35.13691042922073], [128.35683806563895, 35.13839984636627], [128.35717982061783, 35.13871826119263], [128.35758952669997, 35.13900646725133], [128.35810994765424, 35.13960791732804], [128.3586419295646, 35.139763545877045], [128.3597173981584, 35.14029103843098], [128.360371413163, 35.14046023669346], [128.36106596298876, 35.14020648946431], [128.36282429318774, 35.140236178384946], [128.36307819687366, 35.140738472637175], [128.3634239418068, 35.141077024452166], [128.36339951128227, 35.141374339083185], [128.36326346969983, 35.14155980188123], [128.36204638500496, 35.14188237761977], [128.36183749885478, 35.14208619153312], [128.3616663045508, 35.142381458595686], [128.36127835636765, 35.143207515776716], [128.3612117669624, 35.143653603353044], [128.36079673812398, 35.14495750435284], [128.36007420880864, 35.145656022383115], [128.35979692906847, 35.14583524588352], [128.35907174609184, 35.14593139877148], [128.35888660811244, 35.145991535579164], [128.35885321367104, 35.146466536228026], [128.3586426198695, 35.14671060987896], [128.35854753564826, 35.14689727661799], [128.35863522118817, 35.14725953952764], [128.35904826361534, 35.147611140976586], [128.3591582873007, 35.14783607673235], [128.35918860766392, 35.14860433941703], [128.35972686965383, 35.149080392150324], [128.3601774555821, 35.149544154534496], [128.36043647838656, 35.14994562923728], [128.36086512520984, 35.15038688353535], [128.3616594124647, 35.15062373347139], [128.36185263859588, 35.150868819051716], [128.36185167866435, 35.151647620109244], [128.36205385493867, 35.15193148270125], [128.36218029975544, 35.152185796393645], [128.3616496180323, 35.15273027898223], [128.36149790078196, 35.15296522837396], [128.3613876176738, 35.15325392107681], [128.3615614450739, 35.153479605347876], [128.36159538248984, 35.15437886850276], [128.36154404275234, 35.15476011679184], [128.36133191663063, 35.15506657723905], [128.36130697778702, 35.15525178600232], [128.3613373910818, 35.15548418683642], [128.36129964206486, 35.155794947297856], [128.3611407660824, 35.15633011302252], [128.36043894436995, 35.15719718373829], [128.36084927371962, 35.157529748307475], [128.36103403641826, 35.157804784046824], [128.36091049612145, 35.15825057193959], [128.36115678496444, 35.158619735421894], [128.36146301063908, 35.15893301849512], [128.362175624516, 35.15942673819943], [128.36231975177097, 35.15967973708463], [128.36242987567744, 35.15996226189917], [128.362344272446, 35.16038262846791], [128.36214242225356, 35.16088616692807], [128.3617503915074, 35.16128083058044], [128.3613616170411, 35.16176225343214], [128.36116631081794, 35.16224062273683], [128.36133896873977, 35.162747547226836], [128.36127988556973, 35.1633291629771], [128.36190129934963, 35.1636260810458], [128.36219748111967, 35.16399831875739], [128.36208165866577, 35.16470722908935], [128.36211783182233, 35.16525610859675], [128.36202720716665, 35.16616414962306], [128.3622319082659, 35.166436891476174], [128.3628623481898, 35.16713974333859], [128.36299982174376, 35.167545075676834], [128.3632010070376, 35.16789512420153], [128.36330262497293, 35.16816958328025], [128.36330399635466, 35.168520822837486], [128.36316475638645, 35.16882457906037], [128.3632821656274, 35.16907573245832], [128.36367355252756, 35.169471847565994], [128.36378121056882, 35.169719432568584], [128.36452470027226, 35.17038076148327], [128.3647183713304, 35.170729214383826], [128.36498252023966, 35.171100996985864], [128.36525557412975, 35.17200418034993], [128.36522985164427, 35.17226642401269], [128.3649303075534, 35.172651153101626], [128.3650447923366, 35.1731901662597], [128.3650248763688, 35.17347961543812], [128.36489473474677, 35.17382636022074], [128.36502120672452, 35.17425882774469], [128.3650856806359, 35.17432732441343], [128.36509245442122, 35.174579453410324], [128.3648690634396, 35.17496247336556], [128.36487907771746, 35.17510856831837], [128.36494137454545, 35.17510791608321], [128.36494725302504, 35.17516441505242], [128.3648897762672, 35.175958555530464], [128.36472760861434, 35.17649582711655], [128.36480725573318, 35.17670918635998], [128.36466256646324, 35.17735879090387], [128.36470530187, 35.178080930348585], [128.3643890156011, 35.17882709433982], [128.3643998173818, 35.17887249632214], [128.36467876317113, 35.17902070929792], [128.36542863442307, 35.17962418037472], [128.36603499610922, 35.18085895248417], [128.36616484772566, 35.18130043970787], [128.36620916391766, 35.181578814697424], [128.36643791016687, 35.18203025750772], [128.3666964167858, 35.18271394769749], [128.36709902900387, 35.18333164120378], [128.36742774155832, 35.184231737302824], [128.36725275779796, 35.18524862482794], [128.36728690201846, 35.18577890266894], [128.36707639286846, 35.18635506963838], [128.36675984793322, 35.186933930173076], [128.36681785254137, 35.18750558852158], [128.3668850698077, 35.18799378795188], [128.36719641068467, 35.189101243382225], [128.3674233247155, 35.189704070898664], [128.36776250221573, 35.190121306660046], [128.36818820677723, 35.190952335361615], [128.36820038793758, 35.19126166334488], [128.36796356088576, 35.191735174400705], [128.36772753190758, 35.19301327216357], [128.36723145118094, 35.19427048434426], [128.3676572006702, 35.19447812382971], [128.3686206848054, 35.194613716181], [128.3694989866194, 35.194227349261816], [128.3696785428219, 35.19428138152709], [128.37149322121655, 35.193896644674524], [128.37320345118962, 35.19384018176298], [128.37408627615832, 35.193063273060325], [128.3743768392007, 35.193316446351744], [128.3747649602585, 35.193757435614664], [128.37516607046604, 35.194070749244055], [128.37542742791106, 35.19437502900059], [128.37608711073608, 35.19540159185471], [128.37636861254197, 35.1955195161158], [128.37644789825416, 35.19594143312681], [128.37604186501142, 35.19700713547759], [128.37602179830063, 35.19743192281767], [128.37591785647166, 35.19821117719702], [128.37630488554277, 35.19864159755747], [128.37727850050283, 35.19885209024705], [128.37744526991028, 35.19898617517023], [128.3779682302981, 35.19986062844343], [128.37816329244288, 35.19988599918854], [128.378802815493, 35.200372204296166], [128.3791355690136, 35.20099371955011], [128.37995361504295, 35.2017644702677], [128.38280742376134, 35.20279124814207], [128.38289509132218, 35.2028600056456], [128.38455417719996, 35.20371402816958], [128.38471424005664, 35.2041263562542], [128.3852384210404, 35.2045594101664], [128.38598469933976, 35.20455249720059], [128.38653880403126, 35.20479473170419], [128.38743433908908, 35.205589207559214], [128.3900026353709, 35.20643903573777], [128.39039302068235, 35.20721516347808], [128.39348706510307, 35.206374192541645], [128.3940561199654, 35.20624973524134], [128.39571145755892, 35.205508372585655], [128.39737548131293, 35.205280083211385], [128.39768569372941, 35.205375000555506], [128.3982930874612, 35.20528536305054], [128.39869187338346, 35.20558534522952], [128.3990968582808, 35.20537048435835], [128.39961196709478, 35.20527699728819], [128.40087148583743, 35.20482441540551], [128.40183620288195, 35.204232202856964], [128.40190874411658, 35.20407412710881], [128.40305136990114, 35.202945227485365], [128.40405286988113, 35.20102695616198], [128.40432970214056, 35.20010192225665], [128.40477864761147, 35.1987972023359], [128.40488379573517, 35.19835536514448], [128.40635119677594, 35.19629275515577], [128.40684055190636, 35.19470909214042], [128.40716045544525, 35.19403550483638], [128.4070409802145, 35.19347919316377], [128.40685422431417, 35.19327984250033], [128.40704686933253, 35.192811531080274], [128.4071862510408, 35.192000591486774], [128.40626467975028, 35.19117120590609], [128.40493078244856, 35.19004980736593], [128.40446583654816, 35.18951488450053], [128.4043381500239, 35.188700518356924], [128.40418665025888, 35.188422750669844], [128.40402919158038, 35.188019613749276], [128.40421456962173, 35.18741959662062], [128.40399747312506, 35.18719769314094], [128.4039770394226, 35.18689480332563], [128.40371842696842, 35.18639244458827], [128.40355949233955, 35.18577086193583], [128.4031400279086, 35.185026459579554], [128.4037180473762, 35.18431204871593], [128.4040457277757, 35.183486407391435], [128.40485420077098, 35.182805661489894], [128.40497184398572, 35.18219980917559], [128.4050992950676, 35.18180117669095], [128.40529787561192, 35.181479503586615], [128.40560200305845, 35.18061092736172], [128.40566289720624, 35.180117600702346], [128.40579886522696, 35.17960859588521], [128.4071705800278, 35.17933028714452], [128.40783280270776, 35.17915087373883], [128.40965651563917, 35.17905741055758], [128.4102680236979, 35.17832383311014], [128.4116475029946, 35.17760667206489], [128.41342507322724, 35.17593657499356], [128.4140525495207, 35.175263480674055], [128.4142157135806, 35.17473304381863], [128.41539487406934, 35.17387994531111], [128.41542782195, 35.17347253492458], [128.416020297181, 35.17257983666198], [128.41617696141137, 35.17187684765523], [128.41615569297286, 35.171182438499166], [128.4168134713032, 35.170197096933734], [128.41727327427984, 35.17020114397576], [128.41819033606546, 35.169722924030346], [128.41960854559545, 35.16919767245249], [128.42115619480646, 35.16886878600471], [128.42244337542084, 35.168143169884736], [128.42512823095387, 35.16726082786924], [128.4253738625187, 35.16686709984864], [128.42787278493145, 35.16529246110916], [128.4292910978905, 35.16514861280759], [128.4298464510612, 35.16502237019126], [128.43027072998603, 35.16431330518237], [128.43111275265662, 35.16422206368955], [128.43183863166826, 35.164012818018975], [128.43230589850526, 35.16417091724073], [128.43311231719332, 35.16429075386767], [128.4342858445925, 35.16415006525318], [128.43472129599945, 35.1643472971106], [128.43581317879048, 35.164627730610256], [128.4363148336952, 35.16470133721367], [128.43651139662487, 35.16482209979931], [128.43706074201475, 35.1649921153646], [128.43759243807395, 35.165284994294026], [128.4379807184093, 35.165633672741194], [128.43888067745706, 35.16684198910457], [128.43910041269748, 35.16698651994787], [128.44014444339228, 35.16740104788329], [128.4409644611997, 35.1681706980644], [128.44305390704474, 35.16978360892803], [128.44399363204099, 35.17018480473568], [128.44440334915652, 35.1700494936202], [128.44400066853927, 35.17018384461366], [128.44444116895798, 35.172364436803335], [128.44515969512568, 35.174801210980384], [128.44525316822447, 35.17558383277649], [128.44577182265283, 35.17677344821542], [128.44579787001638, 35.17697960512512], [128.44585434604437, 35.1779562680574], [128.4458179521614, 35.17884250927388], [128.44535909469118, 35.1805823838454], [128.4470445800378, 35.18091331776284], [128.44983872912968, 35.18131928856766], [128.4524154476576, 35.182102057344544], [128.45376461116115, 35.18243236855203], [128.45578826779231, 35.18330424680134], [128.45757780531704, 35.18394477823862], [128.4576912742682, 35.18437004821885], [128.4579297955634, 35.185621439816934], [128.4589556217495, 35.186115297426355], [128.46071715526304, 35.18636132273254], [128.460917018106, 35.18641080062171], [128.46129060869646, 35.18628741183463], [128.46140178335204, 35.18631212961845], [128.46151398986618, 35.186361781195906], [128.46151143877273, 35.1864873919268], [128.46171228715917, 35.18659602486787], [128.46242443078484, 35.18682340490678], [128.46420884396554, 35.18854937098743], [128.4647262570111, 35.188729535884704], [128.46535659587852, 35.18887907386091], [128.46548950036276, 35.188964306204674], [128.46669397090812, 35.18870331104022], [128.46703428586045, 35.188658200924415], [128.4675522622902, 35.18864851106019], [128.46829750596663, 35.188513492712005], [128.46876306751776, 35.18857201892346], [128.46953574133622, 35.1883338819019], [128.4702819776772, 35.18844179542892], [128.47228246315464, 35.18828099072736], [128.47328742045738, 35.18857141294597], [128.4764213602119, 35.18875516519943], [128.47706899904293, 35.18827110884987], [128.4781414049852, 35.187917322414805], [128.4786769114094, 35.187822316593326], [128.47904519336853, 35.18801543890439], [128.479605854354, 35.18736579138126], [128.47961014951542, 35.18701710907557], [128.47980124514473, 35.186775832082745], [128.47979856933338, 35.186524292743094], [128.479920412697, 35.18611414990767], [128.48015734507086, 35.18584138835717], [128.48076423340265, 35.18547275682462], [128.48209393800147, 35.18457374682245], [128.48237935643965, 35.18430935560872], [128.48313808882398, 35.18401347434714], [128.4837390702209, 35.18359720278081], [128.48437340423223, 35.18211059269807], [128.48491492394353, 35.181601114907565], [128.48706359966894, 35.180431893105464], [128.4885600249272, 35.18005615914519], [128.49000160144325, 35.180193787325344], [128.49093915140224, 35.179929168760765], [128.49147945297244, 35.180400430861894], [128.4917189658366, 35.18080506778326], [128.49215850546054, 35.180932958553235], [128.4937141708709, 35.180518257313594], [128.49454560915797, 35.18001980171275], [128.4947764983075, 35.18004696995687], [128.4961855729799, 35.18056013901537], [128.49774008992716, 35.180716315699044], [128.49934632061814, 35.17941223880183], [128.50103665179466, 35.17842424415581], [128.50154648191335, 35.17816608624993], [128.50208652739653, 35.178016067880904], [128.50311669450235, 35.17743218662036], [128.5049803421347, 35.17811288716769], [128.50674715716252, 35.17854079410493], [128.50807532856254, 35.17756767966742], [128.50863521766587, 35.177272426154964], [128.50965702371576, 35.177064393510044], [128.51276674981614, 35.17824540546816], [128.5154073372112, 35.177292486108584], [128.51792981382826, 35.17705046606482], [128.51961546718064, 35.17762227210743], [128.52118491715382, 35.17836264551709], [128.52190846695967, 35.17900215384703], [128.52245969213993, 35.17919220791541], [128.5228081544676, 35.17955862880533], [128.523796606973, 35.180220790365674], [128.52398161343035, 35.180675001670416], [128.5249180288244, 35.18149764704429], [128.52559761526268, 35.182330113477654], [128.52627117736165, 35.18272526389587], [128.5272382799464, 35.18338337379267], [128.52797360431674, 35.18419492352123], [128.52827662543925, 35.18459734037444], [128.528865003504, 35.18519283555714], [128.5287380937911, 35.186370978939834], [128.52983438711388, 35.186502142699986], [128.53075819365782, 35.1870044382532], [128.5325073901964, 35.18726162596419], [128.53321592163036, 35.18740562475368], [128.5339117403829, 35.18806333334459], [128.53677564320768, 35.189808023377466], [128.53756587722904, 35.18964754638941], [128.53913404523252, 35.18973606763093], [128.5402014201345, 35.18996733557161], [128.54049119156, 35.19041791588982], [128.54113834051978, 35.191050757048544], [128.5407053799622, 35.19188978054411], [128.54056996363366, 35.192263322071355], [128.5403251296494, 35.19260039162184], [128.5401681060763, 35.19294230306018], [128.53967065851486, 35.19332262893312], [128.53905286639318, 35.19365405668596], [128.53917462751724, 35.19390562591375], [128.5390867086419, 35.19552389877361], [128.53902420318954, 35.1959568699665], [128.5385518257395, 35.19699498670661], [128.53845326937503, 35.19770426988179], [128.53794469930222, 35.19909855261511], [128.53807699592977, 35.20030474339515], [128.53856269385668, 35.203003577643706], [128.53857712386065, 35.20321234772556], [128.53848890803772, 35.203971531624106], [128.53920028567617, 35.20442816344774], [128.53905215236782, 35.20507289343832], [128.53634814537426, 35.20681113499776], [128.53620566586176, 35.20959008783779], [128.53918284372537, 35.21098912467338], [128.53994681607895, 35.211380739624445], [128.5410938684039, 35.21282823044474], [128.54198077548097, 35.213182561494605], [128.5426307497336, 35.21368287076532], [128.54412912332236, 35.21427976053376], [128.54529421293844, 35.21387235292079], [128.54835942495197, 35.21322743596674], [128.5488581523837, 35.21257019874428], [128.55083351505385, 35.21209817048121], [128.55147274223182, 35.21215800873869], [128.55233827540917, 35.21247598605318], [128.55269382155612, 35.212510816997], [128.55393260017212, 35.21323450841105], [128.5551597057791, 35.21324142600614], [128.55551006066992, 35.213473405013005], [128.55582953045032, 35.21354696639556], [128.55606185503407, 35.213552048648495], [128.55706632558872, 35.21376177694645], [128.5575097825579, 35.21391424288364], [128.55769234840997, 35.21417080143096], [128.5577453477232, 35.214428020259355], [128.55808951412425, 35.21501050029502], [128.55860034803305, 35.21552317429344], [128.55908052984205, 35.215875963169296], [128.5589487494053, 35.21595902458536], [128.55912918371544, 35.216121326395175], [128.55929306016577, 35.21599214264496], [128.55945156166234, 35.21605694825061], [128.56008030302036, 35.21565251278491], [128.5601709137827, 35.21549426242191], [128.5612843930155, 35.21583026900664], [128.56097767775202, 35.216538533308224], [128.560882180639, 35.21693448561214], [128.56272172391928, 35.21701814537762], [128.56300053777915, 35.216397646823914], [128.56273641031177, 35.216291241040906], [128.56274551655707, 35.21627102523761], [128.56443109761673, 35.21677947406806], [128.56448690580797, 35.216814158870946], [128.5645639975424, 35.217842406638944], [128.56473678611428, 35.217768509012124], [128.56599138593728, 35.21679053475953], [128.56631843352133, 35.21659770277806], [128.56748811373754, 35.21621671297233], [128.56782346289864, 35.21608454311462], [128.56828905569364, 35.21582243277269], [128.56845970986302, 35.215776983429535], [128.5687633394272, 35.215832295190765], [128.57006642992772, 35.21617874858641], [128.5705478469814, 35.2163882953172], [128.5710023227752, 35.216517962481255], [128.57131652657137, 35.21639135206513], [128.57162358360182, 35.216122320396394], [128.5721904917128, 35.21584843145392], [128.57290177936235, 35.215756177139625], [128.57311783238384, 35.21569229562951], [128.57381910612997, 35.21561421402735], [128.57441297523442, 35.215659411470675], [128.57548017467292, 35.21537347040575], [128.5758352941042, 35.215328526728754], [128.57631549710797, 35.21512347424101], [128.5766413340712, 35.21490307608395], [128.57680610788654, 35.21469931267141], [128.57711899213032, 35.21572225832074], [128.5771450337795, 35.21571613066629], [128.5772637574059, 35.21605644109584], [128.5773736772716, 35.21650186117499], [128.57739989293296, 35.21687403335587], [128.57735845137228, 35.217417090267084], [128.57728076652074, 35.21776988984935], [128.5771445746175, 35.21815177811039], [128.57921442099104, 35.220170807291446], [128.5787640257569, 35.22015488807778], [128.5788684272558, 35.22020975670361], [128.57945745889543, 35.22026927062556], [128.5799094186942, 35.220456978669134], [128.57995410558613, 35.22034172329618], [128.5804255859147, 35.21992157615518], [128.58088352150855, 35.219829406938], [128.58133795794762, 35.21992321601138], [128.5817935003487, 35.22010020307167], [128.58215793239256, 35.220600965649986], [128.5821871218262, 35.22087580293997], [128.58291248334044, 35.22084277030582], [128.58461452248918, 35.22250907622682]]]]}}, {"type": "Feature", "properties": {"region_id": "CW-MASANHOEWON", "region_name": "창원시 마산회원구", "sgis_sigungu_cd": "38114", "sgis_base_date": "20250630"}, "geometry": {"type": "Polygon", "coordinates": [[[128.55698215877786, 35.27707715834438], [128.55829761258497, 35.277059024455596], [128.56190078308728, 35.27583636327375], [128.5625207026133, 35.275973111973364], [128.56422310784475, 35.275338625355154], [128.56492348892607, 35.27449954280711], [128.56718705721187, 35.27370677298669], [128.56820234812997, 35.274058969086106], [128.575246130349, 35.269704370261934], [128.57768835007846, 35.26906160032019], [128.57851061536903, 35.26917347624659], [128.57926701752064, 35.26944539010183], [128.58018848000208, 35.26971504915412], [128.58113898522214, 35.27027535802695], [128.5813901282617, 35.27046030397847], [128.58214383931733, 35.270625149129], [128.5830089413166, 35.27063631515139], [128.5838285511292, 35.27114600517518], [128.5859038316019, 35.27209574248408], [128.58608951497104, 35.27209446869018], [128.58688145184283, 35.27093250313164], [128.58640128385687, 35.26983535769151], [128.5862752459315, 35.26964127335051], [128.58619932425287, 35.26923418494102], [128.58600386359487, 35.26910719589357], [128.58555601787077, 35.26772925946793], [128.5854259461482, 35.26725683853714], [128.58550764271277, 35.2664614246021], [128.58524135981185, 35.26638295896884], [128.58509617859164, 35.26596367207704], [128.58519522502252, 35.265371370589826], [128.58502059071336, 35.26506132927454], [128.58499077443886, 35.264746711531], [128.58505755977373, 35.26447308203233], [128.58518980589668, 35.264245901742726], [128.58542718675142, 35.263951166900725], [128.5855976667991, 35.26381913964], [128.5859915482888, 35.26366100863828], [128.58624527047516, 35.263447311024905], [128.58671453208035, 35.26315798338102], [128.58702460426434, 35.26272703295547], [128.5871584994188, 35.262610588137086], [128.58765110755618, 35.26230418985005], [128.58783758172612, 35.26202349581752], [128.58799936756478, 35.26188484591498], [128.58823443398816, 35.26173679429202], [128.5888134125748, 35.26165146730993], [128.58901713456547, 35.261498257498545], [128.5894606352374, 35.26104955183587], [128.5895994180435, 35.26094918454375], [128.58983617891914, 35.260859957184365], [128.5901999690678, 35.26082020977474], [128.59213462074882, 35.26044456047142], [128.59293957622833, 35.26032724083594], [128.5936764026577, 35.25995621228787], [128.59423765069278, 35.259895735785925], [128.5951250804401, 35.259412777808116], [128.59537016411068, 35.259402362345014], [128.59582533072026, 35.25931535836433], [128.59615714517142, 35.25919931459826], [128.5964857351476, 35.258953484992624], [128.59850488585997, 35.25675771928401], [128.60017561820538, 35.25563813796522], [128.60036086675217, 35.25526309634914], [128.60088464668723, 35.25493960311224], [128.60110856189738, 35.254086830744704], [128.60184464922636, 35.253892763504375], [128.60261732201258, 35.25269516887352], [128.60270610256535, 35.25195434204391], [128.6028102218717, 35.25159356611451], [128.6032396424675, 35.250734529974096], [128.6037729660901, 35.250096049436046], [128.60379828984912, 35.25003939314638], [128.60376986579868, 35.25000794137456], [128.60388311590228, 35.24991857178365], [128.60394855016, 35.24991123048958], [128.60400479396245, 35.24982092558462], [128.60447586733397, 35.2494219509023], [128.60292441379818, 35.24909087591084], [128.60310821256476, 35.24890523671634], [128.60283528354506, 35.24867611379565], [128.6030159223481, 35.2485808435399], [128.6027455723485, 35.248224549679456], [128.6029492612572, 35.24807961752095], [128.60283265305574, 35.247926927184984], [128.60238829402041, 35.24807637275084], [128.60211169401896, 35.247305374842355], [128.60215194933124, 35.24669849271834], [128.6023756778453, 35.246413338136456], [128.60209110140616, 35.245978182131914], [128.60211186466393, 35.24579456289096], [128.60200110160466, 35.2456259223049], [128.602493709589, 35.245571808449576], [128.60324881966235, 35.24516260255502], [128.6033955714232, 35.2450311111911], [128.60382159376098, 35.24429772873056], [128.60393691839195, 35.24375757666961], [128.6047565443781, 35.24318894972249], [128.6052382047046, 35.24355601218139], [128.60595249860464, 35.243027361738065], [128.6062062295898, 35.242716589524285], [128.6068548131467, 35.24232073817291], [128.60719426896534, 35.24151696110253], [128.60749566426017, 35.24104644091854], [128.60829544129734, 35.23994590101121], [128.6088724089053, 35.24008089112528], [128.60949792075738, 35.239927399084294], [128.61043091428414, 35.23987331573076], [128.610850529164, 35.239514284499585], [128.61175713982786, 35.23922018093761], [128.612601052834, 35.23901897613736], [128.61233177990871, 35.23854308389291], [128.6129494737987, 35.23717936837264], [128.61310926880606, 35.236303055172144], [128.6134817873081, 35.23668857563726], [128.61392011211814, 35.236479676030875], [128.6151916627912, 35.23577357175134], [128.61553082939017, 35.23551501540125], [128.61577860605672, 35.23540821189621], [128.61580417946283, 35.23460296725962], [128.61593686175755, 35.234421797731635], [128.61445792471847, 35.232227182430684], [128.6149842505794, 35.23134949964626], [128.61457062670482, 35.23048223579129], [128.61408052649548, 35.22878588349269], [128.61441852868086, 35.227688351371505], [128.61367334720197, 35.22704517973946], [128.613324493219, 35.22656936607661], [128.61303091817808, 35.22607788263332], [128.6123827374046, 35.22554817092557], [128.61201720419535, 35.22540897828618], [128.61178754115411, 35.22523206834615], [128.61175346137466, 35.22503609324639], [128.61188546809686, 35.22471707856768], [128.61166450108567, 35.22428672205682], [128.61181875809626, 35.22286973265867], [128.6118478102065, 35.22230693309981], [128.61355521785987, 35.22133383151661], [128.6146911680098, 35.22136615967859], [128.61578521856208, 35.22063368237579], [128.61739592839493, 35.21918375298956], [128.6184432273162, 35.21883166730123], [128.61909984717437, 35.21909621918925], [128.61929666672307, 35.21991680107463], [128.62005521563833, 35.2200770449715], [128.62069375538772, 35.21965564236131], [128.6221808553267, 35.22008859847107], [128.62272151007747, 35.21994026741799], [128.62347030988315, 35.219505940198], [128.62482465927192, 35.21946046514291], [128.6253298903304, 35.218756097635804], [128.6259869516196, 35.218025311205906], [128.62694292133574, 35.21710577301461], [128.62657640876293, 35.2170194429785], [128.62584147000018, 35.21696518619411], [128.6258488581448, 35.216927983803366], [128.62545951181033, 35.21694964092272], [128.62528411831772, 35.21690042544095], [128.62525238295922, 35.21687508824596], [128.6253021277945, 35.21682954498271], [128.62512301203603, 35.21672984063333], [128.6247803575381, 35.21660628312962], [128.6245766511983, 35.216591922502424], [128.62439690494057, 35.21641533173272], [128.62414017777684, 35.216418956706214], [128.62386104896973, 35.21652131637526], [128.62374965934242, 35.21651852744761], [128.62362670646968, 35.216463405590545], [128.62354156022383, 35.216350418054844], [128.6232059707693, 35.216148929096576], [128.62302824291618, 35.21608715570673], [128.6227988835511, 35.21611986012856], [128.6225201650521, 35.21625654066113], [128.62247489352103, 35.21624738669083], [128.62254190570508, 35.21622028554623], [128.62247679056506, 35.21619349169843], [128.6223136699792, 35.21617423362676], [128.62229369060742, 35.21619589443918], [128.6222965406779, 35.21617355028875], [128.62199997710434, 35.21608293673768], [128.62196765833627, 35.21611266985854], [128.62191546713314, 35.21609375899985], [128.62192850085586, 35.21605423053464], [128.62185391066208, 35.216033806883445], [128.62182498626203, 35.21606589428545], [128.6217932956741, 35.216054888437114], [128.621806512359, 35.21602338300569], [128.6212944392855, 35.215725415069976], [128.62133181221748, 35.21567172345437], [128.6211563770403, 35.21553840507477], [128.62111763455567, 35.21557911468813], [128.621032760759, 35.21555018398426], [128.62084009888432, 35.21541302672918], [128.62076948401307, 35.21541190245933], [128.62068596259985, 35.21546950693118], [128.62066305085455, 35.21543707556274], [128.62073467170993, 35.21534049819712], [128.62064199130407, 35.215313345416476], [128.62042949552438, 35.215167111110446], [128.62019110174586, 35.21489848212188], [128.62014219596972, 35.21492861349797], [128.61925419621258, 35.214137231085495], [128.61925664099812, 35.21410803636463], [128.61873366693771, 35.2135396221428], [128.618466460991, 35.213281534704585], [128.61834498913126, 35.21318831141718], [128.61831139601188, 35.213208936017345], [128.61804522980373, 35.21294012455025], [128.61760164245047, 35.21272888735305], [128.61712710298875, 35.212607865152144], [128.6168607310597, 35.21259358999217], [128.61323654539802, 35.213314425338574], [128.61257588985282, 35.21335333524732], [128.61060810890203, 35.21336952294676], [128.60974082816864, 35.21337257132803], [128.60929777213192, 35.21334517862679], [128.60868515039098, 35.2132320661119], [128.60834955114692, 35.21312920723569], [128.60593870077477, 35.21214602477943], [128.60417935618148, 35.21150758114692], [128.6029979810405, 35.21097099999885], [128.60260715184717, 35.210857526998], [128.59710494670014, 35.21082280360437], [128.5967928451251, 35.21080997516318], [128.59679012102774, 35.21074139998153], [128.59540100507218, 35.210723490024336], [128.5954046615206, 35.20991562806737], [128.59504864381245, 35.20993802706441], [128.59504912067888, 35.20982022123593], [128.59488058683047, 35.20981974745471], [128.59485909699944, 35.21070373174169], [128.59370635759706, 35.21069251685675], [128.59357899475273, 35.21061558027635], [128.59357327638872, 35.209898181405066], [128.58890202774867, 35.20985138649562], [128.5887684130625, 35.209743186441784], [128.5876520620367, 35.20973441410019], [128.58760928326467, 35.21005197463987], [128.58761590109992, 35.21041966358188], [128.58777901122502, 35.21072024809865], [128.587827347325, 35.21072138446974], [128.58898214902598, 35.213667939506415], [128.5905169748026, 35.214698593893935], [128.59038301426378, 35.218635726871106], [128.59004496086598, 35.22001663760172], [128.58968225936366, 35.21995359895191], [128.58971476663783, 35.219506600523545], [128.5897663068253, 35.21928552466813], [128.58971895081416, 35.21922600165106], [128.58971981068598, 35.21917081614442], [128.5896884117088, 35.219170222387724], [128.58968997526156, 35.21911523612383], [128.58959657499713, 35.21911238728666], [128.58949522401792, 35.21901760851781], [128.58936260195586, 35.21910609143975], [128.58928450981279, 35.2191039341242], [128.58860794830966, 35.21965404916062], [128.58863006883783, 35.21971053015706], [128.58770147962528, 35.22047968989834], [128.58767668394094, 35.220439176763335], [128.58726079994364, 35.22071773781504], [128.58654067726326, 35.22122367820697], [128.58574737166066, 35.22184428705669], [128.58546986525377, 35.222009378779155], [128.5853460501405, 35.22192445294612], [128.58461452248918, 35.22250907622682], [128.58291248334044, 35.22084277030582], [128.5821871218262, 35.22087580293997], [128.58215793239256, 35.220600965649986], [128.5817935003487, 35.22010020307167], [128.58133795794762, 35.21992321601138], [128.58088352150855, 35.219829406938], [128.5804255859147, 35.21992157615518], [128.57995410558613, 35.22034172329618], [128.5799094186942, 35.220456978669134], [128.57945745889543, 35.22026927062556], [128.5788684272558, 35.22020975670361], [128.5787640257569, 35.22015488807778], [128.57921442099104, 35.220170807291446], [128.5771445746175, 35.21815177811039], [128.57728076652074, 35.21776988984935], [128.57735845137228, 35.217417090267084], [128.57739989293296, 35.21687403335587], [128.5773736772716, 35.21650186117499], [128.5772637574059, 35.21605644109584], [128.5771450337795, 35.21571613066629], [128.57711899213032, 35.21572225832074], [128.57680610788654, 35.21469931267141], [128.5766413340712, 35.21490307608395], [128.57631549710797, 35.21512347424101], [128.5758352941042, 35.215328526728754], [128.57548017467292, 35.21537347040575], [128.57441297523442, 35.215659411470675], [128.57381910612997, 35.21561421402735], [128.57311783238384, 35.21569229562951], [128.57290177936235, 35.215756177139625], [128.5721904917128, 35.21584843145392], [128.57162358360182, 35.216122320396394], [128.57131652657137, 35.21639135206513], [128.5710023227752, 35.216517962481255], [128.5705478469814, 35.2163882953172], [128.57006642992772, 35.21617874858641], [128.5687633394272, 35.215832295190765], [128.56845970986302, 35.215776983429535], [128.56828905569364, 35.21582243277269], [128.56782346289864, 35.21608454311462], [128.56748811373754, 35.21621671297233], [128.56631843352133, 35.21659770277806], [128.56599138593728, 35.21679053475953], [128.56473678611428, 35.217768509012124], [128.5645639975424, 35.217842406638944], [128.56448690580797, 35.216814158870946], [128.56443109761673, 35.21677947406806], [128.56274551655707, 35.21627102523761], [128.56273641031177, 35.216291241040906], [128.56300053777915, 35.216397646823914], [128.56272172391928, 35.21701814537762], [128.560882180639, 35.21693448561214], [128.56097767775202, 35.216538533308224], [128.5612843930155, 35.21583026900664], [128.5601709137827, 35.21549426242191], [128.56008030302036, 35.21565251278491], [128.55945156166234, 35.21605694825061], [128.55929306016577, 35.21599214264496], [128.55912918371544, 35.216121326395175], [128.5589487494053, 35.21595902458536], [128.55908052984205, 35.215875963169296], [128.55860034803305, 35.21552317429344], [128.55808951412425, 35.21501050029502], [128.5577453477232, 35.214428020259355], [128.55769234840997, 35.21417080143096], [128.5575097825579, 35.21391424288364], [128.55706632558872, 35.21376177694645], [128.55606185503407, 35.213552048648495], [128.55582953045032, 35.21354696639556], [128.55551006066992, 35.213473405013005], [128.5551597057791, 35.21324142600614], [128.55393260017212, 35.21323450841105], [128.55269382155612, 35.212510816997], [128.55233827540917, 35.21247598605318], [128.55147274223182, 35.21215800873869], [128.55083351505385, 35.21209817048121], [128.5488581523837, 35.21257019874428], [128.54835942495197, 35.21322743596674], [128.54529421293844, 35.21387235292079], [128.54412912332236, 35.21427976053376], [128.5426307497336, 35.21368287076532], [128.54198077548097, 35.213182561494605], [128.5410938684039, 35.21282823044474], [128.53994681607895, 35.211380739624445], [128.53918284372537, 35.21098912467338], [128.53620566586176, 35.20959008783779], [128.53634814537426, 35.20681113499776], [128.53905215236782, 35.20507289343832], [128.53920028567617, 35.20442816344774], [128.53848890803772, 35.203971531624106], [128.53857712386065, 35.20321234772556], [128.53856269385668, 35.203003577643706], [128.53807699592977, 35.20030474339515], [128.53794469930222, 35.19909855261511], [128.53845326937503, 35.19770426988179], [128.5385518257395, 35.19699498670661], [128.53902420318954, 35.1959568699665], [128.5390867086419, 35.19552389877361], [128.53917462751724, 35.19390562591375], [128.53905286639318, 35.19365405668596], [128.53967065851486, 35.19332262893312], [128.5401681060763, 35.19294230306018], [128.5403251296494, 35.19260039162184], [128.54056996363366, 35.192263322071355], [128.5407053799622, 35.19188978054411], [128.54113834051978, 35.191050757048544], [128.54049119156, 35.19041791588982], [128.5402014201345, 35.18996733557161], [128.53913404523252, 35.18973606763093], [128.53756587722904, 35.18964754638941], [128.53677564320768, 35.189808023377466], [128.5339117403829, 35.18806333334459], [128.53321592163036, 35.18740562475368], [128.5325073901964, 35.18726162596419], [128.53075819365782, 35.1870044382532], [128.52983438711388, 35.186502142699986], [128.5287380937911, 35.186370978939834], [128.528865003504, 35.18519283555714], [128.52827662543925, 35.18459734037444], [128.52797360431674, 35.18419492352123], [128.5272382799464, 35.18338337379267], [128.52627117736165, 35.18272526389587], [128.52559761526268, 35.182330113477654], [128.5249180288244, 35.18149764704429], [128.52398161343035, 35.180675001670416], [128.523796606973, 35.180220790365674], [128.5228081544676, 35.17955862880533], [128.52245969213993, 35.17919220791541], [128.52190846695967, 35.17900215384703], [128.52118491715382, 35.17836264551709], [128.51961546718064, 35.17762227210743], [128.51792981382826, 35.17705046606482], [128.5154073372112, 35.177292486108584], [128.51276674981614, 35.17824540546816], [128.50965702371576, 35.177064393510044], [128.50863521766587, 35.177272426154964], [128.50807532856254, 35.17756767966742], [128.50674715716252, 35.17854079410493], [128.5049803421347, 35.17811288716769], [128.50311669450235, 35.17743218662036], [128.50208652739653, 35.178016067880904], [128.50154648191335, 35.17816608624993], [128.50103665179466, 35.17842424415581], [128.49934632061814, 35.17941223880183], [128.49774008992716, 35.180716315699044], [128.4961855729799, 35.18056013901537], [128.4947764983075, 35.18004696995687], [128.49454560915797, 35.18001980171275], [128.4937141708709, 35.180518257313594], [128.49215850546054, 35.180932958553235], [128.4917189658366, 35.18080506778326], [128.49147945297244, 35.180400430861894], [128.49093915140224, 35.179929168760765], [128.49000160144325, 35.180193787325344], [128.4885600249272, 35.18005615914519], [128.48706359966894, 35.180431893105464], [128.48491492394353, 35.181601114907565], [128.48437340423223, 35.18211059269807], [128.4837390702209, 35.18359720278081], [128.48313808882398, 35.18401347434714], [128.48237935643965, 35.18430935560872], [128.48209393800147, 35.18457374682245], [128.48076423340265, 35.18547275682462], [128.48015734507086, 35.18584138835717], [128.479920412697, 35.18611414990767], [128.47979856933338, 35.186524292743094], [128.47980124514473, 35.186775832082745], [128.47961014951542, 35.18701710907557], [128.479605854354, 35.18736579138126], [128.47904519336853, 35.18801543890439], [128.47988050664452, 35.18884207974504], [128.48017666310696, 35.189344579272685], [128.48129560211143, 35.19041198099803], [128.48174506954348, 35.19103287310349], [128.48222167519495, 35.19202710006658], [128.4821502953301, 35.1921650864189], [128.48296555698968, 35.19278416584215], [128.48327071685353, 35.193224316567296], [128.48350521083643, 35.1937702040431], [128.48378300791788, 35.19457484493898], [128.48393390060005, 35.19523853933169], [128.48448141937018, 35.19563648281812], [128.48474587212397, 35.19616742675958], [128.48483896927343, 35.1968005903687], [128.48528015961952, 35.197629168387394], [128.48586941271674, 35.19778025462412], [128.48697521923395, 35.19791184712982], [128.48766123491407, 35.19877286039997], [128.48844215039955, 35.199141914275984], [128.48868806672522, 35.19995233014639], [128.48943287266985, 35.20148535872821], [128.48999639026044, 35.20216036715395], [128.49014711380926, 35.20264124598126], [128.48996603173256, 35.20325437343615], [128.49049036128486, 35.204738859335066], [128.48985329687548, 35.20500559276272], [128.4896756612436, 35.20648936546731], [128.4899741987075, 35.20690524096417], [128.48958953500204, 35.20706135178648], [128.48910088470356, 35.20762979969501], [128.48840414216997, 35.2081866648915], [128.4882681422736, 35.208365514558395], [128.48792171434636, 35.20860796549668], [128.48762774744114, 35.20891191044401], [128.48728747262396, 35.2091838182661], [128.48652965119965, 35.209762801825725], [128.48589040942724, 35.2100958283771], [128.48563872816723, 35.21065682415121], [128.48507157135768, 35.21112084890917], [128.48429646675942, 35.21182410081152], [128.48355108131167, 35.21178740435318], [128.48301256065727, 35.21190142638302], [128.48245411053404, 35.212099300559736], [128.48197431827182, 35.212180193804194], [128.48160869488382, 35.212385507563056], [128.48086060711466, 35.21234370672947], [128.4800608930875, 35.21235082984631], [128.47930445937453, 35.21261993608431], [128.47893119718066, 35.21398976890239], [128.47875202478056, 35.21514382937274], [128.4787429231732, 35.2164559338415], [128.4789165052657, 35.21684594234674], [128.47879279155904, 35.21751239572262], [128.47844747958467, 35.2177293413198], [128.47820961173812, 35.2181853162673], [128.4770505322566, 35.218531961734044], [128.47637750290426, 35.219216872221615], [128.47599802577912, 35.219329017857504], [128.47557188887396, 35.21970347991183], [128.4753797824845, 35.22013922220969], [128.47516415387398, 35.22110806962062], [128.47417253993476, 35.22230041517368], [128.4744214606667, 35.22295313639896], [128.47499206379806, 35.223918205982876], [128.4750606211511, 35.22435706117836], [128.47533503008347, 35.2246797804215], [128.47534554279596, 35.22486050691001], [128.47491090592823, 35.22723616999425], [128.4741062480796, 35.2295240205199], [128.47515300466767, 35.23078339525846], [128.4753980885397, 35.23121104250089], [128.4754408675054, 35.2321090442736], [128.47542223020835, 35.23257652948287], [128.47548247051074, 35.23289789074606], [128.4750878218768, 35.23404494868001], [128.47538094679703, 35.23450463068021], [128.47538532618032, 35.23542232092633], [128.475339983843, 35.23598460845518], [128.47536523330692, 35.23648776932226], [128.47579643017573, 35.236859192251444], [128.475683386104, 35.23716628102346], [128.47580082275306, 35.237480989010756], [128.4758436538529, 35.237868045689176], [128.47544741456508, 35.23830135019405], [128.47534349444112, 35.23887085494141], [128.4746330009346, 35.238949589222386], [128.47435530195523, 35.23918202202711], [128.47419287557724, 35.239692116352145], [128.47379737658687, 35.24006120468824], [128.47365968523712, 35.240435643091224], [128.47435307366746, 35.24093214358634], [128.47444449265706, 35.24102393542224], [128.4745637690181, 35.24126725565812], [128.47462211366218, 35.24145650136793], [128.4744544083394, 35.242038542502904], [128.47447241551487, 35.242466463444316], [128.474806452191, 35.242841412693835], [128.47496485828873, 35.24356556222864], [128.47520882025097, 35.24414628685629], [128.47523311880252, 35.24469113324189], [128.47533479780625, 35.24526687990587], [128.47595766714176, 35.24563293424841], [128.47609402117965, 35.24591927489789], [128.47624381239922, 35.2464108644098], [128.47626303345368, 35.24678344884758], [128.47633099294214, 35.24718779606232], [128.47609264922082, 35.247595032630656], [128.47536562603935, 35.248335750174704], [128.47545570960665, 35.24871541317914], [128.47590932106124, 35.24918790420029], [128.4768355927083, 35.24952554921201], [128.47701781994044, 35.25002052367484], [128.47744707307479, 35.25038629522383], [128.47761728943016, 35.25090797104493], [128.47756359351646, 35.251328687786625], [128.47759974812567, 35.251526995883516], [128.47822764947705, 35.25189291949985], [128.47848035467445, 35.252511422868466], [128.4789545308283, 35.253370715427955], [128.4797562161985, 35.253815825204015], [128.48045848128749, 35.25447766786398], [128.48145310726045, 35.25563071562406], [128.48205956807058, 35.2558134388594], [128.48302026598085, 35.2562342885221], [128.4843089930474, 35.256452596594194], [128.4846904181455, 35.25714205541439], [128.4853168784669, 35.25763862712172], [128.48608349750478, 35.25799341046248], [128.486604245275, 35.25799633631753], [128.48693863388112, 35.2583887043336], [128.48748772179846, 35.25890690879508], [128.4878994094847, 35.25921482298005], [128.48832643984798, 35.259921644680894], [128.48835255281756, 35.26065407990715], [128.48848629467258, 35.2615559791893], [128.48840923349135, 35.262123068529505], [128.4883191766742, 35.26210817482556], [128.4883196782848, 35.26213789575238], [128.48838649673547, 35.26216169474048], [128.48852401349123, 35.26230099939347], [128.48870957222877, 35.26277300880004], [128.48870995504163, 35.2630941083725], [128.48867861903864, 35.26316214311166], [128.48873601543048, 35.26315576639949], [128.48874652886326, 35.263203124917766], [128.48879898511464, 35.2632165898976], [128.488923748633, 35.26336358394268], [128.4890683627236, 35.263687268009704], [128.48914344117557, 35.2640888160642], [128.48925703975223, 35.26418238931551], [128.4892599741625, 35.26428985306213], [128.4894065774505, 35.26445904988118], [128.48952824986745, 35.26482643680997], [128.48970471280236, 35.26469859879451], [128.4897226800282, 35.264708112195535], [128.4896230247285, 35.26477304077742], [128.48987741383885, 35.26503268438366], [128.49034329874144, 35.26543855597754], [128.49089346669876, 35.265851263395916], [128.4909793078068, 35.266373556876175], [128.4909481504558, 35.26666015466528], [128.49075902116792, 35.26751885767173], [128.49091768972855, 35.2681208788978], [128.49087776360562, 35.26854433456834], [128.49053724190196, 35.26884611225151], [128.4902211832089, 35.26921600563666], [128.4902156817311, 35.26954567546382], [128.49046246844023, 35.27011652228721], [128.49063444164054, 35.27108870524785], [128.49055570209828, 35.27192351656027], [128.49058810831897, 35.2722596752591], [128.49070321403266, 35.27255294827751], [128.49068142344893, 35.27317984679796], [128.49074337545437, 35.27356894050689], [128.49101344841898, 35.273880193395875], [128.4911222340129, 35.273949662152695], [128.49174127247286, 35.273876786851616], [128.4924992153955, 35.274082071808394], [128.49307042970608, 35.27437937446266], [128.49345903171005, 35.27446705553966], [128.4937890691744, 35.274609691935666], [128.49445437745183, 35.274277441297734], [128.49514516951075, 35.27423738495845], [128.49529081819443, 35.274288126715824], [128.49545713020575, 35.27452570474031], [128.49596249640055, 35.27483652471245], [128.49624053776392, 35.275307078816155], [128.4971776495831, 35.275563918359545], [128.49824344890385, 35.27500686194395], [128.49876325575582, 35.274818612621786], [128.49940254336153, 35.27485844725815], [128.50007298280352, 35.27449830828596], [128.50061665305202, 35.27444886944691], [128.5008893797444, 35.27400046074525], [128.50135580085944, 35.273777058141675], [128.5024260275306, 35.27372205227446], [128.50319382269225, 35.273388625065515], [128.50373515452875, 35.27374785954219], [128.5050329545177, 35.27374530487571], [128.50555057123054, 35.27365828094895], [128.50572886395585, 35.273765626069725], [128.50710914567392, 35.27335764398821], [128.50774594558197, 35.27199487879156], [128.50820121352967, 35.27122736235263], [128.50849851109686, 35.27088185081493], [128.50863023438916, 35.27059621770848], [128.50858996022208, 35.26993132452891], [128.50885224212533, 35.26924005526942], [128.50896730815856, 35.26909588818945], [128.50942643403155, 35.268737091165434], [128.51018862215565, 35.268552170515306], [128.51067278819443, 35.26856652866288], [128.5112878604166, 35.26899927031679], [128.5122411895356, 35.26869794258898], [128.5132312236683, 35.26874461539297], [128.51472030578145, 35.2688731323077], [128.5156411851038, 35.268510388477154], [128.5161977068835, 35.268602610748154], [128.51687784381178, 35.26863955955487], [128.51724292162794, 35.269130698143755], [128.51804392420019, 35.269144180875024], [128.5185185937562, 35.2688506132916], [128.51931376161255, 35.26903728538601], [128.520613208815, 35.26967239791657], [128.52140576333838, 35.26983905329633], [128.5218262256425, 35.27005830808616], [128.52309173121432, 35.26992981209758], [128.5236072017871, 35.2701698535929], [128.5244745200371, 35.270358327201265], [128.5251477948819, 35.27022042941839], [128.52481258841365, 35.26995603591606], [128.52432577291654, 35.26965935569059], [128.524410087537, 35.26916240661213], [128.52523274335604, 35.268933946154284], [128.52521506661995, 35.268902600223306], [128.52533851558783, 35.268844099623514], [128.525527580096, 35.26881614711341], [128.52564743062308, 35.26873717395865], [128.5261508940809, 35.268565368010584], [128.52643809126906, 35.268552129830205], [128.5267309797676, 35.26859341536473], [128.52748543300928, 35.26857834521058], [128.52818597592812, 35.268120563126615], [128.52860580686138, 35.267621548237116], [128.5287617722069, 35.26767370017193], [128.5287642391114, 35.2677511701642], [128.52919563594298, 35.26830717107571], [128.52947654019988, 35.26846064568736], [128.52948382662484, 35.26850701081211], [128.52938028247505, 35.268684199738075], [128.5293927352716, 35.26878733329912], [128.52949816091493, 35.26893646531163], [128.5296235699094, 35.2689575165542], [128.52963496141072, 35.26888812740614], [128.53019857580907, 35.26843979969761], [128.5303688969857, 35.26826597980089], [128.53081271348117, 35.267984062805475], [128.53131430786738, 35.26771660201958], [128.53201270821293, 35.267445254157096], [128.53210909633418, 35.26737689792608], [128.53236339881377, 35.26734816721356], [128.53254345022117, 35.266879305513655], [128.53251982488774, 35.266874674274256], [128.53254306706617, 35.26680561290082], [128.5325747361298, 35.26681046491481], [128.53255700439644, 35.26677765444464], [128.5326546361119, 35.26662528716898], [128.53265244455554, 35.26655559440436], [128.53269017948176, 35.26655772391084], [128.53272475821794, 35.26647288865445], [128.53275974799377, 35.2664809131511], [128.53298526878496, 35.2663860992837], [128.53315412351898, 35.26625119443786], [128.5333470413891, 35.26617814024961], [128.5333570593651, 35.2662570441847], [128.53346079656893, 35.26643264175235], [128.53423905820728, 35.266635207601865], [128.53505148533705, 35.266689041165115], [128.53523643893206, 35.26680735172781], [128.53495141576772, 35.26787996446772], [128.53535242897456, 35.268022762723], [128.53555520600582, 35.268327038864015], [128.53550841273054, 35.269031300737836], [128.53657922844104, 35.26976155197667], [128.5366433397938, 35.27065256379698], [128.5376883477456, 35.27175830691084], [128.53829671662803, 35.271768947955124], [128.53870600893765, 35.27193838694374], [128.53915489953656, 35.27163872088933], [128.5415314019031, 35.27125020532141], [128.5431398694033, 35.271177870779724], [128.54384040560822, 35.270769285016065], [128.54431765470935, 35.27061265325613], [128.54462675172357, 35.27058311713826], [128.5451325616034, 35.270752336545996], [128.5458451460961, 35.27153481565099], [128.54616325816255, 35.271706556636424], [128.547092177942, 35.272098039722835], [128.54779862505566, 35.272690642161955], [128.5480779498799, 35.27332121159576], [128.54966373755965, 35.27331869325417], [128.55195869316432, 35.27479119753446], [128.55428016202126, 35.275454667925636], [128.5553252961496, 35.27599805264393], [128.55547719883063, 35.276514343889495], [128.55698215877786, 35.27707715834438]]]}}, {"type": "Feature", "properties": {"region_id": "CW-JINHAE", "region_name": "창원시 진해구", "sgis_sigungu_cd": "38115", "sgis_base_date": "20250630"}, "geometry": {"type": "MultiPolygon", "coordinates": [[[[128.669229358065, 35.056462615784724], [128.6688018366708, 35.0564292212474], [128.66874748938437, 35.056588325485265], [128.66865430528213, 35.05656927837154], [128.66864126395015, 35.056608440983936], [128.6690773117163, 35.05670620897037], [128.66895856883025, 35.05698318007136], [128.6690121997457, 35.057000768752154], [128.66909642643392, 35.056817723775026], [128.66916129389946, 35.056550809740564], [128.669229358065, 35.056462615784724]]], [[[128.669229358065, 35.056462615784724], [128.66959823985655, 35.05683225566214], [128.6699816491845, 35.05730744992601], [128.66991408184663, 35.057627549309494], [128.6697097334618, 35.05797106776711], [128.66955434237835, 35.058042499835985], [128.6690902834828, 35.05842906939705], [128.66768165500037, 35.05826164074051], [128.66707585931144, 35.058327304389216], [128.66643870100083, 35.05827164559201], [128.66620202942147, 35.05820233409619], [128.66546037162064, 35.05831626217021], [128.66511181784801, 35.0582745976031], [128.6647561831163, 35.05838057661393], [128.66444745705294, 35.0586694537555], [128.6642943569359, 35.05892892959308], [128.66362960081983, 35.05922316036798], [128.6635626085414, 35.05935718553013], [128.6634763397908, 35.05931094043284], [128.66334250463422, 35.05940406664196], [128.66299877599508, 35.05954483907672], [128.66277682590456, 35.059698226089246], [128.66252862536052, 35.059925758097805], [128.6625303710233, 35.06001253807495], [128.66263142237108, 35.06004116774334], [128.66349230570412, 35.059474456894506], [128.663733891671, 35.059527554120194], [128.66397324080953, 35.059639050144504], [128.66568618597262, 35.0601807826392], [128.66588768553325, 35.06032161830014], [128.6660683453128, 35.06051700310071], [128.66637063117767, 35.060578463218015], [128.66654658268612, 35.060850540004395], [128.66781114409955, 35.060909395407194], [128.66806102369762, 35.0610887966809], [128.6684294965896, 35.06102472737459], [128.6686772771823, 35.06104673390215], [128.66875189144181, 35.06093725179057], [128.6689861810664, 35.06095308140546], [128.67008965360486, 35.060273695233946], [128.6703802931052, 35.05942728609082], [128.67080692111912, 35.058651031824], [128.67130026019373, 35.058192904956265], [128.6718468063219, 35.05807110284478], [128.67274819733734, 35.05807966858441], [128.67294100514184, 35.05801684224265], [128.67298604345862, 35.05790875442429], [128.6727190706421, 35.057776487503986], [128.67253213126938, 35.05775596943069], [128.67236224394347, 35.057629624857185], [128.6720088134273, 35.05709726581549], [128.67187578465098, 35.056416788689575], [128.67091065581232, 35.05618374560822], [128.6699329434774, 35.055884243955624], [128.66945256458396, 35.05608351122614], [128.669229358065, 35.056462615784724]]], [[[128.71078620024142, 35.066140515653835], [128.71083934823173, 35.06618410712485], [128.71091531723047, 35.066179682454376], [128.71094047701266, 35.066138919419274], [128.71100819779267, 35.06614502915181], [128.711198149272, 35.06596298134393], [128.71132233155328, 35.06592201370673], [128.7113418931271, 35.065961150767045], [128.7114001629276, 35.06594538109696], [128.71155458202182, 35.06580094265721], [128.71166299592855, 35.065622693164144], [128.71183028496858, 35.06553482972189], [128.71194039345707, 35.0653947918552], [128.71199196889543, 35.065190682233016], [128.71197480305224, 35.06504684700671], [128.7118551769613, 35.06484039247636], [128.711755368556, 35.0647846028578], [128.71163769682494, 35.06480546005781], [128.71159243265635, 35.0647516680671], [128.71153789855202, 35.064750194925956], [128.7115494511795, 35.06466310487304], [128.71128480667855, 35.064548434408685], [128.71121282730124, 35.06454689190327], [128.7111142806374, 35.06460645544137], [128.71096569852395, 35.06461697198909], [128.7109008976542, 35.06459500342525], [128.71075163468956, 35.064645187168125], [128.71073083970333, 35.064722546676215], [128.7106423114865, 35.064729529281166], [128.7105706971186, 35.06470303006059], [128.71054902960316, 35.06459266787684], [128.71047877938068, 35.064499451568544], [128.7103629771001, 35.06448098526979], [128.7100884981591, 35.06434805420416], [128.70995941583757, 35.064380492811175], [128.70991614975736, 35.06456240269191], [128.70986762189594, 35.064579565816594], [128.7098406365675, 35.064568784199835], [128.7098696479152, 35.064490199557696], [128.7098398970167, 35.06436869574018], [128.70977006069876, 35.06437243279208], [128.7097372591988, 35.06429225746652], [128.70949435573633, 35.06434794871649], [128.7094234857622, 35.06443907089052], [128.70932544665547, 35.06448197416065], [128.70925369699157, 35.06455897771013], [128.7092475253198, 35.06463855353715], [128.70921252354555, 35.06468740492491], [128.7091256816469, 35.0647169779756], [128.70907629966788, 35.064857167157484], [128.70907091690097, 35.06493432946492], [128.70912559052644, 35.06507880649643], [128.70928794598052, 35.06530668328267], [128.7093894584291, 35.06543821047719], [128.7097768244724, 35.06564892361114], [128.71006984884184, 35.06598567207871], [128.71035972554628, 35.06614351932967], [128.71046605072354, 35.066302747197064], [128.71051191208883, 35.06629306721554], [128.71060834570886, 35.06617787807367], [128.71078620024142, 35.066140515653835]]], [[[128.7162149526454, 35.0761549583603], [128.71612273430173, 35.07615745573934], [128.71613413147483, 35.076209877749974], [128.7163117701772, 35.07628158344818], [128.71630441034833, 35.07621609012312], [128.7162149526454, 35.0761549583603]]], [[[128.71492808776588, 35.07763091337216], [128.71522480568635, 35.07744370330486], [128.7153693693453, 35.07748914635465], [128.71547837063235, 35.07744132241016], [128.7154570697608, 35.07741525063706], [128.7153346936879, 35.07739620602139], [128.71533935870582, 35.077376180213385], [128.71559663019906, 35.07735764740049], [128.71558380382623, 35.077246279919336], [128.71546235932922, 35.07720883216201], [128.71555563389686, 35.07704431564601], [128.7156838924073, 35.07700477591685], [128.71577008215561, 35.07685720038349], [128.7158347011963, 35.076805251464734], [128.7159058107435, 35.076807095577436], [128.71598402949928, 35.07676663625837], [128.71600394934975, 35.07670702952352], [128.71607830494358, 35.07671475769858], [128.7161830783486, 35.07666542647153], [128.71625604946396, 35.07657935397556], [128.7163604919741, 35.07657757963218], [128.71632520870187, 35.07641263704482], [128.71627161684899, 35.07638021519125], [128.71623917920908, 35.07629325773585], [128.71613015394843, 35.07624384181864], [128.7160370275985, 35.07634030335457], [128.7159798491145, 35.07617495807122], [128.7156797921934, 35.07606567702703], [128.71594266332647, 35.0761012737395], [128.71589583302088, 35.07596871731952], [128.7157870429266, 35.07590191465732], [128.71566079613999, 35.07588138353712], [128.7154877170659, 35.07591468035571], [128.71535739929382, 35.0759917929828], [128.71537174786744, 35.07605637237341], [128.7152177210453, 35.07609345419073], [128.71516729894765, 35.07601357438409], [128.71508751046235, 35.07596323336846], [128.71501317072494, 35.075985522596326], [128.71502110974896, 35.076096219612836], [128.7149748865907, 35.07603825135273], [128.71474672647616, 35.07604512481976], [128.71477172521566, 35.07599143460404], [128.71474748955873, 35.075973773957145], [128.71467305198098, 35.07597052524177], [128.71458415459145, 35.07603953275003], [128.71447647998596, 35.07603720650446], [128.71442025226338, 35.0761886287441], [128.71445381686718, 35.076235345002054], [128.71443281624119, 35.07634376755952], [128.71433807993895, 35.07640418821674], [128.71433655416604, 35.07668796959628], [128.71426781455244, 35.07675434773254], [128.7143142428017, 35.07682608801274], [128.71437572718875, 35.076798579280236], [128.71443554371058, 35.076857471981015], [128.714387860908, 35.07694784715572], [128.71437633962708, 35.077104145054165], [128.71432881866454, 35.077199163953], [128.71423240312404, 35.077272460869025], [128.71416146803628, 35.07724273820802], [128.7140967584408, 35.07728252551728], [128.71407953082647, 35.07732710131631], [128.7141491237116, 35.07735506479342], [128.71416151145036, 35.07739653809343], [128.71397499222547, 35.07749423070523], [128.71397340201017, 35.0776073747147], [128.71399630332152, 35.07763629982197], [128.71408495504093, 35.07764502759139], [128.7141009166828, 35.07774405254293], [128.71391133775694, 35.078249805366134], [128.7140170694033, 35.07818356922795], [128.71422329464383, 35.07795700106208], [128.71484560296471, 35.077646348520744], [128.71492808776588, 35.07763091337216]]], [[[128.69636194658875, 35.0785763469353], [128.69731343068767, 35.078447151494935], [128.6974307365417, 35.07849033164169], [128.69758811343306, 35.078490517665735], [128.69802395326943, 35.07842424459597], [128.69818414245248, 35.07835422727993], [128.69821823739622, 35.078251674027946], [128.69825422727416, 35.07830151949215], [128.69833344693984, 35.0783014994491], [128.69833853254076, 35.078256768084636], [128.6984004527325, 35.07821481120262], [128.69834463668195, 35.07813550414898], [128.69841203524877, 35.07812465827048], [128.69843087363995, 35.07801983025915], [128.69854486153298, 35.077984418738204], [128.69844820386837, 35.07792002860344], [128.698434824221, 35.077861343424146], [128.69848573986565, 35.07782030495367], [128.69839928796316, 35.07775618358883], [128.6984758799393, 35.07761575148845], [128.6983781151162, 35.07763769944934], [128.69835006888164, 35.07761629517882], [128.69841477221343, 35.077553404779614], [128.6982964200004, 35.077556372310084], [128.6982780151086, 35.07753475733317], [128.69825438029312, 35.07725628439401], [128.6982822975324, 35.07722589651536], [128.69832521527067, 35.077323649308724], [128.69832260944136, 35.07721250335616], [128.6982764535009, 35.07720203128525], [128.698259929717, 35.07714538425372], [128.69813134689974, 35.077119015147176], [128.69822370619607, 35.07703736564887], [128.6981772174285, 35.07681672949049], [128.6982168611714, 35.07677355375435], [128.69819440857523, 35.076727888064895], [128.69810502087012, 35.0766934043567], [128.69814969552118, 35.07664174115176], [128.69810828817415, 35.07638108031272], [128.69786214627868, 35.07605718309781], [128.6976993631083, 35.076016666990014], [128.69768273431387, 35.07573889647619], [128.69757483025867, 35.075671736745], [128.69763693105608, 35.07558302531169], [128.69759598254177, 35.075584931898504], [128.69752911917095, 35.07565080968131], [128.69749531791226, 35.075632787372264], [128.69758747977042, 35.075518254757334], [128.69759253441555, 35.07532727717396], [128.6975129309431, 35.07528379513312], [128.6975258991898, 35.075201361237205], [128.6974266093792, 35.07507889649025], [128.69724784360898, 35.07498791806132], [128.6971610643678, 35.07488932469349], [128.6969643993315, 35.07489459321072], [128.69679634229882, 35.074974025997264], [128.69693490336985, 35.074862675051925], [128.69693019252847, 35.07483225066139], [128.69689359523846, 35.07482896915512], [128.69661485889804, 35.07493618335532], [128.69655991937782, 35.074988677645315], [128.6966232689206, 35.07506928179243], [128.69654281800487, 35.07512749010512], [128.6965210223604, 35.07522483799688], [128.6964309040481, 35.07536718948341], [128.6964410783311, 35.07549208159299], [128.69651555368776, 35.075504896996385], [128.69648661608576, 35.075582747400915], [128.69656764390547, 35.07560052760975], [128.69658081203525, 35.07565355987438], [128.6965752927075, 35.0756814884256], [128.69645878436557, 35.07570855369163], [128.69646174110025, 35.07575962370922], [128.69639172308524, 35.07580977990197], [128.6963891063508, 35.075873807742866], [128.69642760086293, 35.07591580803257], [128.69638399929732, 35.076231709337705], [128.6964688096061, 35.076311548184435], [128.69657526702247, 35.07635490116769], [128.6965221295702, 35.07649783273441], [128.69657261810352, 35.0765698068042], [128.69653272328975, 35.07664526952132], [128.69658152022603, 35.07670654849117], [128.69656226391172, 35.07677531196267], [128.69663472502262, 35.07692997731443], [128.69659008201162, 35.07702917906238], [128.6963844040198, 35.07723236461581], [128.69599698128053, 35.077474844571505], [128.69577657220762, 35.07745664242865], [128.6956951101863, 35.07739298204556], [128.69562870575334, 35.077381889910406], [128.6955662603155, 35.07741210908159], [128.69559807954803, 35.077562492500505], [128.6954007462888, 35.07762270541041], [128.69520883719034, 35.077577153283436], [128.6951902944403, 35.0774857178228], [128.69511859183416, 35.07744578646408], [128.6950692921301, 35.077334795829294], [128.6950269238686, 35.07732906401592], [128.69492990983326, 35.07723773638574], [128.6948057077124, 35.077222064820475], [128.69479344830611, 35.077118908842344], [128.6946222566875, 35.07709031033204], [128.6943185930179, 35.07695178871315], [128.6941547748114, 35.07699816615313], [128.6940424983169, 35.076889187409925], [128.69371366167314, 35.076877576319475], [128.69363426918636, 35.0767772342256], [128.69349527613622, 35.07681441647489], [128.69338035190114, 35.076733678088445], [128.6934252781035, 35.07664997432753], [128.69336722267408, 35.07652350998382], [128.69328961364047, 35.076541980636236], [128.6932514474179, 35.076450575643705], [128.6931466155791, 35.076345120430865], [128.69291042004468, 35.07630993671101], [128.69295142544192, 35.07635183767742], [128.69284203902745, 35.07637576195498], [128.69283491699156, 35.07642501247624], [128.6927671628543, 35.076440399536494], [128.69228652866434, 35.07635770608748], [128.69206400643986, 35.07626379602008], [128.6919492307785, 35.07628150409006], [128.69188591587888, 35.076195342875096], [128.69175741375477, 35.07615399671425], [128.69166072581933, 35.07616711759864], [128.69170873358192, 35.07607747284647], [128.69154800209918, 35.075904262547716], [128.69125258583608, 35.07596047688668], [128.69112160592562, 35.07590715320793], [128.69108073324347, 35.07594720454272], [128.69099326506506, 35.075954506951334], [128.69098026073496, 35.07599537014581], [128.6909117930547, 35.07597682626762], [128.69078236153152, 35.07602220322861], [128.69059735673198, 35.07602294861697], [128.6905395060502, 35.07611394650065], [128.69035431524742, 35.076125913680364], [128.69010996376804, 35.076067566802394], [128.6900651147211, 35.07598398428432], [128.68988163242506, 35.075996972692245], [128.6898727279955, 35.07591323215269], [128.68982053899776, 35.07584004203241], [128.68973971376184, 35.075813471280696], [128.6896924454745, 35.07583383660724], [128.68968245466914, 35.075799532448144], [128.68958994245605, 35.075766117191606], [128.68933855731444, 35.07578800669715], [128.6892561030247, 35.07582874476173], [128.6890827759614, 35.07578025773708], [128.68880715757024, 35.075628977082665], [128.6887869564485, 35.07559281632434], [128.68882592339588, 35.07555235524102], [128.68877351573283, 35.075528659269196], [128.68875175485005, 35.07547570132184], [128.68870379789917, 35.07548103141544], [128.68869050519152, 35.0755431476801], [128.688468095019, 35.07536925201771], [128.68826249366228, 35.07535758317361], [128.68821781079745, 35.075378353589805], [128.68822100331673, 35.07541510128543], [128.6881192144377, 35.07536520135731], [128.6880712629101, 35.07538406876896], [128.68806918538422, 35.07541976626509], [128.68797855819284, 35.07542166219976], [128.68786736844962, 35.07535259275343], [128.68771095928247, 35.07540190049045], [128.68765586067659, 35.07537988223987], [128.68760653150764, 35.0754319803587], [128.68761339371423, 35.075478345376006], [128.6874439878742, 35.07554640488017], [128.68741341997156, 35.07568114269169], [128.68745332871197, 35.075724782082325], [128.68745283830128, 35.075810537178015], [128.68754599113328, 35.075839396187455], [128.6875560323948, 35.07598676721661], [128.68797489153664, 35.07623473981641], [128.68805557083886, 35.076233927761784], [128.6881695708532, 35.07629414396552], [128.68836805395816, 35.076304443640666], [128.68839418363723, 35.07636777849215], [128.6886628110786, 35.07639689688762], [128.68870996098772, 35.07644545829662], [128.68868678678137, 35.07650415852647], [128.68886532560649, 35.07652365331766], [128.6890460399457, 35.076663071569556], [128.68908237932538, 35.07673743631846], [128.68923095683283, 35.07680778258531], [128.68949124098324, 35.07681435273369], [128.68973468987306, 35.0767552514423], [128.68994497739638, 35.07682230078787], [128.6901365805044, 35.07684573922262], [128.69030296747488, 35.076973356318405], [128.69041615941, 35.07692535854326], [128.69068273935582, 35.07703064363963], [128.6907177389247, 35.077021591680094], [128.69072784812008, 35.076957793315785], [128.6909564340328, 35.0769785752567], [128.69107154244568, 35.07686452003338], [128.69121004003014, 35.07686047443059], [128.69151506321015, 35.07697082069074], [128.69166356908102, 35.07709264075805], [128.69186752762684, 35.07714336386345], [128.69222485063685, 35.077123233549656], [128.69247902067588, 35.077059143338936], [128.69254314257753, 35.07700606104889], [128.69273381044678, 35.0770048043302], [128.69319403777428, 35.07713598275846], [128.69348799401394, 35.07731589182094], [128.69357543285335, 35.07749535891144], [128.69365084127145, 35.07754133734758], [128.69370381330168, 35.07762618199102], [128.69376551061, 35.07766456444488], [128.69386900867735, 35.07766647591641], [128.69392231388096, 35.077770629052154], [128.69403882289453, 35.07777699814288], [128.69419297036546, 35.077854020650996], [128.69441018585835, 35.07812090399725], [128.69449244250737, 35.078141726500405], [128.6945590276162, 35.07823673547287], [128.69490495469236, 35.07847179061353], [128.6949248383865, 35.07856139152655], [128.69496951997024, 35.07860018086834], [128.69527550508738, 35.07857280932323], [128.6953267935437, 35.07858583774915], [128.69535581395758, 35.07863736136069], [128.69582272464143, 35.078516459146094], [128.6961295077127, 35.078628557973566], [128.6961497314413, 35.078651114706304], [128.69611196298766, 35.07872987262365], [128.69619131770833, 35.07877934865144], [128.69630212752256, 35.07875878673578], [128.69636194658875, 35.0785763469353]]], [[[128.71012790581221, 35.08223299588115], [128.71048561320848, 35.08217389195339], [128.71055902611326, 35.08233221240266], [128.71065312024106, 35.08230689198909], [128.71057729627478, 35.08204612527007], [128.71068020175954, 35.0820158605092], [128.71093136161525, 35.082027743040804], [128.7113009055048, 35.08217923354221], [128.71123166071658, 35.08233470833514], [128.7112558120958, 35.082372928412575], [128.71140420586772, 35.082400917700745], [128.71142982198631, 35.082267046149795], [128.71150724828044, 35.08225453832599], [128.7121210582239, 35.082464474748456], [128.7123104286497, 35.082470503545814], [128.71301465456105, 35.08201289783826], [128.71322741663278, 35.081921181783954], [128.7136698443256, 35.08160919161334], [128.71374117114576, 35.08147481336874], [128.71386460639383, 35.081380605484085], [128.71395146008626, 35.08121099158543], [128.71406221818273, 35.081107974941204], [128.71427378127046, 35.0810094579175], [128.71449771348597, 35.08096460984032], [128.71447629524076, 35.08091823003888], [128.71461340451344, 35.08092435672542], [128.71474193540638, 35.0808585083085], [128.71474148416743, 35.0808304386574], [128.71461330846446, 35.08081310151844], [128.71461531367393, 35.080715586438814], [128.71471014631533, 35.08065076808357], [128.7144583221122, 35.08052853466252], [128.71428716329692, 35.08031914067917], [128.71414372063055, 35.080240466115], [128.71406428975752, 35.08032524952978], [128.71400881853273, 35.080305721276446], [128.7139761603704, 35.08032324836495], [128.7136919246139, 35.08019432287403], [128.71318576889868, 35.08007306328479], [128.71306402414749, 35.080076598566706], [128.71232118561502, 35.080306318339744], [128.71190465195417, 35.080401153374815], [128.71066525978532, 35.08050843069364], [128.70899405276947, 35.080859075844074], [128.7084688310007, 35.0810430626684], [128.70835249118724, 35.08105531255212], [128.70827799150035, 35.08117013881545], [128.70810785891896, 35.08132955119383], [128.7080303895025, 35.081513721369305], [128.70795983715655, 35.08153960049086], [128.708007557923, 35.08160418189798], [128.70794119024202, 35.081790109657334], [128.70794094659513, 35.0819755824394], [128.70809101560752, 35.082268175664026], [128.70824907557645, 35.082448163279494], [128.70843254788076, 35.08257147854309], [128.70882871423092, 35.082700416740096], [128.70936370319177, 35.082749147516445], [128.7094190777852, 35.08282086710588], [128.709626481505, 35.08276639715568], [128.70973650750275, 35.08272256605887], [128.70964488767774, 35.082553934993896], [128.71012790581221, 35.08223299588115]]], [[[128.72324530076563, 35.08436966796654], [128.7231836165938, 35.084402995317944], [128.7232021490072, 35.084487414843395], [128.72325673039595, 35.08447294615491], [128.72324530076563, 35.08436966796654]]], [[[128.722660837108, 35.08914946762018], [128.72273177738896, 35.089086042610816], [128.72283579431937, 35.088761589509964], [128.72304997171838, 35.08869754999962], [128.72323713390205, 35.088576446073155], [128.72335656909527, 35.08856274761117], [128.72332002411986, 35.08844400877403], [128.72336918212847, 35.088316768130554], [128.72385488400593, 35.08829024813667], [128.72391438726805, 35.08824256727606], [128.72518887843694, 35.08825841834487], [128.72606525748623, 35.08823036828961], [128.7268696372688, 35.0882616835713], [128.72822838745714, 35.08825337456189], [128.72822908771585, 35.08830797831855], [128.72845067672668, 35.08830798120363], [128.72845009218418, 35.08815386996623], [128.72330495917973, 35.08814355971483], [128.72324568744926, 35.08800196222053], [128.72319141233223, 35.087990229175325], [128.7231740482027, 35.088030317270345], [128.72307525764424, 35.08794851797566], [128.72297304790075, 35.08791784659771], [128.72291691063836, 35.08779562826748], [128.72282661290578, 35.08771564199737], [128.7228548607598, 35.08768677084185], [128.7228384473246, 35.087565617914315], [128.7227734180555, 35.087569173502516], [128.72276884539082, 35.087653647536165], [128.72241488830556, 35.08720244418418], [128.7222397172965, 35.08686696008163], [128.72213280245086, 35.086513883366614], [128.7222056345205, 35.086194318239144], [128.7223772445467, 35.085898258992756], [128.72242082058068, 35.08588850730959], [128.72248954751046, 35.08578028407705], [128.7228123293248, 35.085500507733805], [128.72309221151272, 35.08534335461651], [128.72308030777, 35.08525078392661], [128.72322066060931, 35.08520746064522], [128.72326151519553, 35.08512751114061], [128.72331705622196, 35.08509515279942], [128.723313926789, 35.08503470094156], [128.72339994883623, 35.08499623734614], [128.7233654781626, 35.084893988730094], [128.72328891574574, 35.08487491202715], [128.72341082274707, 35.08484199225509], [128.72343490776106, 35.084704265736626], [128.72349136274082, 35.08468024567459], [128.72347662316463, 35.08464445419036], [128.72337783394804, 35.084674506121395], [128.72323883152967, 35.08464548108298], [128.72324631197333, 35.084583735592766], [128.7231793712419, 35.08457886029033], [128.72313770237085, 35.084514254636076], [128.7231585418602, 35.08439260866924], [128.72310384697596, 35.08434686551674], [128.72302812186766, 35.084332991797496], [128.72303915522653, 35.08423148688674], [128.72288386750873, 35.08418774107177], [128.72284041847945, 35.08421799000234], [128.7227659292884, 35.0841920322104], [128.7229187124262, 35.08411421440533], [128.7229140586825, 35.08408609885161], [128.7228116173338, 35.084044357202096], [128.72287732209887, 35.08401591616733], [128.72295388926207, 35.084030006907035], [128.72291466324617, 35.08388497898772], [128.72276540043484, 35.08384240752077], [128.72268514441066, 35.083897541945], [128.7226647200505, 35.08386733486188], [128.72255827960007, 35.08386696547881], [128.72253181411963, 35.08394007755171], [128.72266177323777, 35.08397975667195], [128.72258747377685, 35.084008466388106], [128.7225187677856, 35.08398398114864], [128.72247651158918, 35.08402529212868], [128.722285284847, 35.084001942795986], [128.72224261593627, 35.08395111526921], [128.72220052699683, 35.08400099926896], [128.72205121093046, 35.08396749636949], [128.72204728785317, 35.08385752058463], [128.72196571460344, 35.083819078956296], [128.72190149078642, 35.08386099884133], [128.72193667705298, 35.08388355907272], [128.721910869533, 35.083946767748316], [128.72189646587228, 35.08389725840251], [128.72183440997597, 35.08385580681523], [128.72176422395185, 35.08391262986083], [128.7217588848423, 35.08385397467443], [128.72167911457183, 35.08390509836445], [128.72167029255917, 35.08385517749641], [128.72158296779713, 35.0838791524708], [128.72159092205405, 35.08384211502917], [128.72153996059836, 35.083818256539054], [128.72142217932435, 35.084024857800706], [128.7213442245631, 35.08400552518411], [128.72128318592246, 35.0839265611586], [128.72121466368696, 35.08403255637668], [128.72112923677489, 35.084021462523346], [128.7210976432983, 35.08404440158688], [128.7210425185669, 35.084015944865385], [128.72099075307779, 35.08415665649694], [128.72092496041518, 35.08404418572889], [128.72088715513837, 35.0840657302023], [128.72087384642154, 35.084129112163005], [128.7207457743725, 35.08412416576591], [128.72072521117096, 35.08417330596927], [128.72079855230942, 35.08422406866852], [128.72069693100124, 35.08424724381476], [128.72070051865518, 35.084365673404484], [128.7206653646406, 35.084390767107585], [128.7206557287129, 35.084464124118135], [128.72047460604836, 35.08457514402253], [128.72017516610654, 35.08460463053977], [128.71966267455326, 35.084580508072065], [128.71936142320797, 35.084514182197516], [128.7191032917479, 35.084412749527566], [128.71880616197123, 35.08421668758914], [128.71874289707037, 35.08420529353875], [128.71880836714928, 35.084152344475264], [128.71864116149692, 35.084146566564435], [128.71852323182262, 35.08407865562169], [128.71853782013739, 35.08403001583498], [128.7184129482981, 35.083977661492504], [128.71805509581006, 35.083947590669], [128.7180217445243, 35.084024777956884], [128.71792282658143, 35.084050318440795], [128.71767746577967, 35.08394095143233], [128.71736599462167, 35.083990783315045], [128.71738359563133, 35.084076489903936], [128.71757216652748, 35.084099455281525], [128.71763081666865, 35.08450792869491], [128.7179181577396, 35.0847979728801], [128.71818346747506, 35.08487242134686], [128.71847722812058, 35.084871173737604], [128.71858266175266, 35.08490641865987], [128.71874301919286, 35.08489202677098], [128.7189324748046, 35.08492313934785], [128.71935801957142, 35.08516259050748], [128.71964427431334, 35.085429571495325], [128.71973762631484, 35.08540033828733], [128.7197974737622, 35.085417224844875], [128.72003982076973, 35.08559243366437], [128.720254531616, 35.08603474337117], [128.72027133922938, 35.086132417098355], [128.71982640109724, 35.08637257775243], [128.71958319176625, 35.086674728492135], [128.71954397894496, 35.08695602829927], [128.719611442497, 35.086963040874885], [128.7196530840031, 35.0867033474739], [128.71989307828733, 35.08642309242953], [128.72031246378003, 35.08618907295521], [128.7203872812554, 35.08627646272584], [128.7204586094959, 35.086261357857026], [128.72057293451306, 35.08652992998288], [128.72059762475706, 35.08667277326726], [128.7204811127367, 35.08671450828069], [128.72047403265196, 35.08674216497422], [128.72050974191544, 35.086773190542154], [128.72062991764366, 35.0867631011899], [128.72101785185922, 35.08738922722179], [128.72143733310475, 35.088192138327614], [128.7215250212745, 35.088504419776726], [128.72153119147322, 35.08862467524023], [128.72105636618352, 35.08919904458278], [128.72110383425064, 35.08944052899953], [128.7212700256366, 35.089495780524096], [128.72130025585, 35.08944543023206], [128.72123691406384, 35.08940901361947], [128.72127270076942, 35.08924361225041], [128.72175337342458, 35.08870378348747], [128.7217904262261, 35.088715358914946], [128.72187597642386, 35.08863194161671], [128.7226896500891, 35.08877737275985], [128.72249027326794, 35.08941242478047], [128.72233281296917, 35.08950491417765], [128.7223796748516, 35.089559085960715], [128.72256866392837, 35.08945655507226], [128.722660837108, 35.08914946762018]]], [[[128.7200125206258, 35.09300012539124], [128.7202125865565, 35.09283613226694], [128.72031971574725, 35.09293362712147], [128.72046296249195, 35.09282763224426], [128.7203515840406, 35.09272804515548], [128.72187718876418, 35.09160763306202], [128.72195340196686, 35.091663781352906], [128.7223296451107, 35.091630149107836], [128.72252303577457, 35.09197792437109], [128.72262720597422, 35.091949111792786], [128.72254219576593, 35.09174447705829], [128.7225047622065, 35.091742769884824], [128.72241172373035, 35.09157409126113], [128.72251928536463, 35.09152726908332], [128.72256169000613, 35.09146419773261], [128.72264948297789, 35.09146519146681], [128.72266861186063, 35.09140282547065], [128.72274066695923, 35.09134311217124], [128.72277587310631, 35.09122546551462], [128.72269822460765, 35.09119795812727], [128.72255930303393, 35.09105447666885], [128.72228049354385, 35.090892980029835], [128.72225549781766, 35.09082258872673], [128.72208771788547, 35.090707487961375], [128.72175998259394, 35.09059895989445], [128.72164926685403, 35.09057929948111], [128.72160121697604, 35.090607518713554], [128.72135856692373, 35.090509451660935], [128.72128393349828, 35.090334758354345], [128.72124225882763, 35.09033468944441], [128.72122912202877, 35.090415601547264], [128.72118991725205, 35.09028968099495], [128.72091545415847, 35.09002796826391], [128.7206335373463, 35.090001053870196], [128.72046363789647, 35.089923666970925], [128.72036517244592, 35.08992934315126], [128.7202536880677, 35.08989497047316], [128.72002127618612, 35.08990263640577], [128.71996890529059, 35.089856185053655], [128.7198998899691, 35.08987676651865], [128.71982954241454, 35.08979330787781], [128.71956877486414, 35.089786611646815], [128.7193857452468, 35.0896981981411], [128.7193018618, 35.08960222501665], [128.71916975907317, 35.08956193279726], [128.7191629579704, 35.08951772422085], [128.7191207763246, 35.089506782036324], [128.71901481326486, 35.089550189477094], [128.71901004066606, 35.08961824975375], [128.71884189908286, 35.089732343058984], [128.71875853732016, 35.08971481603218], [128.7186765203206, 35.089762750448955], [128.71846265804956, 35.089963880285346], [128.71842857088333, 35.090130292583645], [128.71829213723686, 35.09029366324462], [128.7183378855941, 35.09036471787347], [128.71832454386455, 35.09047533787299], [128.71824712937382, 35.09057139609016], [128.71824315611173, 35.0907481182828], [128.71813366604354, 35.09105151646732], [128.7180945938105, 35.09107325675536], [128.7181830962968, 35.0911997253393], [128.7181245181293, 35.091239682220454], [128.7180352762126, 35.09122607109921], [128.7180232009878, 35.091252373038465], [128.71808688115087, 35.09129715533365], [128.71816397687678, 35.09130012983868], [128.71820901537956, 35.09140573786679], [128.71818478879382, 35.09150448052733], [128.71822078297694, 35.09153864525739], [128.71832724124508, 35.09160126702678], [128.71861114159236, 35.09160419704216], [128.7187361367006, 35.09171984453797], [128.7188791256851, 35.09192868878504], [128.7190663618654, 35.0924327442715], [128.719125127143, 35.092418303855624], [128.7192614217467, 35.09256802090559], [128.71938680441107, 35.09278557667722], [128.7194374599611, 35.09296162312816], [128.7195216414178, 35.09300921177488], [128.71964800842787, 35.09299309925253], [128.71979012905854, 35.09306333700953], [128.7200125206258, 35.09300012539124]]], [[[128.81968068053027, 35.09226772916479], [128.81967270763505, 35.09220367266695], [128.8195696237278, 35.09221234331959], [128.81957758430445, 35.09227638913932], [128.81968068053027, 35.09226772916479]]], [[[128.82059551654618, 35.093288596868554], [128.82056858882828, 35.093237483607766], [128.82046528124283, 35.09327651236638], [128.8204922143947, 35.0933276255912], [128.82059551654618, 35.093288596868554]]], [[[128.82046035126805, 35.09334536904955], [128.82045002346942, 35.093313905811456], [128.8203889175045, 35.093327454103225], [128.82039924421395, 35.093358919161865], [128.82046035126805, 35.09334536904955]]], [[[128.72216911630287, 35.09559904119505], [128.7221728648079, 35.095543457554626], [128.72223729490324, 35.095531084624696], [128.72222053656574, 35.09545378116152], [128.72226691623067, 35.095411243928815], [128.72224910517716, 35.095337426078565], [128.7221660396711, 35.09533415373369], [128.72209540185395, 35.09525002864413], [128.72186490119614, 35.09512312068266], [128.72180572334358, 35.09514875439037], [128.72164012100984, 35.09510415365447], [128.72150598217644, 35.095188176659526], [128.72146724513377, 35.09518214893839], [128.7214372409642, 35.09524028009874], [128.7216336555148, 35.09551882186902], [128.7215914113188, 35.09566689074334], [128.7216700522584, 35.09564844019309], [128.72174958038357, 35.09557900981966], [128.72200873225864, 35.09561455072154], [128.72207965925932, 35.09557791905049], [128.72208855237753, 35.09567880267967], [128.72212644899807, 35.09569024682643], [128.7221194715911, 35.09563863582754], [128.72216911630287, 35.09559904119505]]], [[[128.67870883495954, 35.09737111581876], [128.6790149691182, 35.097409469447626], [128.67912216588965, 35.097354904078166], [128.6791626202056, 35.09735354221714], [128.67916828022337, 35.097397968072926], [128.67921199427508, 35.09737369205006], [128.67916680008426, 35.09726409432164], [128.67896247587908, 35.097144625515604], [128.67895050245457, 35.09717954079284], [128.67881670950058, 35.097174923297885], [128.67869396888975, 35.09720812761561], [128.67865496769878, 35.0971770549436], [128.6784872782842, 35.09718854395777], [128.67811455161427, 35.09708123845496], [128.6777988854289, 35.09714098067046], [128.6777483960431, 35.09716865456121], [128.67776596863783, 35.097220178078835], [128.67767054483892, 35.09722025751799], [128.6776651525335, 35.097357945391344], [128.6776961065533, 35.0973848425045], [128.67777972645587, 35.097344989883545], [128.67821776059554, 35.097274252009484], [128.67853011943228, 35.09733915809909], [128.67861372447183, 35.09741065880957], [128.67870883495954, 35.09737111581876]]], [[[128.67121012924244, 35.09866647364194], [128.6712974151863, 35.09868118586061], [128.67133397195516, 35.09862020829751], [128.67176536177016, 35.09860177325828], [128.67187558306787, 35.098511401532654], [128.67190375456883, 35.098430599699626], [128.67218492649235, 35.09826618575913], [128.6724035348006, 35.09816880730635], [128.6726008390452, 35.098203663533035], [128.6726283789108, 35.098107923449284], [128.67279361461004, 35.098123772277624], [128.6727945139396, 35.098046997622355], [128.67273242347616, 35.097880537777705], [128.67258860200468, 35.09783561222437], [128.67267390295177, 35.09780568318929], [128.67264387106061, 35.0977683039225], [128.67254469777666, 35.097720650793725], [128.67248987400728, 35.097775234053806], [128.6724302629544, 35.09777836228118], [128.67221164634694, 35.097690078994695], [128.67214776974453, 35.09758068805781], [128.6721794296909, 35.097445027577656], [128.67212416112142, 35.09739388752166], [128.67181150673454, 35.09728377807066], [128.67173919196915, 35.09722528271127], [128.67162182747077, 35.097221612941034], [128.67154571742626, 35.09717373247927], [128.6714548029944, 35.09716708751652], [128.67134353447108, 35.09707923500148], [128.67134042716123, 35.09703579934625], [128.67119089780837, 35.09696872104079], [128.67101846898782, 35.09693576816325], [128.67094740914177, 35.096885027143365], [128.6707101474995, 35.096890007314464], [128.6704542091768, 35.09697851007763], [128.67034643274874, 35.097080558739044], [128.67033135981634, 35.09713237328344], [128.67024646108771, 35.09717664228844], [128.67024557928622, 35.0973734969805], [128.6699278182834, 35.097707002626], [128.66994632199604, 35.09785628230353], [128.66990891770504, 35.09790728800909], [128.67004778287065, 35.0979925654243], [128.67012268605015, 35.0981545371637], [128.67021991764304, 35.098182148970785], [128.67022904360786, 35.09829931523312], [128.67042445718374, 35.098362969003325], [128.67056961520953, 35.09836970951714], [128.67067809030758, 35.098458094623325], [128.67079825245804, 35.09847591605399], [128.6708319443047, 35.09853666044643], [128.67090199346325, 35.09852276187802], [128.67109084233567, 35.09858545006774], [128.67111798961784, 35.09866111343215], [128.67108279051806, 35.09868708419372], [128.6711121951943, 35.098722057048974], [128.6711572632273, 35.09872718133806], [128.67121012924244, 35.09866647364194]]], [[[128.65103554905255, 35.10586977601336], [128.65135008413745, 35.10571172579855], [128.65165367624147, 35.105719458106186], [128.65180974832688, 35.10564870923758], [128.65242721229654, 35.10549670759546], [128.65323006118615, 35.10547878972948], [128.6537366504251, 35.10550829744967], [128.65464624378183, 35.10541289472478], [128.65485592702413, 35.10535012678798], [128.65513004325697, 35.10518962607907], [128.65522802470818, 35.10520730093851], [128.65523037781043, 35.10545662339439], [128.6566207958297, 35.10551762768562], [128.65663510006507, 35.10545511216348], [128.65673676764823, 35.105457023770896], [128.65683916387127, 35.10546794860293], [128.65683409729533, 35.1055258929086], [128.65689013638968, 35.105527944076535], [128.65693416350615, 35.10533917854671], [128.65738137800344, 35.10537017000989], [128.65828259558347, 35.105553149738874], [128.65864849150208, 35.105568501383175], [128.6591986475559, 35.10557469275721], [128.66002572523934, 35.10539599452978], [128.66096127061766, 35.10526557300003], [128.66143491956194, 35.10526205648308], [128.66190439851653, 35.10534106241418], [128.6621006884455, 35.10531976975181], [128.66208330365762, 35.10520594249495], [128.66182523956672, 35.10518812509067], [128.6618804894666, 35.105107832433966], [128.66175577318845, 35.105013049102666], [128.66174324451876, 35.10488154949373], [128.66170958984054, 35.10484510391997], [128.66163835930953, 35.10489315461381], [128.66148011238394, 35.10477355387518], [128.6613980018239, 35.10476095807496], [128.6612146388181, 35.10480427787228], [128.6610364428424, 35.10476091048974], [128.65994006282787, 35.10430262520422], [128.65986333092292, 35.104247093676086], [128.6590808353523, 35.10413431760299], [128.6589298896972, 35.104134992578686], [128.65878081244247, 35.10418674329276], [128.65844594973177, 35.10413826216684], [128.65834644134335, 35.104176244479625], [128.65810834494673, 35.10414690158648], [128.6578357513625, 35.10415761511801], [128.65756671583821, 35.10427812597063], [128.65736131023888, 35.10433346586473], [128.65706303843407, 35.10438695620463], [128.65692089879605, 35.10437990210876], [128.65680723834816, 35.10434431065363], [128.65673430174135, 35.10428437143278], [128.65650723630728, 35.103994968041995], [128.6558867159699, 35.10399162094122], [128.65576361851979, 35.103723494050385], [128.65573731181732, 35.10372935142111], [128.65568170898047, 35.103407110312794], [128.65571925307484, 35.103303181599856], [128.65629160449967, 35.102920131048336], [128.6568461543345, 35.1029945673298], [128.65686547180024, 35.10289460641851], [128.65629073459195, 35.102811459724656], [128.65561476458979, 35.1019281070198], [128.65487424660566, 35.10167276459715], [128.65474096429162, 35.10154813276406], [128.65468616847264, 35.10136813566761], [128.65475562615424, 35.1011820120768], [128.65494844003658, 35.10101192428142], [128.655788930606, 35.10069442947447], [128.6560504754835, 35.10070312167836], [128.6560955844849, 35.100669016061204], [128.65694069253257, 35.10078587412133], [128.65697897274484, 35.10089805838376], [128.65698536045159, 35.10113518795682], [128.65738527537005, 35.101500505449934], [128.6575174115329, 35.10169248170965], [128.6576144083774, 35.1017590416051], [128.6581225640171, 35.101970322795], [128.65845093064667, 35.10217555130266], [128.65871343112858, 35.10222769428446], [128.6591565229049, 35.10220656101297], [128.65926760906285, 35.1021187548854], [128.65958371086117, 35.10200638658723], [128.65967353282957, 35.102017689027555], [128.65986842326885, 35.102128761747856], [128.66004682734174, 35.102065382524145], [128.66039685381708, 35.101867685634716], [128.66043880568287, 35.10178771745559], [128.66042755911454, 35.10154289299654], [128.66052880877092, 35.10134382234616], [128.66057985516704, 35.10131908785951], [128.66062284117507, 35.10135049430295], [128.66073493772586, 35.101334925854204], [128.6608119793101, 35.101300556023226], [128.66087498635255, 35.101210487587565], [128.66082618934416, 35.101165581232884], [128.66065592594808, 35.1012662288442], [128.6607440478229, 35.101101317983264], [128.66075290533527, 35.10086630231651], [128.66070198492585, 35.10072220413117], [128.6605003348927, 35.100566451337684], [128.6602164258375, 35.10047861272462], [128.66000291745314, 35.10049463536625], [128.6596439035178, 35.10044149242975], [128.6595410652016, 35.10048461278305], [128.65939870855664, 35.10048625025175], [128.65913877092888, 35.100471090366604], [128.658993714257, 35.10042676639787], [128.65891562324651, 35.10045039724842], [128.6586648958702, 35.10043389137307], [128.658333373817, 35.099929455676566], [128.65824687005497, 35.09967245790779], [128.65821506348865, 35.09944125894584], [128.65830600353394, 35.09926610156585], [128.65849871163692, 35.09916149181955], [128.65864336127035, 35.098766137100185], [128.65877098119654, 35.098629326521284], [128.65884995700785, 35.09836847870384], [128.6590308117139, 35.09832357617506], [128.6590713466267, 35.09828645474046], [128.65903080940902, 35.098146999242026], [128.65937875639165, 35.097651849180366], [128.65956702789046, 35.09751398164306], [128.65969196716568, 35.09747166154085], [128.6598440217371, 35.09754921813993], [128.65995856572584, 35.09753856095395], [128.6603118075491, 35.09726714940786], [128.66032670624637, 35.097172701513315], [128.66029271215578, 35.09703986334871], [128.66040615255307, 35.09672592995041], [128.66048412783383, 35.096608015607444], [128.66061486206547, 35.09651645138061], [128.66057075384225, 35.096142478225296], [128.66060327164206, 35.0960370740768], [128.66069990609688, 35.09594554947053], [128.66079976380357, 35.09577803933139], [128.66093187555805, 35.09576735730517], [128.6609449933689, 35.09565600389588], [128.6610552845505, 35.09558530296418], [128.66108651214157, 35.095467572634725], [128.6611964801469, 35.095390353817976], [128.66120993379806, 35.09527424177076], [128.66138152813576, 35.09516423218561], [128.66135902453425, 35.09502633225888], [128.6614217671462, 35.094933613332714], [128.66134507040286, 35.094698351214234], [128.66122027759064, 35.094446728219104], [128.6610031305282, 35.09419845468417], [128.6608172054371, 35.0941595265641], [128.66051409678596, 35.09427721779453], [128.6604594834469, 35.09441953308547], [128.66030551894627, 35.094536811399664], [128.6601676804061, 35.09473429355922], [128.65987016121449, 35.094983957183395], [128.65974678394443, 35.09519812561826], [128.65939804595385, 35.095435061415294], [128.65922330841246, 35.09592544478384], [128.65911927758603, 35.09607243555026], [128.65916126344618, 35.09627710018927], [128.65921862723786, 35.096352407118786], [128.6591177147569, 35.09650055104885], [128.6589418882332, 35.09661394490797], [128.6587555381855, 35.0966761829525], [128.65863379834397, 35.096666834858645], [128.65854337141621, 35.09656953998964], [128.65845349994584, 35.09655523456385], [128.658124209067, 35.09667198889328], [128.65806913483615, 35.09673711762111], [128.65789415063915, 35.09683728890341], [128.65779285204886, 35.096844268676776], [128.6577299798061, 35.09694279913331], [128.6576342090737, 35.096946891145656], [128.65760615204488, 35.09703691277354], [128.65766757488353, 35.09705577160021], [128.6576106057978, 35.09718542345875], [128.65763980457217, 35.097250820250544], [128.6575691923414, 35.097335338692325], [128.65760797161957, 35.097383707102985], [128.6575553890993, 35.09740599345484], [128.65747035391234, 35.09757509244778], [128.65683905513964, 35.097855129307575], [128.65634066099173, 35.097941798787616], [128.65622711191187, 35.09793068765718], [128.6561443353897, 35.09800512163928], [128.65613065982686, 35.098067041482715], [128.65600098736607, 35.09813658471812], [128.65575330282698, 35.09816225435398], [128.65563714786452, 35.098219629278105], [128.65554138989273, 35.09819613032687], [128.65535320091902, 35.09833997615545], [128.65533398546836, 35.09843883589965], [128.6552426190221, 35.098513551305096], [128.65508960641262, 35.09855145288428], [128.65488377644198, 35.09854236664475], [128.65460091075386, 35.09861646399543], [128.65448559238914, 35.09869623988769], [128.6543892957451, 35.098829413393624], [128.65406795010344, 35.09912206128334], [128.65398610544483, 35.09934115558611], [128.65387746635594, 35.099503414928044], [128.6537241524994, 35.09966447454315], [128.65360944300892, 35.09970789041209], [128.65317405144415, 35.099811582240854], [128.6529815250389, 35.09982544531809], [128.65275429285828, 35.09969223900686], [128.65274793550196, 35.09964980209088], [128.6526529260335, 35.09962046177132], [128.65257835394877, 35.09966267631976], [128.6523431484883, 35.09957402786953], [128.65173965801543, 35.09960763879078], [128.65134234119895, 35.099552766627816], [128.65120697346228, 35.09960473668676], [128.65114316518725, 35.09957871276455], [128.65098575590238, 35.099587903990155], [128.6506923695365, 35.0996738138348], [128.65048886332286, 35.099776876317776], [128.65022906733776, 35.099770916385246], [128.65007421192198, 35.09971747944314], [128.64981792269802, 35.09956402128102], [128.64979837301226, 35.09949346909849], [128.64989791832582, 35.099453852409354], [128.649864282801, 35.099350577087264], [128.64975632342473, 35.099234449202626], [128.64963935975715, 35.099225728466564], [128.64960031669216, 35.09917111864217], [128.6495038157379, 35.09915842754501], [128.6494850708075, 35.099024819481464], [128.64944528720596, 35.09898012234338], [128.6493706932985, 35.09894035553701], [128.6491203059859, 35.098925119611934], [128.6487823532459, 35.09898431609227], [128.64848732424437, 35.09912537133838], [128.64841068378755, 35.09927321525101], [128.64856493493895, 35.09957138343193], [128.64830841685298, 35.09975732987354], [128.6480398475282, 35.099802484529654], [128.64799143328645, 35.09978025164093], [128.6480046694562, 35.099732390219714], [128.6479681672054, 35.09967880714899], [128.6478511041688, 35.0997206331123], [128.64756249464872, 35.09960891679799], [128.6474892909551, 35.09954134628042], [128.64748321560677, 35.09938559022144], [128.64738297204323, 35.09925863927929], [128.64692232290025, 35.09902534208436], [128.64649346886148, 35.098921039769984], [128.64632646923422, 35.09903790984404], [128.64610793439712, 35.09909781805633], [128.64567183876628, 35.0997286244651], [128.64563950810918, 35.09994015107159], [128.64566976406863, 35.1001442822203], [128.64545403027046, 35.10014444355131], [128.64523582012984, 35.100416864810285], [128.645155242097, 35.10069300432035], [128.64527434094254, 35.10076389360395], [128.64529599794062, 35.10099492165612], [128.64526771739293, 35.10130047363317], [128.64520349967606, 35.10146524510664], [128.64495950522598, 35.10169677535941], [128.64442665720702, 35.10187563032197], [128.64421779676488, 35.10205218816276], [128.64383899134026, 35.102469823190575], [128.64381060159167, 35.10260446657397], [128.6439884811834, 35.10303273917804], [128.64419234276485, 35.103179565042396], [128.64459917924577, 35.1030983919587], [128.6446720827669, 35.10292219042198], [128.64472865913456, 35.102886067369376], [128.644740800987, 35.102708922945595], [128.64493839713853, 35.102448638980334], [128.64546911113754, 35.10230559451103], [128.64562597840526, 35.10231212977925], [128.64582048329672, 35.102370600393776], [128.645876499604, 35.10244096180124], [128.64622101194942, 35.10255807378541], [128.6471393211786, 35.102698611484826], [128.64762280012383, 35.10263448929382], [128.64791546281518, 35.10254997138597], [128.64873092462085, 35.1021650668332], [128.6489726488838, 35.10218195446808], [128.64916717423534, 35.102292862252526], [128.64955934957155, 35.10270678523338], [128.6496141981528, 35.10287658094939], [128.6495151505687, 35.10305728733668], [128.64925486759435, 35.10327936879549], [128.64919207556528, 35.10336952303599], [128.64914278391095, 35.10351351582894], [128.64911822462446, 35.103803207119576], [128.64888133571733, 35.10428321681349], [128.6487069086764, 35.10431681947964], [128.64835476236482, 35.10428357530848], [128.6483923348234, 35.10401140109769], [128.64831336382196, 35.10400451929388], [128.648164466663, 35.1050975559804], [128.64824575651247, 35.105104787391646], [128.64829674097004, 35.10487886432377], [128.6484751159833, 35.105037110321646], [128.64870447536765, 35.10517025742291], [128.64880646360774, 35.10519426889275], [128.6488869825789, 35.105314338127236], [128.64918494633898, 35.10555590866736], [128.64969821544648, 35.10576485026489], [128.6506135027873, 35.1057935867984], [128.65074917509963, 35.10585167365052], [128.65103554905255, 35.10586977601336]]], [[[128.67985362233557, 35.10612363532401], [128.67980193387933, 35.106150052208996], [128.6798007700946, 35.10621425473358], [128.67987854088383, 35.10629254477236], [128.67992880475228, 35.10629654399607], [128.67994267585271, 35.10622149880882], [128.67985362233557, 35.10612363532401]]], [[[128.6665805616666, 35.11327037958724], [128.66663617622493, 35.11325381092469], [128.66679175135673, 35.113084872684745], [128.66684118107335, 35.11289327122907], [128.66673023431613, 35.112718958455766], [128.66675587884575, 35.11263079579816], [128.6666395373505, 35.11255802431238], [128.66661487586777, 35.112450350574946], [128.66635325850146, 35.11244850425777], [128.66621255593347, 35.112404257368866], [128.6661336675388, 35.11247160603301], [128.6658821701282, 35.11249677256057], [128.66586843446768, 35.11259677655773], [128.66579902363466, 35.112654696215465], [128.6658016967146, 35.1127070824122], [128.66588965443813, 35.11276148853782], [128.66589188339077, 35.112841850413005], [128.6660167616173, 35.11296791537356], [128.66612463573196, 35.11302370042396], [128.66625035344396, 35.11330349610402], [128.6662600284352, 35.11354920730987], [128.66618050354003, 35.11363125563584], [128.66613010656306, 35.11375079976906], [128.66618550030682, 35.11388010815988], [128.66614077333895, 35.11413944213495], [128.66618912660698, 35.11419849752014], [128.66627459911263, 35.11417755900497], [128.66632525630692, 35.113996966093936], [128.66655240522098, 35.11370843525268], [128.66655802270418, 35.1135764371658], [128.66648657714785, 35.11345267176557], [128.666605543045, 35.11338523649479], [128.66662164383433, 35.11333620054449], [128.6665805616666, 35.11327037958724]]], [[[128.66731534640934, 35.11701547923164], [128.66727382348643, 35.11696001390692], [128.66731236385107, 35.116864403679536], [128.66729345024137, 35.1168401237216], [128.66718781372285, 35.11688023174901], [128.667078555268, 35.116852439668385], [128.66701005538604, 35.11690532356389], [128.66698485153157, 35.116974128689776], [128.6668372571042, 35.11701553664749], [128.6667086422641, 35.116959804105726], [128.6667343056712, 35.11690966805141], [128.6666718719299, 35.11684434665844], [128.6665413896399, 35.11685095485699], [128.66655940630508, 35.11722352892635], [128.66652683986518, 35.11754397238646], [128.66634046372803, 35.11798451161696], [128.66635954900073, 35.118036077992315], [128.6664154317685, 35.11803270717415], [128.66647144044143, 35.117942715974706], [128.6666695737031, 35.11776098849615], [128.66681127517276, 35.11773563476778], [128.6668800979297, 35.11767517030034], [128.66705452207893, 35.11761023021987], [128.66712833519043, 35.11736310761202], [128.66725245060175, 35.11720028388291], [128.66726405059796, 35.117048030980655], [128.66731534640934, 35.11701547923164]]], [[[128.65127557092944, 35.11834873066789], [128.65140311132774, 35.11841337306847], [128.65150734887018, 35.11842364996769], [128.65163351687266, 35.1183695541558], [128.65175945886443, 35.11835772858528], [128.65181477088686, 35.118305483477464], [128.65203031495878, 35.1182326506313], [128.65215549534733, 35.11822442772811], [128.65221799333597, 35.118084950231506], [128.65236125889402, 35.11793059736298], [128.65235848842232, 35.11783891181115], [128.6522374527959, 35.11782441324507], [128.65218680011392, 35.11771139145651], [128.6519990192939, 35.11759781206117], [128.65192938500428, 35.11748105915035], [128.65181402808307, 35.11745192807077], [128.65172119257858, 35.117249955588434], [128.6514033768484, 35.117003845272585], [128.65131011575602, 35.11696415989751], [128.65128805786676, 35.1168915545935], [128.65118272120904, 35.11683545811097], [128.65108424918537, 35.1166495125261], [128.65095127811568, 35.11656039963806], [128.65077962932762, 35.116502759467124], [128.65055320267362, 35.11631240545483], [128.65047107023815, 35.11650783648752], [128.650410022848, 35.116566573317705], [128.6504102099859, 35.11669728047625], [128.6501362924205, 35.11720787620857], [128.64956821967505, 35.11760990967229], [128.64936720963192, 35.11770594622777], [128.64923496566632, 35.117839396913844], [128.64921177662848, 35.117999772284264], [128.64946398450144, 35.11827527187614], [128.64974702128092, 35.118439687329584], [128.64980037959478, 35.118544912137324], [128.64979063336628, 35.11863227130167], [128.65037629684565, 35.1189302664374], [128.65066270925885, 35.118910702701584], [128.65067806245844, 35.118863470218066], [128.65079742855394, 35.11881176073033], [128.6508678206737, 35.11872042997565], [128.6510398920119, 35.11859808109889], [128.65106355893792, 35.118489552004945], [128.65127557092944, 35.11834873066789]]], [[[128.62048817337043, 35.12831293813016], [128.62052728639108, 35.12830907621717], [128.62053925347428, 35.128273970093005], [128.62047236061605, 35.12823347801861], [128.6205074756609, 35.12820151748131], [128.62042865435745, 35.12788711205661], [128.62044095845593, 35.12777309258957], [128.6201609753172, 35.12741292602328], [128.62008691833907, 35.12740589766716], [128.62012144824348, 35.127378667380015], [128.6201082235255, 35.12735431658184], [128.6199733376525, 35.127295755682034], [128.61986149413852, 35.12720473810997], [128.61974093896455, 35.1271696844133], [128.61964856045535, 35.12710395526068], [128.61956316479674, 35.127103047256796], [128.61952136520006, 35.12705844384724], [128.61938975817307, 35.12706458264184], [128.6194122129116, 35.127029771070006], [128.61939003594023, 35.12702360834602], [128.61933339261358, 35.12703280556666], [128.6192923464876, 35.1270807908674], [128.61902055658777, 35.12713912839567], [128.61887521856596, 35.12722911316689], [128.61883803732073, 35.12731415719761], [128.61875931129572, 35.12732683467926], [128.6187342545867, 35.12741649508856], [128.61867061023176, 35.1274464985699], [128.61870020839942, 35.12750127750566], [128.61869593547058, 35.1276324571423], [128.61852358327283, 35.12796506605234], [128.6185914439996, 35.12814736259096], [128.61885719643212, 35.128457111339934], [128.619783369975, 35.12917048862137], [128.62002114478636, 35.12921248916221], [128.62034392017412, 35.129018204461644], [128.6204026546097, 35.12881592445819], [128.62040353501584, 35.12845169905187], [128.62048817337043, 35.12831293813016]]], [[[128.6824031257695, 35.1311454900683], [128.68235832624728, 35.13116280444292], [128.68235757048996, 35.13119327888205], [128.68240437320864, 35.13117134469634], [128.6824031257695, 35.1311454900683]]], [[[128.68250275485363, 35.13116298569355], [128.6824641403922, 35.131155655111826], [128.6824222310612, 35.13119265518494], [128.68242884862957, 35.13125425328368], [128.68249123271497, 35.131242986937245], [128.68250275485363, 35.13116298569355]]], [[[128.682917164855, 35.13153017579899], [128.68266674822485, 35.13144064537912], [128.68253855473435, 35.13132482860543], [128.68241618552415, 35.1312822164741], [128.6819004181858, 35.13141289418944], [128.68163802087972, 35.13158139991225], [128.6815615672925, 35.131705658285355], [128.68137835219497, 35.13188523195041], [128.68115825896837, 35.13234267928073], [128.68130840301654, 35.132854946811534], [128.68151351022124, 35.1331570172326], [128.68165152261602, 35.13319266836878], [128.68184367081648, 35.13319392145334], [128.6825049329214, 35.13310153505092], [128.68270302938967, 35.13301730916903], [128.68291555687546, 35.13285390627996], [128.68305020036644, 35.132659404204034], [128.683143374301, 35.1324329824062], [128.68325464488547, 35.132004361722586], [128.68317321261836, 35.13184806980503], [128.6832301382137, 35.131755811649995], [128.682917164855, 35.13153017579899]]], [[[128.6697902148255, 35.18070282513635], [128.67172047568573, 35.179464081883005], [128.6733069569794, 35.177957290167875], [128.6744652110466, 35.17657931554885], [128.6749958837464, 35.17606236447095], [128.6760386135034, 35.17544300462038], [128.67639686478572, 35.175166423560974], [128.67742914252506, 35.174473123117544], [128.6783442028906, 35.173936055980626], [128.67839270333616, 35.17374177367432], [128.67927397371952, 35.17346370282512], [128.68014003652445, 35.17341339800629], [128.68076416121386, 35.17344065098764], [128.68146874412565, 35.173110521054944], [128.68212012383395, 35.17309542825297], [128.68507190168836, 35.172428370996805], [128.68589159286552, 35.17214266236535], [128.6859978254727, 35.17202135609939], [128.68646060493512, 35.17169371273316], [128.68678080899733, 35.17123779438515], [128.68908297915786, 35.16979589796483], [128.69480766318404, 35.16880364344393], [128.69574849677556, 35.16893876229637], [128.697867911808, 35.168814325329684], [128.69789161676877, 35.16878357537917], [128.69879960634648, 35.16859131780951], [128.699833016549, 35.16862612023359], [128.70150011984592, 35.16845699193614], [128.7017612392929, 35.16826462990889], [128.7022954341511, 35.16820741960583], [128.70359710550736, 35.16753701850847], [128.70471286556278, 35.16754104518205], [128.70555285919127, 35.16767568058569], [128.70632353507855, 35.16728223788681], [128.7083333047154, 35.16780620394376], [128.70869492276748, 35.16776266901066], [128.7089928657047, 35.16749528091348], [128.70944551043166, 35.16734442409938], [128.71013610808285, 35.16717373074455], [128.7106769938097, 35.16692924932668], [128.71111780358424, 35.16695020779079], [128.71206833823365, 35.16687665196076], [128.7122137442929, 35.166662811190754], [128.71290555713276, 35.166452516524636], [128.7132643637647, 35.16607992429865], [128.7134917276619, 35.16578452454356], [128.7136079515355, 35.165487444637165], [128.7140965034896, 35.16521791062803], [128.71469975798303, 35.16518474723207], [128.71514640358046, 35.16530459236763], [128.7154969206386, 35.16466793008049], [128.71580575834355, 35.16439855149074], [128.7161858863211, 35.16414378893614], [128.71634683804314, 35.16387114652627], [128.7167918121425, 35.163584202892835], [128.71735818041486, 35.16336312412314], [128.7175503993777, 35.16324070099537], [128.71899216008458, 35.162882170379504], [128.7202055647082, 35.16273723403688], [128.72104646415224, 35.162476205454354], [128.72193066491425, 35.16241519820103], [128.72234216431, 35.162087606478394], [128.7225636968568, 35.161680308003454], [128.7227819948895, 35.16155864132965], [128.72327808678162, 35.16138937347409], [128.72347570958632, 35.16124672737183], [128.72477152766564, 35.1607845944177], [128.72562755221975, 35.16044473673549], [128.72595961523675, 35.16017372707548], [128.72636394334262, 35.15996252172886], [128.72692339350326, 35.159903722397395], [128.7278149673126, 35.15962445529827], [128.7282651418972, 35.15953889635941], [128.7286486535086, 35.159251938625246], [128.729864344156, 35.158457163924346], [128.73027354992794, 35.15833204518439], [128.7311398356403, 35.158382912618386], [128.73202020295736, 35.15799773525968], [128.7321914945909, 35.1577951866204], [128.73301334601172, 35.157432115184385], [128.7339028337852, 35.15742967461128], [128.73610756371545, 35.157012709744116], [128.73736720087783, 35.15706436833381], [128.73844902347216, 35.156565682536886], [128.73834225186968, 35.15725234934303], [128.7383489227911, 35.15769596105561], [128.7385504897519, 35.158171799607274], [128.7387887168008, 35.15846434805553], [128.73895044530892, 35.15950041346553], [128.73944260676365, 35.16002956233738], [128.73936602543662, 35.160697775945906], [128.7394741474112, 35.16190680544322], [128.73972281152703, 35.16301518431445], [128.73977552297544, 35.16409324950036], [128.73997470094778, 35.16505218620639], [128.74050245926884, 35.166329033715634], [128.74099242901886, 35.16715397316771], [128.74247339174713, 35.16693978731702], [128.74404935941067, 35.16717943547347], [128.74583121705373, 35.166830213188064], [128.74630123489638, 35.16614913729061], [128.74688188517015, 35.166289406745385], [128.7489452542509, 35.16693555828004], [128.7508829191927, 35.167388182632365], [128.75211615841974, 35.16678810260361], [128.75361210031753, 35.16588976619795], [128.75567143697603, 35.16485477781043], [128.7569776899396, 35.1665465049934], [128.75696932327315, 35.16819302549089], [128.75839125380756, 35.16825562200268], [128.7588690655592, 35.168049490809224], [128.75935344418457, 35.16818379758589], [128.76142872775537, 35.168277983492565], [128.7631463976354, 35.168779585968394], [128.76350427573894, 35.16792985084733], [128.76426838921088, 35.167198469948055], [128.76488279896427, 35.166776510698384], [128.76520418249513, 35.16646064045431], [128.76578324691204, 35.16613396383039], [128.7663722948834, 35.165967528581604], [128.76675922116496, 35.16519360972472], [128.76791403467578, 35.164800796776966], [128.76904004059298, 35.164456134018806], [128.76983531691243, 35.16413783025944], [128.77135440099505, 35.16362237378022], [128.7720265007262, 35.16325488711731], [128.7726748775678, 35.16225223917376], [128.77443470754778, 35.161533838794526], [128.77621565520016, 35.16040025210867], [128.7766513888204, 35.16009407864051], [128.77782940451118, 35.159512559653336], [128.77965551386606, 35.1592920086228], [128.78004936370948, 35.158984180919596], [128.78052308489234, 35.15873854159699], [128.7820129376454, 35.15825184296499], [128.78274519141462, 35.1583862019589], [128.78299036872122, 35.15824717233701], [128.78345966273616, 35.15812297305601], [128.78493134919773, 35.15815425328503], [128.78571409240146, 35.157722822917336], [128.7858137844412, 35.15746732277283], [128.78615302717606, 35.15711057468898], [128.78752576453445, 35.15701092579954], [128.78780637634742, 35.15706196584337], [128.78839399133506, 35.15697714836033], [128.7889877320175, 35.15704005300489], [128.78913913563736, 35.15720758473735], [128.7896207193349, 35.15709606492491], [128.7903556096808, 35.157411880321035], [128.79110063995122, 35.157452692020456], [128.79133541853756, 35.157520737639594], [128.79232062405896, 35.15730567557011], [128.79277261492894, 35.15728478012253], [128.79314349691737, 35.15711596337767], [128.7936387940442, 35.15718816406583], [128.79420080880038, 35.156602802390125], [128.79463952402904, 35.155889994132295], [128.79430329463744, 35.153913301482326], [128.7947910035919, 35.15327693243463], [128.79604242316697, 35.1528783445246], [128.79663054125348, 35.15199066726309], [128.79716694650628, 35.15179248182233], [128.79738973942762, 35.15161696619031], [128.79785564199014, 35.151378702745156], [128.79849962927833, 35.150475544488984], [128.79859138419732, 35.150250709182274], [128.79910360991096, 35.14984319836333], [128.79891832206448, 35.14963459373841], [128.79900276480927, 35.149436482770184], [128.7998039923772, 35.148667998757354], [128.80008057366783, 35.1482887645583], [128.80042534677688, 35.14801624389907], [128.8005951137177, 35.147753220016156], [128.80068804710336, 35.14741121275925], [128.80098411880778, 35.14688932206303], [128.80119996611023, 35.146803877034095], [128.80158322087837, 35.14679720316972], [128.80177422869605, 35.14659623496517], [128.80199851086792, 35.146053301519395], [128.80231661175327, 35.14455567393276], [128.8023150953111, 35.14405102147156], [128.80247540821912, 35.14368604495024], [128.80223614409613, 35.14239720893495], [128.8021599098294, 35.14223627339794], [128.8021324533355, 35.14190154380547], [128.80355988573095, 35.14186061222308], [128.80456590009706, 35.14193547479665], [128.8051571770953, 35.14211493743453], [128.80535667512152, 35.14223716093106], [128.8064848673041, 35.142385668146055], [128.806685492832, 35.14250368732522], [128.80715171212074, 35.1421492941659], [128.80729306246468, 35.141361871663506], [128.80762296986182, 35.141070828085084], [128.80766943637073, 35.14044294516707], [128.80731593346803, 35.139479559770415], [128.80764994717626, 35.13909537892334], [128.80855073100892, 35.13838787034094], [128.8098767270827, 35.13745308565482], [128.81029539099555, 35.137207730002714], [128.81112967825047, 35.13687436064607], [128.81129302322603, 35.13675757578079], [128.8116691295305, 35.136355997420054], [128.81190854728578, 35.13591209427944], [128.81252469786023, 35.135219795725874], [128.81434326688975, 35.13376053388724], [128.81535669988986, 35.13263491196504], [128.81576586871347, 35.1325041647905], [128.81794964224412, 35.13245300472189], [128.81882242131084, 35.13219912026054], [128.8191077103153, 35.13203248393254], [128.81996862456572, 35.13188297923044], [128.8217926839398, 35.131280369545806], [128.82209731635, 35.13105935717484], [128.82236730511255, 35.13100926785677], [128.82363049113204, 35.13116119656167], [128.8242291862968, 35.13102547527776], [128.82494844953288, 35.1306437540756], [128.82516689396746, 35.130339692030184], [128.82580670721933, 35.129992245890406], [128.82657208398933, 35.129526603290515], [128.82660146976926, 35.12893882358799], [128.82670062984022, 35.12858952091291], [128.82694137833502, 35.12837932767947], [128.82726992053816, 35.12815983673009], [128.82737759430537, 35.12820025102526], [128.82808519059137, 35.12827970951505], [128.82908651782859, 35.128322052578724], [128.82979274986945, 35.1282182166503], [128.83052684798005, 35.12846226865912], [128.83073717419856, 35.12883632080412], [128.8311260230233, 35.12911701128162], [128.83197722742656, 35.12964206743992], [128.8323875088912, 35.12966979607804], [128.83276754121079, 35.12977107023037], [128.8329751811901, 35.12994087908026], [128.8337128560571, 35.12941052153391], [128.83451702429383, 35.128766107176325], [128.83454917715173, 35.127967492711576], [128.83461401441116, 35.127495486879326], [128.83510780101662, 35.12617296256145], [128.83567295983758, 35.12561792243682], [128.83631294426488, 35.12505285878412], [128.83679381779856, 35.124745229264754], [128.83695524896996, 35.124683075370626], [128.8370987473426, 35.124524884178946], [128.8372095989219, 35.12431648627584], [128.83741592921473, 35.12408679183862], [128.83751906537762, 35.12408436783924], [128.83752402043268, 35.12406122210072], [128.83772492892976, 35.12401748030591], [128.83779847622048, 35.12384259923965], [128.83784809710144, 35.12336547777672], [128.83791048397654, 35.12327413795432], [128.83805925195912, 35.12318288667626], [128.83811128307084, 35.12317955856353], [128.83818704174513, 35.12308843431541], [128.83817499317112, 35.12296371428494], [128.83787868767962, 35.12289878195912], [128.83786618115516, 35.12279971144818], [128.83797101320425, 35.1225988665294], [128.8379672698243, 35.12253893964203], [128.83790914034296, 35.12243843158024], [128.83769779412367, 35.12232265491986], [128.8376496251749, 35.12225396032191], [128.83769855090551, 35.12208155826698], [128.83766215399913, 35.12192595427154], [128.83771458913694, 35.121757587087465], [128.8376830965198, 35.1216679508078], [128.83760366154618, 35.121595932504725], [128.83738713101204, 35.12147769779729], [128.837445571181, 35.12114955473388], [128.83754624807514, 35.12096216432258], [128.8375632947697, 35.12088120886151], [128.83753763199374, 35.120822181155816], [128.8373541764931, 35.120650907359995], [128.83727305409872, 35.12061582338214], [128.83710405371113, 35.120625269989944], [128.83703571366573, 35.12058843539159], [128.8369197055729, 35.120290965852284], [128.83682465846871, 35.12024086593985], [128.83654892396154, 35.12017322197628], [128.8364230089088, 35.12009106163361], [128.8363717526845, 35.120021993879796], [128.83641069089313, 35.11978639355916], [128.8363529284166, 35.119701796413324], [128.836097008598, 35.1195851341903], [128.8361294391764, 35.11945706166278], [128.83610621823843, 35.11933828188541], [128.83593430987386, 35.119085741489556], [128.83593040671792, 35.11900342214527], [128.8359881126677, 35.118871308473466], [128.83604226543756, 35.11879431530678], [128.8362115732454, 35.1186872666957], [128.83673115502324, 35.11862448285689], [128.83682828471117, 35.118553730754506], [128.83684742299172, 35.11849035596452], [128.83679897576553, 35.11830141011479], [128.83670415634012, 35.11810852519183], [128.8367856686318, 35.11758376619776], [128.83710857671144, 35.117266958931694], [128.8374109524296, 35.11681205814988], [128.83745774667136, 35.11666729692261], [128.83749813726976, 35.11620650472497], [128.83754896845215, 35.11611969979909], [128.83772892975597, 35.115997845572934], [128.8384887861648, 35.11520396832036], [128.83869379654553, 35.11509947759431], [128.83897459379747, 35.11507283116153], [128.83941062280527, 35.11509072295771], [128.84006682346444, 35.11522648432167], [128.84022525801325, 35.11520776894665], [128.84063387432226, 35.114996824065145], [128.84134015990094, 35.114763757537474], [128.84166271088475, 35.11456679403751], [128.84235772850838, 35.113879203839375], [128.84277858096203, 35.11351233226487], [128.8429622030104, 35.1131583577802], [128.84286208192506, 35.11239484511319], [128.84287506183284, 35.111890253712986], [128.8430687719495, 35.1113603883399], [128.8431253640259, 35.11099693465888], [128.8432581696596, 35.11069948775756], [128.84327026441207, 35.11053708681007], [128.84326232912227, 35.110108011544845], [128.84315546489768, 35.10939529181237], [128.8431691771012, 35.10916710164414], [128.8428627046365, 35.10870595361011], [128.84231121624762, 35.10757571631129], [128.84217969130455, 35.10709161959688], [128.84195040765763, 35.1068015135178], [128.84133339821554, 35.10630747429806], [128.84170048585568, 35.10598958088002], [128.8410807499733, 35.105663704485536], [128.83934575296414, 35.104843889528425], [128.83860804683556, 35.10457443019673], [128.83827935612737, 35.1042040600634], [128.83823873171588, 35.10421319861867], [128.83833232047337, 35.104401165394684], [128.83821983699465, 35.10435149589675], [128.83811534935924, 35.104154534616804], [128.83796823481535, 35.10419168333585], [128.83786119022196, 35.104129377323396], [128.83785107009183, 35.10360162380708], [128.83711995607894, 35.103441571867975], [128.83703050929245, 35.103334126683116], [128.8369119380713, 35.10331007119396], [128.83676482782172, 35.10320954803181], [128.8358203921259, 35.1023257672389], [128.8355372831804, 35.10213291052932], [128.83534292855612, 35.10207064985919], [128.83479718681247, 35.101802062558995], [128.83414417376656, 35.10178082789057], [128.83392200821817, 35.10180741709854], [128.83248651143757, 35.10243573888889], [128.831586411879, 35.102647171043905], [128.82868736463064, 35.10251460866676], [128.82659921300953, 35.10246173528675], [128.82582927230638, 35.10237448160627], [128.8248626067602, 35.10233578462234], [128.82433761901453, 35.10219779703257], [128.82418621203766, 35.10204368439417], [128.82404372848626, 35.10208555340139], [128.82390417393228, 35.10201858313145], [128.8236381443911, 35.10197903514358], [128.82346814600612, 35.10187711173905], [128.82342505060183, 35.10177149988528], [128.82334470804116, 35.10174830663504], [128.82178010393778, 35.097918271579914], [128.82167236813558, 35.09778489154354], [128.821526630546, 35.09767561015955], [128.82080882548954, 35.09732553477206], [128.820702061542, 35.09734980357877], [128.82067955311652, 35.09729410695666], [128.82075203815663, 35.09727345757052], [128.82070367486148, 35.09715653041617], [128.82065672535944, 35.097171129240756], [128.8205769490247, 35.09704026935318], [128.82041050549824, 35.09662656514201], [128.820381653191, 35.096432549014885], [128.8203481262722, 35.096418076655304], [128.82046747345723, 35.096390744359454], [128.82050057413187, 35.096273198426445], [128.82085004737831, 35.09623620428389], [128.82093947055088, 35.09616811848074], [128.82085648448523, 35.09601064461721], [128.82084124659036, 35.095881700059856], [128.82079046900603, 35.095867248064714], [128.8206925016161, 35.09591067480021], [128.82081270684773, 35.09566350743222], [128.8208422877316, 35.09551156400778], [128.82082238313657, 35.09535548018269], [128.82096981491043, 35.0952545464466], [128.82101412003556, 35.09516477166241], [128.82098340395447, 35.09507343670405], [128.82131909687794, 35.094971409476194], [128.82218036160572, 35.09542404444679], [128.82220032238138, 35.0954046135305], [128.82129973746973, 35.0949239539501], [128.82074634711506, 35.09508939369725], [128.8201880355463, 35.09376881851173], [128.8201365139935, 35.093618564436234], [128.82028831274962, 35.0935989315937], [128.82030331975375, 35.09348956501407], [128.82039655487867, 35.09347074654203], [128.82036923121743, 35.09332791195613], [128.82045357896806, 35.093307514070936], [128.82044535608586, 35.093282225836916], [128.82066719729, 35.09319801545564], [128.8204844755078, 35.092926101248956], [128.82113915132558, 35.09274647076415], [128.8211280287386, 35.09271716036401], [128.8203529867982, 35.09292897960251], [128.82022669978997, 35.09290189529048], [128.81988391682032, 35.09296965554778], [128.8197879403592, 35.09295427959142], [128.81969640369078, 35.092298352919855], [128.8194135995429, 35.09232186420418], [128.81938600366973, 35.092279259578], [128.81853182874383, 35.091951897533995], [128.8185848339527, 35.0919339318491], [128.81868525416436, 35.09179567538435], [128.81874802920336, 35.0916453395918], [128.81869428389226, 35.09160526524309], [128.81872553467656, 35.0913895349302], [128.81869962145714, 35.09138810005436], [128.81866821005815, 35.09159351814697], [128.81862874807047, 35.09158862583205], [128.81869876701614, 35.09138476873904], [128.8186573184144, 35.09137748793324], [128.81864644490523, 35.091408141442855], [128.81855384914775, 35.09125661479032], [128.81866214141397, 35.091069759502], [128.81848906515185, 35.09099602329246], [128.8179730083713, 35.09098681947957], [128.8179341839578, 35.091144718145884], [128.81797256101032, 35.09136695415644], [128.81794661812236, 35.09143286901436], [128.817710384387, 35.09141414531778], [128.81715549235113, 35.091217547539884], [128.81703068039494, 35.091404965982484], [128.81666247018285, 35.09128144337282], [128.81602250773852, 35.09117359387524], [128.81449437809684, 35.09099228526374], [128.81451591816324, 35.09076000500945], [128.81779610546826, 35.090839650289965], [128.8178779081699, 35.09082277486348], [128.81795220611835, 35.090872216105566], [128.81813093649748, 35.09090157106031], [128.8184673587448, 35.090915046027476], [128.8186866242102, 35.090968457130224], [128.81873357209142, 35.0909444152374], [128.8187463800271, 35.09097395459737], [128.81948016713685, 35.09125746470507], [128.81999360522443, 35.091552425776555], [128.8232782853007, 35.094278867792234], [128.8286993385841, 35.08996962786542], [128.826495517628, 35.088105803670366], [128.82642856282524, 35.087929851886415], [128.82643223038698, 35.0862140196713], [128.8251013173034, 35.086212180852165], [128.82494116119676, 35.08623808810422], [128.82455549538395, 35.0862376161413], [128.82455633284013, 35.08585075181861], [128.82264698807086, 35.08584804287931], [128.82246611417816, 35.0858207357276], [128.82153770247734, 35.08584639597763], [128.82154494078532, 35.084446324223585], [128.81854127649285, 35.084440930265], [128.81844692071107, 35.08436633405453], [128.81844912121173, 35.08338042439435], [128.81852678911363, 35.08331681414913], [128.81852749398527, 35.08300143002574], [128.8115029110202, 35.08298883100948], [128.81151488492245, 35.07758486152459], [128.78139718783302, 35.07753142853704], [128.78139503129015, 35.07771904433764], [128.78468609844526, 35.07772425660786], [128.7846816452872, 35.079524473937674], [128.78248187109705, 35.0826395290627], [128.782474116067, 35.085338049807575], [128.78257704036884, 35.08547814570524], [128.78368165168183, 35.086516567948294], [128.7836318283706, 35.08656237920553], [128.78375507651407, 35.086707626409385], [128.78379796815491, 35.08668924287223], [128.78385535850126, 35.08671197899779], [128.789188318919, 35.09309123669965], [128.789514315116, 35.09351800564139], [128.78941905945223, 35.09396478299522], [128.78951072787515, 35.09397533470952], [128.78962254104962, 35.09349877811736], [128.78930096481892, 35.09311016186494], [128.7901443773622, 35.092637008978976], [128.79028712918475, 35.09280856101388], [128.790160482885, 35.09288055237315], [128.7901680322773, 35.09292621735659], [128.79034525382548, 35.093107428851994], [128.79047498451328, 35.09303317107628], [128.79088787161191, 35.0935268344797], [128.79076968815244, 35.09359289906699], [128.79071298525596, 35.09359096191095], [128.79018480841103, 35.09388367991397], [128.78994915055694, 35.09402705720078], [128.78995768301846, 35.09406388455574], [128.7904330986151, 35.09461208950457], [128.79123002106007, 35.094857969186656], [128.79158049489317, 35.09508489545306], [128.79196541409542, 35.095099763826056], [128.7925718283174, 35.094983209891694], [128.79285203626313, 35.0948098873871], [128.7929515281602, 35.09470573329848], [128.79302990417742, 35.09446513019525], [128.79317602305682, 35.09423184357685], [128.7935679936548, 35.09389147202354], [128.79380180171066, 35.09376205515951], [128.79424708485817, 35.09374578278588], [128.79441186060902, 35.09378194524465], [128.79471473139708, 35.09390830727975], [128.7948737022191, 35.09387501917991], [128.7949804427917, 35.09391447140157], [128.79532981296455, 35.09376973336169], [128.79535952254372, 35.09373053851719], [128.79534259279984, 35.09361967742665], [128.79560456706133, 35.09353570956835], [128.79567380676846, 35.09347627839973], [128.7958413346708, 35.09345487422417], [128.79599387625302, 35.09350960046378], [128.79616324378597, 35.093476201345986], [128.7962859860504, 35.093374083469904], [128.7963206064725, 35.09324250768629], [128.79635325392252, 35.09324736653081], [128.7964013704409, 35.09335569215166], [128.79646478846345, 35.09335640252504], [128.79663134144423, 35.093307125021866], [128.7969872885206, 35.09329014442281], [128.7971097677021, 35.093240693989834], [128.79742740529767, 35.093197535888436], [128.79758351953197, 35.09313443017187], [128.79769175828665, 35.093145110313216], [128.79773297107465, 35.093180070696214], [128.79795641900336, 35.093170267955244], [128.79821103943812, 35.09324037705363], [128.7986068937943, 35.09326224568982], [128.7986558798992, 35.09325019245108], [128.79871278854435, 35.093160304949535], [128.7988979554891, 35.09323452335907], [128.79884426023364, 35.09338673831165], [128.79887787890323, 35.09353686368969], [128.79921303125082, 35.09368612574044], [128.79927811210064, 35.09368389907585], [128.79939576934203, 35.093772130528784], [128.79945550969774, 35.093760970646954], [128.7996143694668, 35.09359293933679], [128.7996705294365, 35.09358450465155], [128.7999504173601, 35.09368614671763], [128.8000027101452, 35.09361736708106], [128.80003535979654, 35.09363001336577], [128.80002540748706, 35.09369566018785], [128.80008003311005, 35.09373133790259], [128.80004789135788, 35.09380251987691], [128.80008807288377, 35.093829583923075], [128.80029195875076, 35.09388375048244], [128.80041253266685, 35.09380046919193], [128.8005039201375, 35.093858749884056], [128.8007033329264, 35.0941274700472], [128.8010338308482, 35.09486361983099], [128.8011953406885, 35.0951128049554], [128.80149268475705, 35.095490450461504], [128.801799296961, 35.09575917367833], [128.80209001458542, 35.096080661869166], [128.8020732754061, 35.096422791614174], [128.80219301357894, 35.097540070109766], [128.8025599967108, 35.09821579306453], [128.80259259837644, 35.09834086586797], [128.80252867981687, 35.09896784226084], [128.80244516429823, 35.09917205439885], [128.80213457468508, 35.09955894649964], [128.8019864798829, 35.09945656072052], [128.8017536663886, 35.09947950498811], [128.80171038236583, 35.099621869626766], [128.8017593354431, 35.09977238652898], [128.80162809000834, 35.09981140454558], [128.80119486726417, 35.099852958170686], [128.80114360957384, 35.09985083766296], [128.80116471912515, 35.09977890647767], [128.80099453848192, 35.099741996317356], [128.8009625953672, 35.09963132799521], [128.80025091025774, 35.09964774387646], [128.80005350549524, 35.09921953055843], [128.80026832336335, 35.09909594745036], [128.80024994971245, 35.09906558399818], [128.8000094538464, 35.09917746222084], [128.79990728184623, 35.099133083140245], [128.79988332388766, 35.09916483377769], [128.8000059140965, 35.09922607657919], [128.80010400437038, 35.09943499548352], [128.80000332675755, 35.09947764485745], [128.8000486450243, 35.099558570644554], [128.79990826867828, 35.09963074011922], [128.79976549843775, 35.09975835231532], [128.79994637580944, 35.09987434142158], [128.79981808940852, 35.099861257272146], [128.7997154332794, 35.10001312195098], [128.799473440592, 35.10025563902077], [128.79914326217397, 35.10045582693825], [128.7986789334562, 35.10043775245602], [128.79817309390938, 35.100307203481904], [128.79780752197811, 35.10044756814375], [128.7971105174302, 35.10040611369492], [128.79698988010412, 35.10049154106915], [128.79690600054386, 35.10034979560399], [128.79675094321132, 35.10029536271559], [128.79564571998415, 35.09969742307765], [128.79501757887238, 35.09925972222922], [128.79433149203467, 35.098878895225575], [128.79380170624097, 35.0986885740824], [128.79325403013848, 35.09855776377118], [128.79287131961235, 35.09836892509549], [128.7926558996359, 35.098311047949714], [128.79259237387566, 35.098316752021795], [128.79254318172707, 35.098361663911355], [128.7923098863771, 35.09838986622171], [128.7922672311534, 35.09843009276302], [128.79196430076553, 35.098507442741194], [128.79179672067056, 35.09846395308992], [128.79166101691362, 35.09847785268849], [128.79136359386618, 35.098441997884834], [128.7911575130051, 35.09837771062865], [128.79080165748877, 35.09834172660171], [128.79043567165164, 35.09824468493873], [128.79002713189504, 35.09818964309951], [128.7896772858621, 35.0981890104789], [128.78955427701052, 35.09814978620946], [128.78949940892284, 35.09806775513548], [128.78925939736067, 35.09816141439302], [128.78905415708127, 35.09805950129382], [128.78863620680644, 35.098140302066945], [128.78830182433595, 35.098372981983836], [128.78835506079855, 35.09842828435418], [128.7883472416172, 35.098524842371916], [128.78841911348584, 35.098568225189425], [128.78840159904527, 35.09862990216976], [128.78833383874075, 35.09862345598539], [128.78828224895454, 35.09867749382424], [128.7884652341271, 35.09880401459562], [128.78862927921065, 35.09882350660846], [128.78857449268503, 35.09887950447819], [128.78871245570699, 35.09894320027123], [128.78880208674718, 35.099077743976245], [128.78914713479216, 35.099359137629996], [128.78922286635418, 35.0994566609408], [128.78930824901093, 35.099755656528025], [128.78957982021532, 35.09992900012081], [128.78996014229526, 35.10028963099811], [128.79032180305964, 35.100568849920876], [128.7905750175327, 35.10089294157856], [128.79054690999126, 35.10093475282854], [128.79057791841367, 35.100963244881804], [128.78987001614374, 35.101588749354505], [128.7896945640994, 35.10187774689393], [128.78978029666183, 35.10189982774104], [128.7899778275262, 35.101617189807214], [128.7904878659246, 35.101176280002754], [128.79071729663886, 35.100937949233334], [128.79077514414098, 35.1009500907485], [128.79089698314482, 35.10104966735187], [128.79092192903212, 35.101116431332265], [128.79097845098528, 35.10115645058238], [128.79101991784654, 35.10113640166633], [128.7914090349035, 35.10148884902576], [128.79152142013663, 35.101631529922585], [128.79158127148233, 35.10183505482191], [128.7915839900603, 35.10198637875047], [128.79151027762302, 35.10201120212595], [128.79146406875296, 35.10206756612316], [128.79156717661095, 35.10217583601542], [128.79160422107944, 35.10254856058644], [128.79150859610613, 35.10256790007409], [128.79149023118515, 35.10271584561976], [128.79154523596142, 35.10272463043572], [128.7915309376916, 35.10280876792453], [128.7913794235197, 35.10308976938948], [128.79133709148684, 35.103079647600396], [128.79127137960916, 35.10324749198298], [128.79101611939004, 35.10358775094791], [128.7907497711358, 35.10385806198708], [128.79066957386496, 35.103809133079785], [128.79062443069765, 35.103859703126204], [128.79069264496513, 35.10391031500171], [128.7904477367714, 35.104127183484955], [128.79032216602292, 35.10404518605407], [128.7901685032895, 35.10419833320184], [128.7902248285192, 35.1042447601842], [128.79010945187838, 35.10436969554155], [128.78977708344638, 35.10462079234634], [128.78965705184547, 35.104655845279545], [128.7895520474129, 35.10472658244818], [128.7895218211581, 35.10467509876675], [128.78943250970903, 35.10466999335401], [128.7892739197662, 35.104788151850414], [128.78914963555846, 35.104801499900034], [128.78913602085788, 35.10483780989848], [128.78917150461322, 35.104875359556104], [128.7891438217463, 35.1049476110948], [128.78911668671842, 35.10497271850793], [128.78906855230005, 35.10496330683241], [128.78901797816965, 35.10501635317254], [128.78906683492767, 35.10509170210672], [128.78900672143496, 35.105201024521484], [128.7890756883564, 35.105300258912735], [128.7889645243077, 35.10547462466588], [128.78900670128277, 35.1056651998439], [128.7889608931031, 35.10568760067327], [128.7888584471316, 35.1058791438353], [128.78886673734712, 35.10596164146165], [128.78870724346208, 35.10611040364445], [128.7886237488192, 35.10612794478056], [128.78858407239716, 35.1061934837683], [128.78860766421613, 35.1062630387512], [128.78854682630504, 35.10632322507793], [128.78855293818907, 35.106733798766726], [128.78859946277257, 35.106803979148175], [128.7884829276343, 35.106934114286965], [128.78841010900726, 35.106910875562065], [128.78834829102945, 35.10697101450162], [128.78834663205188, 35.107107370690365], [128.78838272157245, 35.10714934663351], [128.78835330321795, 35.1071872689593], [128.78840637544835, 35.107223254152345], [128.78828731154678, 35.10743844702106], [128.78838861605476, 35.1075807236692], [128.78840502547078, 35.10765973939282], [128.7883403460127, 35.10778251753605], [128.78839805173556, 35.10790219334397], [128.78832236851161, 35.10796079536331], [128.7883231658088, 35.10807140314599], [128.78835500022004, 35.10810944262519], [128.78831213633507, 35.10824427475663], [128.78837115663882, 35.108490667134674], [128.7883497574785, 35.1086392196478], [128.78852106599552, 35.10883176019966], [128.78848068321082, 35.10893155312448], [128.78852977659372, 35.10905219679059], [128.78860531516213, 35.10908234379409], [128.78856408429698, 35.10916311553282], [128.7886212388815, 35.10922915969534], [128.78860782057714, 35.10935299250461], [128.78885254835598, 35.11015207272439], [128.78883022878574, 35.11039822423747], [128.78877887457264, 35.11047803973355], [128.788790631123, 35.110601970927206], [128.78876532272324, 35.11068383392534], [128.78869600402126, 35.11072337254718], [128.78878731771923, 35.11085368006518], [128.7887692248489, 35.111254269861355], [128.78880163937586, 35.111420194820695], [128.78895533238173, 35.11193820644236], [128.78897356207887, 35.11215973002103], [128.78908202563844, 35.11244841897184], [128.78949244979555, 35.11313716194908], [128.78968782974442, 35.11337313841051], [128.78879948275767, 35.113468206560206], [128.78872023418347, 35.113426265943666], [128.78830337991073, 35.11346630724111], [128.78825662142597, 35.11337202464626], [128.78811591118446, 35.113386237014076], [128.7880869196341, 35.11348822954927], [128.7850931668947, 35.11379677713289], [128.78480486353538, 35.11379011021276], [128.78467594601514, 35.113853273999645], [128.7846352839471, 35.113923698259946], [128.7843739035821, 35.11401030375811], [128.78449267979198, 35.11377037471254], [128.78441246763447, 35.11373361874469], [128.7844155034006, 35.113689474253384], [128.78437028069519, 35.11365445732286], [128.78414903615646, 35.11357942200202], [128.78411211800895, 35.11351112184012], [128.7839656551382, 35.11350172203173], [128.7839805696871, 35.11346662149023], [128.7839168112642, 35.11342625379237], [128.78393885740624, 35.11340117258395], [128.78383560527823, 35.11340878523948], [128.78389780251698, 35.113346008131764], [128.78389440979848, 35.113294677067444], [128.7837748736013, 35.11312081573975], [128.7837066273418, 35.1130686766297], [128.78358575135212, 35.113044972070504], [128.78358353207105, 35.112996663520136], [128.78332110349803, 35.11294619636057], [128.78326982951666, 35.11288475800425], [128.78328143054986, 35.11277814668327], [128.78312701189338, 35.11273433474373], [128.7831158407614, 35.11275556063689], [128.78264639979858, 35.11254042933003], [128.78265636706922, 35.1124958742952], [128.78258629376228, 35.112443721410706], [128.78253399111128, 35.11244360042663], [128.78242584097646, 35.112283242958185], [128.7821714044292, 35.11157278156591], [128.7822260787656, 35.1114681238684], [128.78233310977703, 35.11133291252517], [128.78282574265148, 35.111331253937465], [128.78329937093017, 35.11155857031239], [128.78340934017845, 35.11157445074223], [128.783433008493, 35.111521707846116], [128.7833967523639, 35.11149384484616], [128.78348991355276, 35.11132766521037], [128.78314748077327, 35.11117309986075], [128.78307083089135, 35.11128805842225], [128.78289208165228, 35.1112237675388], [128.78238708643482, 35.11121526394237], [128.78154171431913, 35.1105004483168], [128.781265609446, 35.11025074275304], [128.78118811546324, 35.11014366494954], [128.7811255968641, 35.10989554225895], [128.78113968137666, 35.10980569175392], [128.78110263934602, 35.10975612098998], [128.78108844004578, 35.108232428596416], [128.78112509869777, 35.108013031894814], [128.7810625679771, 35.1075869142375], [128.78046774957684, 35.10608515485319], [128.77995552061938, 35.104604024303825], [128.77983153609057, 35.104184808426986], [128.77976542061532, 35.10362501080653], [128.779344241612, 35.102933987216474], [128.77931804384562, 35.102944241383874], [128.77919643506462, 35.10282035559795], [128.7790027396919, 35.1026942332024], [128.77870817760214, 35.10257345557747], [128.77759064954338, 35.10246031665693], [128.77726674481312, 35.1023784174293], [128.77558002283072, 35.10144786676999], [128.77539370261522, 35.10130795395017], [128.77490105303116, 35.10102977912853], [128.77465621060114, 35.1008448136877], [128.7743381952575, 35.100471057053], [128.7741537096038, 35.10031423681401], [128.7739060130362, 35.09995686224147], [128.7736764362925, 35.099712189131694], [128.77364114618388, 35.09961962471028], [128.77373572448153, 35.09956664708212], [128.77373115055175, 35.09950295727559], [128.7736721139473, 35.099479321291334], [128.77362475395924, 35.09953828207163], [128.77361483520008, 35.099461062302524], [128.77355935633128, 35.09948925378207], [128.77342939184402, 35.09931508342028], [128.7731565963723, 35.099220097699686], [128.77310571165427, 35.09913168940636], [128.77300477504258, 35.099081102688025], [128.77297612960916, 35.09901306898694], [128.77281063627922, 35.09901871626105], [128.7727451556543, 35.098885803965835], [128.77266567289794, 35.09896499571144], [128.77259955191423, 35.09898385455897], [128.77226546554692, 35.09895346358248], [128.7722206604331, 35.09889997164482], [128.77212739589777, 35.098906322433045], [128.7720674154242, 35.09893782986796], [128.77204420678797, 35.09903256488403], [128.7719179606127, 35.09902052703302], [128.7718726489921, 35.099053920004856], [128.77179824253483, 35.09902729758119], [128.7716335451809, 35.099171944625056], [128.77159204291013, 35.099132882133325], [128.77147049795946, 35.09925954816245], [128.77146374638798, 35.099314374590534], [128.7715164939822, 35.09941376782871], [128.7714131460138, 35.099559071261645], [128.77145805915984, 35.09963782849465], [128.77143124896347, 35.09969497877494], [128.7713872754435, 35.099699980695824], [128.77137186065823, 35.099800570328185], [128.7712893786816, 35.099849538558416], [128.77136874388415, 35.09993885173551], [128.77124700580345, 35.10011436934609], [128.77097839711135, 35.100678542664504], [128.77066348085387, 35.101529403579526], [128.77042205318182, 35.10194099606962], [128.77034186992222, 35.10201751574044], [128.77036566377456, 35.10205888850842], [128.77027449089556, 35.102190675628556], [128.77011243123513, 35.10261172003355], [128.77005067845573, 35.102674896693365], [128.77007694368822, 35.102762415476896], [128.7700045057525, 35.10303693255147], [128.77002560027378, 35.103118376074995], [128.76982526869583, 35.10338324176231], [128.76958071232508, 35.10356312966371], [128.7693353898925, 35.103647824953974], [128.7692374828588, 35.103645952224475], [128.76920634682438, 35.10372276186426], [128.76913639386478, 35.1037621174903], [128.76868254129096, 35.10389782808997], [128.7685632691891, 35.10378729297874], [128.76853663009643, 35.1037077123281], [128.7684253991743, 35.10370868153065], [128.76840106812318, 35.103881164518384], [128.76815406604516, 35.10394228235235], [128.76771529228762, 35.10391168935923], [128.7676917967096, 35.103870469842526], [128.76761113277342, 35.10384126308581], [128.76752561979688, 35.10388875472572], [128.76746463970167, 35.103803603638916], [128.7674981193147, 35.103739869144704], [128.76733538444108, 35.10375872188189], [128.76731553438643, 35.10381647653561], [128.76723999322374, 35.1038107256824], [128.76721543805888, 35.103766458738505], [128.76728428348557, 35.103689587172944], [128.76724172970555, 35.103661786848555], [128.76725440148806, 35.10359881634658], [128.76717832640614, 35.103560117405024], [128.76716919380945, 35.10359727263195], [128.7671099675126, 35.103585414660245], [128.767089374495, 35.103622466066874], [128.76701283995422, 35.10350629454647], [128.76687370281482, 35.103508461063605], [128.76684293955364, 35.1035773118384], [128.76676781969365, 35.10356105021864], [128.7667919512065, 35.1036414888088], [128.7667474734161, 35.103684255585286], [128.766665075511, 35.10369781730975], [128.76665226510556, 35.10374306540065], [128.76660810402208, 35.10370263325221], [128.76641605089236, 35.10368682587529], [128.76629870488227, 35.103642575070445], [128.76596502505777, 35.10363560116135], [128.76571835377078, 35.10381150821968], [128.76571274975066, 35.10385368116868], [128.76551140564578, 35.10392631248728], [128.7652522441437, 35.10408934625828], [128.76381099597546, 35.10506056136995], [128.76358444519687, 35.10515091374889], [128.76333625896604, 35.10519131597506], [128.7629602431783, 35.1051683180961], [128.76311156629225, 35.10361238761841], [128.76318247956263, 35.10248099804505], [128.76262826480632, 35.10192562027992], [128.76422564381537, 35.100939260810385], [128.76445618308145, 35.10122965226342], [128.76453504325897, 35.101187205703205], [128.76427478155836, 35.10085823424047], [128.76451638524765, 35.100489323479614], [128.7643912290939, 35.10045197142433], [128.76489258666973, 35.09962009375312], [128.7649652939436, 35.09951524812168], [128.76511748416738, 35.0993897311823], [128.76520795294647, 35.09917730851423], [128.7652067199622, 35.098946279683005], [128.76526559551522, 35.09881568722397], [128.76548060352522, 35.09873267095967], [128.76556655910056, 35.09867546533242], [128.76561051776557, 35.098598107020656], [128.765681953127, 35.098322726324234], [128.76564269099902, 35.09772228547269], [128.76559562791996, 35.097589030798524], [128.76980073837444, 35.09759172717582], [128.76982493372412, 35.097532743608376], [128.7699150035917, 35.0975351128023], [128.76993330998727, 35.097591736052756], [128.77869739591603, 35.09761097021722], [128.77871050454794, 35.09755270418987], [128.77875691309345, 35.09754679212496], [128.77879379764587, 35.09761132566257], [128.78310907977752, 35.09762059035874], [128.78411649428813, 35.097616115977104], [128.78416960978703, 35.09759941736706], [128.7841961180274, 35.09754936716203], [128.7842042055987, 35.09231916259621], [128.7792301539682, 35.08633973576779], [128.77924386106585, 35.08361344563923], [128.7792731898883, 35.083597995613665], [128.77925976121358, 35.08215194413591], [128.77921884780352, 35.08212004964889], [128.775889850113, 35.08211570851521], [128.7758625451657, 35.08216857857355], [128.77499191461914, 35.0821639917696], [128.77505441058295, 35.07148727533798], [128.77502694294157, 35.07145583212397], [128.77497150842999, 35.071454620660056], [128.77500240319898, 35.071438887421195], [128.77500157012327, 35.071373064396056], [128.7749695800738, 35.07137098068515], [128.7749990837954, 35.07117875007895], [128.77496566106228, 35.0711775551349], [128.77496753571833, 35.071048972649514], [128.7750017475329, 35.07104872476092], [128.775001455745, 35.070983221538896], [128.77496838037712, 35.070981931875146], [128.7749685347458, 35.07085175801429], [128.77499830595207, 35.070850812045386], [128.7749979419397, 35.07078715166615], [128.77496920374466, 35.070786256410116], [128.7749977570533, 35.07039516627509], [128.77496864775415, 35.070393036943734], [128.77497069188917, 35.07032858302952], [128.77493514788003, 35.07032756275524], [128.77499564190987, 35.07028005590593], [128.77499646235043, 35.070153643053835], [128.77494469193493, 35.07012917537083], [128.77494299195826, 35.07008481998571], [128.77499766416017, 35.070058023194214], [128.77499967699634, 35.069936703886256], [128.7749395161401, 35.069904996644524], [128.77494140655767, 35.06985879208167], [128.77500009934846, 35.06983095037747], [128.7749988448747, 35.069718007549916], [128.77494023578242, 35.06968353483788], [128.7749408386304, 35.069637116592304], [128.7749977241364, 35.06960844452914], [128.77499583433118, 35.06948828700374], [128.77494005010905, 35.06945879419703], [128.77494348126598, 35.069410889137075], [128.77500064977343, 35.069386108356014], [128.77499902602952, 35.069260915879546], [128.77494525875755, 35.06923226655644], [128.77494589953275, 35.06918906231737], [128.77500045657732, 35.06916321978987], [128.77500008188576, 35.069034424678904], [128.77494542440814, 35.06900952298403], [128.77494596698455, 35.06896472925221], [128.77500062925975, 35.0689371300921], [128.7749994639693, 35.06881348904742], [128.7749446854625, 35.06878580250076], [128.7749462668463, 35.06874109432361], [128.77500048860716, 35.06871395062411], [128.77499961204214, 35.06858912897492], [128.77494199964187, 35.068562346826376], [128.77494388154793, 35.068516441693845], [128.77500054853257, 35.06849337122295], [128.7750003770679, 35.06836988382264], [128.7749454267198, 35.06834022534959], [128.77494495424818, 35.068296379106464], [128.77499958235967, 35.068269149987536], [128.77499899577143, 35.06814484914389], [128.77494288626445, 35.068116452551074], [128.77494289289012, 35.06807118566732], [128.7750011261467, 35.06804448128172], [128.77500070596798, 35.067920584430055], [128.77494086904338, 35.06788993500813], [128.7749419090122, 35.067848210691686], [128.77500201048258, 35.067821905035075], [128.77500092589312, 35.06769724334544], [128.77494505128672, 35.06767137883813], [128.77494446237426, 35.067624839661676], [128.77500251260003, 35.06759907943334], [128.77500225854195, 35.06747394555561], [128.7749457194904, 35.067448291806265], [128.77494495712867, 35.06740202314557], [128.77500228706936, 35.067374807100165], [128.77500074626104, 35.06724957944886], [128.77494566996882, 35.06722418442227], [128.77494513733618, 35.06717773752157], [128.77500319336875, 35.0671515246014], [128.7750026690343, 35.06702671003821], [128.7749478436712, 35.0670008687564], [128.77494796348358, 35.06695237183868], [128.77500479730747, 35.06692677046821], [128.77500458504394, 35.06680375773844], [128.77494454271064, 35.06677543133056], [128.77481654946192, 35.06677550910558], [128.77481613203142, 35.066731669485044], [128.77494879087155, 35.06673190152227], [128.77500469331068, 35.06670297561394], [128.77500501981575, 35.066579206134705], [128.77494423257727, 35.06655042861151], [128.7748171663397, 35.066549799656414], [128.77481649797696, 35.06650914642559], [128.77494520064724, 35.06651000433113], [128.77500484435473, 35.06647978308281], [128.77500469474276, 35.06635600237497], [128.77494636260235, 35.066326840179066], [128.7748173772898, 35.06632619442726], [128.77481678254097, 35.06628512656025], [128.77494625839313, 35.066286150361016], [128.7750044342814, 35.066256683903845], [128.7750050303168, 35.06613254460761], [128.7749450866563, 35.0661036202568], [128.77481841444583, 35.066102826658], [128.77481776516905, 35.06606184862687], [128.77494785785834, 35.06606257561197], [128.77500536935497, 35.066033977222865], [128.77500639965345, 35.06591033017026], [128.7749498882819, 35.06588152031139], [128.77481847976435, 35.06587993886038], [128.77481817503156, 35.06583784456026], [128.77494682379105, 35.06583939371226], [128.77500692625938, 35.065809155920675], [128.77500677688792, 35.06568538872217], [128.77494936270995, 35.06565732771118], [128.7748194957126, 35.06565682736933], [128.7748197325337, 35.065615284599666], [128.77494856965143, 35.06561578134231], [128.77500605889247, 35.065587605164154], [128.77500592779725, 35.06546169813501], [128.77494592691176, 35.065432517405334], [128.7748198884396, 35.065432495265185], [128.77481960336374, 35.06539145299025], [128.77494632052642, 35.0653922461273], [128.77500638839382, 35.06536354151963], [128.77500800077803, 35.06523903175953], [128.77494807064608, 35.06521001799263], [128.77481971307515, 35.065209077094266], [128.77481982002422, 35.06518605213445], [128.77474411688675, 35.06518581276923], [128.7747440080848, 35.06520893152112], [128.7745479226826, 35.065185492624295], [128.7745333531915, 35.0685396385219], [128.77448507032972, 35.06858281689158], [128.77448672183132, 35.06896907410697], [128.7737675425357, 35.06896099714854], [128.7737203298939, 35.06894075581192], [128.7737038865877, 35.068396541026104], [128.77355004092985, 35.068143214842266], [128.77347524193252, 35.06765070879234], [128.77343409235286, 35.067601648895796], [128.77330360088703, 35.067606825849836], [128.77328093851796, 35.067338695261626], [128.7733328477639, 35.06720420897462], [128.77328060233899, 35.06625821147108], [128.77306791101464, 35.06555226587692], [128.7729501817957, 35.065325603947706], [128.77289827385857, 35.06489056671941], [128.7716129024351, 35.06462860498758], [128.77156017939504, 35.064570140631446], [128.77156469421067, 35.06452042994902], [128.7714174279219, 35.06449308476161], [128.7713872174862, 35.0645195189063], [128.77129874391406, 35.06450417322894], [128.7713356712653, 35.06437752689788], [128.77122092243334, 35.06435779682496], [128.7711849326607, 35.06447971221226], [128.77111433069308, 35.064444182094135], [128.77059275354546, 35.0643419715293], [128.77057393442183, 35.06431630190766], [128.77066758775237, 35.063948394357354], [128.77095990231612, 35.06346569406586], [128.77112873396268, 35.06327864644112], [128.77111986811826, 35.0632181911804], [128.77177640817257, 35.062614076688554], [128.77185218141526, 35.06261036252313], [128.77229683841776, 35.062282863413934], [128.77230948927897, 35.06224698714786], [128.77224519376463, 35.062180468216226], [128.77229343291066, 35.06203258246042], [128.7722324482404, 35.062008680849395], [128.77222148809702, 35.0619289160705], [128.77227782278817, 35.06173597426476], [128.77218298829365, 35.061573251271426], [128.77797100637713, 35.05883305970106], [128.77800760065136, 35.05887990658702], [128.77811404299055, 35.05884044102277], [128.77824686243204, 35.05885573821705], [128.77850109711488, 35.058725684883996], [128.77851007419045, 35.058608971557874], [128.7783837069102, 35.058435948052455], [128.77831076340175, 35.058412559629375], [128.77787292439749, 35.05853885226586], [128.77505920766382, 35.05984426136189], [128.77274373761762, 35.06098211939885], [128.77274004504244, 35.061052391957865], [128.77197856015044, 35.06141123220859], [128.7718243031104, 35.061334542641276], [128.77182532808092, 35.061383372949436], [128.77171988274333, 35.06142941371723], [128.77172088607608, 35.06150258904176], [128.7716614881123, 35.06149964668931], [128.77157998869134, 35.061564690283035], [128.77157975188624, 35.0616574680505], [128.77166711908254, 35.06171734907542], [128.77160865765916, 35.061874789358306], [128.77154814750998, 35.06183465436848], [128.77152932023114, 35.061850726360746], [128.7715541015134, 35.06219581809498], [128.77148705601473, 35.06220282179168], [128.77144484233972, 35.06210701587296], [128.7713977662703, 35.062139630072245], [128.771455324574, 35.06226774207209], [128.7714826773893, 35.06223571332144], [128.7715252235035, 35.06225592968552], [128.7715533717339, 35.062225553435454], [128.77161765126712, 35.0622231951954], [128.77162009916543, 35.06234440656381], [128.77168994298748, 35.062528707232694], [128.77068017556658, 35.063480867873984], [128.7699903346041, 35.06372626669935], [128.76955304084834, 35.063838748377314], [128.7694647282112, 35.06383797768249], [128.76933207881876, 35.0637635419908], [128.7692272808352, 35.06355062103745], [128.76926214432885, 35.06350369631724], [128.76923848824248, 35.063452147194184], [128.7690042418108, 35.06343836136441], [128.7689886368253, 35.0634827149469], [128.76903525592707, 35.06358625513955], [128.76892696879457, 35.06349161937706], [128.76891561973645, 35.06343797580589], [128.7688540232071, 35.06347204835729], [128.76884487736513, 35.06344186272966], [128.76879225407214, 35.06355959826962], [128.76880236489058, 35.0636279049598], [128.76869534188, 35.06364556459361], [128.76846405169658, 35.06357083432967], [128.7684302405451, 35.06346734750064], [128.7682411624023, 35.06341714765928], [128.76820147989127, 35.06332710638368], [128.76809869632865, 35.06328362474281], [128.76795014966757, 35.06327651831072], [128.76790363178117, 35.06313772535816], [128.76783442170728, 35.06310070002205], [128.7676599742873, 35.06290612954306], [128.76755813950564, 35.062914461275966], [128.7676161365874, 35.062847303649804], [128.76755639639174, 35.06279050136147], [128.76770029303083, 35.06275537088102], [128.7677177960662, 35.06272181932656], [128.7676396297539, 35.06267688075533], [128.76759116402926, 35.06270754240122], [128.7675005160122, 35.0625905239157], [128.76741729341276, 35.062619433435714], [128.7672992357471, 35.06254249144902], [128.76710725067954, 35.06249148343634], [128.7670635857804, 35.06259594241127], [128.76719410207892, 35.062728449945894], [128.76719320868168, 35.062796375858134], [128.76707260783283, 35.0627389432779], [128.76704005429661, 35.06268618646439], [128.76698520042805, 35.06267731193101], [128.76688281319556, 35.062730358541195], [128.76685075941018, 35.06280021670257], [128.76673221511868, 35.062819809082484], [128.76663017991953, 35.06279117409933], [128.7666444160114, 35.062723725572646], [128.7665942202699, 35.0626730896516], [128.76647672726182, 35.06266347146699], [128.7664599893094, 35.06273551210396], [128.76634637101057, 35.062732525611715], [128.7662482181822, 35.06269509285125], [128.76629563015746, 35.06264203830817], [128.76626580256928, 35.06259903041241], [128.76613027620766, 35.06263566414291], [128.765611384375, 35.06246218361459], [128.7656469581651, 35.06236256132222], [128.7655912944888, 35.06227675960974], [128.76564904114406, 35.06222839610184], [128.76565209705814, 35.06215996071786], [128.76558997517256, 35.06211341973022], [128.76558909931313, 35.06203550385008], [128.7654955169065, 35.06201858421408], [128.76551247227485, 35.06192775805485], [128.7654500929626, 35.06188242609762], [128.76557413572664, 35.06176699250895], [128.76551041519286, 35.06172356806121], [128.76553428036448, 35.06167374940541], [128.76543538311313, 35.061560120873125], [128.76544986001593, 35.06153877721738], [128.7655188552642, 35.06155536015913], [128.76550296479888, 35.06147616188965], [128.76546837093906, 35.061471011903194], [128.7654184466958, 35.06152526991036], [128.76523788249952, 35.06151829400059], [128.7651732525905, 35.06147830876981], [128.7651361359359, 35.061530970567034], [128.76504407686056, 35.06157493097176], [128.76498094654312, 35.061563054564154], [128.76495349522796, 35.06152075368958], [128.76496987964697, 35.061434396763914], [128.7647993514016, 35.06104734169879], [128.76478906272234, 35.06091564978212], [128.76470476336604, 35.06083431912229], [128.76468061184423, 35.06075097808431], [128.76462004944935, 35.060726808523114], [128.76465136629244, 35.06064763002891], [128.76457540766052, 35.06060510088922], [128.76459985063718, 35.06053371408844], [128.76452628565522, 35.06042154821113], [128.7644467059506, 35.06034727503279], [128.76430928491337, 35.06029284618969], [128.76427735395504, 35.060200345942086], [128.76416113329552, 35.06008508815372], [128.76405784655117, 35.06013447200386], [128.76388473734605, 35.05989581235463], [128.76376432127987, 35.059829164904485], [128.76352203991826, 35.059881035218055], [128.76337962084537, 35.059951793360206], [128.76327979337697, 35.06004480250443], [128.76291818352678, 35.060225135088345], [128.7628950260217, 35.060273133547724], [128.76265969016924, 35.0603511735516], [128.76240599791018, 35.0604950864998], [128.76237172800253, 35.06048130877322], [128.7623971948472, 35.06041604483011], [128.76230601233607, 35.060434047870444], [128.7622416986581, 35.06048626512444], [128.7623124772668, 35.06057448447525], [128.76219808059474, 35.06074670193068], [128.7621973874414, 35.06094018014845], [128.76206454117238, 35.0609531074547], [128.76199951985157, 35.06090893727026], [128.7618993201674, 35.06089798775803], [128.76186645421265, 35.06085673071621], [128.7618017122625, 35.060905242766054], [128.76172066706317, 35.060912626549346], [128.76176315379823, 35.06099773766941], [128.7614724217718, 35.06095448510856], [128.76138275461327, 35.061123085009584], [128.7613698154796, 35.06109967723311], [128.76106332588805, 35.06111329658789], [128.76096659951014, 35.06115008645993], [128.7609609691695, 35.061194199211606], [128.76088930860917, 35.061233338722765], [128.76055648627224, 35.06123807059352], [128.7604374054243, 35.06132394433503], [128.7604365586232, 35.061384994629606], [128.76032568429045, 35.061328744443486], [128.76021879357978, 35.06135187640501], [128.76019087949962, 35.0613850445867], [128.76004357024544, 35.06132725668223], [128.75993749887058, 35.0613850892961], [128.7597913543282, 35.0613290111549], [128.75967062645074, 35.06138596968629], [128.75960488680556, 35.06133459779837], [128.75953447766938, 35.06132625651376], [128.75941499162172, 35.061382829510286], [128.75929630770787, 35.06132363259605], [128.75916222204918, 35.06138060669304], [128.75905267869388, 35.0613217817011], [128.7589113300897, 35.061380470137856], [128.75880813124013, 35.06132074953997], [128.75872883042632, 35.061334874776286], [128.75866945917525, 35.061381861531274], [128.75852938042016, 35.06132147389166], [128.75841751809642, 35.06137853214386], [128.75827938370102, 35.06132299751375], [128.7581479060039, 35.06138153577201], [128.7580896162159, 35.06133171777543], [128.75802036985252, 35.0613211761198], [128.7579092981024, 35.06137996861633], [128.757759202737, 35.06132202918779], [128.7576453698305, 35.06137955258925], [128.7575249416596, 35.0613202304532], [128.7573850906462, 35.06137739491959], [128.75727001426907, 35.06131930191075], [128.75713223833625, 35.061376498675905], [128.75703363548283, 35.06131820673651], [128.75693930468637, 35.06133657380891], [128.75689605589147, 35.06137577538921], [128.75683212695336, 35.06130899547341], [128.75677123798707, 35.06129487977472], [128.7566933962439, 35.06130656219501], [128.7566362087364, 35.061375404135404], [128.75651059670295, 35.06131816613574], [128.75639182807612, 35.06137625345054], [128.75625687395186, 35.06131691822103], [128.75614102756958, 35.06137629325134], [128.75599668674016, 35.061317888984526], [128.7558866440868, 35.061373802606724], [128.75578413094698, 35.0613190458709], [128.7557143965984, 35.06132015740449], [128.75563031147146, 35.06137564875897], [128.75548123316796, 35.06131513344303], [128.755358538032, 35.06137186372631], [128.75531363880984, 35.061332321761356], [128.7552185676676, 35.06131460348224], [128.75512459604226, 35.06137465912829], [128.75500843638505, 35.06131762019071], [128.75490513345338, 35.06133682239596], [128.75486872433308, 35.06137323398661], [128.75473016673217, 35.06131525796722], [128.7546201192266, 35.06137191527107], [128.75450292447175, 35.06131629314383], [128.75442000326024, 35.0613263495582], [128.7543499480389, 35.06137215084306], [128.75422722236047, 35.06131101789317], [128.7541119413907, 35.06137053392714], [128.75396979306922, 35.06131077280674], [128.75385732303462, 35.061371041278], [128.7537185335127, 35.06131090430914], [128.75360170533762, 35.061368729912786], [128.75347901261108, 35.06131050551889], [128.75335133682668, 35.06136905702478], [128.75322339926586, 35.06131219758563], [128.75314869895746, 35.06132332140986], [128.7531001880938, 35.06136870371354], [128.75297664035432, 35.06131026312772], [128.75291353798602, 35.061317461979336], [128.7528449343489, 35.061368178592545], [128.7527335454166, 35.06130877451451], [128.7526681403895, 35.061312111764785], [128.75259075716835, 35.061366844747106], [128.75251360085034, 35.061316191888295], [128.75238500069545, 35.06132417775557], [128.752331973985, 35.061364200026894], [128.75233007649408, 35.06146541305117], [128.75280134108422, 35.06146671429647], [128.75279162147837, 35.06407691474199], [128.75274452475725, 35.06413508317276], [128.75274456818994, 35.06428842906275], [128.7527937405484, 35.064359991771795], [128.75278892023164, 35.06588650152445], [128.7527416720731, 35.06593956180321], [128.7527323810539, 35.066048714509506], [128.752786514523, 35.06616016589479], [128.75278120166712, 35.06767836158836], [128.75273457103398, 35.06774283230297], [128.75273807947198, 35.06789620272451], [128.75278504356962, 35.06795996988889], [128.7527802947091, 35.069476116166335], [128.75272394408552, 35.06948899150827], [128.75269971669465, 35.06964357079237], [128.75252231609974, 35.069656206852954], [128.75246001996535, 35.069746740336825], [128.7524145424946, 35.06974903046054], [128.75240224426472, 35.07193585472456], [128.75230125153413, 35.07200057740606], [128.75205692169575, 35.07201042988454], [128.74242887398697, 35.0720001201724], [128.74237804276245, 35.07205645645321], [128.74237323880251, 35.07225614419035], [128.74239319266803, 35.07418200682692], [128.74244183431102, 35.074201669597855], [128.7424320024911, 35.076670832791905], [128.7424549379745, 35.07669949149363], [128.74250790206955, 35.07668700270984], [128.7425705398963, 35.07660788668409], [128.7425915576276, 35.0723766882899], [128.74260658659455, 35.07228663691166], [128.74271024278625, 35.072268433248986], [128.7427680423769, 35.0721639786228], [128.74386985349724, 35.07217007875017], [128.74399253614513, 35.07221701947428], [128.74414820282104, 35.072220123766506], [128.74430224015288, 35.072172756995144], [128.7460853778762, 35.07217313259088], [128.74619751121045, 35.07222455522635], [128.746366711809, 35.0722194387107], [128.74649931448465, 35.07217512518218], [128.7482248600993, 35.07217907101479], [128.74841607284634, 35.072235135329485], [128.7485488850662, 35.072230354305596], [128.74868775531476, 35.072176019538425], [128.74999996270145, 35.07214222054958], [128.75253895943814, 35.072159972127864], [128.75275947935205, 35.07223177909551], [128.7528208513326, 35.07228783691789], [128.75354852367576, 35.073427219726796], [128.75602630250984, 35.07735196709729], [128.7559293721678, 35.07744167443583], [128.75595166324635, 35.07751577627919], [128.755882822856, 35.07754985244513], [128.75575982110973, 35.07754209710539], [128.75562526374765, 35.07760466262378], [128.7556058482394, 35.0776955957559], [128.7556680176262, 35.077778096622154], [128.7555983648557, 35.07783648524449], [128.75562412084528, 35.077864288976585], [128.75555572317796, 35.078018058236495], [128.75245568960145, 35.08102859601779], [128.75228373710553, 35.08091882966987], [128.75210576671722, 35.08106847463282], [128.75223233179833, 35.081242454511774], [128.75175372994093, 35.0817011152711], [128.7515717844595, 35.081919434729784], [128.75124302562003, 35.082213697311325], [128.75098652883938, 35.082252469760476], [128.75067272848682, 35.08225085237456], [128.7504227651641, 35.08221004620081], [128.75035598821847, 35.08212444070123], [128.75040096941783, 35.08205518211005], [128.75035117186604, 35.08198392542002], [128.75026805836924, 35.08202310834895], [128.75025217316423, 35.08210820115917], [128.750075770752, 35.0821528992131], [128.74985616154046, 35.08215211911996], [128.74959781351228, 35.082110681747906], [128.74951236188173, 35.082143019424436], [128.74904683071938, 35.08214025274003], [128.74891847484912, 35.082049066521286], [128.748878943806, 35.082071402028], [128.74881986139513, 35.082032672988305], [128.74895092876514, 35.082014638721056], [128.7489497985046, 35.08197560674105], [128.74888097909786, 35.08196558585018], [128.74878884937243, 35.082004965229714], [128.74861476559482, 35.08187594175653], [128.74855497442854, 35.08187115831562], [128.74852297657995, 35.08190068350565], [128.74866762472186, 35.08194177212431], [128.748687457547, 35.08197482105491], [128.74849346748738, 35.08191544995849], [128.7483303586341, 35.081823217955034], [128.74823885866851, 35.08183899943572], [128.74824493635506, 35.08190271119107], [128.74811395233027, 35.08186861173158], [128.7479644461457, 35.081931126153435], [128.7474949401911, 35.081919368799205], [128.74704527551117, 35.0818307014449], [128.74660445053246, 35.0816653365855], [128.7463140251145, 35.081428392442696], [128.74630427251913, 35.081383445800064], [128.74640330057193, 35.081354638770144], [128.74639476794619, 35.081264140403086], [128.74635135212918, 35.08120835380788], [128.7461952597433, 35.08114593315046], [128.74614083267738, 35.081062955604146], [128.74614126201118, 35.08099901454508], [128.74631226989743, 35.08097133967196], [128.74638770023347, 35.08082994699624], [128.74643999794904, 35.080874032519716], [128.74640669319461, 35.08075493750178], [128.7463552873611, 35.08070270622269], [128.7464240324352, 35.08067187695726], [128.7464194362649, 35.08063738885533], [128.74622400567117, 35.08058813646942], [128.74627515044648, 35.08050826480145], [128.7461580836876, 35.08044643838962], [128.74615131359454, 35.08041930130257], [128.7461962322467, 35.08041397791445], [128.74617384602945, 35.080380410193136], [128.74589206335904, 35.08016613218176], [128.74585908942245, 35.08009627861202], [128.74565520676217, 35.07993351567995], [128.7456463607684, 35.07989088052567], [128.7456898494133, 35.079882995075444], [128.74568723222043, 35.07983580206389], [128.7456047552987, 35.079711951653955], [128.74550650056537, 35.07964027637111], [128.74561301518585, 35.079601308940305], [128.74563297987336, 35.07955945440092], [128.7454709450408, 35.07945581763608], [128.74542596397634, 35.07937516816717], [128.74524188761777, 35.079205559438066], [128.74514626887526, 35.07917202582671], [128.74505503358216, 35.07920608601856], [128.74490876632265, 35.079187363565346], [128.744496193784, 35.079095167931776], [128.74439127932283, 35.07902209757824], [128.74439477187883, 35.07893948594712], [128.74424253852848, 35.078987802791765], [128.74399361383686, 35.07876673979003], [128.74397769482619, 35.07872081747408], [128.7440141942003, 35.07869358258146], [128.74392143208354, 35.078651193237405], [128.7439018149851, 35.078602838299076], [128.74398409210986, 35.078533147118705], [128.74410617726178, 35.07851083542431], [128.74399956432558, 35.07841005429989], [128.74415365612032, 35.07837020511881], [128.74419602407767, 35.07833160675221], [128.74414787662815, 35.07827533227331], [128.7441873263505, 35.07815679565005], [128.74408680048907, 35.07816722776938], [128.74413116563787, 35.078012386795116], [128.74408151123498, 35.077964482525566], [128.7439803461857, 35.07794551077344], [128.7439722078633, 35.0778969641438], [128.7438555385217, 35.077867605527345], [128.74368728391195, 35.077930775849325], [128.74340065128442, 35.07798167463269], [128.7429892963599, 35.07795810645621], [128.742966181841, 35.07791312514947], [128.74284488475107, 35.077876569057395], [128.7427166767129, 35.07792832371824], [128.7425205731446, 35.07784106176634], [128.74249759456805, 35.07778028730037], [128.7423141511963, 35.077747149968026], [128.74221561162625, 35.077813059160995], [128.74181021559713, 35.07791064149618], [128.7417151242842, 35.07801291679283], [128.74177534458906, 35.07809617072312], [128.74169810678845, 35.07823562615996], [128.74182848946165, 35.078461480423485], [128.7420292041858, 35.078568089149215], [128.7419903725338, 35.07864309924923], [128.74206139622765, 35.07865912280282], [128.74194464109684, 35.07878841029641], [128.74202499260826, 35.07887565421958], [128.74186706818503, 35.07888826114573], [128.74185811731775, 35.078910362334476], [128.74193815083348, 35.07895882016187], [128.74196399487036, 35.07908071053685], [128.74194160062999, 35.0791273826015], [128.74197088977658, 35.07918579870214], [128.74188646324333, 35.079250751586905], [128.74186079688772, 35.07933005395524], [128.74193043512147, 35.07954004961376], [128.74214134712415, 35.07970948771131], [128.74217240931557, 35.07985618693259], [128.7422706843316, 35.07997249148185], [128.74246660256878, 35.0804106220798], [128.74269742676867, 35.08058792496759], [128.7428505180718, 35.08062382706244], [128.74303846564962, 35.080905274021504], [128.74321901493846, 35.08105615508326], [128.74342181025494, 35.081141466288216], [128.74362416020375, 35.08137301463375], [128.7438608244291, 35.08147369182814], [128.74418345722478, 35.08181314387637], [128.74426614932804, 35.081976871587344], [128.7443004290582, 35.08213404327614], [128.74428467814002, 35.08248739200843], [128.744119586679, 35.08293918706715], [128.74379462422652, 35.083614175808364], [128.7437440829161, 35.083898244367575], [128.74379200227142, 35.08396544215801], [128.74393082285997, 35.08405016614572], [128.7438078317674, 35.084306831786655], [128.74375162347607, 35.08435564171494], [128.7445235904924, 35.08499148870175], [128.74497222936296, 35.08525839038101], [128.74510462207914, 35.08523968659592], [128.74512919795364, 35.08516104943072], [128.74589839141242, 35.085282833477564], [128.7462289197187, 35.08540971907462], [128.74598923485186, 35.085666863060226], [128.74589636422223, 35.08588292425804], [128.7435348636403, 35.085891004189115], [128.74043798514217, 35.08393789364237], [128.74024997465892, 35.083763483002315], [128.74022913146518, 35.08359002217242], [128.74025936981602, 35.083476487889705], [128.74020924509765, 35.08309397565523], [128.74022523230445, 35.08281724430308], [128.74083595174406, 35.08210501103451], [128.74149248535875, 35.08143720108218], [128.7414679865772, 35.081369068250886], [128.74135651754676, 35.08129488123387], [128.7412731039589, 35.0812851045978], [128.73980348315723, 35.08293440193779], [128.7397455392272, 35.082848891323565], [128.73971395844228, 35.08284590332521], [128.7395194406422, 35.08288115239805], [128.73931726995423, 35.082967978572164], [128.73937431902993, 35.083031918219206], [128.7393616844468, 35.083087714023854], [128.7394789230191, 35.08309818670316], [128.7394007008462, 35.08312816941038], [128.7394713001636, 35.08319929558251], [128.73928015391976, 35.08320253516164], [128.73924384573778, 35.083227126633844], [128.73933711214093, 35.08333862835328], [128.73924630651143, 35.08343883639898], [128.73926016619998, 35.08362573860828], [128.73936477155885, 35.08370307413237], [128.73640763685117, 35.088319057976925], [128.7363247927243, 35.088338148745855], [128.73629927260646, 35.08828026998677], [128.73625481151836, 35.088295164314616], [128.73627886064602, 35.08834279900392], [128.73615974612295, 35.088343550063314], [128.73611786929132, 35.08830159001836], [128.73595307040452, 35.08827149561323], [128.73587566631062, 35.088225239669136], [128.73579924779418, 35.0882619028397], [128.73566788163637, 35.088435813920476], [128.73574048456462, 35.088563012190775], [128.73573584782255, 35.088623447175415], [128.73567953852705, 35.08864353298499], [128.73567267203123, 35.08869476130817], [128.7358644541074, 35.08887995855919], [128.7358667635254, 35.091119059136275], [128.73607471025772, 35.091442625606966], [128.7365846590308, 35.09214272628367], [128.7395016497823, 35.096505735418454], [128.74185719555996, 35.09742619054046], [128.7418395458226, 35.097465265228486], [128.7434699381164, 35.09810125261151], [128.74332098546333, 35.09989944530185], [128.7401579848564, 35.10020632067261], [128.74008950705613, 35.10019749428483], [128.73994171598738, 35.10009788158907], [128.73988274763084, 35.10001084725934], [128.73992903532044, 35.09998079586477], [128.73990253985457, 35.09994239478973], [128.7402950062404, 35.099693369098034], [128.7402462854362, 35.09963527247178], [128.73994041757018, 35.099822618946234], [128.7394040322173, 35.099551658685776], [128.73952091166123, 35.099398422615685], [128.73945077209345, 35.099363913813534], [128.73933901024375, 35.09951632928689], [128.73905223271564, 35.099374235503454], [128.73891623114366, 35.099555987613925], [128.73866759642456, 35.09940954572143], [128.7386807587168, 35.099361044526965], [128.73829076235324, 35.099062753592484], [128.73816964611694, 35.098915397536636], [128.73807152644707, 35.098667094955566], [128.73808521333078, 35.098543853672645], [128.73812949111425, 35.098508949126526], [128.73835247824937, 35.09847474561343], [128.7383876722324, 35.09842397623036], [128.738496987509, 35.09840586865327], [128.73848036968133, 35.098299525619474], [128.7385345315678, 35.09824689434824], [128.73835194353623, 35.098158427965835], [128.73806908521667, 35.09793836235437], [128.73799608207972, 35.0978577855811], [128.7380330400089, 35.09780316082803], [128.73795500518813, 35.097803820669164], [128.7378713605982, 35.09769334892179], [128.73790401431236, 35.09768507368957], [128.73789004789614, 35.097621759437764], [128.73781078309716, 35.09761956807878], [128.7377437244421, 35.09753172800562], [128.73776081353267, 35.09749672970108], [128.73770592728636, 35.09750209230943], [128.7376898691216, 35.09746180067598], [128.73777009882912, 35.09739574300227], [128.73771315892813, 35.09737780790832], [128.7378122223512, 35.097190340853], [128.7377795710458, 35.09713293387161], [128.7376674318657, 35.09707065977577], [128.73766398393366, 35.09702116871602], [128.7374976324163, 35.09692510917374], [128.73744342883967, 35.09692313421288], [128.73744674121974, 35.09688532995441], [128.7373535930682, 35.09681812079219], [128.73728009644947, 35.09681593331978], [128.737179290653, 35.096766932711475], [128.73705551028607, 35.09677466794788], [128.73693856914352, 35.096743769366384], [128.73697137698323, 35.096793649751476], [128.7368736059577, 35.09679251759799], [128.73672144372264, 35.09689277084929], [128.7366354284586, 35.09697428356558], [128.73662128625966, 35.09705443013081], [128.73652360876747, 35.09709627517163], [128.7365136285319, 35.09717117490329], [128.73640437064785, 35.097178328559124], [128.73637105063736, 35.09715206225672], [128.73620314329946, 35.097250017521745], [128.73589867459103, 35.09732701814079], [128.735965991108, 35.09721126586774], [128.73575315138393, 35.096932451933874], [128.73548153426398, 35.09678672085499], [128.7354736490441, 35.0967392026827], [128.73557936238478, 35.09650167267481], [128.73556015580365, 35.096332757029835], [128.73581146733562, 35.096278456518036], [128.73603459303564, 35.09607045768858], [128.73628713971038, 35.09576573150193], [128.7364426340471, 35.09539283206921], [128.73651388185309, 35.095091409600336], [128.7365503485956, 35.095076704894616], [128.73655399690247, 35.094948872054836], [128.7363447447027, 35.094428392424135], [128.73620417936968, 35.0942863196831], [128.73613805908366, 35.09417734500697], [128.73615483061553, 35.09413896712615], [128.73599749152197, 35.094114448465014], [128.7354672942223, 35.09370483912957], [128.7353861915729, 35.09350266618117], [128.73500807794304, 35.09323128544746], [128.7349585600694, 35.0931234555759], [128.73482696248476, 35.09307242947298], [128.7348846779006, 35.09293773791113], [128.73479321993184, 35.092898951376945], [128.73472437884413, 35.0930221789085], [128.73467269828333, 35.093027296480955], [128.7341425902581, 35.0928274890244], [128.73388665141493, 35.09263795782041], [128.73386654836008, 35.09259433097534], [128.733907981544, 35.09244533754449], [128.7337943905224, 35.0919593056067], [128.73385635586203, 35.091866500198094], [128.7339719992855, 35.091896340294205], [128.73394178197407, 35.09179337182456], [128.73397335199843, 35.09174358549409], [128.7339095137289, 35.0917069588413], [128.73384240275917, 35.09160112706368], [128.73373055329859, 35.09153742519581], [128.73366528496064, 35.091563808274756], [128.73363597098933, 35.09163097719804], [128.73326479838735, 35.091758623338556], [128.73316565398855, 35.09172401808691], [128.73301998382996, 35.09172405881867], [128.7327762967549, 35.091603316182535], [128.73261490376532, 35.0916093590481], [128.73237033862208, 35.091710674319096], [128.7322568104177, 35.09165417797627], [128.73220074553245, 35.091712726291696], [128.73212309787445, 35.09156278145519], [128.73204248578492, 35.091568714882996], [128.73196183439634, 35.09140567771037], [128.73174391178608, 35.09127114446637], [128.7316401395659, 35.091136177986435], [128.73153868268048, 35.09106740575706], [128.73073561178848, 35.09089639365961], [128.73044176329546, 35.09090764805834], [128.73032458711216, 35.09095765665664], [128.73022616059185, 35.09082616197518], [128.73003990147515, 35.09071046277724], [128.73000337921133, 35.09073479040358], [128.72992714738814, 35.09064658438873], [128.72981917187113, 35.09058401351682], [128.7297620590661, 35.09050320542884], [128.72975813003242, 35.09040817428638], [128.72958389303443, 35.090266730858374], [128.7293472001258, 35.09016881062203], [128.72935080660508, 35.09014320117935], [128.7292238710798, 35.09008072462901], [128.72904512306084, 35.09003902446678], [128.7290758005795, 35.09000446302942], [128.72905664395918, 35.08998450873692], [128.72893365502495, 35.0899652607205], [128.7288179681863, 35.09004556476889], [128.72857113212453, 35.09008084161684], [128.7284566496764, 35.09004597312163], [128.7283072548066, 35.09013562220008], [128.72824201569918, 35.090125154841516], [128.72821620913322, 35.09015910589438], [128.72815904213917, 35.09015649853782], [128.7281316183262, 35.09019504278114], [128.72815218759308, 35.0904038914744], [128.7283668796547, 35.090591568169025], [128.72861249870215, 35.0907119990588], [128.72867051192543, 35.09085801562022], [128.72877443258832, 35.09089646593755], [128.72883180810783, 35.091019325238804], [128.7289543998399, 35.091090518372425], [128.72890840454141, 35.0911627404786], [128.7289528967929, 35.091242872614124], [128.72904367794004, 35.091274947701706], [128.7289912931141, 35.091357441397186], [128.7290431471341, 35.091485721428256], [128.72918117887508, 35.09160573233727], [128.72923879647539, 35.09174917746019], [128.7294229499494, 35.09186059288417], [128.72970830247593, 35.091902754841996], [128.72973714170712, 35.09195389117726], [128.72968052971697, 35.09203751002715], [128.72979137835543, 35.092110992580956], [128.72980176791222, 35.09217234429902], [128.7299007351838, 35.09223210138715], [128.72984534179247, 35.09229810214718], [128.72986363454052, 35.0923376238588], [128.73008901787856, 35.09256178183763], [128.73029376975634, 35.09262689046692], [128.7303488830511, 35.09282836957471], [128.73032468888354, 35.09294241171348], [128.73039391112877, 35.09297541143694], [128.73030656553314, 35.09304768581811], [128.73039540740822, 35.09318352083944], [128.7297792113465, 35.09351877391868], [128.72982750581633, 35.09358268052614], [128.73040752903214, 35.09327877713288], [128.73056994941717, 35.093481206571354], [128.7306749514983, 35.09350935629145], [128.7306116911905, 35.09365676960603], [128.73016348899426, 35.094218145095255], [128.72939495928838, 35.094502539265335], [128.7290508249731, 35.09441836741301], [128.72878085836953, 35.09432338756255], [128.7287771489321, 35.09428878160868], [128.72839879987373, 35.09417436497172], [128.72835852180722, 35.09405125837599], [128.7282250732851, 35.093897348275895], [128.72831163901813, 35.0938133427708], [128.7281378559925, 35.09352246708795], [128.72877231360127, 35.093255951927425], [128.72871039714957, 35.093162790649615], [128.7280299687776, 35.09344678455452], [128.72796519816006, 35.09339383966566], [128.727776375117, 35.0930872492549], [128.72755339178008, 35.09317894103395], [128.72751105385782, 35.093150597754175], [128.7273858407017, 35.09320356662308], [128.7272858101529, 35.09310275576835], [128.72730847634762, 35.09306069472043], [128.72727501320605, 35.093025448574366], [128.72699973434862, 35.092940173412316], [128.7268965599949, 35.092970117558615], [128.72687682998816, 35.09304291164214], [128.726789591832, 35.09305482894421], [128.72668772378321, 35.093018851982094], [128.7263847892953, 35.093074737759785], [128.72628786945685, 35.09326057098417], [128.72617764412482, 35.09329339361148], [128.72617998435896, 35.093351004028676], [128.7261041138831, 35.09339462183138], [128.72609879187365, 35.09346743958963], [128.72605137070786, 35.09352036870835], [128.72617259315132, 35.093632412823105], [128.7262739273856, 35.093671679452875], [128.7262235513512, 35.09385682362586], [128.7260725893449, 35.09390785333739], [128.72611859265584, 35.09403008051645], [128.72595421027677, 35.09402029181826], [128.72590123616385, 35.09405106013782], [128.72592325234726, 35.0940953758907], [128.72608953284404, 35.094091101183466], [128.72602152516393, 35.094177289718786], [128.72608750049633, 35.09424332908459], [128.72627409202522, 35.094262650715635], [128.726311004535, 35.094371610774374], [128.72623345503197, 35.09468743861092], [128.72617058908202, 35.09478382348024], [128.72608607470053, 35.09479776311817], [128.72601339072637, 35.09497671838442], [128.72596627657302, 35.094996939370425], [128.72599943432735, 35.095034338508796], [128.7259761219214, 35.095078894426415], [128.7259049745236, 35.09511120893324], [128.7258554618491, 35.095101217882316], [128.72553260638287, 35.09497397581507], [128.72547804346854, 35.09498322387655], [128.72535648844715, 35.094942656113446], [128.7247248126787, 35.095993191451754], [128.72420294994072, 35.095991084965064], [128.72420288242972, 35.096263235337055], [128.72408822287676, 35.096263807039676], [128.7240888225867, 35.095986354942056], [128.72332607140777, 35.09598661178302], [128.7233207642912, 35.09631601994706], [128.72321996737574, 35.096317187599546], [128.7232165304528, 35.09598552154377], [128.72293694452156, 35.09598578960454], [128.72293426516208, 35.09660468694409], [128.7229737996614, 35.096604263784435], [128.7230148437842, 35.096411900828656], [128.7230752622951, 35.09641678060042], [128.72308975921243, 35.096543204807105], [128.72305499191253, 35.09669724614253], [128.723160526385, 35.09672221952432], [128.72331016345336, 35.09669997150185], [128.7233979921681, 35.09680196997457], [128.72342014982655, 35.09687525235602], [128.72338117059465, 35.09692783196209], [128.72339199401424, 35.09700094650477], [128.72348755933268, 35.09729257687532], [128.72345455473885, 35.097407941866116], [128.72303138324193, 35.097350951226844], [128.72301101316157, 35.09701052420096], [128.7229391039302, 35.09702213625776], [128.72287151518287, 35.09754911218871], [128.7226765833146, 35.09749539997545], [128.72241746099274, 35.0973622357996], [128.7220803737487, 35.09725470405245], [128.72184920464463, 35.097142936353315], [128.7219772107046, 35.09704710533433], [128.72163664651998, 35.0967369016522], [128.72221181475126, 35.09631452858134], [128.72214688879285, 35.09626313752], [128.7214902237529, 35.09676329622321], [128.7213596371805, 35.096603075954846], [128.72129765659608, 35.09663123886183], [128.72124358906012, 35.09656331960355], [128.72124547228162, 35.096271462209025], [128.72121715027882, 35.09617979984834], [128.72117645872908, 35.09613543151195], [128.72105747521917, 35.096102933147016], [128.72100655927034, 35.09604739157355], [128.7208712310839, 35.095720200419414], [128.72060445958715, 35.09535995045878], [128.72044139809947, 35.09520352026178], [128.72022104691683, 35.095110712348536], [128.7198219458751, 35.09512083289461], [128.71966802876202, 35.095097257611734], [128.71951319500084, 35.09510126231824], [128.7193470526977, 35.09519758433848], [128.71913296138067, 35.09520248931033], [128.71884833708737, 35.09451820848925], [128.71903736208557, 35.09441253586734], [128.71914154901938, 35.094393325159025], [128.71910216757362, 35.09433195924405], [128.7190423822882, 35.0943501193458], [128.7190144906234, 35.094315602922876], [128.71894017598584, 35.09433530663932], [128.718844695872, 35.094301265941226], [128.71876985656573, 35.09439356389849], [128.71864382726758, 35.094431128041556], [128.71898376036935, 35.095251719879116], [128.71868448604812, 35.09557018892428], [128.71848268355447, 35.09573188515325], [128.71839773646693, 35.09567420673141], [128.7183258647145, 35.095738892802224], [128.71843317830218, 35.09583480589871], [128.71816375409637, 35.09604366539772], [128.71778111444686, 35.09622112971097], [128.71751747622173, 35.096287773917716], [128.71716043075773, 35.096284535387994], [128.71687620558453, 35.09609450367253], [128.71755284849797, 35.09547540144297], [128.71750784278885, 35.095430472863555], [128.7174755695622, 35.095426496049086], [128.7167415397805, 35.096129324945544], [128.71664481346056, 35.09608724862628], [128.71668723856925, 35.09602871445129], [128.716135498917, 35.095673277894555], [128.71674153848585, 35.09509979555712], [128.7173774363697, 35.09476340589276], [128.71732850902524, 35.09468303988209], [128.7172449948571, 35.09469418170282], [128.7166705238614, 35.095006388428786], [128.71603963175463, 35.095621993721345], [128.7158141327992, 35.095465288137646], [128.71572634630226, 35.09555074244851], [128.71594812671486, 35.09570459566732], [128.71583216669111, 35.09577610712821], [128.7156820404375, 35.095778368227975], [128.71562538754287, 35.095726903284636], [128.71551001460531, 35.09577427741227], [128.71500430458985, 35.09562130004924], [128.7150118003913, 35.095414896118385], [128.71496802061557, 35.095317627318785], [128.71481873919666, 35.09524159669253], [128.71468701366976, 35.09521951847725], [128.71465364177425, 35.09517274106552], [128.71451776418252, 35.09517745112864], [128.71449667041986, 35.09521032780913], [128.71424271702543, 35.09531748769169], [128.71412287052928, 35.095288974653364], [128.71403542555265, 35.09532845586809], [128.71412594574255, 35.09546021431729], [128.7140529583743, 35.095725223813474], [128.71423529016542, 35.09612014469158], [128.71430541601248, 35.09617585380278], [128.71453311562212, 35.09618548380581], [128.71466075814902, 35.09624956455814], [128.71493962940795, 35.0966278569615], [128.71508234297798, 35.096924578714805], [128.7141432377977, 35.097588955576846], [128.7142074619686, 35.09830844144201], [128.71408914514515, 35.0983153195066], [128.71414972498857, 35.09909266348391], [128.71470226326045, 35.09906577159221], [128.71501832732423, 35.102786922933184], [128.71477798297667, 35.103596567660325], [128.71486039286503, 35.10369847146152], [128.71463028473002, 35.103836217435216], [128.71456204784505, 35.10390978048301], [128.71461531332764, 35.10394304638879], [128.71475954041074, 35.103818899736666], [128.71519740114726, 35.10358816935052], [128.7155766849707, 35.10370023521916], [128.7156019047192, 35.10364807739275], [128.71571224572946, 35.1036825521279], [128.71568813428289, 35.10375289254475], [128.71575705350895, 35.10393724890662], [128.71594888272784, 35.10405242333868], [128.71603146878056, 35.1042246323338], [128.71540511076037, 35.104151153301714], [128.71526078111688, 35.10419777706726], [128.71498113373136, 35.10406311328143], [128.71493760044999, 35.10413293951004], [128.71516232020315, 35.104241901309535], [128.71518378406864, 35.10428630746374], [128.71379573671032, 35.10476929709506], [128.71464309372652, 35.10643329349123], [128.7134560646895, 35.10682964609729], [128.71345313129308, 35.10685033427824], [128.71319808125494, 35.10634867034754], [128.7119945523654, 35.1067573624697], [128.7103540351639, 35.10356633035162], [128.70574458443593, 35.10514201821533], [128.70570531566742, 35.105099837817896], [128.70572716597624, 35.10491633818077], [128.7055602745809, 35.10474482518332], [128.70551317860856, 35.104778036451556], [128.7055499577741, 35.1048325222901], [128.7054365940428, 35.104940716421766], [128.70504105364543, 35.10492886646909], [128.7050096114368, 35.10473334739903], [128.7049164738977, 35.10473860118696], [128.70490482434838, 35.10499998572235], [128.70445863377327, 35.105118095924986], [128.70384502931523, 35.104683006956066], [128.70377482898803, 35.104750751584426], [128.70448779637843, 35.10525585037155], [128.70450713176402, 35.10523829406765], [128.70455311618147, 35.105276092778006], [128.7041705784178, 35.10577893005258], [128.70387937410385, 35.10600720334546], [128.70375898849906, 35.106024195991026], [128.7035182621829, 35.105994377182434], [128.70317392298628, 35.105875896396654], [128.70288447933336, 35.10567299561837], [128.70277625123018, 35.10553124290483], [128.70275526342408, 35.10544203707602], [128.70286081041095, 35.10514909157129], [128.70284219995946, 35.10503694194748], [128.7029405806582, 35.10500527496389], [128.70291504000733, 35.1049158059686], [128.70330429196738, 35.10477708484598], [128.70326671757996, 35.10469526604876], [128.70273108397458, 35.10487839103401], [128.70199718018833, 35.10414800739784], [128.70174591525284, 35.104016629028216], [128.70163087304718, 35.10387170399832], [128.7014586582737, 35.10380951929576], [128.70128844623238, 35.10383908916324], [128.7012085026637, 35.10403089103984], [128.7011682723548, 35.10405698522072], [128.70097621152658, 35.10405641222469], [128.70074720279072, 35.10399125466399], [128.70062729087715, 35.10375954332909], [128.70038963451128, 35.10347478279247], [128.70031440260666, 35.103301095982026], [128.70038381951795, 35.102869259461954], [128.70063628014526, 35.1023598470997], [128.7006844015063, 35.10208513921], [128.7006448869681, 35.101847558709736], [128.70085472875746, 35.10147704872536], [128.70103974505815, 35.101417094715714], [128.7013508617196, 35.10140136701577], [128.70151884060783, 35.101314917191424], [128.70171242076515, 35.10126441144798], [128.70175226940856, 35.10120045831174], [128.70191596578954, 35.10110305373519], [128.7021086506458, 35.10112089675863], [128.70237140505125, 35.1010787909379], [128.70282063716706, 35.10063068099351], [128.70288401937438, 35.10044000713405], [128.7028777000438, 35.100283487332455], [128.70282694715146, 35.10020643181507], [128.70250400800933, 35.10006376575298], [128.70222395724832, 35.10005863490895], [128.70218020701537, 35.10001027717244], [128.70192844637356, 35.100046217091965], [128.7017424023801, 35.100019151548274], [128.70122940174852, 35.09975768222036], [128.70116424025034, 35.09962896108007], [128.70114536709696, 35.099466335038564], [128.70098462246727, 35.09940399619864], [128.70089339614384, 35.09907014088756], [128.7009915485486, 35.09897651558954], [128.7013899007334, 35.098813204324024], [128.70139130385553, 35.09877154897583], [128.70131862635205, 35.0987432365906], [128.70130442752745, 35.098706291044344], [128.70119375866437, 35.09869003787964], [128.7010646505068, 35.098620287768334], [128.70095596799368, 35.098637425782634], [128.7008807168649, 35.098686309155106], [128.7007938686783, 35.098592263216204], [128.70070362900086, 35.09861317661904], [128.7006850622902, 35.098580005334306], [128.70056579602655, 35.0985518771007], [128.70051105981767, 35.098467806306026], [128.70012065562435, 35.09839716745496], [128.70003642325966, 35.09843107515234], [128.6998903098615, 35.098435491500084], [128.69981671400265, 35.09847263352439], [128.69974557864694, 35.09871829563979], [128.69968606675542, 35.09877832484497], [128.6995620243785, 35.09880326331447], [128.69951213543303, 35.09885905047249], [128.69930423394712, 35.098853561392254], [128.69926392914581, 35.09856626863621], [128.6992095944491, 35.09855222355268], [128.69919054699136, 35.0984526223311], [128.69909803978965, 35.09838314010669], [128.6990968208213, 35.0982347187546], [128.69892508859687, 35.09812826559513], [128.6988499764748, 35.09803772503759], [128.6988147417865, 35.09803066270943], [128.69876621691856, 35.09807741224405], [128.6987043110934, 35.098024889427045], [128.69866044310777, 35.09804336724198], [128.6984727267405, 35.09802443892695], [128.69836043555773, 35.09806185711134], [128.69815408244196, 35.0980540767379], [128.698050881448, 35.09818986269962], [128.69791693601167, 35.09828237774782], [128.6978595545527, 35.098416565667584], [128.69783745438463, 35.09877009764262], [128.69760145187809, 35.09890518282477], [128.69761398562278, 35.09900047108713], [128.69754488251473, 35.099041400325824], [128.69734896590856, 35.09939276835236], [128.6973574717468, 35.099503874603705], [128.69717755740518, 35.09964419004564], [128.6971466927225, 35.09977787591034], [128.69679767203164, 35.099878173194654], [128.6967233113352, 35.100029514608394], [128.69613637700053, 35.10008865409943], [128.6957676681673, 35.09980530330566], [128.69574632864402, 35.09970985915413], [128.69583613587196, 35.099572923284136], [128.69578845141234, 35.09937134015864], [128.69591898941223, 35.09919652485916], [128.6956451441047, 35.09903926843829], [128.69561308433546, 35.09896293341419], [128.69558298039266, 35.09898613072972], [128.6955345804078, 35.09894196133827], [128.69543729419328, 35.098677975341076], [128.69557480460205, 35.09852717143838], [128.69556363248637, 35.098423081902666], [128.69546156669284, 35.09829473142866], [128.69546238489193, 35.098248123641135], [128.69553289774888, 35.0981881538957], [128.69556346532997, 35.098075452101845], [128.69573721060127, 35.097975213853694], [128.69576902815845, 35.097894792720666], [128.69572618815977, 35.09781842157808], [128.6957559715903, 35.09774851405824], [128.6960076981105, 35.097549926516606], [128.69618376050016, 35.09754263339292], [128.69619734054933, 35.09746799773169], [128.6962826986896, 35.097359409501884], [128.69627847251456, 35.097250054296495], [128.696097780769, 35.09718101699927], [128.6956796796239, 35.09720348569143], [128.69527669245747, 35.09729395068776], [128.69495173908803, 35.09729771495855], [128.69476917455705, 35.09733410210365], [128.69469466110945, 35.097425753785295], [128.69455591114016, 35.097453671403976], [128.6944466715615, 35.097545732730914], [128.69431435144492, 35.097727482509484], [128.69427006801078, 35.09785022750048], [128.69400683986237, 35.09808260095491], [128.69388046300702, 35.09831423121356], [128.6936334649806, 35.09827339623574], [128.69339255805446, 35.09834922463225], [128.69308018723387, 35.09857051061838], [128.6930283589022, 35.09867812016984], [128.69277027212132, 35.09879811394235], [128.69266240725605, 35.09870747788174], [128.69247008976325, 35.098755024555636], [128.69245029159873, 35.098705923593975], [128.69240969222236, 35.098696446122595], [128.69228502620658, 35.09871351629118], [128.69218755834413, 35.098692970188814], [128.69211753048845, 35.09871682255071], [128.69207488635053, 35.09878799536569], [128.69213392597828, 35.09884826441261], [128.69203930195653, 35.09890309808675], [128.69199406977862, 35.098993804696136], [128.69186913990563, 35.09900589985752], [128.69179996584134, 35.099104567226306], [128.69178465813584, 35.099317079126635], [128.69167918578327, 35.099473279501886], [128.6918054945356, 35.09955918351165], [128.69188661784796, 35.09973238881225], [128.69186280494873, 35.099805735151264], [128.6918911413605, 35.099905669143354], [128.69185923877643, 35.09996624091436], [128.69169178822767, 35.100000644511184], [128.69170733667147, 35.100114995605296], [128.69178710622737, 35.10017059598344], [128.69179436296213, 35.10024373243122], [128.69170229910037, 35.10029096491044], [128.69171525286833, 35.10043033919731], [128.691666679117, 35.10053486494464], [128.69150077317641, 35.100703014744866], [128.69134093969546, 35.10081366513246], [128.690726397974, 35.100894223558406], [128.69054014882778, 35.10101516967121], [128.69051201653733, 35.10118633986874], [128.69036370338847, 35.10123740217895], [128.6901331933996, 35.10126017645746], [128.6900931376258, 35.10121132809964], [128.68996547146082, 35.10119166819204], [128.6898451140132, 35.10104559183166], [128.68972559311766, 35.101059139304226], [128.68945073369855, 35.10100858069368], [128.68917779914048, 35.10109309690302], [128.6889872053731, 35.10118734175765], [128.6890107329539, 35.10124161831255], [128.68894138173096, 35.10129127682898], [128.688851769579, 35.10130112362267], [128.6889113516278, 35.10142144685413], [128.68895378163657, 35.101439511195245], [128.6893041088089, 35.10143874186191], [128.68949108917144, 35.10156851218709], [128.68988338261357, 35.10155505054045], [128.69001470408566, 35.10183506938795], [128.68993207864435, 35.10211731819713], [128.68962882218273, 35.1020781544736], [128.68959456705446, 35.10208466341228], [128.68958745726167, 35.102128443979794], [128.6894420479839, 35.10209891132646], [128.68939993193723, 35.10214735071482], [128.6894517247837, 35.10219360636155], [128.68935443094338, 35.10235445820522], [128.68925140963714, 35.102400506973055], [128.68915338071952, 35.102373917433795], [128.68915340684524, 35.10240185248748], [128.68903043391907, 35.10240751114812], [128.68893587303046, 35.10247270732463], [128.6888915878639, 35.10255555542035], [128.68865687276448, 35.102581886456186], [128.6885824535396, 35.10265406750336], [128.68854267906147, 35.102629418311096], [128.68847762533076, 35.10264735000658], [128.68838281161905, 35.10275549622855], [128.68841039522843, 35.10278216569123], [128.6883912971484, 35.10282897067762], [128.68835003640172, 35.102811531261054], [128.6883048617049, 35.10284569447861], [128.68834207619886, 35.102865104936946], [128.68833092257054, 35.103020678938535], [128.6882001707547, 35.10318229064494], [128.68819412287095, 35.10345427151393], [128.68812763178525, 35.10348404332105], [128.68805283626622, 35.103617630952044], [128.68808202917296, 35.10367292331663], [128.6879478845931, 35.10406568934419], [128.68899304545735, 35.10756129405166], [128.68895702866757, 35.10758945097615], [128.68896001996114, 35.10765035414039], [128.6887199169437, 35.10763896585353], [128.6886075235967, 35.10766451927021], [128.6884420834187, 35.107762162999606], [128.68822270321698, 35.10806360953065], [128.68812291177153, 35.10852411064967], [128.6860765290913, 35.10683470479307], [128.6858554879323, 35.107012395823226], [128.6872750394266, 35.10818995455604], [128.68733160344522, 35.10814451938465], [128.68794838195274, 35.10864927496917], [128.68792810369837, 35.10875458402673], [128.68800844834715, 35.108861485676776], [128.68831574300404, 35.10902217741719], [128.6888349558764, 35.109073384163366], [128.68909955199916, 35.10906033491164], [128.69023210464908, 35.10873872497193], [128.6911747111666, 35.108371679123294], [128.69238784594245, 35.10841489178411], [128.6944881455678, 35.10936885712477], [128.69443773013072, 35.10942945865248], [128.69445006114654, 35.109464654300275], [128.69378895696312, 35.11000649408287], [128.6938968953999, 35.110096905379834], [128.69435853200116, 35.10972192366787], [128.69443738240687, 35.1097807564013], [128.69467900804378, 35.1095852889821], [128.69473115105788, 35.10959290892945], [128.6948203450426, 35.109524608963184], [128.69541175335797, 35.10979573653129], [128.69544220829118, 35.10978232783189], [128.69547615198803, 35.109819368705466], [128.6954564680895, 35.10993542444965], [128.69533927086866, 35.10997801697679], [128.69536579850973, 35.11007150104276], [128.69549490027723, 35.110095710536555], [128.69552332829514, 35.11026760046939], [128.6953538926624, 35.110479426993294], [128.69529076957187, 35.110510862834225], [128.6953399337956, 35.11095264437958], [128.69524376373758, 35.111177705906684], [128.69509686147288, 35.11135526676602], [128.69494971281276, 35.11147225451342], [128.69477185764168, 35.111529124484804], [128.6946319282065, 35.11145681457785], [128.6943767523448, 35.11143371131333], [128.6941168359093, 35.111339881057454], [128.6940272345114, 35.111353426668295], [128.69397702489445, 35.11146291582274], [128.69398262384274, 35.11164949362142], [128.69412457014826, 35.11176499198905], [128.6944972934674, 35.11191492634368], [128.69482482393764, 35.11200028088071], [128.694907687849, 35.1120937091845], [128.6950204706228, 35.11229505073462], [128.6950625986565, 35.11251979623192], [128.69503292223217, 35.11258298685665], [128.69489838646763, 35.11264079503252], [128.6948516690889, 35.1127761529976], [128.69495460648832, 35.112825752017116], [128.6950466855191, 35.11282232315711], [128.69508476479123, 35.11267645217418], [128.69512084330484, 35.112641247266104], [128.69519573356337, 35.112643192160434], [128.69565657913836, 35.11271974957275], [128.69593897836327, 35.11280394127622], [128.6960993994992, 35.112894535051716], [128.6963260640876, 35.1129223143416], [128.69651877878636, 35.11285585320806], [128.69664494454494, 35.1127356750846], [128.6966776435651, 35.112643943739], [128.6967357002777, 35.1126332088241], [128.6970392162869, 35.11269682095482], [128.69728727865888, 35.11282666063643], [128.6975558450737, 35.11305197597918], [128.6976061531315, 35.113513815938674], [128.69756033468914, 35.11360549680813], [128.69736779525175, 35.113695846449865], [128.69731119154005, 35.1137879403353], [128.69745033478074, 35.11376828730499], [128.69768537910326, 35.11362841493198], [128.69792932096473, 35.113704683057996], [128.6985925884609, 35.114396525490314], [128.69855242562684, 35.11454945103062], [128.69829507429688, 35.1147672903323], [128.69819158800325, 35.114946412857286], [128.69804740337602, 35.115038426093626], [128.69814884820244, 35.11548835056369], [128.69813097614798, 35.11555319426883], [128.69831312254672, 35.115630227471925], [128.6984913845548, 35.11555425290205], [128.69878782715497, 35.11551081508239], [128.6987723198588, 35.115545586779085], [128.69883561589873, 35.115568333549035], [128.69881310274621, 35.11550809273586], [128.6989211782513, 35.11548841346871], [128.69909090930253, 35.11533774056498], [128.69926402354255, 35.11526761166417], [128.6993848321441, 35.11514911214042], [128.6996668510494, 35.11510083955917], [128.70016862959693, 35.11537463443085], [128.70051314878847, 35.11571011118275], [128.70066276790521, 35.115922037466206], [128.70077229763345, 35.11615072043476], [128.70086835630045, 35.116604578288026], [128.7004790470131, 35.11671954100213], [128.7003981106858, 35.11656333309541], [128.70033137085812, 35.11658702786456], [128.70047319803717, 35.116896508087116], [128.7003478556781, 35.11697665371125], [128.70020376277216, 35.11699269477923], [128.69997094492012, 35.117134632807826], [128.69938741534563, 35.11766451442384], [128.69924486843257, 35.11763638841699], [128.69889108701045, 35.117134522833744], [128.69880268465795, 35.11718474507379], [128.6990543495181, 35.11752095490185], [128.6992667987934, 35.117895494031], [128.69925876209018, 35.11805470017658], [128.69931686992214, 35.118169252644684], [128.69939403357333, 35.11824583698644], [128.6996415208658, 35.11836871821013], [128.69975869350856, 35.118568074727705], [128.69994490786144, 35.11868861521955], [128.70004886457318, 35.11869670531674], [128.70011285375278, 35.11867000294546], [128.7001327683691, 35.1186093639374], [128.70010082651785, 35.11841038111668], [128.70017648145475, 35.11843910539747], [128.70016541425468, 35.118505003641104], [128.7002642619961, 35.11864898809561], [128.70030844409584, 35.11895955256172], [128.70016130270616, 35.12162312663945], [128.70015837288219, 35.12219004822743], [128.69977464476443, 35.12217769530251], [128.69968339816856, 35.124004132336246], [128.69981895980723, 35.12400881339526], [128.6997336543358, 35.12566384183394], [128.69959625892656, 35.12565868114515], [128.6986495198302, 35.12700838706289], [128.69897294868255, 35.1271504519171], [128.69885989604978, 35.127329696502365], [128.69869839297428, 35.127385224068576], [128.69756159277765, 35.12712691081216], [128.69721422499276, 35.12760024934331], [128.69710790553842, 35.127631548472756], [128.69712597025645, 35.127676986708096], [128.69726818170147, 35.127647597932764], [128.69757903073756, 35.12722668007612], [128.69859595420968, 35.12745990094122], [128.69792574692156, 35.128390705591016], [128.6969961584475, 35.12794052705242], [128.69696300519215, 35.12794862861279], [128.6933844104952, 35.13295322500758], [128.69410979818755, 35.13331828692724], [128.69384762869052, 35.13350421499776], [128.6937541774653, 35.133627573546214], [128.69375639419346, 35.1336767209009], [128.69393885311413, 35.13382525845864], [128.69407024826108, 35.13380447894203], [128.6943721288319, 35.133554094417434], [128.69439617037065, 35.1335656835909], [128.69440838076684, 35.13353328569966], [128.69449122819998, 35.133513765080075], [128.69576321002208, 35.13411019208418], [128.69711993593356, 35.13421030591707], [128.69717196860492, 35.134379034710264], [128.69715595277748, 35.134437674420994], [128.6973015821727, 35.13445876799122], [128.69657904376302, 35.137213857982594], [128.69648217183104, 35.13723921339943], [128.69609521307882, 35.13719750548057], [128.69609937144799, 35.1371121550721], [128.69591769357774, 35.1370752834566], [128.69587346907076, 35.13713583519626], [128.69569568766286, 35.137112314396916], [128.6956307109322, 35.13735299465431], [128.6956120220221, 35.13762768127704], [128.69597929767917, 35.13765257975005], [128.69631491657157, 35.137720300970564], [128.69643056886176, 35.13777980992015], [128.69646566220163, 35.13790266577651], [128.6963370716088, 35.13843225035479], [128.69624819116308, 35.138462855483276], [128.69596085887687, 35.138863237669234], [128.6958304473983, 35.13899486827109], [128.69481563463262, 35.13974242732089], [128.69073839933463, 35.137845512030545], [128.69262473863745, 35.13515160777145], [128.69302716433228, 35.13466187294331], [128.69333351318798, 35.134376983829746], [128.693345190605, 35.13429193088525], [128.69321928221578, 35.134167369705985], [128.6931289266626, 35.13412312062233], [128.69305709146812, 35.13413060657171], [128.69289133760893, 35.134230147615696], [128.69269671864532, 35.134421472765446], [128.69184400622675, 35.13576186354744], [128.6881863659307, 35.14100560690127], [128.68815019935343, 35.14098670215903], [128.68807654910822, 35.14109800178499], [128.68811146529626, 35.141115459928216], [128.68782549346824, 35.14152642771663], [128.6875555634879, 35.14156944804975], [128.6874999882031, 35.14160892809956], [128.68772537607853, 35.14198475490289], [128.6875787222484, 35.14240048760159], [128.68756642547763, 35.14253677817617], [128.6876002706756, 35.1426609183894], [128.68777006138185, 35.142786690628554], [128.68813145277076, 35.14289135698882], [128.6884970705852, 35.14339357900423], [128.68831778205487, 35.14348436352906], [128.688516084803, 35.143757777237425], [128.68826285985244, 35.14388132459903], [128.6882507398252, 35.14391159666827], [128.68830233832725, 35.1439769422195], [128.68835899887068, 35.1439905893977], [128.68869443462577, 35.143825107135996], [128.6890428060181, 35.14429320294709], [128.68912042069311, 35.144260852591586], [128.6904286796311, 35.14601444968113], [128.69045937585796, 35.14612110433555], [128.69038835689048, 35.146308242985384], [128.690402346087, 35.14676393239088], [128.6907713524625, 35.147468528178095], [128.69093077223084, 35.147593169614964], [128.69092833007105, 35.14787105061146], [128.6906345626669, 35.14790947398736], [128.68888783120656, 35.14738635208177], [128.68880101416303, 35.14735484353438], [128.6886319740453, 35.14720884142971], [128.68851700454812, 35.14717751148909], [128.6882881043905, 35.147195652934876], [128.6880751947047, 35.14713604781657], [128.68612304595067, 35.14704578254254], [128.68608834479446, 35.146994875710405], [128.68581276292184, 35.14698165181252], [128.68576469725673, 35.14702770999972], [128.68546101834363, 35.14701805313576], [128.68348905106956, 35.14692928272577], [128.68345084354542, 35.14687673409253], [128.6831771178179, 35.14686625414448], [128.68313124380927, 35.1469126000685], [128.67958974543222, 35.14674978632483], [128.6789153143948, 35.14648880553506], [128.67853538433582, 35.14641797081635], [128.67833269620178, 35.1462590108142], [128.67803749691265, 35.14621792744039], [128.67528946185624, 35.14529106569394], [128.67493395295384, 35.1451405790668], [128.6741379953848, 35.1446701584657], [128.67406493483247, 35.14467564885186], [128.67353631884794, 35.14433625365604], [128.67415669355728, 35.143591626423394], [128.6739742043138, 35.14349035503524], [128.6735645186826, 35.143963069052695], [128.67343214246657, 35.14388398635787], [128.6733685866384, 35.14395524860835], [128.67083690518962, 35.14248431528622], [128.67099486475493, 35.142301975519146], [128.67086099869695, 35.1422233551699], [128.67098478082542, 35.14207801434447], [128.6711202062978, 35.14215592520995], [128.67166035933812, 35.14152937900986], [128.67242276243664, 35.1419736938063], [128.67330844073552, 35.14094231667134], [128.67256005585412, 35.14049955236526], [128.67330424315415, 35.139625819881], [128.67353662476012, 35.13976288477065], [128.67372047183989, 35.13955534725987], [128.67501203498875, 35.14031623621767], [128.6750802267462, 35.14101320445587], [128.6749684467962, 35.14103435757637], [128.67497984601377, 35.14120336573253], [128.675100142689, 35.14120975321506], [128.6752069192029, 35.14230656168142], [128.67516694402312, 35.14240664487647], [128.67519663421487, 35.1424483146802], [128.67529773292648, 35.14244187631874], [128.67516739502685, 35.1408204211818], [128.67519950009623, 35.14081600905321], [128.67511525072183, 35.14025221831482], [128.6750380702154, 35.140209667354554], [128.6750228319826, 35.140231023945795], [128.67374726091714, 35.13948069548292], [128.67323345802987, 35.139141672397436], [128.6731477522469, 35.13906449248265], [128.6731335747878, 35.138992875714166], [128.67303109450333, 35.138956212775156], [128.67301551739055, 35.13890791201948], [128.6728567545791, 35.13882291844086], [128.67296979935261, 35.13864786346016], [128.67331587918918, 35.13878634375685], [128.67341719098835, 35.13866266490964], [128.67347414829007, 35.138694048279284], [128.6737921920564, 35.138307041289494], [128.67374265848895, 35.13827727947039], [128.67383737984397, 35.13816804738109], [128.6735248161577, 35.137963119866576], [128.6733952966866, 35.13803468196154], [128.6732624430599, 35.13800623891349], [128.67311548914577, 35.13786502104683], [128.6732441784767, 35.137733005622074], [128.67316569855456, 35.13761281329668], [128.67313472714395, 35.13761154787412], [128.67306073031557, 35.1372411791409], [128.67322055048638, 35.137229017484756], [128.673217155612, 35.13719972478558], [128.6730027743953, 35.13721034081079], [128.67293935579528, 35.13716030850942], [128.67296494297318, 35.137085886713805], [128.6729372421183, 35.13689803263593], [128.67297568182622, 35.13688968085032], [128.67297128774302, 35.136824392749105], [128.672935440756, 35.13682494713135], [128.6729593699386, 35.13674054378303], [128.6732337753406, 35.13674222959565], [128.67323535893175, 35.13668843208055], [128.6729443553911, 35.1366723541562], [128.67294882429536, 35.136484691787395], [128.6730656310922, 35.13638556869059], [128.67310627089017, 35.13612586338549], [128.67316847710788, 35.1361272465913], [128.67319964598533, 35.135925202102634], [128.67331582591214, 35.13592413490216], [128.67332956418988, 35.1358412565779], [128.67311234942196, 35.13579871310587], [128.67310421219796, 35.13563578084572], [128.67323161781033, 35.13501917005319], [128.67326722030873, 35.13495695525594], [128.67343786040342, 35.13484244579254], [128.67375744688573, 35.13500742712595], [128.6737577483791, 35.13514129721532], [128.67381234905847, 35.135197996648834], [128.67384614151882, 35.135185271479095], [128.67390639444469, 35.13503198451505], [128.67388947255367, 35.13489059690477], [128.6738142449707, 35.13483841265763], [128.67381014090887, 35.13475849684222], [128.67374581738434, 35.134718727369275], [128.67343738389286, 35.13474330571068], [128.6732520314605, 35.13479001035078], [128.673228953618, 35.13447483321855], [128.6735234209198, 35.13359090872207], [128.6737939591544, 35.1330906785822], [128.67387676359832, 35.132764122970066], [128.67403693812054, 35.13240233283136], [128.67451403264528, 35.1318663974361], [128.67530997396742, 35.13108773036949], [128.67570311103992, 35.13050279869385], [128.67639432206255, 35.13000831417406], [128.6766434361512, 35.12973801241159], [128.67676485586014, 35.12942542887218], [128.67673469996504, 35.128967999346976], [128.67675481023815, 35.12878807794961], [128.67688247290818, 35.128538641825685], [128.67720362215695, 35.128156753148225], [128.67739173148343, 35.12778629092272], [128.67773765500473, 35.126867347655846], [128.67775905722428, 35.12628035711159], [128.6775297829938, 35.12566208216431], [128.67751047789238, 35.12555820188255], [128.67753714090273, 35.12550734703276], [128.67747785506376, 35.12538410162944], [128.67750938288034, 35.12530692693167], [128.6773433743609, 35.124991306735666], [128.67731907522912, 35.124840536272764], [128.67704600856715, 35.124540728419234], [128.67662794327734, 35.12440338964662], [128.6765615833918, 35.124300602590836], [128.6764554170929, 35.124266969791165], [128.67614329602029, 35.12427835768376], [128.67555120056684, 35.124211498902326], [128.67410560109357, 35.1238122469868], [128.67286366221467, 35.12356829266943], [128.67237145053343, 35.12350327197065], [128.67184074047944, 35.123514501743976], [128.67124852258416, 35.12333269723565], [128.67089630463184, 35.12315905762128], [128.67059572225085, 35.12284427162819], [128.67056257703686, 35.12264297840472], [128.670579703731, 35.12242731221723], [128.67101295318963, 35.12237100895321], [128.67138616761528, 35.1222769457653], [128.67144250183418, 35.12217033338503], [128.67149628639137, 35.12183815526698], [128.67141447827987, 35.12161712820041], [128.6714221158955, 35.12156176087055], [128.67128987384277, 35.12152443704824], [128.67124507013887, 35.12138810237046], [128.6711091518487, 35.121321167231436], [128.67107439631297, 35.121162740246426], [128.67100686268435, 35.12111405564569], [128.6709867638863, 35.12098549251795], [128.67090405756082, 35.12086564020565], [128.67082020892335, 35.12083649704588], [128.67058490282926, 35.120657180678094], [128.67010308495546, 35.12047979863031], [128.67001568575995, 35.12041305020074], [128.6696132120009, 35.12038455445408], [128.6693632285583, 35.120396408869276], [128.6690925322446, 35.120464298906306], [128.66875893367234, 35.12041828384916], [128.66863574746014, 35.12044360020998], [128.66859090802566, 35.12050617512695], [128.66845498831123, 35.12047884519915], [128.66828228691364, 35.12050953278895], [128.66821019569048, 35.12048751301662], [128.6680680924614, 35.12052837907379], [128.66773876074475, 35.12039885319651], [128.66758905559743, 35.12030029214239], [128.66752736656545, 35.12022325509527], [128.66760936285306, 35.12015594232539], [128.66762851839846, 35.12004516347396], [128.66756045003987, 35.1198183748762], [128.66753111685676, 35.11952076619751], [128.66747776744924, 35.11948056103243], [128.66732044919863, 35.11947097146528], [128.6672804278145, 35.11944454147914], [128.6672019206659, 35.119469321464386], [128.66710608811553, 35.119379950047275], [128.6670219215041, 35.1193649363381], [128.66687786430325, 35.11916681789917], [128.6667936046218, 35.11913094586048], [128.6667629750404, 35.118929057302196], [128.6666634798254, 35.118820547820015], [128.66664562530383, 35.11874419016067], [128.6665062280716, 35.11860461823438], [128.6662667789625, 35.118500762637254], [128.66598358215344, 35.11870353573634], [128.66586121535184, 35.11889499078752], [128.66573455284802, 35.11901897413001], [128.66574237838427, 35.119114567085454], [128.66567599840565, 35.11923217464164], [128.66572577670482, 35.11934422518462], [128.66569641901492, 35.11943324378883], [128.6657714220115, 35.119564850401986], [128.66577659329553, 35.11977868587081], [128.66574859608392, 35.1198453536055], [128.6658294197613, 35.120002964036445], [128.66599766846076, 35.120136034053786], [128.6661207692822, 35.120185391477534], [128.66612425832497, 35.12027727699634], [128.66605064159506, 35.12041027541988], [128.66605030317615, 35.12051142537707], [128.66598395483894, 35.12058632643412], [128.66604405352052, 35.1206554990449], [128.66607280361293, 35.12076239043374], [128.66622682944725, 35.12082014943074], [128.66620895456703, 35.12097179892362], [128.66625637200977, 35.12101756546477], [128.6668491991723, 35.12115492427753], [128.6670830715419, 35.12111218413328], [128.6673245654529, 35.12113830221559], [128.66776794406044, 35.12132019531326], [128.66802599671863, 35.12156186249258], [128.66799775345788, 35.121700990658766], [128.66773570993757, 35.1219258566497], [128.66749408754907, 35.12174125368489], [128.6672974519416, 35.12176003949129], [128.66726374101748, 35.121678635707], [128.66710214822717, 35.12170249185385], [128.66689547618984, 35.12164791523174], [128.66670156784156, 35.12166740055144], [128.6665003470354, 35.12177207286673], [128.66618260596164, 35.12175172895701], [128.66593667215704, 35.1218175253142], [128.666055129964, 35.1220195590308], [128.66611722261882, 35.12204899597239], [128.6661499222975, 35.122144829194525], [128.66633116662365, 35.12225506073589], [128.66637830087026, 35.122317853320546], [128.66623882096843, 35.12272179139345], [128.6662232676795, 35.123070655302314], [128.66650661814944, 35.1232001498684], [128.6666842761865, 35.12319291435835], [128.66680770681802, 35.12322010498188], [128.66684590324866, 35.12327958234684], [128.66681054176968, 35.12333654176966], [128.6658386606631, 35.12375413503037], [128.66578390367505, 35.123749450159835], [128.66562467985133, 35.12320816662916], [128.6656200768666, 35.12315407329809], [128.6656593240719, 35.12315195560878], [128.66565870364002, 35.1229386553447], [128.6655870037244, 35.12293819622795], [128.66557635816804, 35.12276131132745], [128.66491253870015, 35.12209919586878], [128.6649071276226, 35.1220601427794], [128.66488547643598, 35.122074241897366], [128.66455573845482, 35.12175267162697], [128.66449420949345, 35.1215802067465], [128.66433022185024, 35.12150754480742], [128.6643251413681, 35.12142245142047], [128.66426612709463, 35.121383305527466], [128.6639801984358, 35.121390010260896], [128.66382020293477, 35.12130785985509], [128.66375057163222, 35.12131138856483], [128.66365024960854, 35.12140038116596], [128.66355478849687, 35.12143718025796], [128.66348625263655, 35.12156096206799], [128.6632577616274, 35.1216106964511], [128.66301493046473, 35.121498396764224], [128.66301326881165, 35.12142195711973], [128.66291807730695, 35.12140378235457], [128.66257701789158, 35.121555011918026], [128.66244559565357, 35.1215215098171], [128.66230789596764, 35.12153510572061], [128.66217471790446, 35.12166414308133], [128.66201872330072, 35.12174228920999], [128.66212266134437, 35.121853320603066], [128.66207483087007, 35.121921438204694], [128.66215307179405, 35.12205718347952], [128.6623459445321, 35.12224953035121], [128.6624158129698, 35.12239378087596], [128.66257283219647, 35.12251093535605], [128.66262075599025, 35.12260121354655], [128.6628280871152, 35.12267901976521], [128.66291790259697, 35.12265472736856], [128.66322350671402, 35.1226746102225], [128.66337447640063, 35.1227629035853], [128.66351751486698, 35.12290819485157], [128.66365886523204, 35.12331344240796], [128.6637342349623, 35.12385977709233], [128.66372154922905, 35.12390396133901], [128.66364577155028, 35.123923338938624], [128.66365079257918, 35.12410504781487], [128.66358747646044, 35.124322036657034], [128.6636074528679, 35.12451449761962], [128.66375496701986, 35.124691184715104], [128.66390204917028, 35.12476464807468], [128.66410038026135, 35.12482387585515], [128.664291972211, 35.124830599347085], [128.66432655156814, 35.124895249922176], [128.6644267472034, 35.12487439118437], [128.66451811850706, 35.1249208649187], [128.66460378028194, 35.124894061273935], [128.66464777159314, 35.124937269949946], [128.66499897815558, 35.12506445678506], [128.66503210022125, 35.12519580447264], [128.6650172640714, 35.12539581129102], [128.66458527558927, 35.12597365834601], [128.664179693677, 35.12611646521822], [128.66402545583463, 35.12604827355864], [128.66399262397206, 35.12607590746072], [128.6635277237677, 35.12586563922363], [128.66276163300898, 35.127026578414885], [128.66209845592593, 35.12687735061761], [128.66194396565132, 35.12680975924061], [128.66183838286923, 35.12671843591004], [128.6617995903473, 35.126614689279236], [128.66180115700703, 35.12645516301381], [128.66219572422915, 35.12574601124727], [128.66203542273294, 35.12566165607606], [128.66199626016555, 35.12567152428373], [128.66180035495512, 35.125985597659096], [128.6617754933377, 35.12597822596801], [128.6614846428839, 35.12648395202179], [128.66136849507944, 35.12654649899519], [128.66132894029084, 35.12707251823257], [128.66138817610423, 35.12716200857643], [128.66140033554993, 35.127253935516066], [128.6615216374232, 35.12722410731344], [128.66154824845202, 35.12730935867306], [128.66159958436666, 35.127317046497545], [128.66163819047227, 35.12722017696469], [128.6617148600595, 35.12725392338435], [128.66175428264125, 35.12722954322405], [128.66234464820374, 35.12737975077302], [128.66230510640887, 35.127489498014675], [128.66262515891333, 35.12756763523527], [128.662675821935, 35.12743423159088], [128.66279332912282, 35.12746513299363], [128.66288177554307, 35.1277939246781], [128.66246405464838, 35.12787282076699], [128.66247592513773, 35.12791806590225], [128.6628976148067, 35.12783978629315], [128.66304297150376, 35.12840563761356], [128.6627859709429, 35.12848648709611], [128.6632447497693, 35.12988860055412], [128.66330682367712, 35.12988241077802], [128.66341023842355, 35.13020052500419], [128.66335572631604, 35.13046242555642], [128.66242118095832, 35.13146475044856], [128.66028397538324, 35.13321160783536], [128.6590763173145, 35.134549453180384], [128.65894481013422, 35.134566641556525], [128.6588943202578, 35.13460222971959], [128.6588662211136, 35.13517283526641], [128.65850793518825, 35.13526890331432], [128.65854660841632, 35.1354020173011], [128.65870123553765, 35.135374347364994], [128.6587271176124, 35.13544549340639], [128.6589902995647, 35.1354349751157], [128.65941217734039, 35.135730680286706], [128.65953073706223, 35.13586120638179], [128.65945155915878, 35.13639389353177], [128.65916749433632, 35.13676701361975], [128.65890842445629, 35.1369456022866], [128.65879893513278, 35.1369233721265], [128.65842120617842, 35.13693059950176], [128.65643492009812, 35.13670770528559], [128.6563079700141, 35.136631866225706], [128.65626793354173, 35.1363518352085], [128.6562173947219, 35.13633211302483], [128.65621458708205, 35.136286784445595], [128.65625296125793, 35.13266762646623], [128.65579204637865, 35.13266253260528], [128.6557605871687, 35.13481975367051], [128.65544468199226, 35.13482309272749], [128.65543774899118, 35.134905549069465], [128.6540049127497, 35.13489749821811], [128.653952628872, 35.13558454662811], [128.64897765032757, 35.13553120858116], [128.64892393751066, 35.13573914526955], [128.64781590011137, 35.13573031448403], [128.64776982158833, 35.13575496779713], [128.64768822968836, 35.13625281983032], [128.64712088826573, 35.13619194148787], [128.64712845477507, 35.136142929428566], [128.64679614296543, 35.136106805696826], [128.64686586168298, 35.135666697233894], [128.64683057399427, 35.13563198359161], [128.6444557846465, 35.1356177130368], [128.64214200108486, 35.14542839145301], [128.64297613422133, 35.14557335706886], [128.64286610651436, 35.145874321834626], [128.6428799938913, 35.14605103729515], [128.64280913335327, 35.14617771106846], [128.64273405026753, 35.14622740651454], [128.64278632586462, 35.146326069156544], [128.64279263174978, 35.14645486610192], [128.64270349673123, 35.14664744689479], [128.64266806222713, 35.14686551606621], [128.64270686859834, 35.147552778571225], [128.64259593256176, 35.14785183647104], [128.64280628927955, 35.14795586978498], [128.64286983967057, 35.147956507409084], [128.64294287143923, 35.14787572752728], [128.64316075906393, 35.147752901573426], [128.6433133841184, 35.14752652580522], [128.6433429914422, 35.14737384042942], [128.6435410427595, 35.147138657448735], [128.64371553997236, 35.1470370449699], [128.64409906433008, 35.14694001545034], [128.64422987813865, 35.14670798009563], [128.6449536184383, 35.14670953371966], [128.6449583586046, 35.145875528116996], [128.64561419767549, 35.145853249332106], [128.64562457352594, 35.14587752582872], [128.64596927874788, 35.14587543633004], [128.64600054455553, 35.14611516999113], [128.64636220881016, 35.14612803079239], [128.64637993597958, 35.14653744346238], [128.64703770584364, 35.1465339761536], [128.6470614753146, 35.1504810138005], [128.64429667341028, 35.15048915750352], [128.64349763034207, 35.14962153014135], [128.6431376982582, 35.149626616498495], [128.64328965877812, 35.1493451925522], [128.64313850649685, 35.149278226045524], [128.64296343764855, 35.14958615573737], [128.6426637006623, 35.149492972420724], [128.64247128736042, 35.14962661795494], [128.64233768166432, 35.14956195463565], [128.64208982596767, 35.149800982775645], [128.64163119612846, 35.149553468690755], [128.64170707041671, 35.149469145384394], [128.64168975347454, 35.14941411248928], [128.6419108776468, 35.14919014779164], [128.6419050956401, 35.149157230347186], [128.64206146919875, 35.14893298480444], [128.6418733556925, 35.14886221475853], [128.64150257453355, 35.14930467435538], [128.64114902641026, 35.14956970935395], [128.64061008686582, 35.14956783892755], [128.64061035533067, 35.149506368357414], [128.64044015020843, 35.14950586436013], [128.6404352097885, 35.14955650667868], [128.63991118126955, 35.149558462795454], [128.6399617252, 35.14824822501993], [128.63978164443452, 35.14824769036568], [128.63975015641523, 35.14956555901761], [128.63891902673933, 35.149552176914824], [128.63894560639892, 35.14823041783477], [128.6387734061781, 35.14823323932212], [128.63875497436197, 35.14954952446279], [128.63781685088938, 35.14953437591037], [128.63778491486397, 35.14933652310647], [128.63781511018811, 35.14933300797795], [128.63782823621062, 35.14916936118438], [128.637683521928, 35.14916108683505], [128.63766546348387, 35.14934896429654], [128.63774323863922, 35.14935469525281], [128.63769603284223, 35.14950670242709], [128.63699133262105, 35.149491883551505], [128.636989255601, 35.14944122245251], [128.63649534759713, 35.14943234970147], [128.6364904588632, 35.14947046371238], [128.63470679260368, 35.14947582496677], [128.63472268522185, 35.148546484747186], [128.63629371510433, 35.14830586185149], [128.6368454737451, 35.147716949965194], [128.6369365427155, 35.14776950083547], [128.63705621158107, 35.14765890163752], [128.63701194473288, 35.14761911017057], [128.63717012232632, 35.14748573235006], [128.63720470477244, 35.14594983606949], [128.63703549842168, 35.14594752714016], [128.63703358199555, 35.14583548296081], [128.6366569095269, 35.14582317688928], [128.6366494689992, 35.145917436116136], [128.63580534357365, 35.14592202333374], [128.63569273134507, 35.14605012856801], [128.63559455926026, 35.14602751716869], [128.63519917915025, 35.14610807819492], [128.6350576300208, 35.146170964438014], [128.6349531789518, 35.14626537316075], [128.63475060201554, 35.14651338473078], [128.63433851717406, 35.146924737147934], [128.63400954400944, 35.14700213350073], [128.63394012704367, 35.146881630461614], [128.63387737788543, 35.146908461505774], [128.6339417201805, 35.14701593436738], [128.63383930585601, 35.147046360963856], [128.63300806645714, 35.147090501182284], [128.63284202240936, 35.14718266908614], [128.6325411923345, 35.147263624980525], [128.6323215110215, 35.14743080151224], [128.63199603258013, 35.147491800004595], [128.6313091761488, 35.147717157146644], [128.63089881402394, 35.14791877869354], [128.63068772920826, 35.14824303721462], [128.6305361693955, 35.148332237396474], [128.6308025933487, 35.147629914952674], [128.6305264201264, 35.14754786221825], [128.6309394764472, 35.146843628296615], [128.63091931233416, 35.146691421115946], [128.63081723504652, 35.14659835752535], [128.6306505767996, 35.146518620792364], [128.62867843863822, 35.14577483483306], [128.62863303495797, 35.14589133065943], [128.6287828028571, 35.14594424801026], [128.6287999414201, 35.14591518823873], [128.63068759189787, 35.146666688126395], [128.63062299542122, 35.146779551541634], [128.63056486051553, 35.146759339559495], [128.62950490654228, 35.14857927450372], [128.62630949431926, 35.14809198997631], [128.62543695840782, 35.14748906012404], [128.62538293536338, 35.14754315498119], [128.62528010588295, 35.14754419122849], [128.6249147044363, 35.147274183951986], [128.62503866935253, 35.147164151681174], [128.62512988872652, 35.14722933339955], [128.62702210301592, 35.14543560390823], [128.62703597885755, 35.145263256269], [128.62709021383967, 35.14514096411788], [128.6271120276608, 35.1447900728118], [128.62708440523002, 35.144771912394276], [128.6270810132887, 35.14464214230808], [128.62684460698375, 35.14449621143928], [128.62678762623125, 35.144561217504716], [128.62656931528144, 35.144472927048284], [128.62641819727872, 35.14445046863191], [128.62609941502384, 35.14447445143945], [128.6258405867528, 35.144538638730374], [128.62545892687743, 35.14468149693428], [128.6250214298725, 35.14386333483221], [128.6258333824997, 35.143571101737294], [128.62562381987385, 35.143181158730926], [128.62482351544028, 35.14347135632017], [128.62452810516209, 35.14292304660785], [128.62702765936461, 35.14202337298394], [128.62732362265052, 35.14209260312199], [128.62729022740817, 35.1421724531794], [128.62751735727255, 35.14222452618758], [128.62758944877697, 35.14208071441638], [128.62701644752036, 35.14193148774144], [128.62596968525898, 35.14231218931875], [128.62590116907742, 35.14218244543315], [128.62702712317105, 35.14177936253723], [128.6266345322974, 35.14103864235124], [128.6255095262598, 35.14143999418832], [128.6254721698119, 35.14136991762702], [128.6249779006205, 35.14154826555244], [128.6237297858008, 35.1391915937606], [128.62485487971833, 35.138789108986295], [128.6247248303577, 35.138540208924454], [128.62360026890286, 35.13894425914383], [128.62315974650656, 35.138116223189094], [128.62428572421243, 35.137714927555606], [128.62415326988537, 35.13746632683164], [128.62302849549138, 35.13786912396591], [128.6225907207508, 35.13704056430904], [128.61875361963206, 35.13587189845459], [128.6192070210483, 35.13485727102933], [128.62095356659128, 35.13538301708932], [128.62106817406897, 35.13513045896407], [128.61932022010714, 35.13460395206855], [128.61947211708977, 35.13426400774941], [128.62059620653682, 35.133838727344916], [128.62244794134844, 35.13439991015668], [128.62256493501442, 35.13414402753347], [128.62102976271652, 35.13367960464912], [128.62137867796343, 35.13290405653524], [128.6236750332427, 35.132913654048984], [128.62367306321204, 35.132608994192594], [128.6284950148524, 35.132628490377606], [128.628538196153, 35.13267331484753], [128.62867874399137, 35.13267127370263], [128.6321554502394, 35.13554294060805], [128.6321200546777, 35.13557236710448], [128.6326315912822, 35.13599880851159], [128.6327433224843, 35.13590953898849], [128.6287374256602, 35.13261162750228], [128.62871031654652, 35.13255872957253], [128.62081506658532, 35.13252523427737], [128.61988015111618, 35.13289156864856], [128.61959261864513, 35.13295776952499], [128.61931449357928, 35.13307477103962], [128.6190894054761, 35.13373593420895], [128.61911065596064, 35.13377002740125], [128.61805490901935, 35.13613130774349], [128.61791635305443, 35.13601448775287], [128.61780262564272, 35.13597780581312], [128.6176497079317, 35.13599372773944], [128.61750470010887, 35.136054021422716], [128.6174193839787, 35.13648901783325], [128.617343679712, 35.13667481701828], [128.61697058068836, 35.1369865902984], [128.61699688617387, 35.137063378893046], [128.61717757312266, 35.13725756028666], [128.6172895984452, 35.13744557596249], [128.61729275881225, 35.137872378941935], [128.61735733078734, 35.13811847192209], [128.61750645448677, 35.138259466049874], [128.61751183852385, 35.13853935457575], [128.61755953911907, 35.138546173048084], [128.6175781334353, 35.138370468987134], [128.6176468277542, 35.138299566823214], [128.61789875640684, 35.13834777397237], [128.61794547413925, 35.13842336414677], [128.61793594669436, 35.138513290352954], [128.61773498353747, 35.13861811444477], [128.61740552703418, 35.1386059004786], [128.616836862406, 35.13843113115463], [128.61656667782947, 35.138392238315106], [128.6164362716781, 35.13833188682452], [128.6163267675944, 35.138377690442375], [128.61624256116602, 35.138527951473456], [128.61621747047386, 35.13868389479103], [128.6162555904562, 35.13900875804613], [128.61551487973964, 35.13895113107555], [128.61599418679396, 35.135842423112535], [128.61555930096105, 35.1357964707297], [128.61508405652341, 35.13886276780219], [128.61502115061262, 35.13890605225858], [128.61492216557218, 35.13969310793302], [128.6148794935916, 35.13978188900559], [128.61448020590964, 35.13976559481342], [128.61406060016384, 35.139696027278056], [128.61377756587427, 35.13963572724845], [128.61354541178306, 35.13954243590534], [128.61230615790683, 35.138577676865395], [128.6118394668982, 35.138128117368474], [128.6116756185472, 35.13806658161881], [128.6110574060961, 35.137947033790184], [128.6109693764019, 35.13781190937553], [128.6110751637936, 35.13744669522979], [128.6094559700654, 35.137136828713274], [128.60930026010442, 35.13771471109686], [128.60893459143387, 35.137697557851226], [128.60850663031079, 35.137726938516366], [128.60823097172678, 35.13769804231153], [128.60808140997815, 35.137643513997965], [128.60771103010921, 35.13760881223223], [128.60707737060662, 35.1377001136496], [128.60698680669108, 35.137919048718025], [128.60687662276527, 35.13856754904544], [128.60682962944375, 35.138658974467965], [128.60684972788715, 35.13878743881267], [128.60675979698462, 35.138880543996], [128.6069382513618, 35.1390483153224], [128.60716066348107, 35.139440946171675], [128.6072653388812, 35.139736605356156], [128.6072993970535, 35.13999512636981], [128.6075221311487, 35.14036938657857], [128.60760914986673, 35.1407198369174], [128.60759626015192, 35.140862064494364], [128.60750278032364, 35.14089343493578], [128.6075661898643, 35.14098763484756], [128.60753049416363, 35.14106339629442], [128.6085170144646, 35.14171296424579], [128.60891344434577, 35.14205035210757], [128.60896344478132, 35.14214989821635], [128.6090410859885, 35.14218960023404], [128.6093847941907, 35.14254340868247], [128.60944929066835, 35.14269042797795], [128.6097057035498, 35.14290027778528], [128.6100806620806, 35.143314640514994], [128.61030496896421, 35.14363625420559], [128.61024657230467, 35.143721280754995], [128.61051278296705, 35.14381951022949], [128.61066040160344, 35.143832673963004], [128.6110719223941, 35.14412918071023], [128.6111512459624, 35.14427515598058], [128.61126972060467, 35.144235012903884], [128.6121928751114, 35.14451811024873], [128.61255308743046, 35.144544870111005], [128.613209403367, 35.144697900889405], [128.61351682960947, 35.14473084317293], [128.61402915623339, 35.144702477576644], [128.6143389110263, 35.14457154226276], [128.61456027913536, 35.14452944335978], [128.6148847570311, 35.14456460931621], [128.6149692713397, 35.144681772949426], [128.61497554286385, 35.145221406516896], [128.6147203111682, 35.14523896427043], [128.6149459208724, 35.14525694320359], [128.61494973258925, 35.145622354521024], [128.61472560134453, 35.14563429906519], [128.61498618076556, 35.145653956063356], [128.61497846696074, 35.14697709316712], [128.6148659041713, 35.14698916535865], [128.6145757145377, 35.1469423555232], [128.61443830589167, 35.146705708176334], [128.61426040664682, 35.1467271160831], [128.61392197911752, 35.14693653242354], [128.61397444268562, 35.14719792944351], [128.613792601843, 35.14732813887182], [128.6134011465167, 35.1474199358408], [128.61282959388453, 35.147387077121095], [128.61269961713282, 35.147451874284556], [128.61251943093774, 35.14749011128488], [128.6120491960745, 35.14779017237399], [128.61172384141634, 35.14827058229691], [128.61149966199875, 35.14848298661452], [128.61133765578978, 35.14859301151271], [128.61104168185486, 35.14872487323885], [128.6108606323039, 35.14875057716973], [128.61068460975778, 35.148709982250374], [128.61032320459796, 35.14850153534725], [128.61018376878195, 35.14846037356494], [128.61004291449632, 35.14848595860954], [128.6098502475443, 35.14862688838474], [128.60982183179382, 35.14885790626398], [128.60990413813727, 35.14897273304627], [128.61002668554096, 35.14900285120067], [128.61023954422413, 35.14912687774855], [128.6106828247577, 35.14913781310897], [128.61078735832092, 35.14936101932843], [128.61081908137615, 35.149372405030256], [128.61093892998255, 35.14930890014315], [128.6110128888174, 35.1493609206216], [128.61113947262152, 35.149650075808204], [128.61102780504692, 35.149795991916434], [128.61058565476537, 35.15006740004066], [128.61048851503793, 35.15019351177659], [128.61003339865584, 35.15056714661507], [128.60983799687511, 35.1509798846505], [128.61063755611625, 35.15128159386918], [128.61293884839725, 35.1518401865978], [128.6134861077611, 35.15415090850504], [128.6145444413753, 35.1547633133702], [128.6148588407051, 35.154187132267204], [128.61562941300522, 35.15387621604965], [128.61592071702356, 35.15407609626395], [128.6169316507516, 35.15398940029629], [128.61813150912772, 35.15476928883943], [128.61900299202486, 35.155796884741655], [128.61834701965137, 35.15708131917192], [128.61919329526398, 35.158463269969], [128.62100563471515, 35.15984314355869], [128.6233516945756, 35.161759685956774], [128.62645533457606, 35.16416999849538], [128.62900178160965, 35.168849665174164], [128.62951039174587, 35.169278509805956], [128.63050489649757, 35.16987305050214], [128.63141442544807, 35.170402678137734], [128.63315305656033, 35.1712969760803], [128.6359867876233, 35.17455007960283], [128.6377018696905, 35.17629895010279], [128.63821382809994, 35.176633229821846], [128.63938784269158, 35.176404870681374], [128.63978304006025, 35.17668088056095], [128.64221791298306, 35.17621165489907], [128.64260816947268, 35.17619018048886], [128.64358821341258, 35.17651739115807], [128.64390460090766, 35.17637073060597], [128.64510473453308, 35.17640147798523], [128.6454097088193, 35.176472112521196], [128.64674115051935, 35.17646543631742], [128.64710398177726, 35.17714276909079], [128.64744743566885, 35.17762376822925], [128.6490922655933, 35.177712082140395], [128.65015706542013, 35.178972831835374], [128.65063244376947, 35.17878329653772], [128.65452212888934, 35.1802658642589], [128.6561169248238, 35.18010045462985], [128.65822704726145, 35.180379423855065], [128.66177005686313, 35.18042411403641], [128.66377211183018, 35.18093681744042], [128.665962027048, 35.18117331288247], [128.66742412140164, 35.18080834360459], [128.6697902148255, 35.18070282513635]]]]}}]}